rel_path,video_id,model_type,condition,ground_truth,ok,n_faces,n_seg,prediction,VT,AT,IM,fer_conf,fer_entropy,ser_conf,ser_entropy
test/000000.mp4,000000,resnet50,clean,real,True,14,17,fake,0.6153846153846154,0.5625,0.7058823529411765,0.5784894866602761,1.2496170106386646,0.864629806841121,0.3334303962454916
test/000000.mp4,000000,resnet50,jpeg_10,real,True,13,17,fake,0.6666666666666666,0.5625,0.5882352941176471,0.6801577829397641,0.9301375084098455,0.864629806841121,0.3334303962454916
test/000000.mp4,000000,resnet50,jpeg_20,real,True,14,17,fake,0.7692307692307693,0.5625,0.7058823529411765,0.5326485059091023,1.2368958456004677,0.864629806841121,0.3334303962454916
test/000000.mp4,000000,resnet50,jpeg_30,real,True,13,17,fake,0.6666666666666666,0.5625,0.5882352941176471,0.5457482039928436,1.2727821036456035,0.864629806841121,0.3334303962454916
test/000000.mp4,000000,resnet50,jpeg_40,real,True,14,17,fake,0.6153846153846154,0.5625,0.6470588235294118,0.5823970181601388,1.1979793081009642,0.864629806841121,0.3334303962454916
test/000000.mp4,000000,resnet50,jpeg_50,real,True,13,17,fake,0.6666666666666666,0.5625,0.6470588235294118,0.5321711943699763,1.3089709922148507,0.864629806841121,0.3334303962454916
test/000000.mp4,000000,resnet50,jpeg_60,real,True,13,17,fake,0.5833333333333334,0.5625,0.5882352941176471,0.5292780766120324,1.3203537762982203,0.864629806841121,0.3334303962454916
test/000000.mp4,000000,resnet50,jpeg_70,real,True,13,17,fake,0.5,0.5625,0.6470588235294118,0.5357403732263125,1.302958355781655,0.864629806841121,0.3334303962454916
test/000000.mp4,000000,resnet50,jpeg_80,real,True,13,17,fake,0.75,0.5625,0.7058823529411765,0.5836973282007071,1.2375379061115372,0.864629806841121,0.3334303962454916
test/000000.mp4,000000,resnet50,jpeg_90,real,True,14,17,fake,0.7692307692307693,0.5625,0.7058823529411765,0.5873835278408868,1.1911312279226103,0.864629806841121,0.3334303962454916
test/000000.mp4,000000,resnet50,jpeg_95,real,True,13,17,fake,0.5833333333333334,0.5625,0.5882352941176471,0.5756391676572653,1.260312656309302,0.864629806841121,0.3334303962454916
test/000000.mp4,000000,resnet50,h264_18_keepaudio,real,True,13,17,fake,0.6666666666666666,0.5625,0.7058823529411765,0.5022816291222205,1.3574242047543374,0.864629806841121,0.3334303962454916
test/000000.mp4,000000,resnet50,h264_23_keepaudio,real,True,13,17,fake,0.5,0.5625,0.6470588235294118,0.5196334811357352,1.3287059558393561,0.864629806841121,0.3334303962454916
test/000000.mp4,000000,resnet50,h264_28_keepaudio,real,True,14,17,fake,0.5384615384615384,0.5625,0.8235294117647058,0.6065848224929401,1.18831745205283,0.864629806841121,0.3334303962454916
test/000000.mp4,000000,resnet50,h264_33_keepaudio,real,True,13,17,fake,1.0,0.5625,0.8235294117647058,0.4645993709564209,1.3667058640561882,0.864629806841121,0.3334303962454916
test/000000.mp4,000000,resnet50,h264_38_keepaudio,real,True,13,17,fake,0.5,0.5625,0.8823529411764706,0.5526242370788867,1.279569506188185,0.864629806841121,0.3334303962454916
test/000000.mp4,000000,resnet50,h264_43_keepaudio,real,True,13,17,fake,0.6666666666666666,0.5625,0.7058823529411765,0.5249107548823724,1.350079370799586,0.864629806841121,0.3334303962454916
test/000001.mp4,000001,resnet50,clean,real,True,13,15,fake,0.75,0.21428571428571427,1.0,0.5669398032701932,1.1997832128997372,0.8829591671625773,0.2830094194185668
test/000001.mp4,000001,resnet50,jpeg_10,real,True,10,15,fake,0.7777777777777778,0.21428571428571427,0.8,0.569907757639885,1.1645449081594506,0.8829591671625773,0.2830094194185668
test/000001.mp4,000001,resnet50,jpeg_20,real,True,13,15,fake,0.9166666666666666,0.21428571428571427,0.9333333333333333,0.612006636766287,1.0806409855884147,0.8829591671625773,0.2830094194185668
test/000001.mp4,000001,resnet50,jpeg_30,real,True,13,15,fake,0.75,0.21428571428571427,0.8,0.5959415779663966,1.1259537435425804,0.8829591671625773,0.2830094194185668
test/000001.mp4,000001,resnet50,jpeg_40,real,True,13,15,fake,0.5833333333333334,0.21428571428571427,0.8666666666666667,0.5761839564029987,1.1412875931919217,0.8829591671625773,0.2830094194185668
test/000001.mp4,000001,resnet50,jpeg_50,real,True,13,15,fake,0.5833333333333334,0.21428571428571427,0.8666666666666667,0.5796280755446508,1.2141663515026322,0.8829591671625773,0.2830094194185668
test/000001.mp4,000001,resnet50,jpeg_60,real,True,13,15,fake,0.75,0.21428571428571427,1.0,0.575129508972168,1.1965406489339518,0.8829591671625773,0.2830094194185668
test/000001.mp4,000001,resnet50,jpeg_70,real,True,13,15,fake,0.5,0.21428571428571427,0.8,0.637420097222695,1.0888587419435067,0.8829591671625773,0.2830094194185668
test/000001.mp4,000001,resnet50,jpeg_80,real,True,13,15,fake,0.4166666666666667,0.21428571428571427,0.8,0.5861739470408514,1.1948112811795875,0.8829591671625773,0.2830094194185668
test/000001.mp4,000001,resnet50,jpeg_90,real,True,13,15,fake,0.5833333333333334,0.21428571428571427,1.0,0.5917596564843104,1.155431271536396,0.8829591671625773,0.2830094194185668
test/000001.mp4,000001,resnet50,jpeg_95,real,True,13,15,fake,0.6666666666666666,0.21428571428571427,0.8666666666666667,0.5939609637627234,1.168288681911079,0.8829591671625773,0.2830094194185668
test/000001.mp4,000001,resnet50,h264_18_keepaudio,real,True,13,15,fake,0.4166666666666667,0.21428571428571427,0.8,0.538132885327706,1.2542777641897254,0.8829591671625773,0.2830094194185668
test/000001.mp4,000001,resnet50,h264_23_keepaudio,real,True,13,15,fake,0.75,0.21428571428571427,0.8666666666666667,0.5624650097810305,1.2385648511635128,0.8829591671625773,0.2830094194185668
test/000001.mp4,000001,resnet50,h264_28_keepaudio,real,True,12,15,fake,0.7272727272727273,0.21428571428571427,0.9333333333333333,0.5264519453048706,1.2911596147856688,0.8829591671625773,0.2830094194185668
test/000001.mp4,000001,resnet50,h264_33_keepaudio,real,True,12,15,fake,0.36363636363636365,0.21428571428571427,0.7333333333333333,0.453326294819514,1.3806985917247905,0.8829591671625773,0.2830094194185668
test/000001.mp4,000001,resnet50,h264_38_keepaudio,real,True,13,15,fake,0.4166666666666667,0.21428571428571427,0.8,0.5375887568180377,1.2996584485654243,0.8829591671625773,0.2830094194185668
test/000001.mp4,000001,resnet50,h264_43_keepaudio,real,True,13,15,fake,0.5833333333333334,0.21428571428571427,0.7333333333333333,0.6222641697296729,1.1194965501727956,0.8829591671625773,0.2830094194185668
test/000002.mp4,000002,resnet50,clean,fake,True,15,17,fake,0.42857142857142855,0.375,0.9411764705882353,0.5148378779490789,1.3036049152745863,0.8336106573834139,0.3520750602761284
test/000002.mp4,000002,resnet50,jpeg_10,fake,True,13,17,fake,0.9166666666666666,0.375,0.8235294117647058,0.6494546807729281,0.9601392426995884,0.8336106573834139,0.3520750602761284
test/000002.mp4,000002,resnet50,jpeg_20,fake,True,15,17,fake,0.7142857142857143,0.375,0.8823529411764706,0.6526090006033579,1.0425214112877228,0.8336106573834139,0.3520750602761284
test/000002.mp4,000002,resnet50,jpeg_30,fake,True,15,17,fake,0.7142857142857143,0.375,0.8823529411764706,0.5664060731728872,1.2130386531196273,0.8336106573834139,0.3520750602761284
test/000002.mp4,000002,resnet50,jpeg_40,fake,True,15,17,fake,0.6428571428571429,0.375,0.7058823529411765,0.5548445383707682,1.2470048976240704,0.8336106573834139,0.3520750602761284
test/000002.mp4,000002,resnet50,jpeg_50,fake,True,15,17,fake,0.6428571428571429,0.375,0.8235294117647058,0.49098369081815085,1.3468490680631728,0.8336106573834139,0.3520750602761284
test/000002.mp4,000002,resnet50,jpeg_60,fake,True,15,17,fake,0.7142857142857143,0.375,0.8823529411764706,0.5305892507235209,1.273551482291791,0.8336106573834139,0.3520750602761284
test/000002.mp4,000002,resnet50,jpeg_70,fake,True,15,17,fake,0.5714285714285714,0.375,0.8823529411764706,0.5313977738221486,1.2769876656331223,0.8336106573834139,0.3520750602761284
test/000002.mp4,000002,resnet50,jpeg_80,fake,True,15,17,fake,0.5,0.375,0.9411764705882353,0.5341602265834808,1.2757612112105574,0.8336106573834139,0.3520750602761284
test/000002.mp4,000002,resnet50,jpeg_90,fake,True,15,17,fake,0.6428571428571429,0.375,0.9411764705882353,0.49197102189064024,1.3230752155651813,0.8336106573834139,0.3520750602761284
test/000002.mp4,000002,resnet50,jpeg_95,fake,True,15,17,fake,0.5,0.375,0.9411764705882353,0.537527996301651,1.2758245882680808,0.8336106573834139,0.3520750602761284
test/000002.mp4,000002,resnet50,h264_18_keepaudio,fake,True,14,17,fake,0.5384615384615384,0.375,0.8823529411764706,0.4779628983565739,1.3419559564118528,0.8336106573834139,0.3520750602761284
test/000002.mp4,000002,resnet50,h264_23_keepaudio,fake,True,15,17,fake,0.6428571428571429,0.375,0.8823529411764706,0.520581599076589,1.3253552134764186,0.8336106573834139,0.3520750602761284
test/000002.mp4,000002,resnet50,h264_28_keepaudio,fake,True,15,17,fake,0.6428571428571429,0.375,0.6470588235294118,0.5278412977854411,1.2816988838914336,0.8336106573834139,0.3520750602761284
test/000002.mp4,000002,resnet50,h264_33_keepaudio,fake,True,15,17,fake,0.5714285714285714,0.375,0.8235294117647058,0.5045295079549154,1.3516685333348177,0.8336106573834139,0.3520750602761284
test/000002.mp4,000002,resnet50,h264_38_keepaudio,fake,True,15,17,fake,0.7142857142857143,0.375,0.8823529411764706,0.5333295663197836,1.2546076827904185,0.8336106573834139,0.3520750602761284
test/000002.mp4,000002,resnet50,h264_43_keepaudio,fake,True,15,17,fake,0.2857142857142857,0.375,0.8823529411764706,0.6818859497706096,0.922973702214723,0.8336106573834139,0.3520750602761284
test/000003.mp4,000003,resnet50,clean,fake,True,13,16,fake,0.5,0.26666666666666666,0.9375,0.5704548198443192,1.2760295717197843,0.8813353348523378,0.261840389172834
test/000003.mp4,000003,resnet50,jpeg_10,fake,True,12,16,fake,0.9090909090909091,0.26666666666666666,0.875,0.6293942655126253,1.0108027780824955,0.8813353348523378,0.261840389172834
test/000003.mp4,000003,resnet50,jpeg_20,fake,True,13,16,fake,0.75,0.26666666666666666,0.9375,0.5105024048915277,1.2823327042927777,0.8813353348523378,0.261840389172834
test/000003.mp4,000003,resnet50,jpeg_30,fake,True,14,16,fake,0.7692307692307693,0.26666666666666666,0.875,0.5298189052513668,1.2594280095634152,0.8813353348523378,0.261840389172834
test/000003.mp4,000003,resnet50,jpeg_40,fake,True,14,16,fake,0.6923076923076923,0.26666666666666666,0.875,0.5758337995835713,1.240153832853114,0.8813353348523378,0.261840389172834
test/000003.mp4,000003,resnet50,jpeg_50,fake,True,14,16,fake,0.6153846153846154,0.26666666666666666,0.875,0.5789562804358346,1.2375537443075484,0.8813353348523378,0.261840389172834
test/000003.mp4,000003,resnet50,jpeg_60,fake,True,14,16,fake,0.46153846153846156,0.26666666666666666,0.75,0.5030592169080462,1.312839658671346,0.8813353348523378,0.261840389172834
test/000003.mp4,000003,resnet50,jpeg_70,fake,True,13,16,fake,0.5,0.26666666666666666,0.875,0.5454747516375321,1.2737509468172448,0.8813353348523378,0.261840389172834
test/000003.mp4,000003,resnet50,jpeg_80,fake,True,13,16,fake,0.5,0.26666666666666666,0.9375,0.5401359819448911,1.2310231902541144,0.8813353348523378,0.261840389172834
test/000003.mp4,000003,resnet50,jpeg_90,fake,True,13,16,fake,0.5833333333333334,0.26666666666666666,0.9375,0.5470963418483734,1.2866477519868622,0.8813353348523378,0.261840389172834
test/000003.mp4,000003,resnet50,jpeg_95,fake,True,13,16,fake,0.5,0.26666666666666666,0.9375,0.5234463421198038,1.3303239049031481,0.8813353348523378,0.261840389172834
test/000003.mp4,000003,resnet50,h264_18_keepaudio,fake,True,13,16,fake,0.4166666666666667,0.26666666666666666,0.9375,0.5208159845608932,1.3328121549213787,0.8813353348523378,0.261840389172834
test/000003.mp4,000003,resnet50,h264_23_keepaudio,fake,True,14,16,fake,0.38461538461538464,0.26666666666666666,0.8125,0.5396443669285093,1.2524011562400514,0.8813353348523378,0.261840389172834
test/000003.mp4,000003,resnet50,h264_28_keepaudio,fake,True,14,16,fake,0.5384615384615384,0.26666666666666666,0.9375,0.6408658432109016,1.115792445884842,0.8813353348523378,0.261840389172834
test/000003.mp4,000003,resnet50,h264_33_keepaudio,fake,True,13,16,fake,0.6666666666666666,0.26666666666666666,0.9375,0.48850048505342925,1.349873637601296,0.8813353348523378,0.261840389172834
test/000003.mp4,000003,resnet50,h264_38_keepaudio,fake,True,14,16,fake,0.6923076923076923,0.26666666666666666,0.875,0.5290582925081253,1.3509827450075054,0.8813353348523378,0.261840389172834
test/000003.mp4,000003,resnet50,h264_43_keepaudio,fake,True,14,16,fake,0.6153846153846154,0.26666666666666666,0.875,0.6337303178650993,1.03527264383598,0.8813353348523378,0.261840389172834
test/000004.mp4,000004,resnet50,clean,fake,True,15,17,fake,0.5714285714285714,0.25,0.9411764705882353,0.5850044031937917,1.2236126254408908,0.8968018538811627,0.21676200556583844
test/000004.mp4,000004,resnet50,jpeg_10,fake,True,14,17,fake,0.7692307692307693,0.25,0.7647058823529411,0.6440568949495044,1.0070035666542132,0.8968018538811627,0.21676200556583844
test/000004.mp4,000004,resnet50,jpeg_20,fake,True,15,17,fake,0.9285714285714286,0.25,0.8823529411764706,0.5442167957623799,1.1998618315350835,0.8968018538811627,0.21676200556583844
test/000004.mp4,000004,resnet50,jpeg_30,fake,True,15,17,fake,0.6428571428571429,0.25,0.7058823529411765,0.5119855801264445,1.3010760079005357,0.8968018538811627,0.21676200556583844
test/000004.mp4,000004,resnet50,jpeg_40,fake,True,15,17,fake,0.42857142857142855,0.25,0.8823529411764706,0.5143286327521006,1.2773172721513963,0.8968018538811627,0.21676200556583844
test/000004.mp4,000004,resnet50,jpeg_50,fake,True,15,17,fake,0.42857142857142855,0.25,0.7647058823529411,0.6249177694320679,1.1222013229145342,0.8968018538811627,0.21676200556583844
test/000004.mp4,000004,resnet50,jpeg_60,fake,True,15,17,fake,0.5714285714285714,0.25,0.8823529411764706,0.5126379032929739,1.3044606672782806,0.8968018538811627,0.21676200556583844
test/000004.mp4,000004,resnet50,jpeg_70,fake,True,15,17,fake,0.5,0.25,0.8823529411764706,0.5171650985876719,1.2899987030060274,0.8968018538811627,0.21676200556583844
test/000004.mp4,000004,resnet50,jpeg_80,fake,True,15,17,fake,0.5714285714285714,0.25,0.9411764705882353,0.5420772095521291,1.2316948637456315,0.8968018538811627,0.21676200556583844
test/000004.mp4,000004,resnet50,jpeg_90,fake,True,15,17,fake,0.5,0.25,0.9411764705882353,0.5516054073969523,1.2884872244391772,0.8968018538811627,0.21676200556583844
test/000004.mp4,000004,resnet50,jpeg_95,fake,True,15,17,fake,0.5,0.25,0.9411764705882353,0.5577435433864594,1.2474429483939515,0.8968018538811627,0.21676200556583844
test/000004.mp4,000004,resnet50,h264_18_keepaudio,fake,True,15,17,fake,0.42857142857142855,0.25,0.9411764705882353,0.5356212973594665,1.251069538015955,0.8968018538811627,0.21676200556583844
test/000004.mp4,000004,resnet50,h264_23_keepaudio,fake,True,15,17,fake,0.42857142857142855,0.25,0.9411764705882353,0.5656000951925914,1.2032928657384143,0.8968018538811627,0.21676200556583844
test/000004.mp4,000004,resnet50,h264_28_keepaudio,fake,True,15,17,fake,0.42857142857142855,0.25,0.8823529411764706,0.5936924537022908,1.1580984140201604,0.8968018538811627,0.21676200556583844
test/000004.mp4,000004,resnet50,h264_33_keepaudio,fake,True,15,17,fake,0.5,0.25,0.9411764705882353,0.5938023348649343,1.140629118557531,0.8968018538811627,0.21676200556583844
test/000004.mp4,000004,resnet50,h264_38_keepaudio,fake,True,14,17,fake,0.38461538461538464,0.25,0.8235294117647058,0.4681072256394795,1.3994008989463753,0.8968018538811627,0.21676200556583844
test/000004.mp4,000004,resnet50,h264_43_keepaudio,fake,True,15,17,fake,0.7142857142857143,0.25,0.8235294117647058,0.6789409240086873,0.9433190407794102,0.8968018538811627,0.21676200556583844
test/000005.mp4,000005,resnet50,clean,real,True,44,54,fake,0.7906976744186046,0.8490566037735849,0.6481481481481481,0.5990358089858835,1.166378428598665,0.9818348619672987,0.04857161623650249
test/000005.mp4,000005,resnet50,jpeg_10,real,True,44,54,fake,0.5813953488372093,0.8490566037735849,0.6111111111111112,0.6092388386076147,1.1133552506320137,0.9818348619672987,0.04857161623650249
test/000005.mp4,000005,resnet50,jpeg_20,real,True,44,54,fake,0.6046511627906976,0.8490566037735849,0.6296296296296297,0.6490412279963493,1.039820945276937,0.9818348619672987,0.04857161623650249
test/000005.mp4,000005,resnet50,jpeg_30,real,True,44,54,fake,0.7209302325581395,0.8490566037735849,0.6481481481481481,0.6274906207214702,1.0856395982381775,0.9818348619672987,0.04857161623650249
test/000005.mp4,000005,resnet50,jpeg_40,real,True,44,54,fake,0.8837209302325582,0.8490566037735849,0.5740740740740741,0.6226541227237745,1.121132542911541,0.9818348619672987,0.04857161623650249
test/000005.mp4,000005,resnet50,jpeg_50,real,True,44,54,fake,0.7441860465116279,0.8490566037735849,0.6481481481481481,0.63321557844227,1.1196888128096958,0.9818348619672987,0.04857161623650249
test/000005.mp4,000005,resnet50,jpeg_60,real,True,44,54,fake,0.7674418604651163,0.8490566037735849,0.6111111111111112,0.6087015704675154,1.1633643391750303,0.9818348619672987,0.04857161623650249
test/000005.mp4,000005,resnet50,jpeg_70,real,True,44,54,fake,0.7209302325581395,0.8490566037735849,0.6666666666666666,0.5959044650874354,1.1750121270477214,0.9818348619672987,0.04857161623650249
test/000005.mp4,000005,resnet50,jpeg_80,real,True,44,54,fake,0.7906976744186046,0.8490566037735849,0.6111111111111112,0.6104219535535033,1.1545054666512664,0.9818348619672987,0.04857161623650249
test/000005.mp4,000005,resnet50,jpeg_90,real,True,44,54,fake,0.7906976744186046,0.8490566037735849,0.6296296296296297,0.600348218598149,1.1721328541137253,0.9818348619672987,0.04857161623650249
test/000005.mp4,000005,resnet50,jpeg_95,real,True,44,54,fake,0.7674418604651163,0.8490566037735849,0.6481481481481481,0.6256013539704409,1.1328670605009534,0.9818348619672987,0.04857161623650249
test/000005.mp4,000005,resnet50,h264_18_keepaudio,real,True,44,54,fake,0.6511627906976745,0.8490566037735849,0.6481481481481481,0.6028752218593251,1.1414549458002614,0.9818348619672987,0.04857161623650249
test/000005.mp4,000005,resnet50,h264_23_keepaudio,real,True,44,54,fake,0.6976744186046512,0.8490566037735849,0.6666666666666666,0.5951033491979946,1.1723227765670137,0.9818348619672987,0.04857161623650249
test/000005.mp4,000005,resnet50,h264_28_keepaudio,real,True,44,54,fake,0.7906976744186046,0.8490566037735849,0.5555555555555556,0.6050363271073862,1.1352622752573382,0.9818348619672987,0.04857161623650249
test/000005.mp4,000005,resnet50,h264_33_keepaudio,real,True,44,54,fake,0.7674418604651163,0.8490566037735849,0.6666666666666666,0.6014637899669734,1.1361969293567873,0.9818348619672987,0.04857161623650249
test/000005.mp4,000005,resnet50,h264_38_keepaudio,real,True,44,54,fake,0.627906976744186,0.8490566037735849,0.7407407407407407,0.5944016338749365,1.1611069534723963,0.9818348619672987,0.04857161623650249
test/000005.mp4,000005,resnet50,h264_43_keepaudio,real,True,44,54,fake,0.6046511627906976,0.8490566037735849,0.7777777777777778,0.6521426662802696,1.011025835287851,0.9818348619672987,0.04857161623650249
test/000006.mp4,000006,resnet50,clean,fake,True,43,53,fake,0.7857142857142857,0.8076923076923077,0.5660377358490566,0.6143670726654141,1.1459504208457927,0.966550739306324,0.07484020359550131
test/000006.mp4,000006,resnet50,jpeg_10,fake,True,43,53,fake,0.6428571428571429,0.8076923076923077,0.6415094339622641,0.6641952437023784,0.960562490270598,0.966550739306324,0.07484020359550131
test/000006.mp4,000006,resnet50,jpeg_20,fake,True,43,53,fake,0.7857142857142857,0.8076923076923077,0.5094339622641509,0.6371440249820088,1.0832693636238178,0.966550739306324,0.07484020359550131
test/000006.mp4,000006,resnet50,jpeg_30,fake,True,43,53,fake,0.8095238095238095,0.8076923076923077,0.5471698113207547,0.629397624453833,1.1005712272319639,0.966550739306324,0.07484020359550131
test/000006.mp4,000006,resnet50,jpeg_40,fake,True,43,53,fake,0.8095238095238095,0.8076923076923077,0.5283018867924528,0.6493760319643243,1.0455147137102758,0.966550739306324,0.07484020359550131
test/000006.mp4,000006,resnet50,jpeg_50,fake,True,43,53,fake,0.7857142857142857,0.8076923076923077,0.5849056603773585,0.6392994956221691,1.08043979310511,0.966550739306324,0.07484020359550131
test/000006.mp4,000006,resnet50,jpeg_60,fake,True,43,53,fake,0.7142857142857143,0.8076923076923077,0.5849056603773585,0.6337634706219961,1.0771342769038288,0.966550739306324,0.07484020359550131
test/000006.mp4,000006,resnet50,jpeg_70,fake,True,43,53,fake,0.6666666666666666,0.8076923076923077,0.6037735849056604,0.6120532456525537,1.1296169205103859,0.966550739306324,0.07484020359550131
test/000006.mp4,000006,resnet50,jpeg_80,fake,True,43,53,fake,0.8333333333333334,0.8076923076923077,0.5660377358490566,0.6632836377897928,1.0466662641123061,0.966550739306324,0.07484020359550131
test/000006.mp4,000006,resnet50,jpeg_90,fake,True,43,53,fake,0.6904761904761905,0.8076923076923077,0.6037735849056604,0.6300675207099249,1.1137190208267187,0.966550739306324,0.07484020359550131
test/000006.mp4,000006,resnet50,jpeg_95,fake,True,43,53,fake,0.7380952380952381,0.8076923076923077,0.6037735849056604,0.6178015408127807,1.1338732822423674,0.966550739306324,0.07484020359550131
test/000006.mp4,000006,resnet50,h264_18_keepaudio,fake,True,43,53,fake,0.7619047619047619,0.8076923076923077,0.6037735849056604,0.6289850175380707,1.102437975314231,0.966550739306324,0.07484020359550131
test/000006.mp4,000006,resnet50,h264_23_keepaudio,fake,True,43,53,fake,0.8095238095238095,0.8076923076923077,0.5660377358490566,0.598412885222324,1.1719093310126218,0.966550739306324,0.07484020359550131
test/000006.mp4,000006,resnet50,h264_28_keepaudio,fake,True,43,53,fake,0.7380952380952381,0.8076923076923077,0.6415094339622641,0.5807740632877794,1.2112964086006073,0.966550739306324,0.07484020359550131
test/000006.mp4,000006,resnet50,h264_33_keepaudio,fake,True,43,53,fake,0.8095238095238095,0.8076923076923077,0.5094339622641509,0.5253047499545785,1.3250481735290474,0.966550739306324,0.07484020359550131
test/000006.mp4,000006,resnet50,h264_38_keepaudio,fake,True,43,53,fake,0.7380952380952381,0.8076923076923077,0.6981132075471698,0.6133070109888564,1.1258642354465025,0.966550739306324,0.07484020359550131
test/000006.mp4,000006,resnet50,h264_43_keepaudio,fake,True,43,53,fake,0.7142857142857143,0.8076923076923077,0.6415094339622641,0.606073553478995,1.1211729426392245,0.966550739306324,0.07484020359550131
test/000008.mp4,000008,resnet50,clean,fake,True,43,53,fake,0.7142857142857143,0.7692307692307693,0.5849056603773585,0.6458060193893521,1.0775127475855413,0.9679763429569748,0.06519766308889371
test/000008.mp4,000008,resnet50,jpeg_10,fake,True,43,53,fake,0.8571428571428571,0.7692307692307693,0.5471698113207547,0.6960839435111644,0.9324323744313149,0.9679763429569748,0.06519766308889371
test/000008.mp4,000008,resnet50,jpeg_20,fake,True,43,53,fake,0.8571428571428571,0.7692307692307693,0.5094339622641509,0.6537437092426212,1.0132940072320284,0.9679763429569748,0.06519766308889371
test/000008.mp4,000008,resnet50,jpeg_30,fake,True,43,53,fake,0.7380952380952381,0.7692307692307693,0.5471698113207547,0.6300486735133237,1.0982911249611234,0.9679763429569748,0.06519766308889371
test/000008.mp4,000008,resnet50,jpeg_40,fake,True,43,53,fake,0.7142857142857143,0.7692307692307693,0.6226415094339622,0.6247041156125623,1.1007471491252865,0.9679763429569748,0.06519766308889371
test/000008.mp4,000008,resnet50,jpeg_50,fake,True,43,53,fake,0.7857142857142857,0.7692307692307693,0.5660377358490566,0.6220216096140617,1.0891963044991322,0.9679763429569748,0.06519766308889371
test/000008.mp4,000008,resnet50,jpeg_60,fake,True,43,53,fake,0.7619047619047619,0.7692307692307693,0.5471698113207547,0.6392669130203336,1.0969520939982216,0.9679763429569748,0.06519766308889371
test/000008.mp4,000008,resnet50,jpeg_70,fake,True,43,53,fake,0.7380952380952381,0.7692307692307693,0.5849056603773585,0.6129074068956597,1.1222677296640382,0.9679763429569748,0.06519766308889371
test/000008.mp4,000008,resnet50,jpeg_80,fake,True,43,53,fake,0.7380952380952381,0.7692307692307693,0.6037735849056604,0.583067427887473,1.1714101630797715,0.9679763429569748,0.06519766308889371
test/000008.mp4,000008,resnet50,jpeg_90,fake,True,43,53,fake,0.6666666666666666,0.7692307692307693,0.5849056603773585,0.6283253791720368,1.1089063576106333,0.9679763429569748,0.06519766308889371
test/000008.mp4,000008,resnet50,jpeg_95,fake,True,43,53,fake,0.6904761904761905,0.7692307692307693,0.5660377358490566,0.6019568845283153,1.151190960631902,0.9679763429569748,0.06519766308889371
test/000008.mp4,000008,resnet50,h264_18_keepaudio,fake,True,43,53,fake,0.7380952380952381,0.7692307692307693,0.6037735849056604,0.6100595142952231,1.1394339216354534,0.9679763429569748,0.06519766308889371
test/000008.mp4,000008,resnet50,h264_23_keepaudio,fake,True,43,53,fake,0.7380952380952381,0.7692307692307693,0.6037735849056604,0.6252878315226976,1.1241822210238444,0.9679763429569748,0.06519766308889371
test/000008.mp4,000008,resnet50,h264_28_keepaudio,fake,True,43,53,fake,0.6666666666666666,0.7692307692307693,0.5283018867924528,0.5829034329846848,1.2073264958120808,0.9679763429569748,0.06519766308889371
test/000008.mp4,000008,resnet50,h264_33_keepaudio,fake,True,43,53,fake,0.7619047619047619,0.7692307692307693,0.6226415094339622,0.620353365706843,1.1063902762572706,0.9679763429569748,0.06519766308889371
test/000008.mp4,000008,resnet50,h264_38_keepaudio,fake,True,43,53,fake,0.7619047619047619,0.7692307692307693,0.6037735849056604,0.6219164140002672,1.0913030241052815,0.9679763429569748,0.06519766308889371
test/000008.mp4,000008,resnet50,h264_43_keepaudio,fake,True,43,53,fake,0.7142857142857143,0.7692307692307693,0.6415094339622641,0.5914325360641923,1.1318486330256434,0.9679763429569748,0.06519766308889371
test/000009.mp4,000009,resnet50,clean,fake,True,45,56,fake,0.8636363636363636,0.8181818181818182,0.44642857142857145,0.6297237839963701,1.1154770222786814,0.9592130833438465,0.09361614180829163
test/000009.mp4,000009,resnet50,jpeg_10,fake,True,45,56,fake,0.6818181818181818,0.8181818181818182,0.48214285714285715,0.6167750881777869,1.0567559755449905,0.9592130833438465,0.09361614180829163
test/000009.mp4,000009,resnet50,jpeg_20,fake,True,45,56,fake,0.5909090909090909,0.8181818181818182,0.5,0.6340117043919034,1.0585826543767853,0.9592130833438465,0.09361614180829163
test/000009.mp4,000009,resnet50,jpeg_30,fake,True,45,56,fake,0.7272727272727273,0.8181818181818182,0.4642857142857143,0.6212442146407233,1.1131360745016605,0.9592130833438465,0.09361614180829163
test/000009.mp4,000009,resnet50,jpeg_40,fake,True,45,56,fake,0.7727272727272727,0.8181818181818182,0.5,0.6313555757204692,1.096146964814946,0.9592130833438465,0.09361614180829163
test/000009.mp4,000009,resnet50,jpeg_50,fake,True,45,56,fake,0.7727272727272727,0.8181818181818182,0.5,0.6292326708634695,1.1063992374098641,0.9592130833438465,0.09361614180829163
test/000009.mp4,000009,resnet50,jpeg_60,fake,True,45,56,fake,0.7954545454545454,0.8181818181818182,0.4642857142857143,0.6111104415522681,1.1389330117122587,0.9592130833438465,0.09361614180829163
test/000009.mp4,000009,resnet50,jpeg_70,fake,True,45,56,fake,0.8409090909090909,0.8181818181818182,0.48214285714285715,0.6227360957198673,1.1260947143403084,0.9592130833438465,0.09361614180829163
test/000009.mp4,000009,resnet50,jpeg_80,fake,True,45,56,fake,0.7727272727272727,0.8181818181818182,0.4642857142857143,0.6451510634687212,1.0915738801944914,0.9592130833438465,0.09361614180829163
test/000009.mp4,000009,resnet50,jpeg_90,fake,True,45,56,fake,0.8636363636363636,0.8181818181818182,0.48214285714285715,0.615364756849077,1.1388259854125908,0.9592130833438465,0.09361614180829163
test/000009.mp4,000009,resnet50,jpeg_95,fake,True,45,56,fake,0.7727272727272727,0.8181818181818182,0.4642857142857143,0.6325932535860274,1.1256230072159437,0.9592130833438465,0.09361614180829163
test/000009.mp4,000009,resnet50,h264_18_keepaudio,fake,True,45,56,fake,0.7954545454545454,0.8181818181818182,0.4642857142857143,0.6267223272058698,1.118966488725336,0.9592130833438465,0.09361614180829163
test/000009.mp4,000009,resnet50,h264_23_keepaudio,fake,True,45,56,fake,0.8409090909090909,0.8181818181818182,0.4642857142857143,0.6235872520340814,1.1256792707823158,0.9592130833438465,0.09361614180829163
test/000009.mp4,000009,resnet50,h264_28_keepaudio,fake,True,45,56,fake,0.75,0.8181818181818182,0.5357142857142857,0.5920016354984707,1.1774394064580451,0.9592130833438465,0.09361614180829163
test/000009.mp4,000009,resnet50,h264_33_keepaudio,fake,True,45,56,fake,0.5909090909090909,0.8181818181818182,0.6428571428571429,0.5761899848779043,1.2196455682326202,0.9592130833438465,0.09361614180829163
test/000009.mp4,000009,resnet50,h264_38_keepaudio,fake,True,45,56,fake,0.7045454545454546,0.8181818181818182,0.75,0.5816521843274435,1.1909811593701831,0.9592130833438465,0.09361614180829163
test/000009.mp4,000009,resnet50,h264_43_keepaudio,fake,True,45,56,fake,0.5681818181818182,0.8181818181818182,0.6964285714285714,0.6030784845352173,1.1165292281982546,0.9592130833438465,0.09361614180829163
test/000010.mp4,000010,resnet50,clean,fake,True,44,55,fake,0.6046511627906976,0.8518518518518519,0.5272727272727272,0.576956033706665,1.2139251518731584,0.9848857933824713,0.04429898754289998
test/000010.mp4,000010,resnet50,jpeg_10,fake,True,44,55,fake,0.7906976744186046,0.8518518518518519,0.41818181818181815,0.6578748883171515,1.0145993782682317,0.9848857933824713,0.04429898754289998
test/000010.mp4,000010,resnet50,jpeg_20,fake,True,44,55,fake,0.5813953488372093,0.8518518518518519,0.4727272727272727,0.577956115657633,1.157243708057455,0.9848857933824713,0.04429898754289998
test/000010.mp4,000010,resnet50,jpeg_30,fake,True,44,55,fake,0.7209302325581395,0.8518518518518519,0.5454545454545454,0.5956609005277808,1.1404054500752006,0.9848857933824713,0.04429898754289998
test/000010.mp4,000010,resnet50,jpeg_40,fake,True,44,55,fake,0.627906976744186,0.8518518518518519,0.5454545454545454,0.5940752483227036,1.1664438186542478,0.9848857933824713,0.04429898754289998
test/000010.mp4,000010,resnet50,jpeg_50,fake,True,44,55,fake,0.6976744186046512,0.8518518518518519,0.6181818181818182,0.5821625153449449,1.1866858608544653,0.9848857933824713,0.04429898754289998
test/000010.mp4,000010,resnet50,jpeg_60,fake,True,44,55,fake,0.6744186046511628,0.8518518518518519,0.43636363636363634,0.5752802823077549,1.2031184735098301,0.9848857933824713,0.04429898754289998
test/000010.mp4,000010,resnet50,jpeg_70,fake,True,44,55,fake,0.6511627906976745,0.8518518518518519,0.5818181818181818,0.6111100322820924,1.129205538860986,0.9848857933824713,0.04429898754289998
test/000010.mp4,000010,resnet50,jpeg_80,fake,True,44,55,fake,0.7441860465116279,0.8518518518518519,0.4727272727272727,0.5944971672513268,1.1579187819573402,0.9848857933824713,0.04429898754289998
test/000010.mp4,000010,resnet50,jpeg_90,fake,True,44,55,fake,0.5348837209302325,0.8518518518518519,0.5272727272727272,0.6113695001060312,1.1409151442565029,0.9848857933824713,0.04429898754289998
test/000010.mp4,000010,resnet50,jpeg_95,fake,True,44,55,fake,0.6511627906976745,0.8518518518518519,0.509090909090909,0.5830465111542832,1.1827117643487495,0.9848857933824713,0.04429898754289998
test/000010.mp4,000010,resnet50,h264_18_keepaudio,fake,True,44,55,fake,0.7209302325581395,0.8518518518518519,0.4909090909090909,0.5815355892885815,1.1967690499224126,0.9848857933824713,0.04429898754289998
test/000010.mp4,000010,resnet50,h264_23_keepaudio,fake,True,44,55,fake,0.6744186046511628,0.8518518518518519,0.45454545454545453,0.5775498111139644,1.2207812198208066,0.9848857933824713,0.04429898754289998
test/000010.mp4,000010,resnet50,h264_28_keepaudio,fake,True,44,55,fake,0.7906976744186046,0.8518518518518519,0.5636363636363636,0.5546964224089276,1.2432372711972561,0.9848857933824713,0.04429898754289998
test/000010.mp4,000010,resnet50,h264_33_keepaudio,fake,True,44,55,fake,0.6511627906976745,0.8518518518518519,0.5454545454545454,0.5599907243793661,1.2409582892595734,0.9848857933824713,0.04429898754289998
test/000010.mp4,000010,resnet50,h264_38_keepaudio,fake,True,44,55,fake,0.7906976744186046,0.8518518518518519,0.6181818181818182,0.6156357127157125,1.0796033860705947,0.9848857933824713,0.04429898754289998
test/000010.mp4,000010,resnet50,h264_43_keepaudio,fake,True,44,55,fake,0.5813953488372093,0.8518518518518519,0.5454545454545454,0.5922993428327821,1.163020660640357,0.9848857933824713,0.04429898754289998
test/000011.mp4,000011,resnet50,clean,fake,True,45,56,fake,0.6136363636363636,0.8727272727272727,0.48214285714285715,0.5818744189209408,1.1841510157125308,0.9809603265353611,0.049533627160934936
test/000011.mp4,000011,resnet50,jpeg_10,fake,True,45,56,fake,0.7045454545454546,0.8727272727272727,0.4642857142857143,0.6015834543440077,1.0541844012241235,0.9809603265353611,0.049533627160934936
test/000011.mp4,000011,resnet50,jpeg_20,fake,True,45,56,fake,0.7045454545454546,0.8727272727272727,0.5714285714285714,0.6276298138830397,1.0882952131800585,0.9809603265353611,0.049533627160934936
test/000011.mp4,000011,resnet50,jpeg_30,fake,True,45,56,fake,0.7272727272727273,0.8727272727272727,0.4642857142857143,0.5945256263017654,1.1752700926340298,0.9809603265353611,0.049533627160934936
test/000011.mp4,000011,resnet50,jpeg_40,fake,True,45,56,fake,0.6818181818181818,0.8727272727272727,0.5714285714285714,0.5750001437134213,1.1877389888716035,0.9809603265353611,0.049533627160934936
test/000011.mp4,000011,resnet50,jpeg_50,fake,True,45,56,fake,0.6363636363636364,0.8727272727272727,0.5535714285714286,0.61009614666303,1.1499752714687435,0.9809603265353611,0.049533627160934936
test/000011.mp4,000011,resnet50,jpeg_60,fake,True,45,56,fake,0.5909090909090909,0.8727272727272727,0.5892857142857143,0.5923601789606943,1.1610714791578038,0.9809603265353611,0.049533627160934936
test/000011.mp4,000011,resnet50,jpeg_70,fake,True,45,56,fake,0.6818181818181818,0.8727272727272727,0.5535714285714286,0.5819490141338772,1.19654957429785,0.9809603265353611,0.049533627160934936
test/000011.mp4,000011,resnet50,jpeg_80,fake,True,45,56,fake,0.6590909090909091,0.8727272727272727,0.5535714285714286,0.5796922730074988,1.1884982614400281,0.9809603265353611,0.049533627160934936
test/000011.mp4,000011,resnet50,jpeg_90,fake,True,45,56,fake,0.6136363636363636,0.8727272727272727,0.5535714285714286,0.5772214478916592,1.1840106695817605,0.9809603265353611,0.049533627160934936
test/000011.mp4,000011,resnet50,jpeg_95,fake,True,45,56,fake,0.5909090909090909,0.8727272727272727,0.5714285714285714,0.5699136025375791,1.2147081531551707,0.9809603265353611,0.049533627160934936
test/000011.mp4,000011,resnet50,h264_18_keepaudio,fake,True,45,56,fake,0.5909090909090909,0.8727272727272727,0.5535714285714286,0.5785105062855614,1.2085683863036703,0.9809603265353611,0.049533627160934936
test/000011.mp4,000011,resnet50,h264_23_keepaudio,fake,True,45,56,fake,0.6818181818181818,0.8727272727272727,0.5357142857142857,0.5962701678276062,1.1910988276594248,0.9809603265353611,0.049533627160934936
test/000011.mp4,000011,resnet50,h264_28_keepaudio,fake,True,45,56,fake,0.8181818181818182,0.8727272727272727,0.5714285714285714,0.603805144627889,1.1505150675289333,0.9809603265353611,0.049533627160934936
test/000011.mp4,000011,resnet50,h264_33_keepaudio,fake,True,45,56,fake,0.75,0.8727272727272727,0.5892857142857143,0.5755694482061599,1.189607883659419,0.9809603265353611,0.049533627160934936
test/000011.mp4,000011,resnet50,h264_38_keepaudio,fake,True,45,56,fake,0.7045454545454546,0.8727272727272727,0.6964285714285714,0.6833957731723785,0.9911636928405801,0.9809603265353611,0.049533627160934936
test/000011.mp4,000011,resnet50,h264_43_keepaudio,fake,True,45,56,fake,0.7045454545454546,0.8727272727272727,0.625,0.6317412190967135,1.068087102022489,0.9809603265353611,0.049533627160934936
test/000012.mp4,000012,resnet50,clean,real,True,24,29,fake,0.9130434782608695,0.5,0.5862068965517241,0.6651860910157362,1.026273532687901,0.9705224674323509,0.09015588615416494
test/000012.mp4,000012,resnet50,jpeg_10,real,True,24,29,fake,0.9565217391304348,0.5,0.6206896551724138,0.7991423234343529,0.6800790692355392,0.9705224674323509,0.09015588615416494
test/000012.mp4,000012,resnet50,jpeg_20,real,True,24,29,fake,1.0,0.5,0.5862068965517241,0.7329865184923013,0.8103216008430479,0.9705224674323509,0.09015588615416494
test/000012.mp4,000012,resnet50,jpeg_30,real,True,24,29,fake,1.0,0.5,0.6206896551724138,0.7020893283188343,0.9513189160663388,0.9705224674323509,0.09015588615416494
test/000012.mp4,000012,resnet50,jpeg_40,real,True,24,29,fake,1.0,0.5,0.5862068965517241,0.7441522441804409,0.8601466752252978,0.9705224674323509,0.09015588615416494
test/000012.mp4,000012,resnet50,jpeg_50,real,True,24,29,fake,0.9130434782608695,0.5,0.5862068965517241,0.7238256322840849,0.9206000103117606,0.9705224674323509,0.09015588615416494
test/000012.mp4,000012,resnet50,jpeg_60,real,True,24,29,fake,0.8260869565217391,0.5,0.5862068965517241,0.7001624070107937,0.9213794782212613,0.9705224674323509,0.09015588615416494
test/000012.mp4,000012,resnet50,jpeg_70,real,True,24,29,fake,0.9130434782608695,0.5,0.5862068965517241,0.702890499184529,0.9891148305984002,0.9705224674323509,0.09015588615416494
test/000012.mp4,000012,resnet50,jpeg_80,real,True,24,29,fake,0.8695652173913043,0.5,0.5172413793103449,0.7222703384856383,0.909311110596064,0.9705224674323509,0.09015588615416494
test/000012.mp4,000012,resnet50,jpeg_90,real,True,24,29,fake,0.8260869565217391,0.5,0.5862068965517241,0.6703170898060004,1.0063752136487891,0.9705224674323509,0.09015588615416494
test/000012.mp4,000012,resnet50,jpeg_95,real,True,24,29,fake,0.9130434782608695,0.5,0.5862068965517241,0.6904217153787613,0.9759520748375753,0.9705224674323509,0.09015588615416494
test/000012.mp4,000012,resnet50,h264_18_keepaudio,real,True,24,29,fake,1.0,0.5,0.5862068965517241,0.6962062108019987,0.9693965411879389,0.9705224674323509,0.09015588615416494
test/000012.mp4,000012,resnet50,h264_23_keepaudio,real,True,24,29,fake,0.9130434782608695,0.5,0.5172413793103449,0.6891777813434601,1.0006239980914347,0.9705224674323509,0.09015588615416494
test/000012.mp4,000012,resnet50,h264_28_keepaudio,real,True,24,29,fake,1.0,0.5,0.5862068965517241,0.6230256743729115,1.1169410097854648,0.9705224674323509,0.09015588615416494
test/000012.mp4,000012,resnet50,h264_33_keepaudio,real,True,24,29,fake,0.8260869565217391,0.5,0.7241379310344828,0.5760226386288801,1.1757001780988616,0.9705224674323509,0.09015588615416494
test/000012.mp4,000012,resnet50,h264_38_keepaudio,real,True,24,29,fake,0.6956521739130435,0.5,0.7241379310344828,0.7546044935782751,0.8740381213445114,0.9705224674323509,0.09015588615416494
test/000012.mp4,000012,resnet50,h264_43_keepaudio,real,True,24,29,fake,0.5217391304347826,0.5,0.7931034482758621,0.5291027761995792,1.2828702825181288,0.9705224674323509,0.09015588615416494
test/000013.mp4,000013,resnet50,clean,fake,True,26,31,fake,0.96,0.6333333333333333,0.5806451612903226,0.7317182135123473,0.8865381350999991,0.9487629436677502,0.13172521425053257
test/000013.mp4,000013,resnet50,jpeg_10,fake,True,26,31,fake,1.0,0.6333333333333333,0.5806451612903226,0.7836467084976343,0.7037669140244928,0.9487629436677502,0.13172521425053257
test/000013.mp4,000013,resnet50,jpeg_20,fake,True,26,31,fake,0.92,0.6333333333333333,0.6451612903225806,0.7099759509930244,0.8848893616478356,0.9487629436677502,0.13172521425053257
test/000013.mp4,000013,resnet50,jpeg_30,fake,True,26,31,fake,0.92,0.6333333333333333,0.5483870967741935,0.7112483187363698,0.8655279442988666,0.9487629436677502,0.13172521425053257
test/000013.mp4,000013,resnet50,jpeg_40,fake,True,26,31,fake,1.0,0.6333333333333333,0.5806451612903226,0.7251539711768811,0.8532587716597002,0.9487629436677502,0.13172521425053257
test/000013.mp4,000013,resnet50,jpeg_50,fake,True,26,31,fake,0.88,0.6333333333333333,0.5161290322580645,0.7383337651307766,0.8426889148184029,0.9487629436677502,0.13172521425053257
test/000013.mp4,000013,resnet50,jpeg_60,fake,True,26,31,fake,0.96,0.6333333333333333,0.5806451612903226,0.7133747132924887,0.9001361084597433,0.9487629436677502,0.13172521425053257
test/000013.mp4,000013,resnet50,jpeg_70,fake,True,26,31,fake,0.88,0.6333333333333333,0.6129032258064516,0.7104171755222174,0.9260214331562177,0.9487629436677502,0.13172521425053257
test/000013.mp4,000013,resnet50,jpeg_80,fake,True,26,31,fake,0.92,0.6333333333333333,0.6129032258064516,0.6972075437123959,0.9484846211454931,0.9487629436677502,0.13172521425053257
test/000013.mp4,000013,resnet50,jpeg_90,fake,True,26,31,fake,0.96,0.6333333333333333,0.5806451612903226,0.7290295007137152,0.8930011357666714,0.9487629436677502,0.13172521425053257
test/000013.mp4,000013,resnet50,jpeg_95,fake,True,26,31,fake,1.0,0.6333333333333333,0.5806451612903226,0.7194467782974243,0.9162589293723098,0.9487629436677502,0.13172521425053257
test/000013.mp4,000013,resnet50,h264_18_keepaudio,fake,True,26,31,fake,0.92,0.6333333333333333,0.5806451612903226,0.6970188399920096,0.968410836200759,0.9487629436677502,0.13172521425053257
test/000013.mp4,000013,resnet50,h264_23_keepaudio,fake,True,26,31,fake,1.0,0.6333333333333333,0.5806451612903226,0.7052497279185516,0.9377214962603357,0.9487629436677502,0.13172521425053257
test/000013.mp4,000013,resnet50,h264_28_keepaudio,fake,True,26,31,fake,0.84,0.6333333333333333,0.5161290322580645,0.6906907443816845,0.9923854124706638,0.9487629436677502,0.13172521425053257
test/000013.mp4,000013,resnet50,h264_33_keepaudio,fake,True,26,31,fake,0.8,0.6333333333333333,0.5806451612903226,0.6424979372666433,1.0802037156697515,0.9487629436677502,0.13172521425053257
test/000013.mp4,000013,resnet50,h264_38_keepaudio,fake,True,26,31,fake,0.72,0.6333333333333333,0.6129032258064516,0.5749160601542547,1.142080636083381,0.9487629436677502,0.13172521425053257
test/000013.mp4,000013,resnet50,h264_43_keepaudio,fake,True,26,31,fake,0.6,0.6333333333333333,0.7419354838709677,0.5963107817448102,1.1041680881406153,0.9487629436677502,0.13172521425053257
test/000014.mp4,000014,resnet50,clean,fake,True,24,29,fake,0.8695652173913043,0.6071428571428571,0.5517241379310345,0.7215941871205965,0.9187714045770359,0.9445925375510906,0.14054334822487505
test/000014.mp4,000014,resnet50,jpeg_10,fake,True,24,29,fake,1.0,0.6071428571428571,0.5517241379310345,0.7313826580842336,0.8265782011868495,0.9445925375510906,0.14054334822487505
test/000014.mp4,000014,resnet50,jpeg_20,fake,True,24,29,fake,0.8695652173913043,0.6071428571428571,0.6206896551724138,0.6531748001774152,0.9678797623457394,0.9445925375510906,0.14054334822487505
test/000014.mp4,000014,resnet50,jpeg_30,fake,True,24,29,fake,0.9130434782608695,0.6071428571428571,0.5172413793103449,0.6707010380923748,0.9333127087392524,0.9445925375510906,0.14054334822487505
test/000014.mp4,000014,resnet50,jpeg_40,fake,True,24,29,fake,1.0,0.6071428571428571,0.5517241379310345,0.7374657193819681,0.8338645643610333,0.9445925375510906,0.14054334822487505
test/000014.mp4,000014,resnet50,jpeg_50,fake,True,24,29,fake,0.8695652173913043,0.6071428571428571,0.4827586206896552,0.7308602991203467,0.8819533284627316,0.9445925375510906,0.14054334822487505
test/000014.mp4,000014,resnet50,jpeg_60,fake,True,24,29,fake,0.9565217391304348,0.6071428571428571,0.5517241379310345,0.7221281888584296,0.9049137674447177,0.9445925375510906,0.14054334822487505
test/000014.mp4,000014,resnet50,jpeg_70,fake,True,24,29,fake,0.9565217391304348,0.6071428571428571,0.5517241379310345,0.713531069457531,0.9124460056541047,0.9445925375510906,0.14054334822487505
test/000014.mp4,000014,resnet50,jpeg_80,fake,True,24,29,fake,0.9565217391304348,0.6071428571428571,0.5517241379310345,0.6813564139107863,0.9701389165571911,0.9445925375510906,0.14054334822487505
test/000014.mp4,000014,resnet50,jpeg_90,fake,True,24,29,fake,0.8695652173913043,0.6071428571428571,0.5517241379310345,0.7224441717068354,0.902842731354203,0.9445925375510906,0.14054334822487505
test/000014.mp4,000014,resnet50,jpeg_95,fake,True,24,29,fake,1.0,0.6071428571428571,0.5517241379310345,0.709163406242927,0.9200219849730297,0.9445925375510906,0.14054334822487505
test/000014.mp4,000014,resnet50,h264_18_keepaudio,fake,True,24,29,fake,0.9130434782608695,0.6071428571428571,0.5517241379310345,0.7194316275417805,0.9312347056035252,0.9445925375510906,0.14054334822487505
test/000014.mp4,000014,resnet50,h264_23_keepaudio,fake,True,24,29,fake,0.9565217391304348,0.6071428571428571,0.6206896551724138,0.7155141147474448,0.9269137201128256,0.9445925375510906,0.14054334822487505
test/000014.mp4,000014,resnet50,h264_28_keepaudio,fake,True,24,29,fake,0.8260869565217391,0.6071428571428571,0.4827586206896552,0.6662420084079107,1.0364708955682798,0.9445925375510906,0.14054334822487505
test/000014.mp4,000014,resnet50,h264_33_keepaudio,fake,True,24,29,fake,0.782608695652174,0.6071428571428571,0.5862068965517241,0.6342861329515775,1.107756555827698,0.9445925375510906,0.14054334822487505
test/000014.mp4,000014,resnet50,h264_38_keepaudio,fake,True,24,29,fake,0.6956521739130435,0.6071428571428571,0.6551724137931034,0.5534882967670759,1.1657862021971435,0.9445925375510906,0.14054334822487505
test/000014.mp4,000014,resnet50,h264_43_keepaudio,fake,True,24,29,fake,0.7391304347826086,0.6071428571428571,0.6551724137931034,0.6389600945015749,1.029062873773281,0.9445925375510906,0.14054334822487505
test/000015.mp4,000015,resnet50,clean,fake,True,25,31,fake,0.875,0.6333333333333333,0.6129032258064516,0.7233048474788666,0.9140878879811623,0.9311805636652054,0.16428500920992298
test/000015.mp4,000015,resnet50,jpeg_10,fake,True,25,31,fake,1.0,0.6333333333333333,0.5806451612903226,0.7863631224632264,0.7070036919666083,0.9311805636652054,0.16428500920992298
test/000015.mp4,000015,resnet50,jpeg_20,fake,True,25,31,fake,0.9166666666666666,0.6333333333333333,0.6451612903225806,0.6847527158260346,0.9121896472633771,0.9311805636652054,0.16428500920992298
test/000015.mp4,000015,resnet50,jpeg_30,fake,True,25,31,fake,0.7916666666666666,0.6333333333333333,0.5806451612903226,0.6777827441692352,0.9419337575051685,0.9311805636652054,0.16428500920992298
test/000015.mp4,000015,resnet50,jpeg_40,fake,True,25,31,fake,0.875,0.6333333333333333,0.6774193548387096,0.7158870279788971,0.8761848072186783,0.9311805636652054,0.16428500920992298
test/000015.mp4,000015,resnet50,jpeg_50,fake,True,25,31,fake,0.875,0.6333333333333333,0.5161290322580645,0.7072944092750549,0.9256007228610619,0.9311805636652054,0.16428500920992298
test/000015.mp4,000015,resnet50,jpeg_60,fake,True,25,31,fake,0.875,0.6333333333333333,0.6129032258064516,0.6999673020839691,0.937277045952134,0.9311805636652054,0.16428500920992298
test/000015.mp4,000015,resnet50,jpeg_70,fake,True,25,31,fake,0.875,0.6333333333333333,0.6129032258064516,0.7015825641155243,0.9493227471867287,0.9311805636652054,0.16428500920992298
test/000015.mp4,000015,resnet50,jpeg_80,fake,True,25,31,fake,0.875,0.6333333333333333,0.6129032258064516,0.6910376691818237,0.9579444132580744,0.9311805636652054,0.16428500920992298
test/000015.mp4,000015,resnet50,jpeg_90,fake,True,25,31,fake,0.9583333333333334,0.6333333333333333,0.5806451612903226,0.7146351671218872,0.9409941874268332,0.9311805636652054,0.16428500920992298
test/000015.mp4,000015,resnet50,jpeg_95,fake,True,25,31,fake,1.0,0.6333333333333333,0.5806451612903226,0.7028249955177307,0.9251447704627421,0.9311805636652054,0.16428500920992298
test/000015.mp4,000015,resnet50,h264_18_keepaudio,fake,True,25,31,fake,0.9166666666666666,0.6333333333333333,0.5806451612903226,0.7083055984973907,0.9489890567804742,0.9311805636652054,0.16428500920992298
test/000015.mp4,000015,resnet50,h264_23_keepaudio,fake,True,25,31,fake,0.9166666666666666,0.6333333333333333,0.6774193548387096,0.6882940566539765,0.965914275914958,0.9311805636652054,0.16428500920992298
test/000015.mp4,000015,resnet50,h264_28_keepaudio,fake,True,25,31,fake,0.75,0.6333333333333333,0.4838709677419355,0.6900240921974182,0.9663648080450388,0.9311805636652054,0.16428500920992298
test/000015.mp4,000015,resnet50,h264_33_keepaudio,fake,True,25,31,fake,0.875,0.6333333333333333,0.5806451612903226,0.6658588314056396,1.061315020864484,0.9311805636652054,0.16428500920992298
test/000015.mp4,000015,resnet50,h264_38_keepaudio,fake,True,25,31,fake,0.7916666666666666,0.6333333333333333,0.6129032258064516,0.532358124256134,1.2401317495403716,0.9311805636652054,0.16428500920992298
test/000015.mp4,000015,resnet50,h264_43_keepaudio,fake,True,25,31,fake,0.6666666666666666,0.6333333333333333,0.7741935483870968,0.5929577028751374,1.1264178889095349,0.9311805636652054,0.16428500920992298
test/000016.mp4,000016,resnet50,clean,real,True,20,25,fake,0.631578947368421,0.625,0.6,0.6939421698451043,1.002166221412288,0.9822560691833496,0.057045373774411504
test/000016.mp4,000016,resnet50,jpeg_10,real,True,20,25,fake,0.7368421052631579,0.625,0.56,0.6950752958655357,0.9014087897123243,0.9822560691833496,0.057045373774411504
test/000016.mp4,000016,resnet50,jpeg_20,real,True,20,25,fake,0.8421052631578947,0.625,0.6,0.7191336303949356,0.8847330355641907,0.9822560691833496,0.057045373774411504
test/000016.mp4,000016,resnet50,jpeg_30,real,True,20,25,fake,0.7894736842105263,0.625,0.6,0.7152326762676239,0.9313801672451127,0.9822560691833496,0.057045373774411504
test/000016.mp4,000016,resnet50,jpeg_40,real,True,20,25,fake,0.5789473684210527,0.625,0.6,0.6550493270158768,1.0687197502734118,0.9822560691833496,0.057045373774411504
test/000016.mp4,000016,resnet50,jpeg_50,real,True,20,25,fake,0.7894736842105263,0.625,0.6,0.6603635936975479,1.001414879839347,0.9822560691833496,0.057045373774411504
test/000016.mp4,000016,resnet50,jpeg_60,real,True,20,25,fake,0.5789473684210527,0.625,0.6,0.6481504872441292,1.0069926132992122,0.9822560691833496,0.057045373774411504
test/000016.mp4,000016,resnet50,jpeg_70,real,True,20,25,fake,0.631578947368421,0.625,0.64,0.6564225152134895,1.0312225335386103,0.9822560691833496,0.057045373774411504
test/000016.mp4,000016,resnet50,jpeg_80,real,True,20,25,fake,0.631578947368421,0.625,0.6,0.6379844546318054,1.0592415897982532,0.9822560691833496,0.057045373774411504
test/000016.mp4,000016,resnet50,jpeg_90,real,True,20,25,fake,0.6842105263157895,0.625,0.64,0.6773091942071915,1.0076180292359849,0.9822560691833496,0.057045373774411504
test/000016.mp4,000016,resnet50,jpeg_95,real,True,20,25,fake,0.6842105263157895,0.625,0.64,0.6901291593909263,0.9802588829732967,0.9822560691833496,0.057045373774411504
test/000016.mp4,000016,resnet50,h264_18_keepaudio,real,True,20,25,fake,0.5263157894736842,0.625,0.6,0.674051359295845,1.025295334840722,0.9822560691833496,0.057045373774411504
test/000016.mp4,000016,resnet50,h264_23_keepaudio,real,True,20,25,fake,0.6842105263157895,0.625,0.56,0.6402512103319168,1.0823514486713528,0.9822560691833496,0.057045373774411504
test/000016.mp4,000016,resnet50,h264_28_keepaudio,real,True,20,25,fake,0.5789473684210527,0.625,0.64,0.6073197782039642,1.1072439142901764,0.9822560691833496,0.057045373774411504
test/000016.mp4,000016,resnet50,h264_33_keepaudio,real,True,20,25,fake,0.631578947368421,0.625,0.76,0.6092797711491584,1.1247516455543614,0.9822560691833496,0.057045373774411504
test/000016.mp4,000016,resnet50,h264_38_keepaudio,real,True,20,25,fake,0.631578947368421,0.625,0.88,0.5493074342608452,1.22841755790155,0.9822560691833496,0.057045373774411504
test/000016.mp4,000016,resnet50,h264_43_keepaudio,real,True,21,25,fake,0.55,0.625,0.76,0.6574623499597821,1.0257200334720136,0.9822560691833496,0.057045373774411504
test/000017.mp4,000017,resnet50,clean,fake,True,23,28,fake,0.7272727272727273,0.6296296296296297,0.6428571428571429,0.6527310247006624,1.0316726768469304,0.9546926277024406,0.12390547954883242
test/000017.mp4,000017,resnet50,jpeg_10,fake,True,23,28,fake,0.8181818181818182,0.6296296296296297,0.6428571428571429,0.6411525244298188,0.9862839942824518,0.9546926277024406,0.12390547954883242
test/000017.mp4,000017,resnet50,jpeg_20,fake,True,24,28,fake,0.8260869565217391,0.6296296296296297,0.6071428571428571,0.719640351831913,0.8730406474817739,0.9546926277024406,0.12390547954883242
test/000017.mp4,000017,resnet50,jpeg_30,fake,True,24,28,fake,0.7391304347826086,0.6296296296296297,0.6785714285714286,0.7189872016509374,0.9027709431646707,0.9546926277024406,0.12390547954883242
test/000017.mp4,000017,resnet50,jpeg_40,fake,True,24,28,fake,0.782608695652174,0.6296296296296297,0.6785714285714286,0.6376464068889618,1.0611573599246367,0.9546926277024406,0.12390547954883242
test/000017.mp4,000017,resnet50,jpeg_50,fake,True,24,28,fake,0.8260869565217391,0.6296296296296297,0.6428571428571429,0.6454755887389183,1.0342188226052098,0.9546926277024406,0.12390547954883242
test/000017.mp4,000017,resnet50,jpeg_60,fake,True,24,28,fake,0.782608695652174,0.6296296296296297,0.6428571428571429,0.6436347961425781,1.0424576872044602,0.9546926277024406,0.12390547954883242
test/000017.mp4,000017,resnet50,jpeg_70,fake,True,24,28,fake,0.7391304347826086,0.6296296296296297,0.6785714285714286,0.639596359183391,1.0867555692268034,0.9546926277024406,0.12390547954883242
test/000017.mp4,000017,resnet50,jpeg_80,fake,True,24,28,fake,0.7391304347826086,0.6296296296296297,0.6428571428571429,0.6677660346031189,1.012169391380832,0.9546926277024406,0.12390547954883242
test/000017.mp4,000017,resnet50,jpeg_90,fake,True,23,28,fake,0.7272727272727273,0.6296296296296297,0.6428571428571429,0.6617038599822832,1.0130656316566857,0.9546926277024406,0.12390547954883242
test/000017.mp4,000017,resnet50,jpeg_95,fake,True,24,28,fake,0.7391304347826086,0.6296296296296297,0.6428571428571429,0.6217075400054455,1.0872958704113342,0.9546926277024406,0.12390547954883242
test/000017.mp4,000017,resnet50,h264_18_keepaudio,fake,True,24,28,fake,0.782608695652174,0.6296296296296297,0.6071428571428571,0.6218155821164449,1.0883804608685586,0.9546926277024406,0.12390547954883242
test/000017.mp4,000017,resnet50,h264_23_keepaudio,fake,True,24,28,fake,0.6956521739130435,0.6296296296296297,0.6785714285714286,0.6319555640220642,1.0653804489411398,0.9546926277024406,0.12390547954883242
test/000017.mp4,000017,resnet50,h264_28_keepaudio,fake,True,23,28,fake,0.7727272727272727,0.6296296296296297,0.6428571428571429,0.6295893244121386,1.0886126915423588,0.9546926277024406,0.12390547954883242
test/000017.mp4,000017,resnet50,h264_33_keepaudio,fake,True,23,28,fake,0.6363636363636364,0.6296296296296297,0.6428571428571429,0.6399936883345895,1.070740009052347,0.9546926277024406,0.12390547954883242
test/000017.mp4,000017,resnet50,h264_38_keepaudio,fake,True,24,28,fake,0.7391304347826086,0.6296296296296297,0.8571428571428571,0.6041392715026935,1.1461675724935667,0.9546926277024406,0.12390547954883242
test/000017.mp4,000017,resnet50,h264_43_keepaudio,fake,True,24,28,fake,0.7391304347826086,0.6296296296296297,0.6428571428571429,0.5555383190512657,1.193689784563986,0.9546926277024406,0.12390547954883242
test/000018.mp4,000018,resnet50,clean,fake,True,20,25,fake,0.631578947368421,0.5833333333333334,0.64,0.6344045683741569,1.0746221839660313,0.9574730849266052,0.12608404074156374
test/000018.mp4,000018,resnet50,jpeg_10,fake,True,20,25,fake,1.0,0.5833333333333334,0.48,0.6283058151602745,0.9916195629721608,0.9574730849266052,0.12608404074156374
test/000018.mp4,000018,resnet50,jpeg_20,fake,True,21,25,fake,0.75,0.5833333333333334,0.64,0.6508479529903048,1.0132771298181236,0.9574730849266052,0.12608404074156374
test/000018.mp4,000018,resnet50,jpeg_30,fake,True,20,25,fake,0.42105263157894735,0.5833333333333334,0.68,0.6394689559936524,1.008010562990024,0.9574730849266052,0.12608404074156374
test/000018.mp4,000018,resnet50,jpeg_40,fake,True,21,25,fake,0.6,0.5833333333333334,0.68,0.6589548275584266,0.9971944031980225,0.9574730849266052,0.12608404074156374
test/000018.mp4,000018,resnet50,jpeg_50,fake,True,20,25,fake,0.6842105263157895,0.5833333333333334,0.6,0.6369707584381104,1.0585257322725572,0.9574730849266052,0.12608404074156374
test/000018.mp4,000018,resnet50,jpeg_60,fake,True,21,25,fake,0.65,0.5833333333333334,0.6,0.6703643302122752,0.9992601354084583,0.9574730849266052,0.12608404074156374
test/000018.mp4,000018,resnet50,jpeg_70,fake,True,19,25,fake,0.5555555555555556,0.5833333333333334,0.64,0.6168243822298551,1.1336779019076055,0.9574730849266052,0.12608404074156374
test/000018.mp4,000018,resnet50,jpeg_80,fake,True,20,25,fake,0.6842105263157895,0.5833333333333334,0.64,0.6300625935196876,1.0816375221186854,0.9574730849266052,0.12608404074156374
test/000018.mp4,000018,resnet50,jpeg_90,fake,True,19,25,fake,0.5555555555555556,0.5833333333333334,0.68,0.6464605033397675,1.0665377751079723,0.9574730849266052,0.12608404074156374
test/000018.mp4,000018,resnet50,jpeg_95,fake,True,20,25,fake,0.5789473684210527,0.5833333333333334,0.68,0.6374886527657508,1.0730683050717555,0.9574730849266052,0.12608404074156374
test/000018.mp4,000018,resnet50,h264_18_keepaudio,fake,True,20,25,fake,0.631578947368421,0.5833333333333334,0.64,0.672991095483303,0.993923492524304,0.9574730849266052,0.12608404074156374
test/000018.mp4,000018,resnet50,h264_23_keepaudio,fake,True,20,25,fake,0.6842105263157895,0.5833333333333334,0.68,0.6315920859575271,1.1041875659479357,0.9574730849266052,0.12608404074156374
test/000018.mp4,000018,resnet50,h264_28_keepaudio,fake,True,20,25,fake,0.7368421052631579,0.5833333333333334,0.8,0.6244828909635544,1.0858381885333557,0.9574730849266052,0.12608404074156374
test/000018.mp4,000018,resnet50,h264_33_keepaudio,fake,True,21,25,fake,0.65,0.5833333333333334,0.68,0.6696394483248392,1.0048837589689914,0.9574730849266052,0.12608404074156374
test/000018.mp4,000018,resnet50,h264_38_keepaudio,fake,True,21,25,fake,0.7,0.5833333333333334,0.84,0.6333032704534984,1.0613295537062637,0.9574730849266052,0.12608404074156374
test/000018.mp4,000018,resnet50,h264_43_keepaudio,fake,True,20,25,fake,0.6842105263157895,0.5833333333333334,0.6,0.5505137756466866,1.228549061817208,0.9574730849266052,0.12608404074156374
test/000019.mp4,000019,resnet50,clean,fake,True,21,26,fake,0.6,0.64,0.6538461538461539,0.6538779465925126,1.0726155270452655,0.9805116790991563,0.06279744588158861
test/000019.mp4,000019,resnet50,jpeg_10,fake,True,21,26,fake,0.7,0.64,0.46153846153846156,0.6811601093837193,0.960617265138192,0.9805116790991563,0.06279744588158861
test/000019.mp4,000019,resnet50,jpeg_20,fake,True,20,26,fake,0.8421052631578947,0.64,0.5769230769230769,0.621657645702362,1.0965309375714298,0.9805116790991563,0.06279744588158861
test/000019.mp4,000019,resnet50,jpeg_30,fake,True,21,26,fake,0.55,0.64,0.6538461538461539,0.6167069304557073,1.093578201303625,0.9805116790991563,0.06279744588158861
test/000019.mp4,000019,resnet50,jpeg_40,fake,True,21,26,fake,0.5,0.64,0.6923076923076923,0.6190461828595116,1.0973274534846655,0.9805116790991563,0.06279744588158861
test/000019.mp4,000019,resnet50,jpeg_50,fake,True,22,26,fake,0.6666666666666666,0.64,0.5769230769230769,0.6336828443137082,1.080065960189024,0.9805116790991563,0.06279744588158861
test/000019.mp4,000019,resnet50,jpeg_60,fake,True,21,26,fake,0.5,0.64,0.6923076923076923,0.6490771585986728,1.0537854212029447,0.9805116790991563,0.06279744588158861
test/000019.mp4,000019,resnet50,jpeg_70,fake,True,21,26,fake,0.5,0.64,0.6538461538461539,0.6713989235105968,1.0221067778775008,0.9805116790991563,0.06279744588158861
test/000019.mp4,000019,resnet50,jpeg_80,fake,True,21,26,fake,0.55,0.64,0.6538461538461539,0.6573451175576165,1.0432078564463274,0.9805116790991563,0.06279744588158861
test/000019.mp4,000019,resnet50,jpeg_90,fake,True,21,26,fake,0.6,0.64,0.6538461538461539,0.6454070025966281,1.0664996721164715,0.9805116790991563,0.06279744588158861
test/000019.mp4,000019,resnet50,jpeg_95,fake,True,21,26,fake,0.6,0.64,0.6538461538461539,0.6464719900063106,1.0657590266228343,0.9805116790991563,0.06279744588158861
test/000019.mp4,000019,resnet50,h264_18_keepaudio,fake,True,21,26,fake,0.5,0.64,0.6153846153846154,0.6872680002734775,0.98305914751203,0.9805116790991563,0.06279744588158861
test/000019.mp4,000019,resnet50,h264_23_keepaudio,fake,True,21,26,fake,0.65,0.64,0.5769230769230769,0.6296902398268381,1.099201055189035,0.9805116790991563,0.06279744588158861
test/000019.mp4,000019,resnet50,h264_28_keepaudio,fake,True,20,26,fake,0.7368421052631579,0.64,0.6538461538461539,0.6029221564531326,1.1177135670268576,0.9805116790991563,0.06279744588158861
test/000019.mp4,000019,resnet50,h264_33_keepaudio,fake,True,22,26,fake,0.6190476190476191,0.64,0.7307692307692307,0.6057669791308317,1.088342386203988,0.9805116790991563,0.06279744588158861
test/000019.mp4,000019,resnet50,h264_38_keepaudio,fake,True,22,26,fake,0.6666666666666666,0.64,0.8846153846153846,0.6240949847481467,1.0824072111618839,0.9805116790991563,0.06279744588158861
test/000019.mp4,000019,resnet50,h264_43_keepaudio,fake,True,22,26,fake,0.5238095238095238,0.64,0.5769230769230769,0.623111220923337,1.0643805489005158,0.9805116790991563,0.06279744588158861
test/000020.mp4,000020,resnet50,clean,real,True,24,29,fake,0.6521739130434783,0.5357142857142857,0.7931034482758621,0.5755321097870668,1.2142673991795194,0.9248692804369433,0.17929274862286781
test/000020.mp4,000020,resnet50,jpeg_10,real,True,24,29,fake,0.9130434782608695,0.5357142857142857,0.896551724137931,0.6037400911251704,1.1415732357482575,0.9248692804369433,0.17929274862286781
test/000020.mp4,000020,resnet50,jpeg_20,real,True,24,29,fake,0.782608695652174,0.5357142857142857,0.8620689655172413,0.5513323123256365,1.2245606116875236,0.9248692804369433,0.17929274862286781
test/000020.mp4,000020,resnet50,jpeg_30,real,True,24,29,fake,0.782608695652174,0.5357142857142857,0.8620689655172413,0.5532854025562605,1.1962268987225,0.9248692804369433,0.17929274862286781
test/000020.mp4,000020,resnet50,jpeg_40,real,True,24,29,fake,0.8260869565217391,0.5357142857142857,0.8275862068965517,0.538693972552816,1.2430303406685332,0.9248692804369433,0.17929274862286781
test/000020.mp4,000020,resnet50,jpeg_50,real,True,24,29,fake,0.5217391304347826,0.5357142857142857,0.7931034482758621,0.5151622879008452,1.3355907906763687,0.9248692804369433,0.17929274862286781
test/000020.mp4,000020,resnet50,jpeg_60,real,True,24,29,fake,0.5652173913043478,0.5357142857142857,0.8275862068965517,0.5021682002892097,1.3383141672516914,0.9248692804369433,0.17929274862286781
test/000020.mp4,000020,resnet50,jpeg_70,real,True,24,29,fake,0.6956521739130435,0.5357142857142857,0.8275862068965517,0.4890029728412628,1.3776165101449223,0.9248692804369433,0.17929274862286781
test/000020.mp4,000020,resnet50,jpeg_80,real,True,24,29,fake,0.6956521739130435,0.5357142857142857,0.8275862068965517,0.5179210528731346,1.3075031546552496,0.9248692804369433,0.17929274862286781
test/000020.mp4,000020,resnet50,jpeg_90,real,True,24,29,fake,0.5652173913043478,0.5357142857142857,0.7931034482758621,0.5122168144832054,1.3285695128725632,0.9248692804369433,0.17929274862286781
test/000020.mp4,000020,resnet50,jpeg_95,real,True,24,29,fake,0.8260869565217391,0.5357142857142857,0.8275862068965517,0.529710220793883,1.3052207168476633,0.9248692804369433,0.17929274862286781
test/000020.mp4,000020,resnet50,h264_18_keepaudio,real,True,24,29,fake,0.782608695652174,0.5357142857142857,0.8275862068965517,0.5677242142458757,1.2054348599927651,0.9248692804369433,0.17929274862286781
test/000020.mp4,000020,resnet50,h264_23_keepaudio,real,True,24,29,fake,0.6521739130434783,0.5357142857142857,0.8275862068965517,0.5662264414131641,1.2521505189766788,0.9248692804369433,0.17929274862286781
test/000020.mp4,000020,resnet50,h264_28_keepaudio,real,True,24,29,fake,0.5652173913043478,0.5357142857142857,0.8620689655172413,0.504477720707655,1.3529341448619094,0.9248692804369433,0.17929274862286781
test/000020.mp4,000020,resnet50,h264_33_keepaudio,real,True,24,29,fake,0.7391304347826086,0.5357142857142857,0.896551724137931,0.4980020709335804,1.3498366400356347,0.9248692804369433,0.17929274862286781
test/000020.mp4,000020,resnet50,h264_38_keepaudio,real,True,24,29,fake,0.7391304347826086,0.5357142857142857,0.7931034482758621,0.49222303181886673,1.3317513900763083,0.9248692804369433,0.17929274862286781
test/000020.mp4,000020,resnet50,h264_43_keepaudio,real,True,24,29,fake,0.6086956521739131,0.5357142857142857,0.8620689655172413,0.6004443354904652,1.1389371379286584,0.9248692804369433,0.17929274862286781
test/000021.mp4,000021,resnet50,clean,fake,True,26,32,fake,0.68,0.5161290322580645,0.875,0.5644390456951581,1.2319916712983465,0.9437425974756479,0.1453543151006676
test/000021.mp4,000021,resnet50,jpeg_10,fake,True,26,32,fake,0.68,0.5161290322580645,0.90625,0.6172952044468659,1.1173828330044715,0.9437425974756479,0.1453543151006676
test/000021.mp4,000021,resnet50,jpeg_20,fake,True,26,32,fake,0.8,0.5161290322580645,0.9375,0.589238357085448,1.146648002484444,0.9437425974756479,0.1453543151006676
test/000021.mp4,000021,resnet50,jpeg_30,fake,True,26,32,fake,0.6,0.5161290322580645,0.90625,0.5564861469543897,1.2298109098858827,0.9437425974756479,0.1453543151006676
test/000021.mp4,000021,resnet50,jpeg_40,fake,True,26,32,fake,0.84,0.5161290322580645,0.875,0.5817380066101367,1.1960286985362512,0.9437425974756479,0.1453543151006676
test/000021.mp4,000021,resnet50,jpeg_50,fake,True,26,32,fake,0.64,0.5161290322580645,0.875,0.561710060789035,1.2510305126900076,0.9437425974756479,0.1453543151006676
test/000021.mp4,000021,resnet50,jpeg_60,fake,True,26,32,fake,0.68,0.5161290322580645,0.84375,0.5515448175943815,1.2259704946658936,0.9437425974756479,0.1453543151006676
test/000021.mp4,000021,resnet50,jpeg_70,fake,True,26,32,fake,0.84,0.5161290322580645,0.90625,0.5284023399536426,1.27991483379446,0.9437425974756479,0.1453543151006676
test/000021.mp4,000021,resnet50,jpeg_80,fake,True,26,32,fake,0.64,0.5161290322580645,0.90625,0.5535007451589291,1.2390735675163853,0.9437425974756479,0.1453543151006676
test/000021.mp4,000021,resnet50,jpeg_90,fake,True,26,32,fake,0.68,0.5161290322580645,0.875,0.5643154818278092,1.2304802934113428,0.9437425974756479,0.1453543151006676
test/000021.mp4,000021,resnet50,jpeg_95,fake,True,26,32,fake,0.72,0.5161290322580645,0.875,0.5516591748365989,1.2537291842357914,0.9437425974756479,0.1453543151006676
test/000021.mp4,000021,resnet50,h264_18_keepaudio,fake,True,26,32,fake,0.68,0.5161290322580645,0.875,0.5425174671870011,1.2706212720403345,0.9437425974756479,0.1453543151006676
test/000021.mp4,000021,resnet50,h264_23_keepaudio,fake,True,26,32,fake,0.76,0.5161290322580645,0.84375,0.549619157726948,1.2731896891547525,0.9437425974756479,0.1453543151006676
test/000021.mp4,000021,resnet50,h264_28_keepaudio,fake,True,26,32,fake,0.64,0.5161290322580645,0.90625,0.5627275728262388,1.2333933523548295,0.9437425974756479,0.1453543151006676
test/000021.mp4,000021,resnet50,h264_33_keepaudio,fake,True,26,32,fake,0.56,0.5161290322580645,0.875,0.5343031401817615,1.2749129518354054,0.9437425974756479,0.1453543151006676
test/000021.mp4,000021,resnet50,h264_38_keepaudio,fake,True,26,32,fake,0.52,0.5161290322580645,0.90625,0.6068096940334027,1.1253919528298804,0.9437425974756479,0.1453543151006676
test/000021.mp4,000021,resnet50,h264_43_keepaudio,fake,True,26,32,fake,0.88,0.5161290322580645,0.90625,0.6053693879109162,1.157120468337803,0.9437425974756479,0.1453543151006676
test/000022.mp4,000022,resnet50,clean,fake,True,25,30,fake,0.7916666666666666,0.5862068965517241,0.8333333333333334,0.5312506568431854,1.323132382146447,0.951372520128886,0.12557205262939636
test/000022.mp4,000022,resnet50,jpeg_10,fake,True,25,30,fake,0.7916666666666666,0.5862068965517241,0.8333333333333334,0.6330190324783325,1.1149699154199737,0.951372520128886,0.12557205262939636
test/000022.mp4,000022,resnet50,jpeg_20,fake,True,25,30,fake,0.9166666666666666,0.5862068965517241,0.9,0.5421516132354737,1.2702906567723682,0.951372520128886,0.12557205262939636
test/000022.mp4,000022,resnet50,jpeg_30,fake,True,25,30,fake,0.75,0.5862068965517241,0.8333333333333334,0.5612632966041565,1.2370876632205727,0.951372520128886,0.12557205262939636
test/000022.mp4,000022,resnet50,jpeg_40,fake,True,25,30,fake,0.8333333333333334,0.5862068965517241,0.8333333333333334,0.5363267683982849,1.289339887187808,0.951372520128886,0.12557205262939636
test/000022.mp4,000022,resnet50,jpeg_50,fake,True,25,30,fake,0.8333333333333334,0.5862068965517241,0.8333333333333334,0.530928418636322,1.331245545705847,0.951372520128886,0.12557205262939636
test/000022.mp4,000022,resnet50,jpeg_60,fake,True,25,30,fake,0.8333333333333334,0.5862068965517241,0.8666666666666667,0.5619789493083954,1.2467947717716035,0.951372520128886,0.12557205262939636
test/000022.mp4,000022,resnet50,jpeg_70,fake,True,25,30,fake,0.75,0.5862068965517241,0.7333333333333333,0.4961678421497345,1.3488667273024122,0.951372520128886,0.12557205262939636
test/000022.mp4,000022,resnet50,jpeg_80,fake,True,25,30,fake,0.625,0.5862068965517241,0.8,0.5291345632076263,1.321402867764058,0.951372520128886,0.12557205262939636
test/000022.mp4,000022,resnet50,jpeg_90,fake,True,25,30,fake,0.7083333333333334,0.5862068965517241,0.7666666666666667,0.5109977197647094,1.3524759755636526,0.951372520128886,0.12557205262939636
test/000022.mp4,000022,resnet50,jpeg_95,fake,True,25,30,fake,0.875,0.5862068965517241,0.8333333333333334,0.5295844411849976,1.3297272871179562,0.951372520128886,0.12557205262939636
test/000022.mp4,000022,resnet50,h264_18_keepaudio,fake,True,25,30,fake,0.75,0.5862068965517241,0.8333333333333334,0.5141108131408691,1.3634241076782894,0.951372520128886,0.12557205262939636
test/000022.mp4,000022,resnet50,h264_23_keepaudio,fake,True,25,30,fake,0.6666666666666666,0.5862068965517241,0.8666666666666667,0.536367312669754,1.3223440314279455,0.951372520128886,0.12557205262939636
test/000022.mp4,000022,resnet50,h264_28_keepaudio,fake,True,25,30,fake,0.7083333333333334,0.5862068965517241,0.9333333333333333,0.5239185166358947,1.305967664349264,0.951372520128886,0.12557205262939636
test/000022.mp4,000022,resnet50,h264_33_keepaudio,fake,True,25,30,fake,0.5416666666666666,0.5862068965517241,0.8,0.5410661971569062,1.260552232747959,0.951372520128886,0.12557205262939636
test/000022.mp4,000022,resnet50,h264_38_keepaudio,fake,True,25,30,fake,0.625,0.5862068965517241,0.8666666666666667,0.5348968899250031,1.2577415381839985,0.951372520128886,0.12557205262939636
test/000022.mp4,000022,resnet50,h264_43_keepaudio,fake,True,25,30,fake,0.6666666666666666,0.5862068965517241,0.8333333333333334,0.5661723637580871,1.2196958577937846,0.951372520128886,0.12557205262939636
test/000023.mp4,000023,resnet50,clean,fake,True,26,32,fake,0.8,0.5161290322580645,0.875,0.5740814908192708,1.2498076334238397,0.9437425974756479,0.1453543151006676
test/000023.mp4,000023,resnet50,jpeg_10,fake,True,26,32,fake,0.72,0.5161290322580645,0.875,0.6320421604009775,1.0751309656140127,0.9437425974756479,0.1453543151006676
test/000023.mp4,000023,resnet50,jpeg_20,fake,True,26,32,fake,0.84,0.5161290322580645,0.90625,0.5907902304942791,1.1810281336485777,0.9437425974756479,0.1453543151006676
test/000023.mp4,000023,resnet50,jpeg_30,fake,True,26,32,fake,0.76,0.5161290322580645,0.90625,0.5638444011027997,1.2181631501861196,0.9437425974756479,0.1453543151006676
test/000023.mp4,000023,resnet50,jpeg_40,fake,True,26,32,fake,0.84,0.5161290322580645,0.8125,0.5440250887320592,1.2754155529318423,0.9437425974756479,0.1453543151006676
test/000023.mp4,000023,resnet50,jpeg_50,fake,True,26,32,fake,0.8,0.5161290322580645,0.875,0.5200267285108566,1.3448221042572908,0.9437425974756479,0.1453543151006676
test/000023.mp4,000023,resnet50,jpeg_60,fake,True,26,32,fake,0.88,0.5161290322580645,0.875,0.5759749664710119,1.2284857550784543,0.9437425974756479,0.1453543151006676
test/000023.mp4,000023,resnet50,jpeg_70,fake,True,26,32,fake,0.8,0.5161290322580645,0.78125,0.5371974947360846,1.2776081796783259,0.9437425974756479,0.1453543151006676
test/000023.mp4,000023,resnet50,jpeg_80,fake,True,26,32,fake,0.84,0.5161290322580645,0.875,0.5325389332496203,1.2811577844010253,0.9437425974756479,0.1453543151006676
test/000023.mp4,000023,resnet50,jpeg_90,fake,True,26,32,fake,0.84,0.5161290322580645,0.875,0.5794397718631304,1.211610088374611,0.9437425974756479,0.1453543151006676
test/000023.mp4,000023,resnet50,jpeg_95,fake,True,26,32,fake,0.8,0.5161290322580645,0.875,0.536398952970138,1.3018298358945708,0.9437425974756479,0.1453543151006676
test/000023.mp4,000023,resnet50,h264_18_keepaudio,fake,True,26,32,fake,0.72,0.5161290322580645,0.84375,0.5490125967906072,1.250563027194023,0.9437425974756479,0.1453543151006676
test/000023.mp4,000023,resnet50,h264_23_keepaudio,fake,True,26,32,fake,0.84,0.5161290322580645,0.875,0.5877278745174408,1.2120504036554147,0.9437425974756479,0.1453543151006676
test/000023.mp4,000023,resnet50,h264_28_keepaudio,fake,True,26,32,fake,0.56,0.5161290322580645,0.90625,0.5420475006103516,1.2875592622934657,0.9437425974756479,0.1453543151006676
test/000023.mp4,000023,resnet50,h264_33_keepaudio,fake,True,26,32,fake,0.76,0.5161290322580645,0.875,0.5362197882854022,1.2441963134376435,0.9437425974756479,0.1453543151006676
test/000023.mp4,000023,resnet50,h264_38_keepaudio,fake,True,26,32,fake,0.64,0.5161290322580645,0.90625,0.5786346265902886,1.233024100490312,0.9437425974756479,0.1453543151006676
test/000023.mp4,000023,resnet50,h264_43_keepaudio,fake,True,26,32,fake,0.8,0.5161290322580645,0.78125,0.560754385132056,1.231084398305712,0.9437425974756479,0.1453543151006676
test/000024.mp4,000024,resnet50,clean,real,True,24,35,fake,0.782608695652174,0.8823529411764706,0.4857142857142857,0.5941130158801874,1.1905184970898426,0.9811105983597892,0.06645420046492902
test/000024.mp4,000024,resnet50,jpeg_10,real,True,24,35,fake,0.782608695652174,0.8823529411764706,0.5714285714285714,0.7126231876512369,0.8721603943582691,0.9811105983597892,0.06645420046492902
test/000024.mp4,000024,resnet50,jpeg_20,real,True,25,35,fake,0.625,0.8823529411764706,0.5142857142857142,0.6581608283519745,1.0103303009373745,0.9811105983597892,0.06645420046492902
test/000024.mp4,000024,resnet50,jpeg_30,real,True,24,35,fake,0.5652173913043478,0.8823529411764706,0.5142857142857142,0.6238728438814481,1.1113099077432977,0.9811105983597892,0.06645420046492902
test/000024.mp4,000024,resnet50,jpeg_40,real,True,25,35,fake,0.6666666666666666,0.8823529411764706,0.5142857142857142,0.6280946981906891,1.1354701675349568,0.9811105983597892,0.06645420046492902
test/000024.mp4,000024,resnet50,jpeg_50,real,True,24,35,fake,0.782608695652174,0.8823529411764706,0.4857142857142857,0.5783413512011369,1.2033064593134755,0.9811105983597892,0.06645420046492902
test/000024.mp4,000024,resnet50,jpeg_60,real,True,24,35,fake,0.6086956521739131,0.8823529411764706,0.5428571428571428,0.6209051807721456,1.1449912283313608,0.9811105983597892,0.06645420046492902
test/000024.mp4,000024,resnet50,jpeg_70,real,True,25,35,fake,0.7916666666666666,0.8823529411764706,0.5428571428571428,0.6048843801021576,1.159402541085763,0.9811105983597892,0.06645420046492902
test/000024.mp4,000024,resnet50,jpeg_80,real,True,24,35,fake,0.6956521739130435,0.8823529411764706,0.5428571428571428,0.5825349415342013,1.201350913677765,0.9811105983597892,0.06645420046492902
test/000024.mp4,000024,resnet50,jpeg_90,real,True,24,35,fake,0.8695652173913043,0.8823529411764706,0.4857142857142857,0.6067577513555685,1.156204100233947,0.9811105983597892,0.06645420046492902
test/000024.mp4,000024,resnet50,jpeg_95,real,True,25,35,fake,0.7916666666666666,0.8823529411764706,0.45714285714285713,0.6058584320545196,1.1534921829286597,0.9811105983597892,0.06645420046492902
test/000024.mp4,000024,resnet50,h264_18_keepaudio,real,True,24,35,fake,0.6956521739130435,0.8823529411764706,0.42857142857142855,0.5926200337707996,1.1599586739730228,0.9811105983597892,0.06645420046492902
test/000024.mp4,000024,resnet50,h264_23_keepaudio,real,True,24,35,fake,0.6956521739130435,0.8823529411764706,0.5428571428571428,0.5868841993312041,1.185437935330835,0.9811105983597892,0.06645420046492902
test/000024.mp4,000024,resnet50,h264_28_keepaudio,real,True,25,35,fake,0.5416666666666666,0.8823529411764706,0.4,0.5948179948329926,1.1784893330207553,0.9811105983597892,0.06645420046492902
test/000024.mp4,000024,resnet50,h264_33_keepaudio,real,True,24,35,fake,0.7391304347826086,0.8823529411764706,0.34285714285714286,0.6144510917365551,1.093576494373135,0.9811105983597892,0.06645420046492902
test/000024.mp4,000024,resnet50,h264_38_keepaudio,real,True,24,35,fake,0.6956521739130435,0.8823529411764706,0.6285714285714286,0.6349585478504499,1.0651301608909616,0.9811105983597892,0.06645420046492902
test/000024.mp4,000024,resnet50,h264_43_keepaudio,real,True,26,35,fake,0.72,0.8823529411764706,0.3142857142857143,0.5590902578372222,1.2043014947518456,0.9811105983597892,0.06645420046492902
test/000025.mp4,000025,resnet50,clean,fake,True,27,38,fake,0.7692307692307693,0.7297297297297297,0.631578947368421,0.6278651919629838,1.0677687606368613,0.9656042362514295,0.08530854033444674
test/000025.mp4,000025,resnet50,jpeg_10,fake,True,27,38,fake,0.9230769230769231,0.7297297297297297,0.42105263157894735,0.7129783210931001,0.8646935219470746,0.9656042362514295,0.08530854033444674
test/000025.mp4,000025,resnet50,jpeg_20,fake,True,26,38,fake,0.64,0.7297297297297297,0.5263157894736842,0.6315531100218112,1.0895920787759978,0.9656042362514295,0.08530854033444674
test/000025.mp4,000025,resnet50,jpeg_30,fake,True,26,38,fake,0.56,0.7297297297297297,0.5789473684210527,0.6362044215202332,1.0729865353486188,0.9656042362514295,0.08530854033444674
test/000025.mp4,000025,resnet50,jpeg_40,fake,True,26,38,fake,0.6,0.7297297297297297,0.5789473684210527,0.6087969759335885,1.1169415013732975,0.9656042362514295,0.08530854033444674
test/000025.mp4,000025,resnet50,jpeg_50,fake,True,26,38,fake,0.68,0.7297297297297297,0.5526315789473685,0.6315546436951711,1.1015560354575429,0.9656042362514295,0.08530854033444674
test/000025.mp4,000025,resnet50,jpeg_60,fake,True,26,38,fake,0.72,0.7297297297297297,0.6052631578947368,0.6744938767873324,0.9996599700669381,0.9656042362514295,0.08530854033444674
test/000025.mp4,000025,resnet50,jpeg_70,fake,True,26,38,fake,0.6,0.7297297297297297,0.5789473684210527,0.6351368610675519,1.064982646083936,0.9656042362514295,0.08530854033444674
test/000025.mp4,000025,resnet50,jpeg_80,fake,True,26,38,fake,0.68,0.7297297297297297,0.6052631578947368,0.600093458707516,1.142960779581896,0.9656042362514295,0.08530854033444674
test/000025.mp4,000025,resnet50,jpeg_90,fake,True,26,38,fake,0.6,0.7297297297297297,0.5789473684210527,0.6367640483837861,1.053115788866162,0.9656042362514295,0.08530854033444674
test/000025.mp4,000025,resnet50,jpeg_95,fake,True,26,38,fake,0.72,0.7297297297297297,0.631578947368421,0.6398293055020846,1.070172341186142,0.9656042362514295,0.08530854033444674
test/000025.mp4,000025,resnet50,h264_18_keepaudio,fake,True,26,38,fake,0.6,0.7297297297297297,0.6052631578947368,0.6470846327451559,1.073091414101397,0.9656042362514295,0.08530854033444674
test/000025.mp4,000025,resnet50,h264_23_keepaudio,fake,True,26,38,fake,0.64,0.7297297297297297,0.5789473684210527,0.5745982000460992,1.1897360906219998,0.9656042362514295,0.08530854033444674
test/000025.mp4,000025,resnet50,h264_28_keepaudio,fake,True,27,38,fake,0.6923076923076923,0.7297297297297297,0.631578947368421,0.621158938716959,1.1292863964551694,0.9656042362514295,0.08530854033444674
test/000025.mp4,000025,resnet50,h264_33_keepaudio,fake,True,27,38,fake,0.7692307692307693,0.7297297297297297,0.7368421052631579,0.5932314351752952,1.19249681131318,0.9656042362514295,0.08530854033444674
test/000025.mp4,000025,resnet50,h264_38_keepaudio,fake,True,26,38,fake,0.6,0.7297297297297297,0.7631578947368421,0.6119824120631585,1.1242737656821775,0.9656042362514295,0.08530854033444674
test/000025.mp4,000025,resnet50,h264_43_keepaudio,fake,True,31,38,fake,0.5666666666666667,0.7297297297297297,0.42105263157894735,0.5700304662027667,1.1315251954623622,0.9656042362514295,0.08530854033444674
test/000026.mp4,000026,resnet50,clean,fake,True,25,36,fake,0.875,0.7714285714285715,0.6111111111111112,0.6047802412509918,1.1551605226043415,0.95726820660962,0.09683162117608417
test/000026.mp4,000026,resnet50,jpeg_10,fake,True,25,36,fake,0.9166666666666666,0.7714285714285715,0.4166666666666667,0.7020435786247253,0.9098361081873478,0.95726820660962,0.09683162117608417
test/000026.mp4,000026,resnet50,jpeg_20,fake,True,24,36,fake,0.7391304347826086,0.7714285714285715,0.4722222222222222,0.6601876678566138,1.027526647996983,0.95726820660962,0.09683162117608417
test/000026.mp4,000026,resnet50,jpeg_30,fake,True,24,36,fake,0.7391304347826086,0.7714285714285715,0.5277777777777778,0.6309089809656143,1.0952115832414813,0.95726820660962,0.09683162117608417
test/000026.mp4,000026,resnet50,jpeg_40,fake,True,24,36,fake,0.6956521739130435,0.7714285714285715,0.5833333333333334,0.6004685672620932,1.1735846499616158,0.95726820660962,0.09683162117608417
test/000026.mp4,000026,resnet50,jpeg_50,fake,True,24,36,fake,0.6521739130434783,0.7714285714285715,0.5833333333333334,0.6123235697547594,1.157956479873676,0.95726820660962,0.09683162117608417
test/000026.mp4,000026,resnet50,jpeg_60,fake,True,24,36,fake,0.6956521739130435,0.7714285714285715,0.5833333333333334,0.5906563003857931,1.1678947514712903,0.95726820660962,0.09683162117608417
test/000026.mp4,000026,resnet50,jpeg_70,fake,True,24,36,fake,0.7391304347826086,0.7714285714285715,0.5277777777777778,0.6285760812461376,1.13070089807037,0.95726820660962,0.09683162117608417
test/000026.mp4,000026,resnet50,jpeg_80,fake,True,24,36,fake,0.782608695652174,0.7714285714285715,0.5555555555555556,0.612363596757253,1.1555194766387988,0.95726820660962,0.09683162117608417
test/000026.mp4,000026,resnet50,jpeg_90,fake,True,24,36,fake,0.6956521739130435,0.7714285714285715,0.6388888888888888,0.6006590649485588,1.1646794619103014,0.95726820660962,0.09683162117608417
test/000026.mp4,000026,resnet50,jpeg_95,fake,True,24,36,fake,0.8260869565217391,0.7714285714285715,0.6666666666666666,0.5974562093615532,1.174694540095629,0.95726820660962,0.09683162117608417
test/000026.mp4,000026,resnet50,h264_18_keepaudio,fake,True,24,36,fake,0.6956521739130435,0.7714285714285715,0.5833333333333334,0.6102342816690604,1.1803498648029527,0.95726820660962,0.09683162117608417
test/000026.mp4,000026,resnet50,h264_23_keepaudio,fake,True,24,36,fake,0.6956521739130435,0.7714285714285715,0.6666666666666666,0.6324869332214197,1.10673634295239,0.95726820660962,0.09683162117608417
test/000026.mp4,000026,resnet50,h264_28_keepaudio,fake,True,25,36,fake,0.7916666666666666,0.7714285714285715,0.5833333333333334,0.6016437613964081,1.177623058661957,0.95726820660962,0.09683162117608417
test/000026.mp4,000026,resnet50,h264_33_keepaudio,fake,True,25,36,fake,0.75,0.7714285714285715,0.6666666666666666,0.6435105776786805,1.0802964825980812,0.95726820660962,0.09683162117608417
test/000026.mp4,000026,resnet50,h264_38_keepaudio,fake,True,24,36,fake,0.5652173913043478,0.7714285714285715,0.6666666666666666,0.5773110371083021,1.157624734552136,0.95726820660962,0.09683162117608417
test/000026.mp4,000026,resnet50,h264_43_keepaudio,fake,True,29,36,fake,0.5,0.7714285714285715,0.5555555555555556,0.6284119610128731,1.047509492740727,0.95726820660962,0.09683162117608417
test/000027.mp4,000027,resnet50,clean,fake,True,27,38,fake,0.6153846153846154,0.7567567567567568,0.5263157894736842,0.622217572397656,1.1143296743530877,0.9548098154758152,0.10050878843721478
test/000027.mp4,000027,resnet50,jpeg_10,fake,True,27,38,fake,0.9615384615384616,0.7567567567567568,0.39473684210526316,0.6585640300203253,0.9870111264674306,0.9548098154758152,0.10050878843721478
test/000027.mp4,000027,resnet50,jpeg_20,fake,True,26,38,fake,0.68,0.7567567567567568,0.5263157894736842,0.6658705427096441,0.9985272829173616,0.9548098154758152,0.10050878843721478
test/000027.mp4,000027,resnet50,jpeg_30,fake,True,26,38,fake,0.72,0.7567567567567568,0.5526315789473685,0.6401334760280756,1.0948660601465325,0.9548098154758152,0.10050878843721478
test/000027.mp4,000027,resnet50,jpeg_40,fake,True,26,38,fake,0.6,0.7567567567567568,0.5526315789473685,0.5943129246051495,1.1562994734603267,0.9548098154758152,0.10050878843721478
test/000027.mp4,000027,resnet50,jpeg_50,fake,True,26,38,fake,0.56,0.7567567567567568,0.5789473684210527,0.6289240351090064,1.1223123075109467,0.9548098154758152,0.10050878843721478
test/000027.mp4,000027,resnet50,jpeg_60,fake,True,26,38,fake,0.64,0.7567567567567568,0.5263157894736842,0.6245273305819585,1.1150239926567258,0.9548098154758152,0.10050878843721478
test/000027.mp4,000027,resnet50,jpeg_70,fake,True,26,38,fake,0.56,0.7567567567567568,0.5263157894736842,0.6235555169674066,1.1108032048588607,0.9548098154758152,0.10050878843721478
test/000027.mp4,000027,resnet50,jpeg_80,fake,True,26,38,fake,0.6,0.7567567567567568,0.5263157894736842,0.6052689025035272,1.153202533875499,0.9548098154758152,0.10050878843721478
test/000027.mp4,000027,resnet50,jpeg_90,fake,True,26,38,fake,0.68,0.7567567567567568,0.5789473684210527,0.6361723977785844,1.0935172187573363,0.9548098154758152,0.10050878843721478
test/000027.mp4,000027,resnet50,jpeg_95,fake,True,26,38,fake,0.6,0.7567567567567568,0.6052631578947368,0.6070051743434026,1.1492229680968598,0.9548098154758152,0.10050878843721478
test/000027.mp4,000027,resnet50,h264_18_keepaudio,fake,True,26,38,fake,0.64,0.7567567567567568,0.5526315789473685,0.6133379890368535,1.1456676083517296,0.9548098154758152,0.10050878843721478
test/000027.mp4,000027,resnet50,h264_23_keepaudio,fake,True,26,38,fake,0.44,0.7567567567567568,0.631578947368421,0.66587560910445,1.0362918191088102,0.9548098154758152,0.10050878843721478
test/000027.mp4,000027,resnet50,h264_28_keepaudio,fake,True,27,38,fake,0.6538461538461539,0.7567567567567568,0.631578947368421,0.6615007652176751,1.0824153898220608,0.9548098154758152,0.10050878843721478
test/000027.mp4,000027,resnet50,h264_33_keepaudio,fake,True,27,38,fake,0.5384615384615384,0.7567567567567568,0.7105263157894737,0.6345224634364799,1.0878938313804196,0.9548098154758152,0.10050878843721478
test/000027.mp4,000027,resnet50,h264_38_keepaudio,fake,True,26,38,fake,0.56,0.7567567567567568,0.6578947368421053,0.7077720566437795,0.9061809797121039,0.9548098154758152,0.10050878843721478
test/000027.mp4,000027,resnet50,h264_43_keepaudio,fake,True,31,38,fake,0.5,0.7567567567567568,0.5526315789473685,0.5819956948680263,1.1656191363099593,0.9548098154758152,0.10050878843721478
test/000028.mp4,000028,resnet50,clean,real,True,23,27,fake,0.7272727272727273,0.6538461538461539,0.5185185185185185,0.6837103004040925,0.9402211635111384,0.9544407438348841,0.118926351437686
test/000028.mp4,000028,resnet50,jpeg_10,real,True,23,27,fake,0.7272727272727273,0.6538461538461539,0.5185185185185185,0.7123403186383455,0.8688089755059781,0.9544407438348841,0.118926351437686
test/000028.mp4,000028,resnet50,jpeg_20,real,True,23,27,fake,0.7272727272727273,0.6538461538461539,0.5185185185185185,0.7251620214918385,0.8540818977919556,0.9544407438348841,0.118926351437686
test/000028.mp4,000028,resnet50,jpeg_30,real,True,23,27,fake,0.7272727272727273,0.6538461538461539,0.5555555555555556,0.7148852361285168,0.8905565173867857,0.9544407438348841,0.118926351437686
test/000028.mp4,000028,resnet50,jpeg_40,real,True,23,27,fake,0.7272727272727273,0.6538461538461539,0.48148148148148145,0.7248254236967667,0.8764611046612585,0.9544407438348841,0.118926351437686
test/000028.mp4,000028,resnet50,jpeg_50,real,True,23,27,fake,0.7272727272727273,0.6538461538461539,0.48148148148148145,0.6636594780113386,0.9979595014725721,0.9544407438348841,0.118926351437686
test/000028.mp4,000028,resnet50,jpeg_60,real,True,23,27,fake,0.8181818181818182,0.6538461538461539,0.5555555555555556,0.6978769691094108,0.9218612701272535,0.9544407438348841,0.118926351437686
test/000028.mp4,000028,resnet50,jpeg_70,real,True,23,27,fake,0.7727272727272727,0.6538461538461539,0.5185185185185185,0.6938790380954742,0.9189778374684575,0.9544407438348841,0.118926351437686
test/000028.mp4,000028,resnet50,jpeg_80,real,True,23,27,fake,0.8181818181818182,0.6538461538461539,0.5185185185185185,0.6748270962549292,0.9491471304183151,0.9544407438348841,0.118926351437686
test/000028.mp4,000028,resnet50,jpeg_90,real,True,23,27,fake,0.7727272727272727,0.6538461538461539,0.5185185185185185,0.6733237245808477,0.9648487085126765,0.9544407438348841,0.118926351437686
test/000028.mp4,000028,resnet50,jpeg_95,real,True,23,27,fake,0.7272727272727273,0.6538461538461539,0.5555555555555556,0.6930949454722197,0.9323033823271685,0.9544407438348841,0.118926351437686
test/000028.mp4,000028,resnet50,h264_18_keepaudio,real,True,23,27,fake,0.7727272727272727,0.6538461538461539,0.4444444444444444,0.6630098521709442,0.9908205001161786,0.9544407438348841,0.118926351437686
test/000028.mp4,000028,resnet50,h264_23_keepaudio,real,True,23,27,fake,0.7727272727272727,0.6538461538461539,0.48148148148148145,0.6628294392772343,0.9870641789699447,0.9544407438348841,0.118926351437686
test/000028.mp4,000028,resnet50,h264_28_keepaudio,real,True,23,27,fake,0.8181818181818182,0.6538461538461539,0.5185185185185185,0.7195880205734916,0.8858693472217238,0.9544407438348841,0.118926351437686
test/000028.mp4,000028,resnet50,h264_33_keepaudio,real,True,23,27,fake,0.7727272727272727,0.6538461538461539,0.5185185185185185,0.6901893071506334,0.9957137387211867,0.9544407438348841,0.118926351437686
test/000028.mp4,000028,resnet50,h264_38_keepaudio,real,True,23,27,fake,0.5909090909090909,0.6538461538461539,0.5925925925925926,0.5974146049955616,1.143978547866174,0.9544407438348841,0.118926351437686
test/000028.mp4,000028,resnet50,h264_43_keepaudio,real,True,23,27,fake,0.7727272727272727,0.6538461538461539,0.5185185185185185,0.587060413930727,1.1993615093465018,0.9544407438348841,0.118926351437686
test/000029.mp4,000029,resnet50,clean,fake,True,25,31,fake,0.8333333333333334,0.6333333333333333,0.5483870967741935,0.6685511314868927,1.0039429744780788,0.9466612896611614,0.1311551928700923
test/000029.mp4,000029,resnet50,jpeg_10,fake,True,25,31,fake,0.7916666666666666,0.6333333333333333,0.6129032258064516,0.7190839958190918,0.7830807052934926,0.9466612896611614,0.1311551928700923
test/000029.mp4,000029,resnet50,jpeg_20,fake,True,25,31,fake,0.875,0.6333333333333333,0.5806451612903226,0.700160356760025,0.9227127337027232,0.9466612896611614,0.1311551928700923
test/000029.mp4,000029,resnet50,jpeg_30,fake,True,25,31,fake,0.875,0.6333333333333333,0.5806451612903226,0.6822814083099366,0.9320341703891027,0.9466612896611614,0.1311551928700923
test/000029.mp4,000029,resnet50,jpeg_40,fake,True,25,31,fake,0.7916666666666666,0.6333333333333333,0.5483870967741935,0.6671563911437989,1.0050453795127572,0.9466612896611614,0.1311551928700923
test/000029.mp4,000029,resnet50,jpeg_50,fake,True,25,31,fake,0.8333333333333334,0.6333333333333333,0.5483870967741935,0.6898604333400726,0.9863307682869398,0.9466612896611614,0.1311551928700923
test/000029.mp4,000029,resnet50,jpeg_60,fake,True,25,31,fake,0.7916666666666666,0.6333333333333333,0.5483870967741935,0.6818855047225952,0.9703479429142196,0.9466612896611614,0.1311551928700923
test/000029.mp4,000029,resnet50,jpeg_70,fake,True,25,31,fake,0.7083333333333334,0.6333333333333333,0.5483870967741935,0.6914257597923279,0.9652879069587702,0.9466612896611614,0.1311551928700923
test/000029.mp4,000029,resnet50,jpeg_80,fake,True,25,31,fake,0.8333333333333334,0.6333333333333333,0.5161290322580645,0.6858054530620575,0.9807278423398843,0.9466612896611614,0.1311551928700923
test/000029.mp4,000029,resnet50,jpeg_90,fake,True,25,31,fake,0.8333333333333334,0.6333333333333333,0.5161290322580645,0.6770460498332977,0.9798275770921003,0.9466612896611614,0.1311551928700923
test/000029.mp4,000029,resnet50,jpeg_95,fake,True,25,31,fake,0.7916666666666666,0.6333333333333333,0.5483870967741935,0.671045389175415,1.011579035980843,0.9466612896611614,0.1311551928700923
test/000029.mp4,000029,resnet50,h264_18_keepaudio,fake,True,25,31,fake,0.8333333333333334,0.6333333333333333,0.5483870967741935,0.6697268736362457,1.0103310738498221,0.9466612896611614,0.1311551928700923
test/000029.mp4,000029,resnet50,h264_23_keepaudio,fake,True,25,31,fake,0.8333333333333334,0.6333333333333333,0.5806451612903226,0.6852096354961396,0.969021486260412,0.9466612896611614,0.1311551928700923
test/000029.mp4,000029,resnet50,h264_28_keepaudio,fake,True,25,31,fake,0.75,0.6333333333333333,0.5806451612903226,0.6614647471904754,1.0312181247108274,0.9466612896611614,0.1311551928700923
test/000029.mp4,000029,resnet50,h264_33_keepaudio,fake,True,25,31,fake,0.75,0.6333333333333333,0.5806451612903226,0.64362100481987,1.0217180318024948,0.9466612896611614,0.1311551928700923
test/000029.mp4,000029,resnet50,h264_38_keepaudio,fake,True,25,31,fake,0.7083333333333334,0.6333333333333333,0.5483870967741935,0.6041339278221131,1.087479619111158,0.9466612896611614,0.1311551928700923
test/000029.mp4,000029,resnet50,h264_43_keepaudio,fake,True,25,31,fake,0.5833333333333334,0.6333333333333333,0.7096774193548387,0.663326209783554,0.9648349619212617,0.9466612896611614,0.1311551928700923
test/000030.mp4,000030,resnet50,clean,fake,True,23,28,fake,0.7727272727272727,0.7037037037037037,0.4642857142857143,0.6845931825430497,0.9702155715333192,0.9606656687600272,0.10408164606848688
test/000030.mp4,000030,resnet50,jpeg_10,fake,True,23,28,fake,0.7727272727272727,0.7037037037037037,0.5357142857142857,0.7296303355175516,0.7732448459240844,0.9606656687600272,0.10408164606848688
test/000030.mp4,000030,resnet50,jpeg_20,fake,True,23,28,fake,0.7727272727272727,0.7037037037037037,0.4642857142857143,0.6474502501280411,0.9794812706586956,0.9606656687600272,0.10408164606848688
test/000030.mp4,000030,resnet50,jpeg_30,fake,True,23,28,fake,0.9090909090909091,0.7037037037037037,0.5,0.637975354557452,1.0188952980914856,0.9606656687600272,0.10408164606848688
test/000030.mp4,000030,resnet50,jpeg_40,fake,True,23,28,fake,0.7727272727272727,0.7037037037037037,0.4642857142857143,0.6807533074980197,0.9821382023828622,0.9606656687600272,0.10408164606848688
test/000030.mp4,000030,resnet50,jpeg_50,fake,True,23,28,fake,0.6818181818181818,0.7037037037037037,0.4642857142857143,0.672558034243791,0.986333834196497,0.9606656687600272,0.10408164606848688
test/000030.mp4,000030,resnet50,jpeg_60,fake,True,23,28,fake,0.7727272727272727,0.7037037037037037,0.4642857142857143,0.7284531178681747,0.9112933216390069,0.9606656687600272,0.10408164606848688
test/000030.mp4,000030,resnet50,jpeg_70,fake,True,23,28,fake,0.8181818181818182,0.7037037037037037,0.4642857142857143,0.6863127298977064,0.9603691002315429,0.9606656687600272,0.10408164606848688
test/000030.mp4,000030,resnet50,jpeg_80,fake,True,23,28,fake,0.8181818181818182,0.7037037037037037,0.4642857142857143,0.6900863284650056,0.9729992129045111,0.9606656687600272,0.10408164606848688
test/000030.mp4,000030,resnet50,jpeg_90,fake,True,23,28,fake,0.7727272727272727,0.7037037037037037,0.4642857142857143,0.7009238717348679,0.9483673639009063,0.9606656687600272,0.10408164606848688
test/000030.mp4,000030,resnet50,jpeg_95,fake,True,23,28,fake,0.7727272727272727,0.7037037037037037,0.4642857142857143,0.682121464739675,0.9731569676224643,0.9606656687600272,0.10408164606848688
test/000030.mp4,000030,resnet50,h264_18_keepaudio,fake,True,23,28,fake,0.8181818181818182,0.7037037037037037,0.4642857142857143,0.6863149197205253,0.9662686075653658,0.9606656687600272,0.10408164606848688
test/000030.mp4,000030,resnet50,h264_23_keepaudio,fake,True,23,28,fake,0.8181818181818182,0.7037037037037037,0.5,0.714194989722708,0.9039594962828711,0.9606656687600272,0.10408164606848688
test/000030.mp4,000030,resnet50,h264_28_keepaudio,fake,True,23,28,fake,0.8636363636363636,0.7037037037037037,0.5,0.6614587501339291,1.0411299602720003,0.9606656687600272,0.10408164606848688
test/000030.mp4,000030,resnet50,h264_33_keepaudio,fake,True,23,28,fake,0.8636363636363636,0.7037037037037037,0.5,0.62184172609578,1.0848099783784637,0.9606656687600272,0.10408164606848688
test/000030.mp4,000030,resnet50,h264_38_keepaudio,fake,True,23,28,fake,0.8636363636363636,0.7037037037037037,0.5357142857142857,0.651218954635703,1.0085170222159605,0.9606656687600272,0.10408164606848688
test/000030.mp4,000030,resnet50,h264_43_keepaudio,fake,True,23,28,fake,0.5454545454545454,0.7037037037037037,0.6071428571428571,0.5787049648554429,1.1732922713070437,0.9606656687600272,0.10408164606848688
test/000031.mp4,000031,resnet50,clean,fake,True,25,31,fake,0.8333333333333334,0.6333333333333333,0.5483870967741935,0.652497090101242,1.0295849949946996,0.9466612896611614,0.1311551928700923
test/000031.mp4,000031,resnet50,jpeg_10,fake,True,25,31,fake,0.75,0.6333333333333333,0.6451612903225806,0.6896474885940552,0.8631179588187385,0.9466612896611614,0.1311551928700923
test/000031.mp4,000031,resnet50,jpeg_20,fake,True,25,31,fake,0.9166666666666666,0.6333333333333333,0.5806451612903226,0.7204450452327729,0.8708177923740378,0.9466612896611614,0.1311551928700923
test/000031.mp4,000031,resnet50,jpeg_30,fake,True,25,31,fake,0.9166666666666666,0.6333333333333333,0.5806451612903226,0.6489815497398377,1.0126540497498862,0.9466612896611614,0.1311551928700923
test/000031.mp4,000031,resnet50,jpeg_40,fake,True,25,31,fake,0.75,0.6333333333333333,0.5483870967741935,0.6878781175613403,0.9565947278555403,0.9466612896611614,0.1311551928700923
test/000031.mp4,000031,resnet50,jpeg_50,fake,True,25,31,fake,0.8333333333333334,0.6333333333333333,0.5483870967741935,0.7145017147064209,0.931644144909759,0.9466612896611614,0.1311551928700923
test/000031.mp4,000031,resnet50,jpeg_60,fake,True,25,31,fake,0.8333333333333334,0.6333333333333333,0.5161290322580645,0.6620979702472687,1.0139613618624366,0.9466612896611614,0.1311551928700923
test/000031.mp4,000031,resnet50,jpeg_70,fake,True,25,31,fake,0.8333333333333334,0.6333333333333333,0.5483870967741935,0.6810114741325378,0.966165490120234,0.9466612896611614,0.1311551928700923
test/000031.mp4,000031,resnet50,jpeg_80,fake,True,25,31,fake,0.8333333333333334,0.6333333333333333,0.5483870967741935,0.6740472447872162,1.0150463337858497,0.9466612896611614,0.1311551928700923
test/000031.mp4,000031,resnet50,jpeg_90,fake,True,25,31,fake,0.8333333333333334,0.6333333333333333,0.5483870967741935,0.6627168619632721,1.032762981393537,0.9466612896611614,0.1311551928700923
test/000031.mp4,000031,resnet50,jpeg_95,fake,True,25,31,fake,0.8333333333333334,0.6333333333333333,0.5483870967741935,0.647437025308609,1.0557158960666289,0.9466612896611614,0.1311551928700923
test/000031.mp4,000031,resnet50,h264_18_keepaudio,fake,True,25,31,fake,0.8333333333333334,0.6333333333333333,0.5483870967741935,0.692903755903244,0.9749634388508143,0.9466612896611614,0.1311551928700923
test/000031.mp4,000031,resnet50,h264_23_keepaudio,fake,True,25,31,fake,0.875,0.6333333333333333,0.5806451612903226,0.695487220287323,0.9767595845157065,0.9466612896611614,0.1311551928700923
test/000031.mp4,000031,resnet50,h264_28_keepaudio,fake,True,25,31,fake,0.8333333333333334,0.6333333333333333,0.6451612903225806,0.6784293484687806,1.011886474222347,0.9466612896611614,0.1311551928700923
test/000031.mp4,000031,resnet50,h264_33_keepaudio,fake,True,25,31,fake,0.8333333333333334,0.6333333333333333,0.6129032258064516,0.604949985742569,1.1032072785543001,0.9466612896611614,0.1311551928700923
test/000031.mp4,000031,resnet50,h264_38_keepaudio,fake,True,25,31,fake,0.8333333333333334,0.6333333333333333,0.6774193548387096,0.6301522016525268,1.0727532043640915,0.9466612896611614,0.1311551928700923
test/000031.mp4,000031,resnet50,h264_43_keepaudio,fake,True,25,31,fake,0.7916666666666666,0.6333333333333333,0.7419354838709677,0.6782932436466217,0.9759536729238171,0.9466612896611614,0.1311551928700923
test/000032.mp4,000032,resnet50,clean,real,True,17,20,fake,0.6875,0.7368421052631579,0.7,0.5927389737437753,1.2441766371950238,0.9356144011020661,0.13757465560053456
test/000032.mp4,000032,resnet50,jpeg_10,real,True,17,20,fake,0.9375,0.7368421052631579,0.6,0.7144711420816534,0.9082153629254077,0.9356144011020661,0.13757465560053456
test/000032.mp4,000032,resnet50,jpeg_20,real,True,17,20,fake,0.875,0.7368421052631579,0.6,0.6908533538089079,0.9834827447425935,0.9356144011020661,0.13757465560053456
test/000032.mp4,000032,resnet50,jpeg_30,real,True,17,20,fake,0.75,0.7368421052631579,0.7,0.6686859534067267,1.040488298317572,0.9356144011020661,0.13757465560053456
test/000032.mp4,000032,resnet50,jpeg_40,real,True,17,20,fake,0.875,0.7368421052631579,0.6,0.6085280548123753,1.1574472532074496,0.9356144011020661,0.13757465560053456
test/000032.mp4,000032,resnet50,jpeg_50,real,True,17,20,fake,0.6875,0.7368421052631579,0.7,0.6099421311827267,1.162719522228229,0.9356144011020661,0.13757465560053456
test/000032.mp4,000032,resnet50,jpeg_60,real,True,17,20,fake,0.6875,0.7368421052631579,0.7,0.6785952185883242,1.0502230670781156,0.9356144011020661,0.13757465560053456
test/000032.mp4,000032,resnet50,jpeg_70,real,True,17,20,fake,0.625,0.7368421052631579,0.75,0.5972847289898816,1.2065939380594017,0.9356144011020661,0.13757465560053456
test/000032.mp4,000032,resnet50,jpeg_80,real,True,17,20,fake,0.5625,0.7368421052631579,0.75,0.6075916377937093,1.1669064456866727,0.9356144011020661,0.13757465560053456
test/000032.mp4,000032,resnet50,jpeg_90,real,True,17,20,fake,0.6875,0.7368421052631579,0.75,0.6043186836382922,1.1861083367692973,0.9356144011020661,0.13757465560053456
test/000032.mp4,000032,resnet50,jpeg_95,real,True,17,20,fake,0.75,0.7368421052631579,0.7,0.5987765473477981,1.1766996462893915,0.9356144011020661,0.13757465560053456
test/000032.mp4,000032,resnet50,h264_18_keepaudio,real,True,17,20,fake,0.625,0.7368421052631579,0.7,0.6082401556127212,1.1936039437189863,0.9356144011020661,0.13757465560053456
test/000032.mp4,000032,resnet50,h264_23_keepaudio,real,True,17,20,fake,0.625,0.7368421052631579,0.75,0.6180744469165802,1.1703147891014025,0.9356144011020661,0.13757465560053456
test/000032.mp4,000032,resnet50,h264_28_keepaudio,real,True,17,20,fake,0.6875,0.7368421052631579,0.7,0.5813799219972947,1.2325243162335253,0.9356144011020661,0.13757465560053456
test/000032.mp4,000032,resnet50,h264_33_keepaudio,real,True,17,20,fake,0.5,0.7368421052631579,0.55,0.5991421078934389,1.1818572910410337,0.9356144011020661,0.13757465560053456
test/000032.mp4,000032,resnet50,h264_38_keepaudio,real,True,17,20,fake,0.6875,0.7368421052631579,0.7,0.6251011613537284,1.1637117656335665,0.9356144011020661,0.13757465560053456
test/000032.mp4,000032,resnet50,h264_43_keepaudio,real,True,17,20,fake,0.5,0.7368421052631579,0.7,0.6033294849535998,1.0786009854685508,0.9356144011020661,0.13757465560053456
test/000033.mp4,000033,resnet50,clean,fake,True,20,24,fake,0.8421052631578947,0.782608695652174,0.625,0.6011074647307396,1.2060250681805982,0.9367781952023506,0.15025431924610913
test/000033.mp4,000033,resnet50,jpeg_10,fake,True,20,24,fake,0.8421052631578947,0.782608695652174,0.5833333333333334,0.6762150704860688,0.9231011788241833,0.9367781952023506,0.15025431924610913
test/000033.mp4,000033,resnet50,jpeg_20,fake,True,20,24,fake,0.9473684210526315,0.782608695652174,0.5833333333333334,0.6039058074355126,1.173416899760844,0.9367781952023506,0.15025431924610913
test/000033.mp4,000033,resnet50,jpeg_30,fake,True,20,24,fake,0.631578947368421,0.782608695652174,0.75,0.6593148872256279,1.0577037932292894,0.9367781952023506,0.15025431924610913
test/000033.mp4,000033,resnet50,jpeg_40,fake,True,20,24,fake,0.9473684210526315,0.782608695652174,0.625,0.6399259626865387,1.1097006032744736,0.9367781952023506,0.15025431924610913
test/000033.mp4,000033,resnet50,jpeg_50,fake,True,20,24,fake,0.631578947368421,0.782608695652174,0.625,0.5979704111814499,1.2065776377239437,0.9367781952023506,0.15025431924610913
test/000033.mp4,000033,resnet50,jpeg_60,fake,True,20,24,fake,0.7894736842105263,0.782608695652174,0.5833333333333334,0.6090295061469078,1.1892935291147793,0.9367781952023506,0.15025431924610913
test/000033.mp4,000033,resnet50,jpeg_70,fake,True,20,24,fake,0.631578947368421,0.782608695652174,0.6666666666666666,0.5850219711661339,1.2244741377256816,0.9367781952023506,0.15025431924610913
test/000033.mp4,000033,resnet50,jpeg_80,fake,True,20,24,fake,1.0,0.782608695652174,0.5833333333333334,0.5976238861680031,1.2009360333651085,0.9367781952023506,0.15025431924610913
test/000033.mp4,000033,resnet50,jpeg_90,fake,True,20,24,fake,0.7368421052631579,0.782608695652174,0.6666666666666666,0.5474660232663154,1.2616058122633045,0.9367781952023506,0.15025431924610913
test/000033.mp4,000033,resnet50,jpeg_95,fake,True,20,24,fake,0.6842105263157895,0.782608695652174,0.625,0.5578832373023033,1.2727277835599913,0.9367781952023506,0.15025431924610913
test/000033.mp4,000033,resnet50,h264_18_keepaudio,fake,True,20,24,fake,0.5789473684210527,0.782608695652174,0.6666666666666666,0.5869506284594536,1.1936893275389564,0.9367781952023506,0.15025431924610913
test/000033.mp4,000033,resnet50,h264_23_keepaudio,fake,True,20,24,fake,0.7368421052631579,0.782608695652174,0.6666666666666666,0.5785394221544266,1.2602801719808707,0.9367781952023506,0.15025431924610913
test/000033.mp4,000033,resnet50,h264_28_keepaudio,fake,True,20,24,fake,0.42105263157894735,0.782608695652174,0.6666666666666666,0.5600317031145096,1.2724969476347356,0.9367781952023506,0.15025431924610913
test/000033.mp4,000033,resnet50,h264_33_keepaudio,fake,True,20,24,fake,0.47368421052631576,0.782608695652174,0.6666666666666666,0.56707004904747,1.2519579201559499,0.9367781952023506,0.15025431924610913
test/000033.mp4,000033,resnet50,h264_38_keepaudio,fake,True,20,24,fake,0.42105263157894735,0.782608695652174,0.5,0.6262526869773865,1.0362402429138793,0.9367781952023506,0.15025431924610913
test/000033.mp4,000033,resnet50,h264_43_keepaudio,fake,True,20,24,fake,0.631578947368421,0.782608695652174,0.75,0.512251254171133,1.2588463561878664,0.9367781952023506,0.15025431924610913
test/000034.mp4,000034,resnet50,clean,fake,True,17,21,fake,0.75,0.8,0.6190476190476191,0.5996419454322142,1.1458407702421558,0.9544776848384312,0.10720117684839602
test/000034.mp4,000034,resnet50,jpeg_10,fake,True,17,21,fake,0.875,0.8,0.5238095238095238,0.6981616931803086,0.9115351135268585,0.9544776848384312,0.10720117684839602
test/000034.mp4,000034,resnet50,jpeg_20,fake,True,17,21,fake,0.9375,0.8,0.5714285714285714,0.6433833188870374,1.0606188557174214,0.9544776848384312,0.10720117684839602
test/000034.mp4,000034,resnet50,jpeg_30,fake,True,17,21,fake,0.75,0.8,0.6190476190476191,0.6736803983940798,1.002689429679637,0.9544776848384312,0.10720117684839602
test/000034.mp4,000034,resnet50,jpeg_40,fake,True,17,21,fake,0.875,0.8,0.5714285714285714,0.6545280673924614,1.0612100050900946,0.9544776848384312,0.10720117684839602
test/000034.mp4,000034,resnet50,jpeg_50,fake,True,17,21,fake,0.9375,0.8,0.5238095238095238,0.5960107568432303,1.1675305069541801,0.9544776848384312,0.10720117684839602
test/000034.mp4,000034,resnet50,jpeg_60,fake,True,17,21,fake,0.75,0.8,0.5714285714285714,0.6246486744459938,1.1077434582395171,0.9544776848384312,0.10720117684839602
test/000034.mp4,000034,resnet50,jpeg_70,fake,True,17,21,fake,0.75,0.8,0.6190476190476191,0.5985948057735667,1.1537061388685117,0.9544776848384312,0.10720117684839602
test/000034.mp4,000034,resnet50,jpeg_80,fake,True,17,21,fake,0.875,0.8,0.6190476190476191,0.6126387662747327,1.1357460746797474,0.9544776848384312,0.10720117684839602
test/000034.mp4,000034,resnet50,jpeg_90,fake,True,17,21,fake,0.8125,0.8,0.6190476190476191,0.585622208959916,1.1791222454455945,0.9544776848384312,0.10720117684839602
test/000034.mp4,000034,resnet50,jpeg_95,fake,True,17,21,fake,0.6875,0.8,0.6190476190476191,0.5786532496704775,1.1888019461546897,0.9544776848384312,0.10720117684839602
test/000034.mp4,000034,resnet50,h264_18_keepaudio,fake,True,17,21,fake,0.75,0.8,0.5714285714285714,0.6116825920694015,1.1505418888847323,0.9544776848384312,0.10720117684839602
test/000034.mp4,000034,resnet50,h264_23_keepaudio,fake,True,17,21,fake,0.8125,0.8,0.6190476190476191,0.5821579677217147,1.2119493526214318,0.9544776848384312,0.10720117684839602
test/000034.mp4,000034,resnet50,h264_28_keepaudio,fake,True,17,21,fake,0.3125,0.8,0.5714285714285714,0.5543003573137171,1.2795862420665107,0.9544776848384312,0.10720117684839602
test/000034.mp4,000034,resnet50,h264_33_keepaudio,fake,True,17,21,fake,0.625,0.8,0.6666666666666666,0.5641347800984102,1.2483388087874077,0.9544776848384312,0.10720117684839602
test/000034.mp4,000034,resnet50,h264_38_keepaudio,fake,True,17,21,fake,0.5625,0.8,0.7142857142857143,0.5851484467001522,1.1463055929888097,0.9544776848384312,0.10720117684839602
test/000034.mp4,000034,resnet50,h264_43_keepaudio,fake,True,17,21,fake,0.5625,0.8,0.6666666666666666,0.5206933337099412,1.2778524072924657,0.9544776848384312,0.10720117684839602
test/000035.mp4,000035,resnet50,clean,fake,True,20,24,fake,0.8421052631578947,0.8695652173913043,0.625,0.5814849153161049,1.2206222340533552,0.9469427714745203,0.12681887625742974
test/000035.mp4,000035,resnet50,jpeg_10,fake,True,20,24,fake,0.7368421052631579,0.8695652173913043,0.625,0.662800557911396,0.967873595278301,0.9469427714745203,0.12681887625742974
test/000035.mp4,000035,resnet50,jpeg_20,fake,True,20,24,fake,0.7894736842105263,0.8695652173913043,0.5833333333333334,0.6440662935376167,1.080674760517774,0.9469427714745203,0.12681887625742974
test/000035.mp4,000035,resnet50,jpeg_30,fake,True,20,24,fake,0.6842105263157895,0.8695652173913043,0.7083333333333334,0.6738368153572083,1.019176496845152,0.9469427714745203,0.12681887625742974
test/000035.mp4,000035,resnet50,jpeg_40,fake,True,20,24,fake,0.8421052631578947,0.8695652173913043,0.625,0.6285292342305183,1.126803934685773,0.9469427714745203,0.12681887625742974
test/000035.mp4,000035,resnet50,jpeg_50,fake,True,20,24,fake,0.8947368421052632,0.8695652173913043,0.5,0.5802209198474884,1.2133080362841717,0.9469427714745203,0.12681887625742974
test/000035.mp4,000035,resnet50,jpeg_60,fake,True,20,24,fake,0.5789473684210527,0.8695652173913043,0.625,0.5951345026493072,1.1900520591341488,0.9469427714745203,0.12681887625742974
test/000035.mp4,000035,resnet50,jpeg_70,fake,True,20,24,fake,0.7894736842105263,0.8695652173913043,0.6666666666666666,0.5844007149338722,1.1976725736585307,0.9469427714745203,0.12681887625742974
test/000035.mp4,000035,resnet50,jpeg_80,fake,True,20,24,fake,0.7368421052631579,0.8695652173913043,0.6666666666666666,0.5783622801303864,1.200757384671118,0.9469427714745203,0.12681887625742974
test/000035.mp4,000035,resnet50,jpeg_90,fake,True,20,24,fake,0.8421052631578947,0.8695652173913043,0.625,0.5595313057303428,1.2460587027985257,0.9469427714745203,0.12681887625742974
test/000035.mp4,000035,resnet50,jpeg_95,fake,True,20,24,fake,0.7368421052631579,0.8695652173913043,0.6666666666666666,0.5612797513604164,1.2424303926849842,0.9469427714745203,0.12681887625742974
test/000035.mp4,000035,resnet50,h264_18_keepaudio,fake,True,20,24,fake,0.631578947368421,0.8695652173913043,0.6666666666666666,0.5782989457249641,1.2057832184219621,0.9469427714745203,0.12681887625742974
test/000035.mp4,000035,resnet50,h264_23_keepaudio,fake,True,20,24,fake,0.7368421052631579,0.8695652173913043,0.6666666666666666,0.5450904726982116,1.3051056197562403,0.9469427714745203,0.12681887625742974
test/000035.mp4,000035,resnet50,h264_28_keepaudio,fake,True,20,24,fake,0.631578947368421,0.8695652173913043,0.6666666666666666,0.602717436850071,1.1856289331130079,0.9469427714745203,0.12681887625742974
test/000035.mp4,000035,resnet50,h264_33_keepaudio,fake,True,20,24,fake,0.5789473684210527,0.8695652173913043,0.6666666666666666,0.5624121770262718,1.2483026284739045,0.9469427714745203,0.12681887625742974
test/000035.mp4,000035,resnet50,h264_38_keepaudio,fake,True,20,24,fake,0.7368421052631579,0.8695652173913043,0.6666666666666666,0.6649048045277596,1.0144151304956819,0.9469427714745203,0.12681887625742974
test/000035.mp4,000035,resnet50,h264_43_keepaudio,fake,True,20,24,fake,0.5263157894736842,0.8695652173913043,0.75,0.5402083575725556,1.2161959076788054,0.9469427714745203,0.12681887625742974
test/000036.mp4,000036,resnet50,clean,real,True,9,18,fake,0.75,0.7058823529411765,0.6666666666666666,0.6801391111479865,1.0154617599618072,0.9834733870294359,0.05666698191572561
test/000036.mp4,000036,resnet50,jpeg_10,real,True,8,18,fake,0.7142857142857143,0.7058823529411765,0.7222222222222222,0.6054126769304276,1.1133617781417897,0.9834733870294359,0.05666698191572561
test/000036.mp4,000036,resnet50,jpeg_20,real,True,10,18,fake,0.6666666666666666,0.7058823529411765,0.6666666666666666,0.7344730466604232,0.8075272303558674,0.9834733870294359,0.05666698191572561
test/000036.mp4,000036,resnet50,jpeg_30,real,True,10,18,fake,0.4444444444444444,0.7058823529411765,0.6666666666666666,0.6325537025928497,0.9948424657637421,0.9834733870294359,0.05666698191572561
test/000036.mp4,000036,resnet50,jpeg_40,real,True,10,18,fake,0.6666666666666666,0.7058823529411765,0.7777777777777778,0.7456279754638672,0.8136332204115897,0.9834733870294359,0.05666698191572561
test/000036.mp4,000036,resnet50,jpeg_50,real,True,9,18,fake,0.75,0.7058823529411765,0.6666666666666666,0.6950463553269705,0.933198405143397,0.9834733870294359,0.05666698191572561
test/000036.mp4,000036,resnet50,jpeg_60,real,True,11,18,fake,0.4,0.7058823529411765,0.6666666666666666,0.6533028835600073,1.0076951014375437,0.9834733870294359,0.05666698191572561
test/000036.mp4,000036,resnet50,jpeg_70,real,True,9,18,fake,0.625,0.7058823529411765,0.6666666666666666,0.6399929059876336,1.0356237494580114,0.9834733870294359,0.05666698191572561
test/000036.mp4,000036,resnet50,jpeg_80,real,True,10,18,fake,0.4444444444444444,0.7058823529411765,0.6666666666666666,0.6617142796516419,0.9921303090093548,0.9834733870294359,0.05666698191572561
test/000036.mp4,000036,resnet50,jpeg_90,real,True,11,18,fake,0.5,0.7058823529411765,0.6666666666666666,0.6781911551952362,0.957545826905461,0.9834733870294359,0.05666698191572561
test/000036.mp4,000036,resnet50,jpeg_95,real,True,7,18,fake,0.6666666666666666,0.7058823529411765,0.6666666666666666,0.646559327840805,1.0271841353217916,0.9834733870294359,0.05666698191572561
test/000036.mp4,000036,resnet50,h264_18_keepaudio,real,True,7,18,fake,0.5,0.7058823529411765,0.7222222222222222,0.7017499080726078,0.9174282467553555,0.9834733870294359,0.05666698191572561
test/000036.mp4,000036,resnet50,h264_23_keepaudio,real,True,9,18,fake,0.875,0.7058823529411765,0.7777777777777778,0.6618880993790097,0.9952287602728964,0.9834733870294359,0.05666698191572561
test/000036.mp4,000036,resnet50,h264_28_keepaudio,real,True,7,18,fake,0.6666666666666666,0.7058823529411765,0.7777777777777778,0.7138543554714748,0.8579207612388391,0.9834733870294359,0.05666698191572561
test/000036.mp4,000036,resnet50,h264_33_keepaudio,real,True,7,18,fake,1.0,0.7058823529411765,0.6666666666666666,0.7264781594276428,0.8503492090996566,0.9834733870294359,0.05666698191572561
test/000036.mp4,000036,resnet50,h264_38_keepaudio,real,True,2,18,fake,1.0,0.7058823529411765,0.9444444444444444,0.7057537287473679,0.8587752683094827,0.9834733870294359,0.05666698191572561
test/000036.mp4,000036,resnet50,h264_43_keepaudio,real,True,5,18,fake,0.75,0.7058823529411765,0.7222222222222222,0.591079980134964,1.1251623053811044,0.9834733870294359,0.05666698191572561
test/000037.mp4,000037,resnet50,clean,fake,True,10,19,fake,0.6666666666666666,0.6666666666666666,0.7368421052631579,0.657739233970642,0.9613548852008933,0.9734455284319425,0.07057201794076016
test/000037.mp4,000037,resnet50,jpeg_10,fake,True,8,19,fake,0.8571428571428571,0.6666666666666666,0.5789473684210527,0.6874361783266068,0.9526903591968313,0.9734455284319425,0.07057201794076016
test/000037.mp4,000037,resnet50,jpeg_20,fake,True,10,19,fake,0.4444444444444444,0.6666666666666666,0.6842105263157895,0.7147760838270187,0.8174008261342417,0.9734455284319425,0.07057201794076016
test/000037.mp4,000037,resnet50,jpeg_30,fake,True,8,19,fake,1.0,0.6666666666666666,0.7368421052631579,0.7266340181231499,0.8416645217785841,0.9734455284319425,0.07057201794076016
test/000037.mp4,000037,resnet50,jpeg_40,fake,True,9,19,fake,0.625,0.6666666666666666,0.6842105263157895,0.725720097621282,0.8157431208779814,0.9734455284319425,0.07057201794076016
test/000037.mp4,000037,resnet50,jpeg_50,fake,True,12,19,fake,0.45454545454545453,0.6666666666666666,0.7368421052631579,0.663845382630825,0.923245387294075,0.9734455284319425,0.07057201794076016
test/000037.mp4,000037,resnet50,jpeg_60,fake,True,11,19,fake,0.7,0.6666666666666666,0.7368421052631579,0.7134919464588165,0.8563409524135372,0.9734455284319425,0.07057201794076016
test/000037.mp4,000037,resnet50,jpeg_70,fake,True,10,19,fake,0.8888888888888888,0.6666666666666666,0.7368421052631579,0.6972425669431687,0.86988328249063,0.9734455284319425,0.07057201794076016
test/000037.mp4,000037,resnet50,jpeg_80,fake,True,10,19,fake,0.7777777777777778,0.6666666666666666,0.7368421052631579,0.6666977524757385,0.9302375750127945,0.9734455284319425,0.07057201794076016
test/000037.mp4,000037,resnet50,jpeg_90,fake,True,10,19,fake,0.7777777777777778,0.6666666666666666,0.7368421052631579,0.6939744025468826,0.9436790339305867,0.9734455284319425,0.07057201794076016
test/000037.mp4,000037,resnet50,jpeg_95,fake,True,10,19,fake,0.7777777777777778,0.6666666666666666,0.7368421052631579,0.7215438693761825,0.8620443068995881,0.9734455284319425,0.07057201794076016
test/000037.mp4,000037,resnet50,h264_18_keepaudio,fake,True,9,19,fake,0.75,0.6666666666666666,0.7368421052631579,0.7025251355436113,0.8143454484936443,0.9734455284319425,0.07057201794076016
test/000037.mp4,000037,resnet50,h264_23_keepaudio,fake,True,10,19,fake,0.7777777777777778,0.6666666666666666,0.7894736842105263,0.701204577088356,0.8587260568838385,0.9734455284319425,0.07057201794076016
test/000037.mp4,000037,resnet50,h264_28_keepaudio,fake,True,9,19,fake,0.5,0.6666666666666666,0.7368421052631579,0.6862794227070279,0.8451429292929489,0.9734455284319425,0.07057201794076016
test/000037.mp4,000037,resnet50,h264_33_keepaudio,fake,True,9,19,fake,0.625,0.6666666666666666,0.5263157894736842,0.7320003973113166,0.7793879259859791,0.9734455284319425,0.07057201794076016
test/000037.mp4,000037,resnet50,h264_38_keepaudio,fake,True,10,19,fake,0.8888888888888888,0.6666666666666666,0.631578947368421,0.8239038109779357,0.6146033728691318,0.9734455284319425,0.07057201794076016
test/000037.mp4,000037,resnet50,h264_43_keepaudio,fake,True,8,19,fake,0.8571428571428571,0.6666666666666666,0.8947368421052632,0.8979512304067612,0.43846597299896867,0.9734455284319425,0.07057201794076016
test/000038.mp4,000038,resnet50,clean,fake,True,12,18,fake,0.8181818181818182,0.6470588235294118,0.8333333333333334,0.6390813514590263,0.9399012071378178,0.9679690831237369,0.08399438122053225
test/000038.mp4,000038,resnet50,jpeg_10,fake,True,9,18,fake,0.25,0.6470588235294118,0.7222222222222222,0.7074438465966119,0.8320232270353237,0.9679690831237369,0.08399438122053225
test/000038.mp4,000038,resnet50,jpeg_20,fake,True,13,18,fake,0.6666666666666666,0.6470588235294118,0.7222222222222222,0.666746776837569,0.9276282163857572,0.9679690831237369,0.08399438122053225
test/000038.mp4,000038,resnet50,jpeg_30,fake,True,11,18,fake,0.6,0.6470588235294118,0.6666666666666666,0.7251487374305725,0.8688206745570267,0.9679690831237369,0.08399438122053225
test/000038.mp4,000038,resnet50,jpeg_40,fake,True,10,18,fake,0.6666666666666666,0.6470588235294118,0.6666666666666666,0.6475662440061569,0.9530240294700398,0.9679690831237369,0.08399438122053225
test/000038.mp4,000038,resnet50,jpeg_50,fake,True,10,18,fake,0.4444444444444444,0.6470588235294118,0.8333333333333334,0.6345802038908005,1.019922037925841,0.9679690831237369,0.08399438122053225
test/000038.mp4,000038,resnet50,jpeg_60,fake,True,12,18,fake,0.8181818181818182,0.6470588235294118,0.7222222222222222,0.5773289874196053,1.1270771037861167,0.9679690831237369,0.08399438122053225
test/000038.mp4,000038,resnet50,jpeg_70,fake,True,11,18,fake,0.8,0.6470588235294118,0.7222222222222222,0.6274345679716631,1.0250327564425656,0.9679690831237369,0.08399438122053225
test/000038.mp4,000038,resnet50,jpeg_80,fake,True,10,18,fake,0.7777777777777778,0.6470588235294118,0.7222222222222222,0.6729132235050201,0.9273844808946554,0.9679690831237369,0.08399438122053225
test/000038.mp4,000038,resnet50,jpeg_90,fake,True,11,18,fake,0.9,0.6470588235294118,0.8333333333333334,0.6425285718657754,0.9755359294536446,0.9679690831237369,0.08399438122053225
test/000038.mp4,000038,resnet50,jpeg_95,fake,True,10,18,fake,0.7777777777777778,0.6470588235294118,0.7777777777777778,0.6145750463008881,1.0307806471794487,0.9679690831237369,0.08399438122053225
test/000038.mp4,000038,resnet50,h264_18_keepaudio,fake,True,13,18,fake,0.75,0.6470588235294118,0.7777777777777778,0.6456529933672684,0.9509374546471084,0.9679690831237369,0.08399438122053225
test/000038.mp4,000038,resnet50,h264_23_keepaudio,fake,True,12,18,fake,0.45454545454545453,0.6470588235294118,0.7777777777777778,0.6773430307706197,0.9197507997825453,0.9679690831237369,0.08399438122053225
test/000038.mp4,000038,resnet50,h264_28_keepaudio,fake,True,13,18,fake,0.6666666666666666,0.6470588235294118,0.7222222222222222,0.714574220088812,0.8410856795210945,0.9679690831237369,0.08399438122053225
test/000038.mp4,000038,resnet50,h264_33_keepaudio,fake,True,9,18,fake,0.875,0.6470588235294118,0.8333333333333334,0.7189803587065803,0.9038596459707807,0.9679690831237369,0.08399438122053225
test/000038.mp4,000038,resnet50,h264_38_keepaudio,fake,True,11,18,fake,0.5,0.6470588235294118,0.6666666666666666,0.7850380837917328,0.6842847643703528,0.9679690831237369,0.08399438122053225
test/000038.mp4,000038,resnet50,h264_43_keepaudio,fake,True,4,18,fake,0.6666666666666666,0.6470588235294118,0.7222222222222222,0.8939793407917023,0.4744703382451707,0.9679690831237369,0.08399438122053225
test/000039.mp4,000039,resnet50,clean,fake,True,9,19,fake,0.75,0.6666666666666666,0.7368421052631579,0.6196792854203118,1.0218262061046013,0.9689365782235798,0.07562091726453819
test/000039.mp4,000039,resnet50,jpeg_10,fake,True,7,19,fake,0.6666666666666666,0.6666666666666666,0.631578947368421,0.7535212082522256,0.7610120142684227,0.9689365782235798,0.07562091726453819
test/000039.mp4,000039,resnet50,jpeg_20,fake,True,9,19,fake,0.375,0.6666666666666666,0.631578947368421,0.7393535408708785,0.8174080531995221,0.9689365782235798,0.07562091726453819
test/000039.mp4,000039,resnet50,jpeg_30,fake,True,9,19,fake,0.875,0.6666666666666666,0.7894736842105263,0.5422122975190481,1.127609578499932,0.9689365782235798,0.07562091726453819
test/000039.mp4,000039,resnet50,jpeg_40,fake,True,7,19,fake,0.6666666666666666,0.6666666666666666,0.631578947368421,0.621403945343835,0.9441178698842371,0.9689365782235798,0.07562091726453819
test/000039.mp4,000039,resnet50,jpeg_50,fake,True,11,19,fake,0.6,0.6666666666666666,0.7894736842105263,0.6941443708809939,0.8755780327823285,0.9689365782235798,0.07562091726453819
test/000039.mp4,000039,resnet50,jpeg_60,fake,True,11,19,fake,0.7,0.6666666666666666,0.7368421052631579,0.6127536838704889,1.0235745159711342,0.9689365782235798,0.07562091726453819
test/000039.mp4,000039,resnet50,jpeg_70,fake,True,8,19,fake,0.42857142857142855,0.6666666666666666,0.631578947368421,0.6444638706743717,1.0485686060349797,0.9689365782235798,0.07562091726453819
test/000039.mp4,000039,resnet50,jpeg_80,fake,True,9,19,fake,0.625,0.6666666666666666,0.631578947368421,0.6574458281199137,0.9478321130292466,0.9689365782235798,0.07562091726453819
test/000039.mp4,000039,resnet50,jpeg_90,fake,True,9,19,fake,0.625,0.6666666666666666,0.631578947368421,0.6796983215543959,0.9519784931344571,0.9689365782235798,0.07562091726453819
test/000039.mp4,000039,resnet50,jpeg_95,fake,True,9,19,fake,0.625,0.6666666666666666,0.631578947368421,0.6249130302005343,1.009793055377289,0.9689365782235798,0.07562091726453819
test/000039.mp4,000039,resnet50,h264_18_keepaudio,fake,True,9,19,fake,1.0,0.6666666666666666,0.7368421052631579,0.6565064291159312,0.9544135193508586,0.9689365782235798,0.07562091726453819
test/000039.mp4,000039,resnet50,h264_23_keepaudio,fake,True,11,19,fake,0.8,0.6666666666666666,0.631578947368421,0.6859181225299835,0.911206036032642,0.9689365782235798,0.07562091726453819
test/000039.mp4,000039,resnet50,h264_28_keepaudio,fake,True,10,19,fake,0.4444444444444444,0.6666666666666666,0.7894736842105263,0.6927254855632782,0.8830844597995477,0.9689365782235798,0.07562091726453819
test/000039.mp4,000039,resnet50,h264_33_keepaudio,fake,True,8,19,fake,0.7142857142857143,0.6666666666666666,0.7368421052631579,0.6730135940015316,0.8883153974978819,0.9689365782235798,0.07562091726453819
test/000039.mp4,000039,resnet50,h264_38_keepaudio,fake,True,4,19,fake,1.0,0.6666666666666666,0.7894736842105263,0.7192648872733116,0.8736490976680783,0.9689365782235798,0.07562091726453819
test/000039.mp4,000039,resnet50,h264_43_keepaudio,fake,True,4,19,fake,0.6666666666666666,0.6666666666666666,0.5789473684210527,0.8454142957925797,0.6202250152223955,0.9689365782235798,0.07562091726453819
test/000040.mp4,000040,resnet50,clean,real,True,13,14,fake,0.4166666666666667,0.7692307692307693,0.2857142857142857,0.5461428669782785,1.2638007339907849,0.9746351625238147,0.05246952118766585
test/000040.mp4,000040,resnet50,jpeg_10,real,True,13,14,fake,0.8333333333333334,0.7692307692307693,0.5,0.6166161871873416,1.1008012181392794,0.9746351625238147,0.05246952118766585
test/000040.mp4,000040,resnet50,jpeg_20,real,True,13,14,fake,0.6666666666666666,0.7692307692307693,0.35714285714285715,0.5867062325660999,1.192157471497511,0.9746351625238147,0.05246952118766585
test/000040.mp4,000040,resnet50,jpeg_30,real,True,13,14,fake,0.75,0.7692307692307693,0.42857142857142855,0.5304351930434887,1.222520886988842,0.9746351625238147,0.05246952118766585
test/000040.mp4,000040,resnet50,jpeg_40,real,True,13,14,fake,0.9166666666666666,0.7692307692307693,0.42857142857142855,0.5003847273496481,1.3023681066127943,0.9746351625238147,0.05246952118766585
test/000040.mp4,000040,resnet50,jpeg_50,real,True,13,14,fake,0.75,0.7692307692307693,0.35714285714285715,0.5402389512612269,1.2621932385534704,0.9746351625238147,0.05246952118766585
test/000040.mp4,000040,resnet50,jpeg_60,real,True,13,14,fake,0.5,0.7692307692307693,0.5,0.5183322269182938,1.3230948961446332,0.9746351625238147,0.05246952118766585
test/000040.mp4,000040,resnet50,jpeg_70,real,True,13,14,fake,0.5,0.7692307692307693,0.35714285714285715,0.5843745378347543,1.2184697597170773,0.9746351625238147,0.05246952118766585
test/000040.mp4,000040,resnet50,jpeg_80,real,True,13,14,fake,0.75,0.7692307692307693,0.35714285714285715,0.5886576038140517,1.2068549517881793,0.9746351625238147,0.05246952118766585
test/000040.mp4,000040,resnet50,jpeg_90,real,True,13,14,fake,0.5833333333333334,0.7692307692307693,0.35714285714285715,0.5884751104391538,1.202919692344364,0.9746351625238147,0.05246952118766585
test/000040.mp4,000040,resnet50,jpeg_95,real,True,13,14,fake,0.75,0.7692307692307693,0.35714285714285715,0.549958932858247,1.2491792102674162,0.9746351625238147,0.05246952118766585
test/000040.mp4,000040,resnet50,h264_18_keepaudio,real,True,13,14,fake,0.5,0.7692307692307693,0.35714285714285715,0.5188465989553012,1.3367022326105842,0.9746351625238147,0.05246952118766585
test/000040.mp4,000040,resnet50,h264_23_keepaudio,real,True,13,14,fake,0.6666666666666666,0.7692307692307693,0.35714285714285715,0.5337337874449216,1.3185380107274705,0.9746351625238147,0.05246952118766585
test/000040.mp4,000040,resnet50,h264_28_keepaudio,real,True,13,14,fake,0.5833333333333334,0.7692307692307693,0.42857142857142855,0.4181231523935611,1.4561952024131914,0.9746351625238147,0.05246952118766585
test/000040.mp4,000040,resnet50,h264_33_keepaudio,real,True,13,14,fake,0.5833333333333334,0.7692307692307693,0.5,0.5011745668374575,1.3284312236502218,0.9746351625238147,0.05246952118766585
test/000040.mp4,000040,resnet50,h264_38_keepaudio,real,True,13,14,fake,0.75,0.7692307692307693,0.5714285714285714,0.5573164201699771,1.2712352949046108,0.9746351625238147,0.05246952118766585
test/000040.mp4,000040,resnet50,h264_43_keepaudio,real,True,13,14,fake,0.6666666666666666,0.7692307692307693,0.7857142857142857,0.5676748844293448,1.2636005882219772,0.9746351625238147,0.05246952118766585
test/000041.mp4,000041,resnet50,clean,fake,True,14,15,fake,0.8461538461538461,0.7142857142857143,0.5333333333333333,0.45814063506467,1.414038086021968,0.9592937270800272,0.08524110716188477
test/000041.mp4,000041,resnet50,jpeg_10,fake,True,14,15,fake,0.9230769230769231,0.7142857142857143,0.4666666666666667,0.6935399132115501,0.909006033018278,0.9592937270800272,0.08524110716188477
test/000041.mp4,000041,resnet50,jpeg_20,fake,True,14,15,fake,0.9230769230769231,0.7142857142857143,0.5333333333333333,0.5482428584780011,1.232606224684357,0.9592937270800272,0.08524110716188477
test/000041.mp4,000041,resnet50,jpeg_30,fake,True,14,15,fake,0.7692307692307693,0.7142857142857143,0.4666666666666667,0.512425382222448,1.3135341325191319,0.9592937270800272,0.08524110716188477
test/000041.mp4,000041,resnet50,jpeg_40,fake,True,14,15,fake,0.7692307692307693,0.7142857142857143,0.7333333333333333,0.5228670196873801,1.2768968175948798,0.9592937270800272,0.08524110716188477
test/000041.mp4,000041,resnet50,jpeg_50,fake,True,14,15,fake,0.6153846153846154,0.7142857142857143,0.4666666666666667,0.5171139048678535,1.3323339746080334,0.9592937270800272,0.08524110716188477
test/000041.mp4,000041,resnet50,jpeg_60,fake,True,14,15,fake,0.6923076923076923,0.7142857142857143,0.6,0.47397217580250334,1.3892569950273062,0.9592937270800272,0.08524110716188477
test/000041.mp4,000041,resnet50,jpeg_70,fake,True,14,15,fake,0.7692307692307693,0.7142857142857143,0.4666666666666667,0.4753204456397465,1.4085761205465557,0.9592937270800272,0.08524110716188477
test/000041.mp4,000041,resnet50,jpeg_80,fake,True,14,15,fake,0.8461538461538461,0.7142857142857143,0.5333333333333333,0.5118959248065948,1.3557458798720354,0.9592937270800272,0.08524110716188477
test/000041.mp4,000041,resnet50,jpeg_90,fake,True,14,15,fake,0.8461538461538461,0.7142857142857143,0.4666666666666667,0.4595796061413629,1.4160054576365886,0.9592937270800272,0.08524110716188477
test/000041.mp4,000041,resnet50,jpeg_95,fake,True,14,15,fake,0.6923076923076923,0.7142857142857143,0.4666666666666667,0.4972610782299723,1.3616430692925483,0.9592937270800272,0.08524110716188477
test/000041.mp4,000041,resnet50,h264_18_keepaudio,fake,True,14,15,fake,0.9230769230769231,0.7142857142857143,0.4666666666666667,0.48941738052027567,1.394384715465943,0.9592937270800272,0.08524110716188477
test/000041.mp4,000041,resnet50,h264_23_keepaudio,fake,True,14,15,fake,0.6153846153846154,0.7142857142857143,0.6,0.5110600026590484,1.3522220714969209,0.9592937270800272,0.08524110716188477
test/000041.mp4,000041,resnet50,h264_28_keepaudio,fake,True,14,15,fake,0.7692307692307693,0.7142857142857143,0.6,0.41758994438818525,1.5082638088086193,0.9592937270800272,0.08524110716188477
test/000041.mp4,000041,resnet50,h264_33_keepaudio,fake,True,14,15,fake,0.6153846153846154,0.7142857142857143,0.6,0.5205764174461365,1.384310885224514,0.9592937270800272,0.08524110716188477
test/000041.mp4,000041,resnet50,h264_38_keepaudio,fake,True,14,15,fake,0.3076923076923077,0.7142857142857143,0.6,0.588479642357145,1.221787885729169,0.9592937270800272,0.08524110716188477
test/000041.mp4,000041,resnet50,h264_43_keepaudio,fake,True,14,15,fake,0.6923076923076923,0.7142857142857143,0.6666666666666666,0.6099549340350288,1.1615326879766354,0.9592937270800272,0.08524110716188477
test/000042.mp4,000042,resnet50,clean,fake,True,13,15,fake,0.9166666666666666,0.7857142857142857,0.4666666666666667,0.534257343182197,1.295745631077408,0.9217088381449382,0.16682090048081838
test/000042.mp4,000042,resnet50,jpeg_10,fake,True,13,15,fake,0.6666666666666666,0.7857142857142857,0.26666666666666666,0.668050807255965,0.9835065841854367,0.9217088381449382,0.16682090048081838
test/000042.mp4,000042,resnet50,jpeg_20,fake,True,13,15,fake,0.9166666666666666,0.7857142857142857,0.3333333333333333,0.5952896361167614,1.1507519706118843,0.9217088381449382,0.16682090048081838
test/000042.mp4,000042,resnet50,jpeg_30,fake,True,13,15,fake,0.8333333333333334,0.7857142857142857,0.26666666666666666,0.5539746169860547,1.2138638662589047,0.9217088381449382,0.16682090048081838
test/000042.mp4,000042,resnet50,jpeg_40,fake,True,13,15,fake,0.9166666666666666,0.7857142857142857,0.4666666666666667,0.5593291498147525,1.23087706965025,0.9217088381449382,0.16682090048081838
test/000042.mp4,000042,resnet50,jpeg_50,fake,True,13,15,fake,0.75,0.7857142857142857,0.4,0.5264129890845373,1.279481475037812,0.9217088381449382,0.16682090048081838
test/000042.mp4,000042,resnet50,jpeg_60,fake,True,13,15,fake,0.9166666666666666,0.7857142857142857,0.4,0.5105232000350952,1.3301609073061786,0.9217088381449382,0.16682090048081838
test/000042.mp4,000042,resnet50,jpeg_70,fake,True,13,15,fake,0.6666666666666666,0.7857142857142857,0.3333333333333333,0.4933842649826637,1.3581732031170444,0.9217088381449382,0.16682090048081838
test/000042.mp4,000042,resnet50,jpeg_80,fake,True,13,15,fake,0.6666666666666666,0.7857142857142857,0.3333333333333333,0.5170943129521149,1.3345213108022114,0.9217088381449382,0.16682090048081838
test/000042.mp4,000042,resnet50,jpeg_90,fake,True,13,15,fake,0.9166666666666666,0.7857142857142857,0.4,0.5271244530494397,1.310231326234636,0.9217088381449382,0.16682090048081838
test/000042.mp4,000042,resnet50,jpeg_95,fake,True,13,15,fake,0.8333333333333334,0.7857142857142857,0.4666666666666667,0.5224249729743371,1.3176268443070436,0.9217088381449382,0.16682090048081838
test/000042.mp4,000042,resnet50,h264_18_keepaudio,fake,True,13,15,fake,0.8333333333333334,0.7857142857142857,0.4,0.5123712580937606,1.338865366294626,0.9217088381449382,0.16682090048081838
test/000042.mp4,000042,resnet50,h264_23_keepaudio,fake,True,13,15,fake,0.6666666666666666,0.7857142857142857,0.4,0.5271973403600546,1.347521555498968,0.9217088381449382,0.16682090048081838
test/000042.mp4,000042,resnet50,h264_28_keepaudio,fake,True,13,15,fake,0.6666666666666666,0.7857142857142857,0.4666666666666667,0.4857317851139949,1.3927089656421532,0.9217088381449382,0.16682090048081838
test/000042.mp4,000042,resnet50,h264_33_keepaudio,fake,True,13,15,fake,0.6666666666666666,0.7857142857142857,0.3333333333333333,0.44940300171191877,1.4482085595137417,0.9217088381449382,0.16682090048081838
test/000042.mp4,000042,resnet50,h264_38_keepaudio,fake,True,13,15,fake,0.4166666666666667,0.7857142857142857,0.4666666666666667,0.513926123197262,1.3880323760043278,0.9217088381449382,0.16682090048081838
test/000042.mp4,000042,resnet50,h264_43_keepaudio,fake,True,13,15,fake,0.6666666666666666,0.7857142857142857,0.5333333333333333,0.5979205369949341,1.116756654500362,0.9217088381449382,0.16682090048081838
test/000043.mp4,000043,resnet50,clean,fake,True,13,15,fake,0.5833333333333334,0.5714285714285714,0.4666666666666667,0.5587098896503448,1.2929818257100156,0.9458533366521199,0.15015123565460264
test/000043.mp4,000043,resnet50,jpeg_10,fake,True,13,15,fake,0.75,0.5714285714285714,0.6,0.592558374771705,1.1518021238731606,0.9458533366521199,0.15015123565460264
test/000043.mp4,000043,resnet50,jpeg_20,fake,True,13,15,fake,0.6666666666666666,0.5714285714285714,0.3333333333333333,0.6294906047674326,1.0915569055383991,0.9458533366521199,0.15015123565460264
test/000043.mp4,000043,resnet50,jpeg_30,fake,True,13,15,fake,0.8333333333333334,0.5714285714285714,0.4666666666666667,0.4745796758394975,1.3469386990238388,0.9458533366521199,0.15015123565460264
test/000043.mp4,000043,resnet50,jpeg_40,fake,True,13,15,fake,0.8333333333333334,0.5714285714285714,0.3333333333333333,0.4899051533295558,1.3545488854485481,0.9458533366521199,0.15015123565460264
test/000043.mp4,000043,resnet50,jpeg_50,fake,True,13,15,fake,0.6666666666666666,0.5714285714285714,0.4,0.5644278434606699,1.2423193187349746,0.9458533366521199,0.15015123565460264
test/000043.mp4,000043,resnet50,jpeg_60,fake,True,13,15,fake,0.9166666666666666,0.5714285714285714,0.3333333333333333,0.5528064897427192,1.2742152843670043,0.9458533366521199,0.15015123565460264
test/000043.mp4,000043,resnet50,jpeg_70,fake,True,13,15,fake,0.8333333333333334,0.5714285714285714,0.4666666666666667,0.5084162492018479,1.3686964480906718,0.9458533366521199,0.15015123565460264
test/000043.mp4,000043,resnet50,jpeg_80,fake,True,13,15,fake,0.8333333333333334,0.5714285714285714,0.4666666666666667,0.5804895712779119,1.2584663520984694,0.9458533366521199,0.15015123565460264
test/000043.mp4,000043,resnet50,jpeg_90,fake,True,13,15,fake,0.5833333333333334,0.5714285714285714,0.26666666666666666,0.5183133173447388,1.3403866514038218,0.9458533366521199,0.15015123565460264
test/000043.mp4,000043,resnet50,jpeg_95,fake,True,13,15,fake,0.75,0.5714285714285714,0.5333333333333333,0.5361655308650091,1.324842731419601,0.9458533366521199,0.15015123565460264
test/000043.mp4,000043,resnet50,h264_18_keepaudio,fake,True,13,15,fake,0.6666666666666666,0.5714285714285714,0.26666666666666666,0.5580525512878711,1.3106128057074407,0.9458533366521199,0.15015123565460264
test/000043.mp4,000043,resnet50,h264_23_keepaudio,fake,True,13,15,fake,0.5,0.5714285714285714,0.3333333333333333,0.4830483335715074,1.3931940241060823,0.9458533366521199,0.15015123565460264
test/000043.mp4,000043,resnet50,h264_28_keepaudio,fake,True,13,15,fake,0.4166666666666667,0.5714285714285714,0.26666666666666666,0.5131520422605368,1.3642778842443368,0.9458533366521199,0.15015123565460264
test/000043.mp4,000043,resnet50,h264_33_keepaudio,fake,True,13,15,fake,0.6666666666666666,0.5714285714285714,0.7333333333333333,0.43700592334453875,1.4612773290444028,0.9458533366521199,0.15015123565460264
test/000043.mp4,000043,resnet50,h264_38_keepaudio,fake,True,13,15,fake,0.5833333333333334,0.5714285714285714,0.6,0.5461460306094243,1.2631529001116506,0.9458533366521199,0.15015123565460264
test/000043.mp4,000043,resnet50,h264_43_keepaudio,fake,True,13,15,fake,0.5833333333333334,0.5714285714285714,0.8,0.5361970708920405,1.2941723134626246,0.9458533366521199,0.15015123565460264
test/000044.mp4,000044,resnet50,clean,real,True,24,29,fake,0.6956521739130435,0.6071428571428571,0.6551724137931034,0.5863644244770209,1.1861022903035654,0.9392184512368564,0.14330972233626604
test/000044.mp4,000044,resnet50,jpeg_10,real,True,24,29,fake,0.782608695652174,0.6071428571428571,0.6551724137931034,0.6979701879123846,0.9340559400081867,0.9392184512368564,0.14330972233626604
test/000044.mp4,000044,resnet50,jpeg_20,real,True,24,29,fake,0.7391304347826086,0.6071428571428571,0.6551724137931034,0.629658625771602,1.0682703239852398,0.9392184512368564,0.14330972233626604
test/000044.mp4,000044,resnet50,jpeg_30,real,True,24,29,fake,0.6086956521739131,0.6071428571428571,0.6896551724137931,0.62003093957901,1.1351012424995235,0.9392184512368564,0.14330972233626604
test/000044.mp4,000044,resnet50,jpeg_40,real,True,24,29,fake,0.6521739130434783,0.6071428571428571,0.6551724137931034,0.5488276233275732,1.2348972966941434,0.9392184512368564,0.14330972233626604
test/000044.mp4,000044,resnet50,jpeg_50,real,True,24,29,fake,0.6956521739130435,0.6071428571428571,0.6896551724137931,0.599066066245238,1.158028900375411,0.9392184512368564,0.14330972233626604
test/000044.mp4,000044,resnet50,jpeg_60,real,True,24,29,fake,0.7391304347826086,0.6071428571428571,0.6551724137931034,0.5204745667676131,1.2922824850061185,0.9392184512368564,0.14330972233626604
test/000044.mp4,000044,resnet50,jpeg_70,real,True,24,29,fake,0.6521739130434783,0.6071428571428571,0.6896551724137931,0.5567989920576414,1.237624281062465,0.9392184512368564,0.14330972233626604
test/000044.mp4,000044,resnet50,jpeg_80,real,True,24,29,fake,0.6521739130434783,0.6071428571428571,0.6896551724137931,0.5800915795067946,1.2128374422566048,0.9392184512368564,0.14330972233626604
test/000044.mp4,000044,resnet50,jpeg_90,real,True,24,29,fake,0.6086956521739131,0.6071428571428571,0.6206896551724138,0.6061419484515985,1.1876292662869439,0.9392184512368564,0.14330972233626604
test/000044.mp4,000044,resnet50,jpeg_95,real,True,24,29,fake,0.6521739130434783,0.6071428571428571,0.6551724137931034,0.6031211024771134,1.1539097626288586,0.9392184512368564,0.14330972233626604
test/000044.mp4,000044,resnet50,h264_18_keepaudio,real,True,24,29,fake,0.782608695652174,0.6071428571428571,0.6206896551724138,0.5370010696351528,1.2792913038803337,0.9392184512368564,0.14330972233626604
test/000044.mp4,000044,resnet50,h264_23_keepaudio,real,True,24,29,fake,0.6086956521739131,0.6071428571428571,0.7586206896551724,0.561368769655625,1.2068490711705797,0.9392184512368564,0.14330972233626604
test/000044.mp4,000044,resnet50,h264_28_keepaudio,real,True,24,29,fake,0.7391304347826086,0.6071428571428571,0.6896551724137931,0.5744350341459116,1.2102181289599987,0.9392184512368564,0.14330972233626604
test/000044.mp4,000044,resnet50,h264_33_keepaudio,real,True,24,29,fake,0.5652173913043478,0.6071428571428571,0.6896551724137931,0.6115447903672854,1.0987522620041572,0.9392184512368564,0.14330972233626604
test/000044.mp4,000044,resnet50,h264_38_keepaudio,real,True,24,29,fake,0.6086956521739131,0.6071428571428571,0.6896551724137931,0.5222229945162932,1.2909987769027296,0.9392184512368564,0.14330972233626604
test/000044.mp4,000044,resnet50,h264_43_keepaudio,real,True,24,29,fake,0.5652173913043478,0.6071428571428571,0.7241379310344828,0.5492142736911774,1.191994617460426,0.9392184512368564,0.14330972233626604
test/000045.mp4,000045,resnet50,clean,fake,True,25,30,fake,0.8333333333333334,0.6206896551724138,0.7333333333333333,0.6218637943267822,1.1312297931221935,0.9509476085503896,0.1454168688037046
test/000045.mp4,000045,resnet50,jpeg_10,fake,True,25,30,fake,0.75,0.6206896551724138,0.5666666666666667,0.6283550393581391,1.0646680902167822,0.9509476085503896,0.1454168688037046
test/000045.mp4,000045,resnet50,jpeg_20,fake,True,25,30,fake,0.625,0.6206896551724138,0.6666666666666666,0.6602319836616516,1.0138939549754271,0.9509476085503896,0.1454168688037046
test/000045.mp4,000045,resnet50,jpeg_30,fake,True,25,30,fake,0.75,0.6206896551724138,0.7333333333333333,0.6050261759757996,1.1368342967946183,0.9509476085503896,0.1454168688037046
test/000045.mp4,000045,resnet50,jpeg_40,fake,True,25,30,fake,0.7916666666666666,0.6206896551724138,0.6666666666666666,0.6111913251876832,1.1452623311449508,0.9509476085503896,0.1454168688037046
test/000045.mp4,000045,resnet50,jpeg_50,fake,True,25,30,fake,0.75,0.6206896551724138,0.6666666666666666,0.649628553390503,1.0913067919376054,0.9509476085503896,0.1454168688037046
test/000045.mp4,000045,resnet50,jpeg_60,fake,True,25,30,fake,0.8333333333333334,0.6206896551724138,0.7666666666666667,0.6076900339126587,1.1477399618576525,0.9509476085503896,0.1454168688037046
test/000045.mp4,000045,resnet50,jpeg_70,fake,True,25,30,fake,0.75,0.6206896551724138,0.7,0.6110832571983338,1.169965702149556,0.9509476085503896,0.1454168688037046
test/000045.mp4,000045,resnet50,jpeg_80,fake,True,25,30,fake,0.8333333333333334,0.6206896551724138,0.7333333333333333,0.6013948702812195,1.1565780246071449,0.9509476085503896,0.1454168688037046
test/000045.mp4,000045,resnet50,jpeg_90,fake,True,25,30,fake,0.7916666666666666,0.6206896551724138,0.7,0.6207377088069915,1.140044034360105,0.9509476085503896,0.1454168688037046
test/000045.mp4,000045,resnet50,jpeg_95,fake,True,25,30,fake,0.75,0.6206896551724138,0.7333333333333333,0.6047787719964981,1.1588267419969343,0.9509476085503896,0.1454168688037046
test/000045.mp4,000045,resnet50,h264_18_keepaudio,fake,True,25,30,fake,0.8333333333333334,0.6206896551724138,0.7666666666666667,0.5872292792797089,1.1956070699445671,0.9509476085503896,0.1454168688037046
test/000045.mp4,000045,resnet50,h264_23_keepaudio,fake,True,25,30,fake,0.7083333333333334,0.6206896551724138,0.6666666666666666,0.6008760929107666,1.1249674497056363,0.9509476085503896,0.1454168688037046
test/000045.mp4,000045,resnet50,h264_28_keepaudio,fake,True,25,30,fake,0.5416666666666666,0.6206896551724138,0.7333333333333333,0.6170920693874359,1.148693057731261,0.9509476085503896,0.1454168688037046
test/000045.mp4,000045,resnet50,h264_33_keepaudio,fake,True,25,30,fake,0.5,0.6206896551724138,0.6666666666666666,0.6456567895412445,1.0139072445481583,0.9509476085503896,0.1454168688037046
test/000045.mp4,000045,resnet50,h264_38_keepaudio,fake,True,25,30,fake,0.7083333333333334,0.6206896551724138,0.6666666666666666,0.6419729030132294,1.0116696761703847,0.9509476085503896,0.1454168688037046
test/000045.mp4,000045,resnet50,h264_43_keepaudio,fake,True,25,30,fake,0.4583333333333333,0.6206896551724138,0.6333333333333333,0.5959068191051483,1.0985726510051668,0.9509476085503896,0.1454168688037046
test/000046.mp4,000046,resnet50,clean,fake,True,24,29,fake,0.7391304347826086,0.5714285714285714,0.7931034482758621,0.61347954099377,1.119005612772445,0.9490752220153809,0.11768700291692771
test/000046.mp4,000046,resnet50,jpeg_10,fake,True,24,29,fake,0.6956521739130435,0.5714285714285714,0.7586206896551724,0.6933514860769113,0.9317219223342678,0.9490752220153809,0.11768700291692771
test/000046.mp4,000046,resnet50,jpeg_20,fake,True,24,29,fake,0.7391304347826086,0.5714285714285714,0.7586206896551724,0.579877519980073,1.1558490866021736,0.9490752220153809,0.11768700291692771
test/000046.mp4,000046,resnet50,jpeg_30,fake,True,24,29,fake,0.782608695652174,0.5714285714285714,0.7241379310344828,0.6060368207593759,1.1125954507932843,0.9490752220153809,0.11768700291692771
test/000046.mp4,000046,resnet50,jpeg_40,fake,True,24,29,fake,0.6521739130434783,0.5714285714285714,0.7586206896551724,0.5911133872965971,1.1508969342233453,0.9490752220153809,0.11768700291692771
test/000046.mp4,000046,resnet50,jpeg_50,fake,True,24,29,fake,0.6956521739130435,0.5714285714285714,0.7241379310344828,0.5957779350380102,1.16742290815371,0.9490752220153809,0.11768700291692771
test/000046.mp4,000046,resnet50,jpeg_60,fake,True,24,29,fake,0.6956521739130435,0.5714285714285714,0.7931034482758621,0.5888935675223669,1.16348107234774,0.9490752220153809,0.11768700291692771
test/000046.mp4,000046,resnet50,jpeg_70,fake,True,24,29,fake,0.782608695652174,0.5714285714285714,0.7931034482758621,0.594811330238978,1.1650043867703885,0.9490752220153809,0.11768700291692771
test/000046.mp4,000046,resnet50,jpeg_80,fake,True,24,29,fake,0.6956521739130435,0.5714285714285714,0.7931034482758621,0.5873977690935135,1.1563576330053407,0.9490752220153809,0.11768700291692771
test/000046.mp4,000046,resnet50,jpeg_90,fake,True,24,29,fake,0.7391304347826086,0.5714285714285714,0.8275862068965517,0.5844261422753334,1.1979564784127386,0.9490752220153809,0.11768700291692771
test/000046.mp4,000046,resnet50,jpeg_95,fake,True,24,29,fake,0.7391304347826086,0.5714285714285714,0.7931034482758621,0.5876052329937617,1.1800102006496356,0.9490752220153809,0.11768700291692771
test/000046.mp4,000046,resnet50,h264_18_keepaudio,fake,True,24,29,fake,0.7391304347826086,0.5714285714285714,0.7931034482758621,0.6101996265351772,1.1560948705002168,0.9490752220153809,0.11768700291692771
test/000046.mp4,000046,resnet50,h264_23_keepaudio,fake,True,24,29,fake,0.782608695652174,0.5714285714285714,0.7586206896551724,0.6006762087345123,1.1519667927863553,0.9490752220153809,0.11768700291692771
test/000046.mp4,000046,resnet50,h264_28_keepaudio,fake,True,24,29,fake,0.6521739130434783,0.5714285714285714,0.6896551724137931,0.6372699762384096,1.1033613401496987,0.9490752220153809,0.11768700291692771
test/000046.mp4,000046,resnet50,h264_33_keepaudio,fake,True,24,29,fake,0.6086956521739131,0.5714285714285714,0.7241379310344828,0.6516235936433077,1.0877027833141788,0.9490752220153809,0.11768700291692771
test/000046.mp4,000046,resnet50,h264_38_keepaudio,fake,True,24,29,fake,0.5217391304347826,0.5714285714285714,0.7241379310344828,0.6075498076776663,1.0850000579965355,0.9490752220153809,0.11768700291692771
test/000046.mp4,000046,resnet50,h264_43_keepaudio,fake,True,24,29,fake,0.5652173913043478,0.5714285714285714,0.7586206896551724,0.6075706568857034,1.0957836244545256,0.9490752220153809,0.11768700291692771
test/000047.mp4,000047,resnet50,clean,fake,True,25,30,fake,0.8333333333333334,0.6206896551724138,0.7333333333333333,0.5950945496559144,1.162659336909579,0.9509476085503896,0.1454168688037046
test/000047.mp4,000047,resnet50,jpeg_10,fake,True,25,30,fake,0.5833333333333334,0.6206896551724138,0.7,0.6329105365276336,1.0335156692108953,0.9509476085503896,0.1454168688037046
test/000047.mp4,000047,resnet50,jpeg_20,fake,True,25,30,fake,0.75,0.6206896551724138,0.7666666666666667,0.6091262531280518,1.1106641464926692,0.9509476085503896,0.1454168688037046
test/000047.mp4,000047,resnet50,jpeg_30,fake,True,25,30,fake,0.7916666666666666,0.6206896551724138,0.7666666666666667,0.636942127943039,1.0783102124954127,0.9509476085503896,0.1454168688037046
test/000047.mp4,000047,resnet50,jpeg_40,fake,True,25,30,fake,0.75,0.6206896551724138,0.6666666666666666,0.5935466933250427,1.1551986352068113,0.9509476085503896,0.1454168688037046
test/000047.mp4,000047,resnet50,jpeg_50,fake,True,25,30,fake,0.8333333333333334,0.6206896551724138,0.7333333333333333,0.5964745390415191,1.1458360148179016,0.9509476085503896,0.1454168688037046
test/000047.mp4,000047,resnet50,jpeg_60,fake,True,25,30,fake,0.75,0.6206896551724138,0.6666666666666666,0.6183170914649964,1.1310721961676966,0.9509476085503896,0.1454168688037046
test/000047.mp4,000047,resnet50,jpeg_70,fake,True,25,30,fake,0.6666666666666666,0.6206896551724138,0.8333333333333334,0.6076827812194824,1.1690540186296696,0.9509476085503896,0.1454168688037046
test/000047.mp4,000047,resnet50,jpeg_80,fake,True,25,30,fake,0.8333333333333334,0.6206896551724138,0.8333333333333334,0.5605898237228394,1.2400453583504973,0.9509476085503896,0.1454168688037046
test/000047.mp4,000047,resnet50,jpeg_90,fake,True,25,30,fake,0.75,0.6206896551724138,0.7666666666666667,0.6112595689296723,1.1365586201472297,0.9509476085503896,0.1454168688037046
test/000047.mp4,000047,resnet50,jpeg_95,fake,True,25,30,fake,0.7083333333333334,0.6206896551724138,0.8,0.6138665056228638,1.1471558844246275,0.9509476085503896,0.1454168688037046
test/000047.mp4,000047,resnet50,h264_18_keepaudio,fake,True,25,30,fake,0.8333333333333334,0.6206896551724138,0.7333333333333333,0.6104037010669708,1.144361038628611,0.9509476085503896,0.1454168688037046
test/000047.mp4,000047,resnet50,h264_23_keepaudio,fake,True,25,30,fake,0.8333333333333334,0.6206896551724138,0.7,0.6194784736633301,1.1649966636632294,0.9509476085503896,0.1454168688037046
test/000047.mp4,000047,resnet50,h264_28_keepaudio,fake,True,25,30,fake,0.5833333333333334,0.6206896551724138,0.6666666666666666,0.5852858781814575,1.1891705940549868,0.9509476085503896,0.1454168688037046
test/000047.mp4,000047,resnet50,h264_33_keepaudio,fake,True,25,30,fake,0.6666666666666666,0.6206896551724138,0.7,0.6251095128059387,1.0865312107548661,0.9509476085503896,0.1454168688037046
test/000047.mp4,000047,resnet50,h264_38_keepaudio,fake,True,25,30,fake,0.8333333333333334,0.6206896551724138,0.6666666666666666,0.5865946447849274,1.1955580770045398,0.9509476085503896,0.1454168688037046
test/000047.mp4,000047,resnet50,h264_43_keepaudio,fake,True,25,30,fake,0.625,0.6206896551724138,0.7333333333333333,0.5587074637413025,1.1908688127821474,0.9509476085503896,0.1454168688037046
test/000048.mp4,000048,resnet50,clean,real,True,26,32,fake,0.88,0.7741935483870968,0.75,0.6803297538023728,0.9848050169694706,0.9152024248614907,0.17064058992432482
test/000048.mp4,000048,resnet50,jpeg_10,real,True,26,32,fake,0.72,0.7741935483870968,0.75,0.7181682185484812,0.8534739834076958,0.9152024248614907,0.17064058992432482
test/000048.mp4,000048,resnet50,jpeg_20,real,True,26,32,fake,0.88,0.7741935483870968,0.65625,0.7058988981522046,0.855393368704654,0.9152024248614907,0.17064058992432482
test/000048.mp4,000048,resnet50,jpeg_30,real,True,26,32,fake,0.76,0.7741935483870968,0.71875,0.7029515527761899,0.8946915137842602,0.9152024248614907,0.17064058992432482
test/000048.mp4,000048,resnet50,jpeg_40,real,True,26,32,fake,0.92,0.7741935483870968,0.6875,0.7233483516252958,0.8862756127646565,0.9152024248614907,0.17064058992432482
test/000048.mp4,000048,resnet50,jpeg_50,real,True,26,32,fake,0.72,0.7741935483870968,0.75,0.6437526282209617,1.0202786724014297,0.9152024248614907,0.17064058992432482
test/000048.mp4,000048,resnet50,jpeg_60,real,True,26,32,fake,0.8,0.7741935483870968,0.6875,0.7172219008207321,0.9026833430091253,0.9152024248614907,0.17064058992432482
test/000048.mp4,000048,resnet50,jpeg_70,real,True,26,32,fake,0.92,0.7741935483870968,0.65625,0.6354650327792535,1.0358263592567414,0.9152024248614907,0.17064058992432482
test/000048.mp4,000048,resnet50,jpeg_80,real,True,26,32,fake,0.84,0.7741935483870968,0.65625,0.6598187054579074,1.0114619684295518,0.9152024248614907,0.17064058992432482
test/000048.mp4,000048,resnet50,jpeg_90,real,True,26,32,fake,0.84,0.7741935483870968,0.71875,0.6519253666584308,1.0280806344896312,0.9152024248614907,0.17064058992432482
test/000048.mp4,000048,resnet50,jpeg_95,real,True,26,32,fake,0.88,0.7741935483870968,0.6875,0.665460121173125,0.9977638144845253,0.9152024248614907,0.17064058992432482
test/000048.mp4,000048,resnet50,h264_18_keepaudio,real,True,26,32,fake,0.84,0.7741935483870968,0.75,0.6669044070518934,0.992034203825835,0.9152024248614907,0.17064058992432482
test/000048.mp4,000048,resnet50,h264_23_keepaudio,real,True,26,32,fake,0.96,0.7741935483870968,0.6875,0.6917986755187695,0.9749533425535624,0.9152024248614907,0.17064058992432482
test/000048.mp4,000048,resnet50,h264_28_keepaudio,real,True,26,32,fake,0.76,0.7741935483870968,0.75,0.7108012907780134,0.9099977799636273,0.9152024248614907,0.17064058992432482
test/000048.mp4,000048,resnet50,h264_33_keepaudio,real,True,26,32,fake,0.68,0.7741935483870968,0.78125,0.6575993608969909,1.0406210516620946,0.9152024248614907,0.17064058992432482
test/000048.mp4,000048,resnet50,h264_38_keepaudio,real,True,26,32,fake,0.6,0.7741935483870968,0.8125,0.5643757226375433,1.1736639992630507,0.9152024248614907,0.17064058992432482
test/000048.mp4,000048,resnet50,h264_43_keepaudio,real,True,26,32,fake,0.6,0.7741935483870968,0.8125,0.6312890499830246,1.0583781399702075,0.9152024248614907,0.17064058992432482
test/000049.mp4,000049,resnet50,clean,fake,True,28,34,fake,0.8888888888888888,0.8484848484848485,0.6176470588235294,0.6380148796098573,1.072927677921784,0.9465272899936227,0.13412228665899695
test/000049.mp4,000049,resnet50,jpeg_10,fake,True,28,34,fake,0.8518518518518519,0.8484848484848485,0.6176470588235294,0.7067707351275853,0.8085528978899376,0.9465272899936227,0.13412228665899695
test/000049.mp4,000049,resnet50,jpeg_20,fake,True,28,34,fake,0.8518518518518519,0.8484848484848485,0.5882352941176471,0.6554211974143982,0.9765629575196279,0.9465272899936227,0.13412228665899695
test/000049.mp4,000049,resnet50,jpeg_30,fake,True,28,34,fake,0.9629629629629629,0.8484848484848485,0.5882352941176471,0.678531391280038,0.9644200312480086,0.9465272899936227,0.13412228665899695
test/000049.mp4,000049,resnet50,jpeg_40,fake,True,28,34,fake,0.9629629629629629,0.8484848484848485,0.5882352941176471,0.6902074600969043,0.9076265018033772,0.9465272899936227,0.13412228665899695
test/000049.mp4,000049,resnet50,jpeg_50,fake,True,28,34,fake,0.8148148148148148,0.8484848484848485,0.6470588235294118,0.6179562860301563,1.0683374725348256,0.9465272899936227,0.13412228665899695
test/000049.mp4,000049,resnet50,jpeg_60,fake,True,28,34,fake,0.7777777777777778,0.8484848484848485,0.5882352941176471,0.6394412799605301,1.0716316720381691,0.9465272899936227,0.13412228665899695
test/000049.mp4,000049,resnet50,jpeg_70,fake,True,28,34,fake,0.9259259259259259,0.8484848484848485,0.5588235294117647,0.6424974522420338,1.0626445692805628,0.9465272899936227,0.13412228665899695
test/000049.mp4,000049,resnet50,jpeg_80,fake,True,28,34,fake,0.8888888888888888,0.8484848484848485,0.6176470588235294,0.654156856238842,1.0474819458224316,0.9465272899936227,0.13412228665899695
test/000049.mp4,000049,resnet50,jpeg_90,fake,True,28,34,fake,0.9259259259259259,0.8484848484848485,0.5882352941176471,0.633185364305973,1.0790164551748245,0.9465272899936227,0.13412228665899695
test/000049.mp4,000049,resnet50,jpeg_95,fake,True,28,34,fake,0.9629629629629629,0.8484848484848485,0.5588235294117647,0.6284840585930007,1.087156282762994,0.9465272899936227,0.13412228665899695
test/000049.mp4,000049,resnet50,h264_18_keepaudio,fake,True,28,34,fake,0.8888888888888888,0.8484848484848485,0.5882352941176471,0.644669451883861,1.074859187083325,0.9465272899936227,0.13412228665899695
test/000049.mp4,000049,resnet50,h264_23_keepaudio,fake,True,28,34,fake,0.9629629629629629,0.8484848484848485,0.6176470588235294,0.6495447094951358,1.0546397247879684,0.9465272899936227,0.13412228665899695
test/000049.mp4,000049,resnet50,h264_28_keepaudio,fake,True,28,34,fake,0.8148148148148148,0.8484848484848485,0.5882352941176471,0.6606550834008625,1.0162659694668723,0.9465272899936227,0.13412228665899695
test/000049.mp4,000049,resnet50,h264_33_keepaudio,fake,True,28,34,fake,0.7037037037037037,0.8484848484848485,0.5882352941176471,0.5953908850039754,1.141764520115956,0.9465272899936227,0.13412228665899695
test/000049.mp4,000049,resnet50,h264_38_keepaudio,fake,True,28,34,fake,0.7037037037037037,0.8484848484848485,0.7352941176470589,0.5860088361161095,1.1647884113475935,0.9465272899936227,0.13412228665899695
test/000049.mp4,000049,resnet50,h264_43_keepaudio,fake,True,28,34,fake,0.6666666666666666,0.8484848484848485,0.6176470588235294,0.5713964328169823,1.1599210813859882,0.9465272899936227,0.13412228665899695
test/000050.mp4,000050,resnet50,clean,fake,True,27,32,fake,0.9615384615384616,0.9032258064516129,0.65625,0.6688904386979563,0.9932445478223549,0.949019031599164,0.12753648093526967
test/000050.mp4,000050,resnet50,jpeg_10,fake,True,27,32,fake,0.8461538461538461,0.9032258064516129,0.53125,0.6417979355211612,0.9724016321601753,0.949019031599164,0.12753648093526967
test/000050.mp4,000050,resnet50,jpeg_20,fake,True,27,32,fake,0.8461538461538461,0.9032258064516129,0.5625,0.7197809318701426,0.8487770400156317,0.949019031599164,0.12753648093526967
test/000050.mp4,000050,resnet50,jpeg_30,fake,True,27,32,fake,0.8076923076923077,0.9032258064516129,0.5625,0.6631147061233167,1.0051207581700161,0.949019031599164,0.12753648093526967
test/000050.mp4,000050,resnet50,jpeg_40,fake,True,27,32,fake,0.8846153846153846,0.9032258064516129,0.65625,0.6833102636867099,0.9692722191335316,0.949019031599164,0.12753648093526967
test/000050.mp4,000050,resnet50,jpeg_50,fake,True,27,32,fake,0.9230769230769231,0.9032258064516129,0.625,0.6864371233516269,0.9554675662784191,0.949019031599164,0.12753648093526967
test/000050.mp4,000050,resnet50,jpeg_60,fake,True,27,32,fake,0.8461538461538461,0.9032258064516129,0.59375,0.6411601310526883,1.0648203500613258,0.949019031599164,0.12753648093526967
test/000050.mp4,000050,resnet50,jpeg_70,fake,True,27,32,fake,0.8076923076923077,0.9032258064516129,0.53125,0.6529024960818114,1.052652523762715,0.949019031599164,0.12753648093526967
test/000050.mp4,000050,resnet50,jpeg_80,fake,True,27,32,fake,0.9230769230769231,0.9032258064516129,0.65625,0.6760877459137528,1.0200775407306009,0.949019031599164,0.12753648093526967
test/000050.mp4,000050,resnet50,jpeg_90,fake,True,27,32,fake,0.9615384615384616,0.9032258064516129,0.625,0.6635102596547868,1.0133262096206228,0.949019031599164,0.12753648093526967
test/000050.mp4,000050,resnet50,jpeg_95,fake,True,27,32,fake,1.0,0.9032258064516129,0.5625,0.6627097383693412,1.027671015100483,0.949019031599164,0.12753648093526967
test/000050.mp4,000050,resnet50,h264_18_keepaudio,fake,True,27,32,fake,0.9615384615384616,0.9032258064516129,0.5625,0.6665842621414749,1.0255746052861485,0.949019031599164,0.12753648093526967
test/000050.mp4,000050,resnet50,h264_23_keepaudio,fake,True,27,32,fake,0.9615384615384616,0.9032258064516129,0.59375,0.6832489669322968,0.9985020560389559,0.949019031599164,0.12753648093526967
test/000050.mp4,000050,resnet50,h264_28_keepaudio,fake,True,27,32,fake,0.9615384615384616,0.9032258064516129,0.625,0.6612498296631707,1.0047858571402597,0.949019031599164,0.12753648093526967
test/000050.mp4,000050,resnet50,h264_33_keepaudio,fake,True,27,32,fake,0.6153846153846154,0.9032258064516129,0.625,0.6054213753453007,1.1430760455912918,0.949019031599164,0.12753648093526967
test/000050.mp4,000050,resnet50,h264_38_keepaudio,fake,True,27,32,fake,0.7307692307692307,0.9032258064516129,0.625,0.6104147953015787,1.1187989476242313,0.949019031599164,0.12753648093526967
test/000050.mp4,000050,resnet50,h264_43_keepaudio,fake,True,27,32,fake,0.5384615384615384,0.9032258064516129,0.6875,0.6287608102515891,1.025081350401918,0.949019031599164,0.12753648093526967
test/000051.mp4,000051,resnet50,clean,fake,True,27,33,fake,0.8461538461538461,0.78125,0.696969696969697,0.6353390934290709,1.090354221943132,0.9472693060383652,0.13727532728748137
test/000051.mp4,000051,resnet50,jpeg_10,fake,True,27,33,fake,0.7307692307692307,0.78125,0.7272727272727273,0.6783408886856503,0.9321921308194592,0.9472693060383652,0.13727532728748137
test/000051.mp4,000051,resnet50,jpeg_20,fake,True,27,33,fake,0.8846153846153846,0.78125,0.6666666666666666,0.6758126086658902,0.9646572799762164,0.9472693060383652,0.13727532728748137
test/000051.mp4,000051,resnet50,jpeg_30,fake,True,27,33,fake,0.7307692307692307,0.78125,0.7272727272727273,0.6587067831445623,1.0138070978962868,0.9472693060383652,0.13727532728748137
test/000051.mp4,000051,resnet50,jpeg_40,fake,True,27,33,fake,0.8076923076923077,0.78125,0.6666666666666666,0.646964673642759,1.0434484010189684,0.9472693060383652,0.13727532728748137
test/000051.mp4,000051,resnet50,jpeg_50,fake,True,27,33,fake,0.8076923076923077,0.78125,0.7575757575757576,0.6179021155392682,1.0932364253250355,0.9472693060383652,0.13727532728748137
test/000051.mp4,000051,resnet50,jpeg_60,fake,True,27,33,fake,0.8846153846153846,0.78125,0.6666666666666666,0.6030133780505922,1.1427320522622255,0.9472693060383652,0.13727532728748137
test/000051.mp4,000051,resnet50,jpeg_70,fake,True,27,33,fake,0.7307692307692307,0.78125,0.6060606060606061,0.6184531008755719,1.1177069192826516,0.9472693060383652,0.13727532728748137
test/000051.mp4,000051,resnet50,jpeg_80,fake,True,27,33,fake,0.8076923076923077,0.78125,0.6666666666666666,0.6020847084345641,1.136391955822383,0.9472693060383652,0.13727532728748137
test/000051.mp4,000051,resnet50,jpeg_90,fake,True,27,33,fake,0.7307692307692307,0.78125,0.7272727272727273,0.5772593595363475,1.1995173426334291,0.9472693060383652,0.13727532728748137
test/000051.mp4,000051,resnet50,jpeg_95,fake,True,27,33,fake,0.8846153846153846,0.78125,0.8181818181818182,0.6089199516508315,1.1287142972176714,0.9472693060383652,0.13727532728748137
test/000051.mp4,000051,resnet50,h264_18_keepaudio,fake,True,27,33,fake,0.9230769230769231,0.78125,0.7878787878787878,0.6200204281895249,1.1367302022083259,0.9472693060383652,0.13727532728748137
test/000051.mp4,000051,resnet50,h264_23_keepaudio,fake,True,27,33,fake,0.9230769230769231,0.78125,0.7878787878787878,0.647244292276877,1.0487285438379894,0.9472693060383652,0.13727532728748137
test/000051.mp4,000051,resnet50,h264_28_keepaudio,fake,True,27,33,fake,0.8846153846153846,0.78125,0.7272727272727273,0.6906501065801691,0.9673441484437088,0.9472693060383652,0.13727532728748137
test/000051.mp4,000051,resnet50,h264_33_keepaudio,fake,True,27,33,fake,0.6538461538461539,0.78125,0.8181818181818182,0.6550717110987063,1.0414119520628384,0.9472693060383652,0.13727532728748137
test/000051.mp4,000051,resnet50,h264_38_keepaudio,fake,True,27,33,fake,0.7692307692307693,0.78125,0.8787878787878788,0.6419298146609906,1.0473385862185554,0.9472693060383652,0.13727532728748137
test/000051.mp4,000051,resnet50,h264_43_keepaudio,fake,True,27,33,fake,0.38461538461538464,0.78125,0.7272727272727273,0.6774928558755804,0.912665824787984,0.9472693060383652,0.13727532728748137
test/000052.mp4,000052,resnet50,clean,real,True,24,30,fake,0.6956521739130435,0.5862068965517241,0.7666666666666667,0.6656720340251923,0.9067437008778138,0.9118627200524012,0.20121636249547373
test/000052.mp4,000052,resnet50,jpeg_10,real,True,23,30,fake,0.5,0.5862068965517241,0.8,0.7597270672735961,0.7550592215521775,0.9118627200524012,0.20121636249547373
test/000052.mp4,000052,resnet50,jpeg_20,real,True,23,30,fake,0.7727272727272727,0.5862068965517241,0.7666666666666667,0.706896986650384,0.8390176092146682,0.9118627200524012,0.20121636249547373
test/000052.mp4,000052,resnet50,jpeg_30,real,True,23,30,fake,0.7272727272727273,0.5862068965517241,0.7666666666666667,0.685725063085556,0.9064620628519553,0.9118627200524012,0.20121636249547373
test/000052.mp4,000052,resnet50,jpeg_40,real,True,23,30,fake,0.5909090909090909,0.5862068965517241,0.7666666666666667,0.6892369311788807,0.897780213510802,0.9118627200524012,0.20121636249547373
test/000052.mp4,000052,resnet50,jpeg_50,real,True,23,30,fake,0.5454545454545454,0.5862068965517241,0.8,0.6969785353411799,0.864387384260358,0.9118627200524012,0.20121636249547373
test/000052.mp4,000052,resnet50,jpeg_60,real,True,23,30,fake,0.5909090909090909,0.5862068965517241,0.7666666666666667,0.6991492043370786,0.8907074627157161,0.9118627200524012,0.20121636249547373
test/000052.mp4,000052,resnet50,jpeg_70,real,True,24,30,fake,0.6521739130434783,0.5862068965517241,0.7666666666666667,0.6689855779210726,0.9224233831485152,0.9118627200524012,0.20121636249547373
test/000052.mp4,000052,resnet50,jpeg_80,real,True,24,30,fake,0.6521739130434783,0.5862068965517241,0.7666666666666667,0.6613499733308951,0.9464264042956918,0.9118627200524012,0.20121636249547373
test/000052.mp4,000052,resnet50,jpeg_90,real,True,23,30,fake,0.5,0.5862068965517241,0.7666666666666667,0.6726582594539808,0.9120399097603848,0.9118627200524012,0.20121636249547373
test/000052.mp4,000052,resnet50,jpeg_95,real,True,23,30,fake,0.6363636363636364,0.5862068965517241,0.8,0.6707821190357208,0.923887490224084,0.9118627200524012,0.20121636249547373
test/000052.mp4,000052,resnet50,h264_18_keepaudio,real,True,23,30,fake,0.5909090909090909,0.5862068965517241,0.7666666666666667,0.7060917900956195,0.8729731168178464,0.9118627200524012,0.20121636249547373
test/000052.mp4,000052,resnet50,h264_23_keepaudio,real,True,23,30,fake,0.6818181818181818,0.5862068965517241,0.8333333333333334,0.6694546173448148,0.9225882800725818,0.9118627200524012,0.20121636249547373
test/000052.mp4,000052,resnet50,h264_28_keepaudio,real,True,22,30,fake,0.6666666666666666,0.5862068965517241,0.8333333333333334,0.6464723612774502,0.9689628982333741,0.9118627200524012,0.20121636249547373
test/000052.mp4,000052,resnet50,h264_33_keepaudio,real,True,24,30,fake,0.6086956521739131,0.5862068965517241,0.7666666666666667,0.6478710559507211,0.9910569866547259,0.9118627200524012,0.20121636249547373
test/000052.mp4,000052,resnet50,h264_38_keepaudio,real,True,22,30,fake,0.5714285714285714,0.5862068965517241,0.7666666666666667,0.7784461040388454,0.7376363780721729,0.9118627200524012,0.20121636249547373
test/000052.mp4,000052,resnet50,h264_43_keepaudio,real,True,21,30,fake,0.7,0.5862068965517241,0.8,0.6267157722087133,1.1035206688579677,0.9118627200524012,0.20121636249547373
test/000053.mp4,000053,resnet50,clean,fake,True,26,32,fake,0.84,0.5483870967741935,0.625,0.7176429170828599,0.8603560031693746,0.9508349783718586,0.15189584946974866
test/000053.mp4,000053,resnet50,jpeg_10,fake,True,25,32,fake,0.7916666666666666,0.5483870967741935,0.65625,0.671169888973236,0.9583385211021619,0.9508349783718586,0.15189584946974866
test/000053.mp4,000053,resnet50,jpeg_20,fake,True,24,32,fake,0.6956521739130435,0.5483870967741935,0.625,0.7388455147544543,0.7997602947071143,0.9508349783718586,0.15189584946974866
test/000053.mp4,000053,resnet50,jpeg_30,fake,True,25,32,fake,0.625,0.5483870967741935,0.6875,0.7438813483715058,0.7739139232633242,0.9508349783718586,0.15189584946974866
test/000053.mp4,000053,resnet50,jpeg_40,fake,True,24,32,fake,0.7391304347826086,0.5483870967741935,0.75,0.7040166805187861,0.8788805509514455,0.9508349783718586,0.15189584946974866
test/000053.mp4,000053,resnet50,jpeg_50,fake,True,26,32,fake,0.8,0.5483870967741935,0.65625,0.7134144168633682,0.8954380800558301,0.9508349783718586,0.15189584946974866
test/000053.mp4,000053,resnet50,jpeg_60,fake,True,25,32,fake,0.7916666666666666,0.5483870967741935,0.6875,0.6917269718647003,0.931556375598077,0.9508349783718586,0.15189584946974866
test/000053.mp4,000053,resnet50,jpeg_70,fake,True,25,32,fake,0.7916666666666666,0.5483870967741935,0.71875,0.7225070559978485,0.8794227037050252,0.9508349783718586,0.15189584946974866
test/000053.mp4,000053,resnet50,jpeg_80,fake,True,26,32,fake,0.8,0.5483870967741935,0.625,0.6823915036825033,0.9190544572438524,0.9508349783718586,0.15189584946974866
test/000053.mp4,000053,resnet50,jpeg_90,fake,True,25,32,fake,0.7916666666666666,0.5483870967741935,0.6875,0.7192335224151611,0.8681600903759693,0.9508349783718586,0.15189584946974866
test/000053.mp4,000053,resnet50,jpeg_95,fake,True,25,32,fake,0.8333333333333334,0.5483870967741935,0.65625,0.7337499010562897,0.8081728690152684,0.9508349783718586,0.15189584946974866
test/000053.mp4,000053,resnet50,h264_18_keepaudio,fake,True,25,32,fake,0.7916666666666666,0.5483870967741935,0.6875,0.7185588204860687,0.8661259550717645,0.9508349783718586,0.15189584946974866
test/000053.mp4,000053,resnet50,h264_23_keepaudio,fake,True,25,32,fake,0.6666666666666666,0.5483870967741935,0.6875,0.7108306777477265,0.8715362696394101,0.9508349783718586,0.15189584946974866
test/000053.mp4,000053,resnet50,h264_28_keepaudio,fake,True,25,32,fake,0.6666666666666666,0.5483870967741935,0.6875,0.699257127046585,0.8933571728050086,0.9508349783718586,0.15189584946974866
test/000053.mp4,000053,resnet50,h264_33_keepaudio,fake,True,24,32,fake,0.6521739130434783,0.5483870967741935,0.71875,0.6620711795985699,1.0092121573066304,0.9508349783718586,0.15189584946974866
test/000053.mp4,000053,resnet50,h264_38_keepaudio,fake,True,23,32,fake,0.8636363636363636,0.5483870967741935,0.875,0.7208936512470245,0.8877558645807742,0.9508349783718586,0.15189584946974866
test/000053.mp4,000053,resnet50,h264_43_keepaudio,fake,True,25,32,fake,0.7916666666666666,0.5483870967741935,0.84375,0.7227361297607422,0.8283084347307006,0.9508349783718586,0.15189584946974866
test/000054.mp4,000054,resnet50,clean,fake,True,24,31,fake,0.8695652173913043,0.6,0.8709677419354839,0.7100801828006903,0.8582829713759103,0.9486035973794998,0.16511311863765765
test/000054.mp4,000054,resnet50,jpeg_10,fake,True,24,31,fake,0.8695652173913043,0.6,0.7741935483870968,0.6660363227128983,0.929533244372949,0.9486035973794998,0.16511311863765765
test/000054.mp4,000054,resnet50,jpeg_20,fake,True,24,31,fake,0.782608695652174,0.6,0.7419354838709677,0.7383839127918085,0.7816881270466336,0.9486035973794998,0.16511311863765765
test/000054.mp4,000054,resnet50,jpeg_30,fake,True,25,31,fake,0.625,0.6,0.7096774193548387,0.6886145138740539,0.8924202937352806,0.9486035973794998,0.16511311863765765
test/000054.mp4,000054,resnet50,jpeg_40,fake,True,24,31,fake,0.6086956521739131,0.6,0.7419354838709677,0.7115084702769915,0.8528646534832439,0.9486035973794998,0.16511311863765765
test/000054.mp4,000054,resnet50,jpeg_50,fake,True,25,31,fake,0.7083333333333334,0.6,0.8064516129032258,0.6616065549850464,0.9659782692133271,0.9486035973794998,0.16511311863765765
test/000054.mp4,000054,resnet50,jpeg_60,fake,True,25,31,fake,0.8333333333333334,0.6,0.8064516129032258,0.6857080328464508,0.9248196218786349,0.9486035973794998,0.16511311863765765
test/000054.mp4,000054,resnet50,jpeg_70,fake,True,24,31,fake,0.782608695652174,0.6,0.8064516129032258,0.7317488963405291,0.851312056305165,0.9486035973794998,0.16511311863765765
test/000054.mp4,000054,resnet50,jpeg_80,fake,True,24,31,fake,0.7391304347826086,0.6,0.7741935483870968,0.7107822497685751,0.8424804744890709,0.9486035973794998,0.16511311863765765
test/000054.mp4,000054,resnet50,jpeg_90,fake,True,23,31,fake,0.8636363636363636,0.6,0.8709677419354839,0.7235921724982883,0.8349485113960825,0.9486035973794998,0.16511311863765765
test/000054.mp4,000054,resnet50,jpeg_95,fake,True,24,31,fake,0.8260869565217391,0.6,0.8387096774193549,0.6924865109225115,0.8962347895469019,0.9486035973794998,0.16511311863765765
test/000054.mp4,000054,resnet50,h264_18_keepaudio,fake,True,23,31,fake,0.9090909090909091,0.6,0.8709677419354839,0.7198583937209585,0.8478998598407227,0.9486035973794998,0.16511311863765765
test/000054.mp4,000054,resnet50,h264_23_keepaudio,fake,True,24,31,fake,0.7391304347826086,0.6,0.8709677419354839,0.6783376646538576,0.9474720202378313,0.9486035973794998,0.16511311863765765
test/000054.mp4,000054,resnet50,h264_28_keepaudio,fake,True,24,31,fake,0.6086956521739131,0.6,0.7741935483870968,0.716884129991134,0.8660406758552499,0.9486035973794998,0.16511311863765765
test/000054.mp4,000054,resnet50,h264_33_keepaudio,fake,True,24,31,fake,0.782608695652174,0.6,0.8387096774193549,0.7281079652408758,0.838650624684074,0.9486035973794998,0.16511311863765765
test/000054.mp4,000054,resnet50,h264_38_keepaudio,fake,True,23,31,fake,0.7727272727272727,0.6,0.7741935483870968,0.694650060456732,0.9137542222643225,0.9486035973794998,0.16511311863765765
test/000054.mp4,000054,resnet50,h264_43_keepaudio,fake,True,25,31,fake,0.7083333333333334,0.6,0.6451612903225806,0.680420378446579,0.9176009292341171,0.9486035973794998,0.16511311863765765
test/000055.mp4,000055,resnet50,clean,fake,True,24,32,fake,0.7391304347826086,0.6451612903225806,0.75,0.6593738570809364,0.9579589405441324,0.9346179533749819,0.17785447091279807
test/000055.mp4,000055,resnet50,jpeg_10,fake,True,24,32,fake,0.5217391304347826,0.6451612903225806,0.625,0.6715324918429056,0.9399519957743592,0.9346179533749819,0.17785447091279807
test/000055.mp4,000055,resnet50,jpeg_20,fake,True,24,32,fake,0.7391304347826086,0.6451612903225806,0.71875,0.6786618232727051,0.9353725858261729,0.9346179533749819,0.17785447091279807
test/000055.mp4,000055,resnet50,jpeg_30,fake,True,24,32,fake,0.7391304347826086,0.6451612903225806,0.71875,0.6685223331054052,0.9488885489547284,0.9346179533749819,0.17785447091279807
test/000055.mp4,000055,resnet50,jpeg_40,fake,True,25,32,fake,0.8333333333333334,0.6451612903225806,0.71875,0.6912131762504578,0.9010929793952706,0.9346179533749819,0.17785447091279807
test/000055.mp4,000055,resnet50,jpeg_50,fake,True,24,32,fake,0.6086956521739131,0.6451612903225806,0.71875,0.6541033561031023,0.9978098006081718,0.9346179533749819,0.17785447091279807
test/000055.mp4,000055,resnet50,jpeg_60,fake,True,24,32,fake,0.8260869565217391,0.6451612903225806,0.75,0.6311449383695921,1.030368395862198,0.9346179533749819,0.17785447091279807
test/000055.mp4,000055,resnet50,jpeg_70,fake,True,24,32,fake,0.7391304347826086,0.6451612903225806,0.78125,0.700440643976132,0.8792124149093213,0.9346179533749819,0.17785447091279807
test/000055.mp4,000055,resnet50,jpeg_80,fake,True,24,32,fake,0.6521739130434783,0.6451612903225806,0.78125,0.6736437417566776,0.9300309129264465,0.9346179533749819,0.17785447091279807
test/000055.mp4,000055,resnet50,jpeg_90,fake,True,25,32,fake,0.7916666666666666,0.6451612903225806,0.71875,0.6481412816047668,0.9984016646646579,0.9346179533749819,0.17785447091279807
test/000055.mp4,000055,resnet50,jpeg_95,fake,True,24,32,fake,0.7391304347826086,0.6451612903225806,0.71875,0.6542799745996793,0.9730388039556545,0.9346179533749819,0.17785447091279807
test/000055.mp4,000055,resnet50,h264_18_keepaudio,fake,True,25,32,fake,0.7083333333333334,0.6451612903225806,0.75,0.6552489387989044,0.9541139135878184,0.9346179533749819,0.17785447091279807
test/000055.mp4,000055,resnet50,h264_23_keepaudio,fake,True,26,32,fake,0.76,0.6451612903225806,0.8125,0.6581792579247401,0.9886495048053662,0.9346179533749819,0.17785447091279807
test/000055.mp4,000055,resnet50,h264_28_keepaudio,fake,True,24,32,fake,0.782608695652174,0.6451612903225806,0.75,0.6877303508420786,0.9132693644593357,0.9346179533749819,0.17785447091279807
test/000055.mp4,000055,resnet50,h264_33_keepaudio,fake,True,25,32,fake,0.8333333333333334,0.6451612903225806,0.875,0.6793008267879486,0.90923444983218,0.9346179533749819,0.17785447091279807
test/000055.mp4,000055,resnet50,h264_38_keepaudio,fake,True,24,32,fake,0.7391304347826086,0.6451612903225806,0.875,0.6295229631165663,1.0191773050126134,0.9346179533749819,0.17785447091279807
test/000055.mp4,000055,resnet50,h264_43_keepaudio,fake,True,23,32,fake,0.6363636363636364,0.6451612903225806,0.59375,0.5964168621146161,1.1369744190503213,0.9346179533749819,0.17785447091279807
test/000056.mp4,000056,resnet50,clean,real,True,28,34,fake,0.5185185185185185,0.6060606060606061,0.7352941176470589,0.59663204316582,1.1709633733316074,0.9358165369314306,0.1781457617233316
test/000056.mp4,000056,resnet50,jpeg_10,real,True,28,34,fake,0.7407407407407407,0.6060606060606061,0.6764705882352942,0.7070926151105336,0.8910848588446196,0.9358165369314306,0.1781457617233316
test/000056.mp4,000056,resnet50,jpeg_20,real,True,28,34,fake,0.5555555555555556,0.6060606060606061,0.7352941176470589,0.5989484063216618,1.1032839209256338,0.9358165369314306,0.1781457617233316
test/000056.mp4,000056,resnet50,jpeg_30,real,True,28,34,fake,0.6666666666666666,0.6060606060606061,0.7058823529411765,0.6200285798736981,1.1040492389941252,0.9358165369314306,0.1781457617233316
test/000056.mp4,000056,resnet50,jpeg_40,real,True,28,34,fake,0.5555555555555556,0.6060606060606061,0.7647058823529411,0.6315512721027646,1.1011925221611982,0.9358165369314306,0.1781457617233316
test/000056.mp4,000056,resnet50,jpeg_50,real,True,28,34,fake,0.7037037037037037,0.6060606060606061,0.6470588235294118,0.5821258202195168,1.1589153631991704,0.9358165369314306,0.1781457617233316
test/000056.mp4,000056,resnet50,jpeg_60,real,True,28,34,fake,0.5185185185185185,0.6060606060606061,0.7352941176470589,0.5988824729408536,1.1640544526549448,0.9358165369314306,0.1781457617233316
test/000056.mp4,000056,resnet50,jpeg_70,real,True,28,34,fake,0.48148148148148145,0.6060606060606061,0.7058823529411765,0.5940530523657799,1.1766688102262555,0.9358165369314306,0.1781457617233316
test/000056.mp4,000056,resnet50,jpeg_80,real,True,28,34,fake,0.5555555555555556,0.6060606060606061,0.7352941176470589,0.5976983053343636,1.1575678472076354,0.9358165369314306,0.1781457617233316
test/000056.mp4,000056,resnet50,jpeg_90,real,True,28,34,fake,0.48148148148148145,0.6060606060606061,0.7647058823529411,0.5933710134455136,1.1692924880367683,0.9358165369314306,0.1781457617233316
test/000056.mp4,000056,resnet50,jpeg_95,real,True,28,34,fake,0.5925925925925926,0.6060606060606061,0.7647058823529411,0.6025733607155936,1.1548285272559962,0.9358165369314306,0.1781457617233316
test/000056.mp4,000056,resnet50,h264_18_keepaudio,real,True,28,34,fake,0.5185185185185185,0.6060606060606061,0.7647058823529411,0.6049266819443021,1.15052987629162,0.9358165369314306,0.1781457617233316
test/000056.mp4,000056,resnet50,h264_23_keepaudio,real,True,28,34,fake,0.5925925925925926,0.6060606060606061,0.7647058823529411,0.5930228361061641,1.1938246269222261,0.9358165369314306,0.1781457617233316
test/000056.mp4,000056,resnet50,h264_28_keepaudio,real,True,28,34,fake,0.4074074074074074,0.6060606060606061,0.7941176470588235,0.5730858711259705,1.1934276327561957,0.9358165369314306,0.1781457617233316
test/000056.mp4,000056,resnet50,h264_33_keepaudio,real,True,28,34,fake,0.3333333333333333,0.6060606060606061,0.8235294117647058,0.5999390685132572,1.133781004094719,0.9358165369314306,0.1781457617233316
test/000056.mp4,000056,resnet50,h264_38_keepaudio,real,True,28,34,fake,0.6296296296296297,0.6060606060606061,0.8529411764705882,0.619511607502188,1.1261907446648922,0.9358165369314306,0.1781457617233316
test/000056.mp4,000056,resnet50,h264_43_keepaudio,real,True,28,34,fake,0.2962962962962963,0.6060606060606061,0.7352941176470589,0.5241107121109962,1.24779935647643,0.9358165369314306,0.1781457617233316
test/000057.mp4,000057,resnet50,clean,real,True,18,21,fake,0.5882352941176471,0.65,0.7142857142857143,0.6204502532879511,1.1315235745096035,0.9748841509932563,0.0565261253324279
test/000057.mp4,000057,resnet50,jpeg_10,real,True,18,21,fake,1.0,0.65,0.6190476190476191,0.7231268237034479,0.8162838041584599,0.9748841509932563,0.0565261253324279
test/000057.mp4,000057,resnet50,jpeg_20,real,True,18,21,fake,0.8823529411764706,0.65,0.6190476190476191,0.7583944863743253,0.7952194033794009,0.9748841509932563,0.0565261253324279
test/000057.mp4,000057,resnet50,jpeg_30,real,True,18,21,fake,0.7058823529411765,0.65,0.6190476190476191,0.6873280141088698,0.9593446199883735,0.9748841509932563,0.0565261253324279
test/000057.mp4,000057,resnet50,jpeg_40,real,True,18,21,fake,0.6470588235294118,0.65,0.6666666666666666,0.6266332467397054,1.0666364331646283,0.9748841509932563,0.0565261253324279
test/000057.mp4,000057,resnet50,jpeg_50,real,True,18,21,fake,0.6470588235294118,0.65,0.6190476190476191,0.6614703585704168,1.0483016936748735,0.9748841509932563,0.0565261253324279
test/000057.mp4,000057,resnet50,jpeg_60,real,True,18,21,fake,0.6470588235294118,0.65,0.6666666666666666,0.6476506557729509,1.079498314272172,0.9748841509932563,0.0565261253324279
test/000057.mp4,000057,resnet50,jpeg_70,real,True,18,21,fake,0.47058823529411764,0.65,0.7142857142857143,0.6264563683006499,1.1020529646289623,0.9748841509932563,0.0565261253324279
test/000057.mp4,000057,resnet50,jpeg_80,real,True,18,21,fake,0.5882352941176471,0.65,0.7142857142857143,0.5776428663068347,1.173958933362968,0.9748841509932563,0.0565261253324279
test/000057.mp4,000057,resnet50,jpeg_90,real,True,18,21,fake,0.5882352941176471,0.65,0.7142857142857143,0.6223035636875365,1.0963681163001953,0.9748841509932563,0.0565261253324279
test/000057.mp4,000057,resnet50,jpeg_95,real,True,18,21,fake,0.5882352941176471,0.65,0.7619047619047619,0.589117243885994,1.1539873430845409,0.9748841509932563,0.0565261253324279
test/000057.mp4,000057,resnet50,h264_18_keepaudio,real,True,18,21,fake,0.5882352941176471,0.65,0.7619047619047619,0.618671652343538,1.1088627653218475,0.9748841509932563,0.0565261253324279
test/000057.mp4,000057,resnet50,h264_23_keepaudio,real,True,18,21,fake,0.8235294117647058,0.65,0.6190476190476191,0.555325930317243,1.2069802640178124,0.9748841509932563,0.0565261253324279
test/000057.mp4,000057,resnet50,h264_28_keepaudio,real,True,18,21,fake,0.7058823529411765,0.65,0.6666666666666666,0.5968447741534975,1.1292977067402203,0.9748841509932563,0.0565261253324279
test/000057.mp4,000057,resnet50,h264_33_keepaudio,real,True,18,21,fake,0.6470588235294118,0.65,0.7619047619047619,0.5970243083106147,1.142387862124711,0.9748841509932563,0.0565261253324279
test/000057.mp4,000057,resnet50,h264_38_keepaudio,real,True,18,21,fake,0.7058823529411765,0.65,0.6666666666666666,0.6406395004855262,1.0383319787260659,0.9748841509932563,0.0565261253324279
test/000057.mp4,000057,resnet50,h264_43_keepaudio,real,True,18,21,fake,0.29411764705882354,0.65,0.6666666666666666,0.5540692591004901,1.163753978688033,0.9748841509932563,0.0565261253324279
test/000058.mp4,000058,resnet50,clean,fake,True,18,22,fake,0.8823529411764706,0.6190476190476191,0.5454545454545454,0.6400733441114426,1.0464721585476957,0.9641210057518699,0.07828900740942456
test/000058.mp4,000058,resnet50,jpeg_10,fake,True,18,22,fake,0.7647058823529411,0.6190476190476191,0.6818181818181818,0.6633647514714135,0.9664371639105814,0.9641210057518699,0.07828900740942456
test/000058.mp4,000058,resnet50,jpeg_20,fake,True,18,22,fake,0.8823529411764706,0.6190476190476191,0.6818181818181818,0.6291149771875806,1.0985122330144073,0.9641210057518699,0.07828900740942456
test/000058.mp4,000058,resnet50,jpeg_30,fake,True,18,22,fake,0.8823529411764706,0.6190476190476191,0.5454545454545454,0.638709714015325,1.073983707663493,0.9641210057518699,0.07828900740942456
test/000058.mp4,000058,resnet50,jpeg_40,fake,True,18,22,fake,0.8823529411764706,0.6190476190476191,0.6363636363636364,0.5912845813565784,1.1759081771652606,0.9641210057518699,0.07828900740942456
test/000058.mp4,000058,resnet50,jpeg_50,fake,True,18,22,fake,0.8235294117647058,0.6190476190476191,0.6363636363636364,0.6037517736355463,1.134534207494323,0.9641210057518699,0.07828900740942456
test/000058.mp4,000058,resnet50,jpeg_60,fake,True,18,22,fake,0.8235294117647058,0.6190476190476191,0.5909090909090909,0.6461544401115842,1.0318955090386033,0.9641210057518699,0.07828900740942456
test/000058.mp4,000058,resnet50,jpeg_70,fake,True,18,22,fake,0.8823529411764706,0.6190476190476191,0.6818181818181818,0.6614994555711746,1.0180357471062087,0.9641210057518699,0.07828900740942456
test/000058.mp4,000058,resnet50,jpeg_80,fake,True,18,22,fake,0.9411764705882353,0.6190476190476191,0.5454545454545454,0.6191697286234962,1.0960339866028468,0.9641210057518699,0.07828900740942456
test/000058.mp4,000058,resnet50,jpeg_90,fake,True,18,22,fake,0.8823529411764706,0.6190476190476191,0.6363636363636364,0.6687326398160722,1.0063936882878122,0.9641210057518699,0.07828900740942456
test/000058.mp4,000058,resnet50,jpeg_95,fake,True,18,22,fake,1.0,0.6190476190476191,0.6818181818181818,0.631930904255973,1.0907420488835127,0.9641210057518699,0.07828900740942456
test/000058.mp4,000058,resnet50,h264_18_keepaudio,fake,True,18,22,fake,0.7647058823529411,0.6190476190476191,0.5454545454545454,0.6430154922935698,1.0359678075469507,0.9641210057518699,0.07828900740942456
test/000058.mp4,000058,resnet50,h264_23_keepaudio,fake,True,18,22,fake,0.8823529411764706,0.6190476190476191,0.6363636363636364,0.6485492744379573,1.0836337354280412,0.9641210057518699,0.07828900740942456
test/000058.mp4,000058,resnet50,h264_28_keepaudio,fake,True,18,22,fake,0.8235294117647058,0.6190476190476191,0.7272727272727273,0.6053646090957854,1.1244871127114124,0.9641210057518699,0.07828900740942456
test/000058.mp4,000058,resnet50,h264_33_keepaudio,fake,True,18,22,fake,0.47058823529411764,0.6190476190476191,0.6363636363636364,0.6750591314501233,0.9793014293769089,0.9641210057518699,0.07828900740942456
test/000058.mp4,000058,resnet50,h264_38_keepaudio,fake,True,18,22,fake,0.5294117647058824,0.6190476190476191,0.7727272727272727,0.5263442711697685,1.2292307263680038,0.9641210057518699,0.07828900740942456
test/000058.mp4,000058,resnet50,h264_43_keepaudio,fake,True,18,22,fake,0.8823529411764706,0.6190476190476191,0.6818181818181818,0.6905684388346143,0.9442403057551516,0.9641210057518699,0.07828900740942456
test/000059.mp4,000059,resnet50,clean,fake,True,18,21,fake,0.9411764705882353,0.65,0.5714285714285714,0.6178705758518643,1.098282339289813,0.9698684953507923,0.06137163007234446
test/000059.mp4,000059,resnet50,jpeg_10,fake,True,18,21,fake,0.7058823529411765,0.65,0.6666666666666666,0.6623645226160685,0.9894046419480755,0.9698684953507923,0.06137163007234446
test/000059.mp4,000059,resnet50,jpeg_20,fake,True,18,21,fake,0.7058823529411765,0.65,0.6666666666666666,0.65940912730164,1.027257626023251,0.9698684953507923,0.06137163007234446
test/000059.mp4,000059,resnet50,jpeg_30,fake,True,18,21,fake,0.8823529411764706,0.65,0.5714285714285714,0.6188218543926874,1.1355494479135986,0.9698684953507923,0.06137163007234446
test/000059.mp4,000059,resnet50,jpeg_40,fake,True,18,21,fake,0.8823529411764706,0.65,0.5714285714285714,0.6095253742403455,1.1431294842055335,0.9698684953507923,0.06137163007234446
test/000059.mp4,000059,resnet50,jpeg_50,fake,True,18,21,fake,0.7647058823529411,0.65,0.6190476190476191,0.6121359434392717,1.1388318382216822,0.9698684953507923,0.06137163007234446
test/000059.mp4,000059,resnet50,jpeg_60,fake,True,18,21,fake,0.8823529411764706,0.65,0.6666666666666666,0.6289866351419025,1.0679166074876218,0.9698684953507923,0.06137163007234446
test/000059.mp4,000059,resnet50,jpeg_70,fake,True,18,21,fake,0.9411764705882353,0.65,0.6190476190476191,0.6396174016926024,1.072905258603251,0.9698684953507923,0.06137163007234446
test/000059.mp4,000059,resnet50,jpeg_80,fake,True,18,21,fake,0.8823529411764706,0.65,0.6190476190476191,0.6278170297543207,1.0791956476924374,0.9698684953507923,0.06137163007234446
test/000059.mp4,000059,resnet50,jpeg_90,fake,True,18,21,fake,0.7647058823529411,0.65,0.6190476190476191,0.6577492207288742,1.0158597511217327,0.9698684953507923,0.06137163007234446
test/000059.mp4,000059,resnet50,jpeg_95,fake,True,18,21,fake,1.0,0.65,0.6190476190476191,0.6303449206882052,1.0839983941318645,0.9698684953507923,0.06137163007234446
test/000059.mp4,000059,resnet50,h264_18_keepaudio,fake,True,18,21,fake,0.7647058823529411,0.65,0.6190476190476191,0.6498305482996835,1.02151676003045,0.9698684953507923,0.06137163007234446
test/000059.mp4,000059,resnet50,h264_23_keepaudio,fake,True,18,21,fake,0.9411764705882353,0.65,0.6190476190476191,0.6535343188378546,1.0507365316620492,0.9698684953507923,0.06137163007234446
test/000059.mp4,000059,resnet50,h264_28_keepaudio,fake,True,18,21,fake,0.7647058823529411,0.65,0.6666666666666666,0.6339364416069455,1.0529211265681846,0.9698684953507923,0.06137163007234446
test/000059.mp4,000059,resnet50,h264_33_keepaudio,fake,True,18,21,fake,0.5882352941176471,0.65,0.5238095238095238,0.6642145762840906,0.9843733325166559,0.9698684953507923,0.06137163007234446
test/000059.mp4,000059,resnet50,h264_38_keepaudio,fake,True,18,21,fake,0.6470588235294118,0.65,0.8571428571428571,0.5260860323905945,1.2262450287940447,0.9698684953507923,0.06137163007234446
test/000059.mp4,000059,resnet50,h264_43_keepaudio,fake,True,18,21,fake,0.8823529411764706,0.65,0.6190476190476191,0.6310827285051346,1.0642194807011447,0.9698684953507923,0.06137163007234446
test/000060.mp4,000060,resnet50,clean,fake,True,18,22,fake,0.9411764705882353,0.6190476190476191,0.6363636363636364,0.5712690816985236,1.220689656065298,0.9641210328448903,0.07828865896434224
test/000060.mp4,000060,resnet50,jpeg_10,fake,True,18,22,fake,0.7647058823529411,0.6190476190476191,0.6818181818181818,0.6977517422702577,0.8443856766973397,0.9641210328448903,0.07828865896434224
test/000060.mp4,000060,resnet50,jpeg_20,fake,True,18,22,fake,0.8823529411764706,0.6190476190476191,0.6818181818181818,0.6605693697929382,1.0520011556058988,0.9641210328448903,0.07828865896434224
test/000060.mp4,000060,resnet50,jpeg_30,fake,True,18,22,fake,1.0,0.6190476190476191,0.6363636363636364,0.5887742307451036,1.185027287692602,0.9641210328448903,0.07828865896434224
test/000060.mp4,000060,resnet50,jpeg_40,fake,True,18,22,fake,0.9411764705882353,0.6190476190476191,0.5909090909090909,0.5690980090035332,1.209147307721099,0.9641210328448903,0.07828865896434224
test/000060.mp4,000060,resnet50,jpeg_50,fake,True,18,22,fake,0.5882352941176471,0.6190476190476191,0.6818181818181818,0.5678760939174228,1.220363051402157,0.9641210328448903,0.07828865896434224
test/000060.mp4,000060,resnet50,jpeg_60,fake,True,18,22,fake,0.8235294117647058,0.6190476190476191,0.6818181818181818,0.589261457324028,1.1506817591420306,0.9641210328448903,0.07828865896434224
test/000060.mp4,000060,resnet50,jpeg_70,fake,True,18,22,fake,0.8235294117647058,0.6190476190476191,0.6818181818181818,0.6024932944112353,1.1596852628958982,0.9641210328448903,0.07828865896434224
test/000060.mp4,000060,resnet50,jpeg_80,fake,True,18,22,fake,0.8823529411764706,0.6190476190476191,0.6818181818181818,0.5699685762325922,1.1955177244674948,0.9641210328448903,0.07828865896434224
test/000060.mp4,000060,resnet50,jpeg_90,fake,True,18,22,fake,0.6470588235294118,0.6190476190476191,0.6818181818181818,0.5843219442500008,1.1691431024331358,0.9641210328448903,0.07828865896434224
test/000060.mp4,000060,resnet50,jpeg_95,fake,True,18,22,fake,1.0,0.6190476190476191,0.6818181818181818,0.5383685794141557,1.24493131802801,0.9641210328448903,0.07828865896434224
test/000060.mp4,000060,resnet50,h264_18_keepaudio,fake,True,18,22,fake,0.7647058823529411,0.6190476190476191,0.6363636363636364,0.6122894535462061,1.1136709932943931,0.9641210328448903,0.07828865896434224
test/000060.mp4,000060,resnet50,h264_23_keepaudio,fake,True,18,22,fake,0.8823529411764706,0.6190476190476191,0.6363636363636364,0.6286243837740686,1.1150921198384092,0.9641210328448903,0.07828865896434224
test/000060.mp4,000060,resnet50,h264_28_keepaudio,fake,True,18,22,fake,0.8235294117647058,0.6190476190476191,0.6818181818181818,0.614999802576171,1.1017004423654244,0.9641210328448903,0.07828865896434224
test/000060.mp4,000060,resnet50,h264_33_keepaudio,fake,True,18,22,fake,0.5294117647058824,0.6190476190476191,0.6818181818181818,0.6051804208093219,1.079719285086226,0.9641210328448903,0.07828865896434224
test/000060.mp4,000060,resnet50,h264_38_keepaudio,fake,True,18,22,fake,0.5294117647058824,0.6190476190476191,0.8636363636363636,0.5629321154620912,1.167285213270528,0.9641210328448903,0.07828865896434224
test/000060.mp4,000060,resnet50,h264_43_keepaudio,fake,True,18,22,fake,0.7647058823529411,0.6190476190476191,0.6818181818181818,0.6278892722394731,1.0494925266322157,0.9641210328448903,0.07828865896434224
test/000061.mp4,000061,resnet50,clean,real,True,16,18,fake,0.6666666666666666,0.7058823529411765,0.3888888888888889,0.4789998084306717,1.395821382797136,0.9855093525515662,0.03966246019093943
test/000061.mp4,000061,resnet50,jpeg_10,real,True,16,18,fake,0.6666666666666666,0.7058823529411765,0.3333333333333333,0.5568522103130817,1.1893950262784434,0.9855093525515662,0.03966246019093943
test/000061.mp4,000061,resnet50,jpeg_20,real,True,16,18,fake,0.8666666666666667,0.7058823529411765,0.3333333333333333,0.5372865069657564,1.2688035428464355,0.9855093525515662,0.03966246019093943
test/000061.mp4,000061,resnet50,jpeg_30,real,True,16,18,fake,0.8666666666666667,0.7058823529411765,0.3888888888888889,0.5652974303811789,1.2060550861785115,0.9855093525515662,0.03966246019093943
test/000061.mp4,000061,resnet50,jpeg_40,real,True,16,18,fake,0.8,0.7058823529411765,0.4444444444444444,0.5299167912453413,1.293074803905102,0.9855093525515662,0.03966246019093943
test/000061.mp4,000061,resnet50,jpeg_50,real,True,16,18,fake,0.6666666666666666,0.7058823529411765,0.3888888888888889,0.5109310485422611,1.3288093037133488,0.9855093525515662,0.03966246019093943
test/000061.mp4,000061,resnet50,jpeg_60,real,True,16,18,fake,0.6,0.7058823529411765,0.3888888888888889,0.5268780393525958,1.2883257676594795,0.9855093525515662,0.03966246019093943
test/000061.mp4,000061,resnet50,jpeg_70,real,True,16,18,fake,0.8,0.7058823529411765,0.3333333333333333,0.46351419761776924,1.3863708484335482,0.9855093525515662,0.03966246019093943
test/000061.mp4,000061,resnet50,jpeg_80,real,True,16,18,fake,0.7333333333333333,0.7058823529411765,0.3888888888888889,0.4625676665455103,1.3906092922765783,0.9855093525515662,0.03966246019093943
test/000061.mp4,000061,resnet50,jpeg_90,real,True,16,18,fake,0.5333333333333333,0.7058823529411765,0.3888888888888889,0.441079655662179,1.4316514187850455,0.9855093525515662,0.03966246019093943
test/000061.mp4,000061,resnet50,jpeg_95,real,True,16,18,fake,0.6,0.7058823529411765,0.3888888888888889,0.5384397264569998,1.3040295933236499,0.9855093525515662,0.03966246019093943
test/000061.mp4,000061,resnet50,h264_18_keepaudio,real,True,16,18,fake,0.8666666666666667,0.7058823529411765,0.5,0.4511159658432007,1.4436553416776001,0.9855093525515662,0.03966246019093943
test/000061.mp4,000061,resnet50,h264_23_keepaudio,real,True,16,18,fake,0.6666666666666666,0.7058823529411765,0.4444444444444444,0.45764712430536747,1.4105121066545276,0.9855093525515662,0.03966246019093943
test/000061.mp4,000061,resnet50,h264_28_keepaudio,real,True,16,18,fake,0.7333333333333333,0.7058823529411765,0.2222222222222222,0.5089419018477201,1.2921546145238056,0.9855093525515662,0.03966246019093943
test/000061.mp4,000061,resnet50,h264_33_keepaudio,real,True,16,18,fake,0.6,0.7058823529411765,0.2222222222222222,0.5420207027345896,1.2807690701821146,0.9855093525515662,0.03966246019093943
test/000061.mp4,000061,resnet50,h264_38_keepaudio,real,True,16,18,fake,0.7333333333333333,0.7058823529411765,0.4444444444444444,0.4786736574023962,1.371340669847062,0.9855093525515662,0.03966246019093943
test/000061.mp4,000061,resnet50,h264_43_keepaudio,real,True,16,18,fake,0.5333333333333333,0.7058823529411765,0.6666666666666666,0.6005214396864176,1.1276207146030095,0.9855093525515662,0.03966246019093943
test/000062.mp4,000062,resnet50,clean,fake,True,18,21,fake,0.8823529411764706,0.75,0.3333333333333333,0.6004550291432275,1.159920978131521,0.9982594847679138,0.007988896272814986
test/000062.mp4,000062,resnet50,jpeg_10,fake,True,18,21,fake,0.7647058823529411,0.75,0.2857142857142857,0.5619050959746043,1.1634685998655054,0.9982594847679138,0.007988896272814986
test/000062.mp4,000062,resnet50,jpeg_20,fake,True,18,21,fake,0.8823529411764706,0.75,0.2857142857142857,0.5499574906296201,1.247798637098399,0.9982594847679138,0.007988896272814986
test/000062.mp4,000062,resnet50,jpeg_30,fake,True,18,21,fake,0.8235294117647058,0.75,0.38095238095238093,0.6550517645147111,1.0588527336296307,0.9982594847679138,0.007988896272814986
test/000062.mp4,000062,resnet50,jpeg_40,fake,True,18,21,fake,0.7647058823529411,0.75,0.47619047619047616,0.6299771169821421,1.1222455724201252,0.9982594847679138,0.007988896272814986
test/000062.mp4,000062,resnet50,jpeg_50,fake,True,18,21,fake,0.9411764705882353,0.75,0.38095238095238093,0.6285065230396059,1.1066323527703412,0.9982594847679138,0.007988896272814986
test/000062.mp4,000062,resnet50,jpeg_60,fake,True,18,21,fake,0.8235294117647058,0.75,0.3333333333333333,0.59003903137313,1.1444244852076828,0.9982594847679138,0.007988896272814986
test/000062.mp4,000062,resnet50,jpeg_70,fake,True,18,21,fake,0.8235294117647058,0.75,0.2857142857142857,0.5959557212061353,1.134947202059295,0.9982594847679138,0.007988896272814986
test/000062.mp4,000062,resnet50,jpeg_80,fake,True,18,21,fake,0.8235294117647058,0.75,0.3333333333333333,0.5387631273931928,1.2507773903416082,0.9982594847679138,0.007988896272814986
test/000062.mp4,000062,resnet50,jpeg_90,fake,True,18,21,fake,0.8235294117647058,0.75,0.3333333333333333,0.6051630791690614,1.1426833790182482,0.9982594847679138,0.007988896272814986
test/000062.mp4,000062,resnet50,jpeg_95,fake,True,18,21,fake,0.9411764705882353,0.75,0.3333333333333333,0.5963567379448149,1.199013385604412,0.9982594847679138,0.007988896272814986
test/000062.mp4,000062,resnet50,h264_18_keepaudio,fake,True,18,21,fake,0.8823529411764706,0.75,0.42857142857142855,0.5737777766254213,1.1912169853276855,0.9982594847679138,0.007988896272814986
test/000062.mp4,000062,resnet50,h264_23_keepaudio,fake,True,18,21,fake,1.0,0.75,0.2857142857142857,0.5691081153021919,1.1664606661014065,0.9982594847679138,0.007988896272814986
test/000062.mp4,000062,resnet50,h264_28_keepaudio,fake,True,18,21,fake,0.6470588235294118,0.75,0.2857142857142857,0.5463795198334588,1.2623774967835406,0.9982594847679138,0.007988896272814986
test/000062.mp4,000062,resnet50,h264_33_keepaudio,fake,True,18,21,fake,0.5882352941176471,0.75,0.3333333333333333,0.45591791801982456,1.3852473317273493,0.9982594847679138,0.007988896272814986
test/000062.mp4,000062,resnet50,h264_38_keepaudio,fake,True,18,21,fake,0.7058823529411765,0.75,0.7619047619047619,0.5858703123198615,1.1845459860953085,0.9982594847679138,0.007988896272814986
test/000062.mp4,000062,resnet50,h264_43_keepaudio,fake,True,18,21,fake,0.7058823529411765,0.75,0.42857142857142855,0.5751578311125437,1.1695244744924793,0.9982594847679138,0.007988896272814986
test/000063.mp4,000063,resnet50,clean,fake,True,16,19,fake,0.9333333333333333,0.8333333333333334,0.3157894736842105,0.5920251980423927,1.174490612424516,0.9999999309840956,1.0956850751031224e-06
test/000063.mp4,000063,resnet50,jpeg_10,fake,True,16,19,fake,0.7333333333333333,0.8333333333333334,0.47368421052631576,0.6771842855960131,0.9487806470749627,0.9999999309840956,1.0956850751031224e-06
test/000063.mp4,000063,resnet50,jpeg_20,fake,True,16,19,fake,0.8666666666666667,0.8333333333333334,0.3157894736842105,0.624632865190506,1.0426410893059654,0.9999999309840956,1.0956850751031224e-06
test/000063.mp4,000063,resnet50,jpeg_30,fake,True,16,19,fake,0.7333333333333333,0.8333333333333334,0.42105263157894735,0.579024787992239,1.1561244615470412,0.9999999309840956,1.0956850751031224e-06
test/000063.mp4,000063,resnet50,jpeg_40,fake,True,16,19,fake,0.7333333333333333,0.8333333333333334,0.42105263157894735,0.5513631198555231,1.179085933187451,0.9999999309840956,1.0956850751031224e-06
test/000063.mp4,000063,resnet50,jpeg_50,fake,True,16,19,fake,1.0,0.8333333333333334,0.3157894736842105,0.598967282101512,1.1389745147021835,0.9999999309840956,1.0956850751031224e-06
test/000063.mp4,000063,resnet50,jpeg_60,fake,True,16,19,fake,0.9333333333333333,0.8333333333333334,0.3157894736842105,0.5726536549627781,1.1777488311570643,0.9999999309840956,1.0956850751031224e-06
test/000063.mp4,000063,resnet50,jpeg_70,fake,True,16,19,fake,0.8666666666666667,0.8333333333333334,0.3684210526315789,0.5855387710034847,1.1796442118880386,0.9999999309840956,1.0956850751031224e-06
test/000063.mp4,000063,resnet50,jpeg_80,fake,True,16,19,fake,1.0,0.8333333333333334,0.3157894736842105,0.5878292229026556,1.193556690461815,0.9999999309840956,1.0956850751031224e-06
test/000063.mp4,000063,resnet50,jpeg_90,fake,True,16,19,fake,0.8666666666666667,0.8333333333333334,0.42105263157894735,0.5469110161066055,1.2087736321393983,0.9999999309840956,1.0956850751031224e-06
test/000063.mp4,000063,resnet50,jpeg_95,fake,True,16,19,fake,0.9333333333333333,0.8333333333333334,0.3684210526315789,0.6032778732478619,1.143616400803391,0.9999999309840956,1.0956850751031224e-06
test/000063.mp4,000063,resnet50,h264_18_keepaudio,fake,True,16,19,fake,0.9333333333333333,0.8333333333333334,0.3157894736842105,0.5923774410039186,1.1869180132703967,0.9999999309840956,1.0956850751031224e-06
test/000063.mp4,000063,resnet50,h264_23_keepaudio,fake,True,16,19,fake,1.0,0.8333333333333334,0.3684210526315789,0.5647255349904299,1.1444730141751132,0.9999999309840956,1.0956850751031224e-06
test/000063.mp4,000063,resnet50,h264_28_keepaudio,fake,True,16,19,fake,0.7333333333333333,0.8333333333333334,0.3684210526315789,0.5281744338572025,1.2298748256033911,0.9999999309840956,1.0956850751031224e-06
test/000063.mp4,000063,resnet50,h264_33_keepaudio,fake,True,16,19,fake,0.8,0.8333333333333334,0.3157894736842105,0.5583185981959105,1.2222840391371357,0.9999999309840956,1.0956850751031224e-06
test/000063.mp4,000063,resnet50,h264_38_keepaudio,fake,True,16,19,fake,0.8666666666666667,0.8333333333333334,0.5789473684210527,0.5514682605862617,1.2303214592773895,0.9999999309840956,1.0956850751031224e-06
test/000063.mp4,000063,resnet50,h264_43_keepaudio,fake,True,16,19,fake,0.6666666666666666,0.8333333333333334,0.5263157894736842,0.5510213021188974,1.166795744963343,0.9999999309840956,1.0956850751031224e-06
test/000064.mp4,000064,resnet50,clean,fake,True,18,22,fake,0.7647058823529411,0.6190476190476191,0.36363636363636365,0.49355433881282806,1.3250218387412056,0.9998208744959398,0.0013301410478697964
test/000064.mp4,000064,resnet50,jpeg_10,fake,True,18,22,fake,0.6470588235294118,0.6190476190476191,0.4090909090909091,0.650552468167411,1.0085279838084924,0.9998208744959398,0.0013301410478697964
test/000064.mp4,000064,resnet50,jpeg_20,fake,True,18,22,fake,0.6470588235294118,0.6190476190476191,0.4090909090909091,0.5181966208749347,1.2872510094328802,0.9998208744959398,0.0013301410478697964
test/000064.mp4,000064,resnet50,jpeg_30,fake,True,18,22,fake,0.8823529411764706,0.6190476190476191,0.3181818181818182,0.5591590652863184,1.1886596042326218,0.9998208744959398,0.0013301410478697964
test/000064.mp4,000064,resnet50,jpeg_40,fake,True,18,22,fake,0.7058823529411765,0.6190476190476191,0.36363636363636365,0.5426530771785312,1.240495565327227,0.9998208744959398,0.0013301410478697964
test/000064.mp4,000064,resnet50,jpeg_50,fake,True,18,22,fake,0.7058823529411765,0.6190476190476191,0.45454545454545453,0.5464156485266156,1.2427346465802287,0.9998208744959398,0.0013301410478697964
test/000064.mp4,000064,resnet50,jpeg_60,fake,True,18,22,fake,0.8235294117647058,0.6190476190476191,0.5,0.554547960559527,1.2289966961659426,0.9998208744959398,0.0013301410478697964
test/000064.mp4,000064,resnet50,jpeg_70,fake,True,18,22,fake,0.7647058823529411,0.6190476190476191,0.4090909090909091,0.5083638827006022,1.3047042591835405,0.9998208744959398,0.0013301410478697964
test/000064.mp4,000064,resnet50,jpeg_80,fake,True,18,22,fake,0.7647058823529411,0.6190476190476191,0.4090909090909091,0.4731186065408919,1.327321668077166,0.9998208744959398,0.0013301410478697964
test/000064.mp4,000064,resnet50,jpeg_90,fake,True,18,22,fake,0.8235294117647058,0.6190476190476191,0.5,0.5088309662209617,1.3081559534858258,0.9998208744959398,0.0013301410478697964
test/000064.mp4,000064,resnet50,jpeg_95,fake,True,18,22,fake,0.8823529411764706,0.6190476190476191,0.4090909090909091,0.5065756423605813,1.2987967031670289,0.9998208744959398,0.0013301410478697964
test/000064.mp4,000064,resnet50,h264_18_keepaudio,fake,True,18,22,fake,0.7058823529411765,0.6190476190476191,0.36363636363636365,0.5417256355285645,1.2695245055040578,0.9998208744959398,0.0013301410478697964
test/000064.mp4,000064,resnet50,h264_23_keepaudio,fake,True,18,22,fake,0.8235294117647058,0.6190476190476191,0.2727272727272727,0.5435799045695199,1.2426311316081027,0.9998208744959398,0.0013301410478697964
test/000064.mp4,000064,resnet50,h264_28_keepaudio,fake,True,18,22,fake,0.7647058823529411,0.6190476190476191,0.22727272727272727,0.5540582636992136,1.2348760284350175,0.9998208744959398,0.0013301410478697964
test/000064.mp4,000064,resnet50,h264_33_keepaudio,fake,True,18,22,fake,0.9411764705882353,0.6190476190476191,0.5454545454545454,0.5226040234168371,1.2665960563632728,0.9998208744959398,0.0013301410478697964
test/000064.mp4,000064,resnet50,h264_38_keepaudio,fake,True,18,22,fake,0.6470588235294118,0.6190476190476191,0.7272727272727273,0.5203346841865115,1.231981640916755,0.9998208744959398,0.0013301410478697964
test/000064.mp4,000064,resnet50,h264_43_keepaudio,fake,True,18,22,fake,0.35294117647058826,0.6190476190476191,0.45454545454545453,0.6812933906912804,0.9291257867725086,0.9998208744959398,0.0013301410478697964
test/000065.mp4,000065,resnet50,clean,real,True,16,18,fake,0.6666666666666666,0.5294117647058824,0.8888888888888888,0.7066055107861757,0.9238345184898867,0.9999996953540378,4.0103434625370535e-06
test/000065.mp4,000065,resnet50,jpeg_10,real,True,16,18,fake,0.9333333333333333,0.5294117647058824,0.7222222222222222,0.6863198392093182,0.8900682676809706,0.9999996953540378,4.0103434625370535e-06
test/000065.mp4,000065,resnet50,jpeg_20,real,True,16,18,fake,0.8666666666666667,0.5294117647058824,0.7222222222222222,0.6826881803572178,0.9605222627337159,0.9999996953540378,4.0103434625370535e-06
test/000065.mp4,000065,resnet50,jpeg_30,real,True,16,18,fake,0.8666666666666667,0.5294117647058824,0.7222222222222222,0.7425529845058918,0.8694377818304839,0.9999996953540378,4.0103434625370535e-06
test/000065.mp4,000065,resnet50,jpeg_40,real,True,16,18,fake,0.7333333333333333,0.5294117647058824,0.7777777777777778,0.663215309381485,0.9718045011844908,0.9999996953540378,4.0103434625370535e-06
test/000065.mp4,000065,resnet50,jpeg_50,real,True,16,18,fake,0.6666666666666666,0.5294117647058824,0.8333333333333334,0.704735180363059,0.8892819538077344,0.9999996953540378,4.0103434625370535e-06
test/000065.mp4,000065,resnet50,jpeg_60,real,True,16,18,fake,0.6666666666666666,0.5294117647058824,0.8888888888888888,0.6962783802300692,0.9500203301729189,0.9999996953540378,4.0103434625370535e-06
test/000065.mp4,000065,resnet50,jpeg_70,real,True,16,18,fake,0.6,0.5294117647058824,0.7777777777777778,0.6613107416778803,0.9819989321291117,0.9999996953540378,4.0103434625370535e-06
test/000065.mp4,000065,resnet50,jpeg_80,real,True,16,18,fake,0.6666666666666666,0.5294117647058824,0.8333333333333334,0.6941294986754656,0.9305482495767838,0.9999996953540378,4.0103434625370535e-06
test/000065.mp4,000065,resnet50,jpeg_90,real,True,16,18,fake,0.6666666666666666,0.5294117647058824,0.8333333333333334,0.7289841268211603,0.9123006887341876,0.9999996953540378,4.0103434625370535e-06
test/000065.mp4,000065,resnet50,jpeg_95,real,True,16,18,fake,0.6,0.5294117647058824,0.8333333333333334,0.6613649055361748,0.9891200335445308,0.9999996953540378,4.0103434625370535e-06
test/000065.mp4,000065,resnet50,h264_18_keepaudio,real,True,16,18,fake,0.6666666666666666,0.5294117647058824,0.8333333333333334,0.6696437746286392,1.0012496083088092,0.9999996953540378,4.0103434625370535e-06
test/000065.mp4,000065,resnet50,h264_23_keepaudio,real,True,16,18,fake,0.8,0.5294117647058824,0.8888888888888888,0.6550153903663158,1.0291154431941314,0.9999996953540378,4.0103434625370535e-06
test/000065.mp4,000065,resnet50,h264_28_keepaudio,real,True,16,18,fake,0.6666666666666666,0.5294117647058824,0.8888888888888888,0.6071426812559366,1.1128938910955193,0.9999996953540378,4.0103434625370535e-06
test/000065.mp4,000065,resnet50,h264_33_keepaudio,real,True,16,18,fake,0.8,0.5294117647058824,0.7777777777777778,0.5011597536504269,1.3115388871780715,0.9999996953540378,4.0103434625370535e-06
test/000065.mp4,000065,resnet50,h264_38_keepaudio,real,True,16,18,fake,0.6,0.5294117647058824,0.7777777777777778,0.495520094409585,1.2918770268666586,0.9999996953540378,4.0103434625370535e-06
test/000065.mp4,000065,resnet50,h264_43_keepaudio,real,True,16,18,fake,0.7333333333333333,0.5294117647058824,0.7777777777777778,0.5580493006855249,1.1987974858516897,0.9999996953540378,4.0103434625370535e-06
test/000066.mp4,000066,resnet50,clean,fake,True,18,21,fake,0.9411764705882353,0.5,0.7619047619047619,0.6069686363140742,1.1322550215686187,0.99993215856098,0.0005124120820008009
test/000066.mp4,000066,resnet50,jpeg_10,fake,True,18,21,fake,0.7058823529411765,0.5,0.6666666666666666,0.6936289386616813,0.9051532514702996,0.99993215856098,0.0005124120820008009
test/000066.mp4,000066,resnet50,jpeg_20,fake,True,18,21,fake,0.8823529411764706,0.5,0.7142857142857143,0.6585113753875097,0.9950230587217008,0.99993215856098,0.0005124120820008009
test/000066.mp4,000066,resnet50,jpeg_30,fake,True,18,21,fake,0.7647058823529411,0.5,0.7619047619047619,0.6391925828324424,1.0479613423484642,0.99993215856098,0.0005124120820008009
test/000066.mp4,000066,resnet50,jpeg_40,fake,True,18,21,fake,0.8823529411764706,0.5,0.7619047619047619,0.625373598602083,1.1019739594976043,0.99993215856098,0.0005124120820008009
test/000066.mp4,000066,resnet50,jpeg_50,fake,True,18,21,fake,0.8823529411764706,0.5,0.7619047619047619,0.6397748341163,1.0640353610920485,0.99993215856098,0.0005124120820008009
test/000066.mp4,000066,resnet50,jpeg_60,fake,True,18,21,fake,0.8823529411764706,0.5,0.7619047619047619,0.5845891452497907,1.1670223154409087,0.99993215856098,0.0005124120820008009
test/000066.mp4,000066,resnet50,jpeg_70,fake,True,18,21,fake,0.8235294117647058,0.5,0.7619047619047619,0.6144210282299254,1.1226681250578343,0.99993215856098,0.0005124120820008009
test/000066.mp4,000066,resnet50,jpeg_80,fake,True,18,21,fake,0.8823529411764706,0.5,0.7619047619047619,0.6317961249086592,1.1042474061209335,0.99993215856098,0.0005124120820008009
test/000066.mp4,000066,resnet50,jpeg_90,fake,True,18,21,fake,0.9411764705882353,0.5,0.7619047619047619,0.6389145586225722,1.0981798069574258,0.99993215856098,0.0005124120820008009
test/000066.mp4,000066,resnet50,jpeg_95,fake,True,18,21,fake,0.8235294117647058,0.5,0.7619047619047619,0.6104173792733086,1.1285775506666735,0.99993215856098,0.0005124120820008009
test/000066.mp4,000066,resnet50,h264_18_keepaudio,fake,True,18,21,fake,0.5882352941176471,0.5,0.8095238095238095,0.5709144704871707,1.1872811265306646,0.99993215856098,0.0005124120820008009
test/000066.mp4,000066,resnet50,h264_23_keepaudio,fake,True,18,21,fake,0.7647058823529411,0.5,0.7619047619047619,0.5114767071273592,1.2689239907939538,0.99993215856098,0.0005124120820008009
test/000066.mp4,000066,resnet50,h264_28_keepaudio,fake,True,18,21,fake,0.7647058823529411,0.5,0.7142857142857143,0.5552880764007568,1.2443424750414451,0.99993215856098,0.0005124120820008009
test/000066.mp4,000066,resnet50,h264_33_keepaudio,fake,True,18,21,fake,0.6470588235294118,0.5,0.8095238095238095,0.5479845553636551,1.2355001429764434,0.99993215856098,0.0005124120820008009
test/000066.mp4,000066,resnet50,h264_38_keepaudio,fake,True,18,21,fake,0.5882352941176471,0.5,0.9047619047619048,0.5498033372892274,1.2399486530309505,0.99993215856098,0.0005124120820008009
test/000066.mp4,000066,resnet50,h264_43_keepaudio,fake,True,18,21,fake,0.7647058823529411,0.5,0.7142857142857143,0.5840897543562783,1.1465256152221026,0.99993215856098,0.0005124120820008009
test/000067.mp4,000067,resnet50,clean,fake,True,16,19,fake,0.9333333333333333,0.6111111111111112,0.7894736842105263,0.6261098403483629,1.086114699771537,0.9866442554875424,0.03360639949939476
test/000067.mp4,000067,resnet50,jpeg_10,fake,True,16,19,fake,0.8666666666666667,0.6111111111111112,0.631578947368421,0.684382813051343,0.8360033817257373,0.9866442554875424,0.03360639949939476
test/000067.mp4,000067,resnet50,jpeg_20,fake,True,16,19,fake,0.8666666666666667,0.6111111111111112,0.6842105263157895,0.7424154952168465,0.8159160927104592,0.9866442554875424,0.03360639949939476
test/000067.mp4,000067,resnet50,jpeg_30,fake,True,16,19,fake,0.7333333333333333,0.6111111111111112,0.631578947368421,0.6642362680286169,1.006524517593934,0.9866442554875424,0.03360639949939476
test/000067.mp4,000067,resnet50,jpeg_40,fake,True,16,19,fake,0.8666666666666667,0.6111111111111112,0.6842105263157895,0.6735643446445465,1.0219940171323358,0.9866442554875424,0.03360639949939476
test/000067.mp4,000067,resnet50,jpeg_50,fake,True,16,19,fake,0.9333333333333333,0.6111111111111112,0.6842105263157895,0.6474014278501272,1.0555847213434526,0.9866442554875424,0.03360639949939476
test/000067.mp4,000067,resnet50,jpeg_60,fake,True,16,19,fake,0.9333333333333333,0.6111111111111112,0.6842105263157895,0.6417845729738474,1.0581079211034035,0.9866442554875424,0.03360639949939476
test/000067.mp4,000067,resnet50,jpeg_70,fake,True,16,19,fake,0.8666666666666667,0.6111111111111112,0.7894736842105263,0.6191719174385071,1.1221893606700055,0.9866442554875424,0.03360639949939476
test/000067.mp4,000067,resnet50,jpeg_80,fake,True,16,19,fake,0.9333333333333333,0.6111111111111112,0.6842105263157895,0.6284001655876637,1.1096967084612817,0.9866442554875424,0.03360639949939476
test/000067.mp4,000067,resnet50,jpeg_90,fake,True,16,19,fake,0.8666666666666667,0.6111111111111112,0.6842105263157895,0.6152940820902586,1.1105060976042067,0.9866442554875424,0.03360639949939476
test/000067.mp4,000067,resnet50,jpeg_95,fake,True,16,19,fake,0.9333333333333333,0.6111111111111112,0.7894736842105263,0.6528311036527157,1.0563714415604686,0.9866442554875424,0.03360639949939476
test/000067.mp4,000067,resnet50,h264_18_keepaudio,fake,True,16,19,fake,0.8666666666666667,0.6111111111111112,0.6842105263157895,0.6255744528025389,1.0961549201554615,0.9866442554875424,0.03360639949939476
test/000067.mp4,000067,resnet50,h264_23_keepaudio,fake,True,16,19,fake,0.7333333333333333,0.6111111111111112,0.6842105263157895,0.6012061722576618,1.1294210399959321,0.9866442554875424,0.03360639949939476
test/000067.mp4,000067,resnet50,h264_28_keepaudio,fake,True,16,19,fake,0.8666666666666667,0.6111111111111112,0.631578947368421,0.6197086572647095,1.1210686402742263,0.9866442554875424,0.03360639949939476
test/000067.mp4,000067,resnet50,h264_33_keepaudio,fake,True,16,19,fake,0.7333333333333333,0.6111111111111112,0.6842105263157895,0.5100098289549351,1.2958583242558555,0.9866442554875424,0.03360639949939476
test/000067.mp4,000067,resnet50,h264_38_keepaudio,fake,True,16,19,fake,0.6,0.6111111111111112,0.7368421052631579,0.49884850438684225,1.3641796643575184,0.9866442554875424,0.03360639949939476
test/000067.mp4,000067,resnet50,h264_43_keepaudio,fake,True,16,19,fake,0.4,0.6111111111111112,0.8947368421052632,0.6181021220982075,1.1107602767478872,0.9866442554875424,0.03360639949939476
test/000068.mp4,000068,resnet50,clean,fake,True,18,21,fake,0.7058823529411765,0.5,0.8095238095238095,0.6277651720576816,1.0882274967207282,0.99993215856098,0.0005124120820008009
test/000068.mp4,000068,resnet50,jpeg_10,fake,True,18,21,fake,0.6470588235294118,0.5,0.5714285714285714,0.6815727021959093,0.8675279740190487,0.99993215856098,0.0005124120820008009
test/000068.mp4,000068,resnet50,jpeg_20,fake,True,18,21,fake,0.8235294117647058,0.5,0.7142857142857143,0.6848587195078532,0.923128082728209,0.99993215856098,0.0005124120820008009
test/000068.mp4,000068,resnet50,jpeg_30,fake,True,18,21,fake,0.7647058823529411,0.5,0.7142857142857143,0.6805865483151542,0.9743498625873718,0.99993215856098,0.0005124120820008009
test/000068.mp4,000068,resnet50,jpeg_40,fake,True,18,21,fake,0.7647058823529411,0.5,0.8095238095238095,0.6587067594130834,1.0406098876062055,0.99993215856098,0.0005124120820008009
test/000068.mp4,000068,resnet50,jpeg_50,fake,True,18,21,fake,0.8823529411764706,0.5,0.7619047619047619,0.6763366162776947,1.0023931999739528,0.99993215856098,0.0005124120820008009
test/000068.mp4,000068,resnet50,jpeg_60,fake,True,18,21,fake,0.7058823529411765,0.5,0.8095238095238095,0.6034020963642333,1.1296577354658774,0.99993215856098,0.0005124120820008009
test/000068.mp4,000068,resnet50,jpeg_70,fake,True,18,21,fake,0.9411764705882353,0.5,0.7619047619047619,0.6677388615078397,1.0180211248814002,0.99993215856098,0.0005124120820008009
test/000068.mp4,000068,resnet50,jpeg_80,fake,True,18,21,fake,0.7647058823529411,0.5,0.8095238095238095,0.6301335990428925,1.0977049703925745,0.99993215856098,0.0005124120820008009
test/000068.mp4,000068,resnet50,jpeg_90,fake,True,18,21,fake,0.8235294117647058,0.5,0.8095238095238095,0.6395500500996908,1.093379430476294,0.99993215856098,0.0005124120820008009
test/000068.mp4,000068,resnet50,jpeg_95,fake,True,18,21,fake,0.7058823529411765,0.5,0.8095238095238095,0.6730379511912664,1.0151458215638418,0.99993215856098,0.0005124120820008009
test/000068.mp4,000068,resnet50,h264_18_keepaudio,fake,True,18,21,fake,0.7647058823529411,0.5,0.8095238095238095,0.6404409011205038,1.0700748745691404,0.99993215856098,0.0005124120820008009
test/000068.mp4,000068,resnet50,h264_23_keepaudio,fake,True,18,21,fake,0.7647058823529411,0.5,0.8095238095238095,0.5404932565159268,1.2243720479395652,0.99993215856098,0.0005124120820008009
test/000068.mp4,000068,resnet50,h264_28_keepaudio,fake,True,18,21,fake,0.6470588235294118,0.5,0.8095238095238095,0.49976470569769543,1.3033683097355462,0.99993215856098,0.0005124120820008009
test/000068.mp4,000068,resnet50,h264_33_keepaudio,fake,True,18,21,fake,0.7647058823529411,0.5,0.6666666666666666,0.5048821187681622,1.317775804113358,0.99993215856098,0.0005124120820008009
test/000068.mp4,000068,resnet50,h264_38_keepaudio,fake,True,18,21,fake,0.8235294117647058,0.5,0.7142857142857143,0.5673627638154559,1.227678790414948,0.99993215856098,0.0005124120820008009
test/000068.mp4,000068,resnet50,h264_43_keepaudio,fake,True,18,21,fake,0.8235294117647058,0.5,0.7142857142857143,0.6485553218258752,1.014075981569942,0.99993215856098,0.0005124120820008009
test/000069.mp4,000069,resnet50,clean,real,True,37,46,fake,0.8055555555555556,0.7333333333333333,0.5869565217391305,0.5878974304005906,1.1665986675679707,0.9879110611003378,0.029574187553336656
test/000069.mp4,000069,resnet50,jpeg_10,real,True,37,46,fake,0.7777777777777778,0.7333333333333333,0.5869565217391305,0.5887817877369959,1.09729449464455,0.9879110611003378,0.029574187553336656
test/000069.mp4,000069,resnet50,jpeg_20,real,True,37,46,fake,0.8333333333333334,0.7333333333333333,0.5434782608695652,0.6760668915671271,0.9432621454505277,0.9879110611003378,0.029574187553336656
test/000069.mp4,000069,resnet50,jpeg_30,real,True,37,46,fake,0.8888888888888888,0.7333333333333333,0.6086956521739131,0.6762972707683975,0.9876449598974661,0.9879110611003378,0.029574187553336656
test/000069.mp4,000069,resnet50,jpeg_40,real,True,37,46,fake,0.8611111111111112,0.7333333333333333,0.6086956521739131,0.6305856237540374,1.0823934970078528,0.9879110611003378,0.029574187553336656
test/000069.mp4,000069,resnet50,jpeg_50,real,True,37,46,fake,0.8333333333333334,0.7333333333333333,0.6086956521739131,0.6001636708104933,1.1321517465161226,0.9879110611003378,0.029574187553336656
test/000069.mp4,000069,resnet50,jpeg_60,real,True,37,46,fake,0.8611111111111112,0.7333333333333333,0.5869565217391305,0.574975694353516,1.1726965395920175,0.9879110611003378,0.029574187553336656
test/000069.mp4,000069,resnet50,jpeg_70,real,True,37,46,fake,0.8333333333333334,0.7333333333333333,0.6521739130434783,0.5826041940096263,1.1620903128169993,0.9879110611003378,0.029574187553336656
test/000069.mp4,000069,resnet50,jpeg_80,real,True,37,46,fake,0.8888888888888888,0.7333333333333333,0.5434782608695652,0.5636854099260794,1.1868622881567574,0.9879110611003378,0.029574187553336656
test/000069.mp4,000069,resnet50,jpeg_90,real,True,37,46,fake,0.9166666666666666,0.7333333333333333,0.5434782608695652,0.5856003801564913,1.1786371104789057,0.9879110611003378,0.029574187553336656
test/000069.mp4,000069,resnet50,jpeg_95,real,True,37,46,fake,0.8333333333333334,0.7333333333333333,0.5869565217391305,0.5985475214751991,1.1567033572864411,0.9879110611003378,0.029574187553336656
test/000069.mp4,000069,resnet50,h264_18_keepaudio,real,True,37,46,fake,0.8333333333333334,0.7333333333333333,0.5869565217391305,0.5969795520241196,1.1598357943873634,0.9879110611003378,0.029574187553336656
test/000069.mp4,000069,resnet50,h264_23_keepaudio,real,True,37,46,fake,0.7777777777777778,0.7333333333333333,0.6086956521739131,0.6087508628497252,1.1178034893076365,0.9879110611003378,0.029574187553336656
test/000069.mp4,000069,resnet50,h264_28_keepaudio,real,True,37,46,fake,0.7777777777777778,0.7333333333333333,0.5869565217391305,0.6308083252326863,1.067898539148985,0.9879110611003378,0.029574187553336656
test/000069.mp4,000069,resnet50,h264_33_keepaudio,real,True,37,46,fake,0.7222222222222222,0.7333333333333333,0.6739130434782609,0.6402829313600386,1.0230900853945513,0.9879110611003378,0.029574187553336656
test/000069.mp4,000069,resnet50,h264_38_keepaudio,real,True,37,46,fake,0.6666666666666666,0.7333333333333333,0.6956521739130435,0.5983229674197532,1.1212149920462486,0.9879110611003378,0.029574187553336656
test/000069.mp4,000069,resnet50,h264_43_keepaudio,real,True,37,46,fake,0.5277777777777778,0.7333333333333333,0.6304347826086957,0.642663318563152,1.0136123513961408,0.9879110611003378,0.029574187553336656
test/000070.mp4,000070,resnet50,clean,fake,True,39,50,fake,0.868421052631579,0.5918367346938775,0.66,0.6419808482512449,1.0678392116895008,0.988585239648819,0.032287820324798655
test/000070.mp4,000070,resnet50,jpeg_10,fake,True,39,50,fake,0.6052631578947368,0.5918367346938775,0.64,0.6105287938545911,1.0621183797044893,0.988585239648819,0.032287820324798655
test/000070.mp4,000070,resnet50,jpeg_20,fake,True,39,50,fake,0.7894736842105263,0.5918367346938775,0.62,0.6265268952418597,1.0275990910740767,0.988585239648819,0.032287820324798655
test/000070.mp4,000070,resnet50,jpeg_30,fake,True,39,50,fake,0.868421052631579,0.5918367346938775,0.66,0.6122459066219819,1.0866221722360605,0.988585239648819,0.032287820324798655
test/000070.mp4,000070,resnet50,jpeg_40,fake,True,39,50,fake,0.8421052631578947,0.5918367346938775,0.68,0.6261236713482783,1.0722968506315935,0.988585239648819,0.032287820324798655
test/000070.mp4,000070,resnet50,jpeg_50,fake,True,40,50,fake,0.8717948717948718,0.5918367346938775,0.68,0.6011864297091961,1.102332007181631,0.988585239648819,0.032287820324798655
test/000070.mp4,000070,resnet50,jpeg_60,fake,True,39,50,fake,0.8421052631578947,0.5918367346938775,0.68,0.599606475004783,1.1014144186779558,0.988585239648819,0.032287820324798655
test/000070.mp4,000070,resnet50,jpeg_70,fake,True,39,50,fake,0.868421052631579,0.5918367346938775,0.64,0.5915065667568109,1.1121198899401885,0.988585239648819,0.032287820324798655
test/000070.mp4,000070,resnet50,jpeg_80,fake,True,39,50,fake,0.868421052631579,0.5918367346938775,0.66,0.6100916686730508,1.0977844616657835,0.988585239648819,0.032287820324798655
test/000070.mp4,000070,resnet50,jpeg_90,fake,True,40,50,fake,0.8461538461538461,0.5918367346938775,0.66,0.6381884351372719,1.0575391439689337,0.988585239648819,0.032287820324798655
test/000070.mp4,000070,resnet50,jpeg_95,fake,True,39,50,fake,0.8421052631578947,0.5918367346938775,0.66,0.627192076964256,1.0905668683610277,0.988585239648819,0.032287820324798655
test/000070.mp4,000070,resnet50,h264_18_keepaudio,fake,True,39,50,fake,0.7894736842105263,0.5918367346938775,0.64,0.6077381265469086,1.1089775473443009,0.988585239648819,0.032287820324798655
test/000070.mp4,000070,resnet50,h264_23_keepaudio,fake,True,39,50,fake,0.8421052631578947,0.5918367346938775,0.6,0.6237404346466064,1.0803952545532847,0.988585239648819,0.032287820324798655
test/000070.mp4,000070,resnet50,h264_28_keepaudio,fake,True,39,50,fake,0.9473684210526315,0.5918367346938775,0.64,0.6159864763418833,1.109996430792869,0.988585239648819,0.032287820324798655
test/000070.mp4,000070,resnet50,h264_33_keepaudio,fake,True,40,50,fake,0.717948717948718,0.5918367346938775,0.64,0.5737746194005012,1.1948470182195292,0.988585239648819,0.032287820324798655
test/000070.mp4,000070,resnet50,h264_38_keepaudio,fake,True,39,50,fake,0.5,0.5918367346938775,0.72,0.6270450636362418,1.0211503420214534,0.988585239648819,0.032287820324798655
test/000070.mp4,000070,resnet50,h264_43_keepaudio,fake,True,40,50,fake,0.5384615384615384,0.5918367346938775,0.88,0.4922453250735998,1.352937341660859,0.988585239648819,0.032287820324798655
test/000071.mp4,000071,resnet50,clean,fake,True,38,46,fake,0.8648648648648649,0.6444444444444445,0.6304347826086957,0.6338483032427336,1.0880677246739792,0.9903855064640874,0.026004886071762035
test/000071.mp4,000071,resnet50,jpeg_10,fake,True,38,46,fake,0.5945945945945946,0.6444444444444445,0.6304347826086957,0.620997290862234,1.040691276667895,0.9903855064640874,0.026004886071762035
test/000071.mp4,000071,resnet50,jpeg_20,fake,True,38,46,fake,0.7297297297297297,0.6444444444444445,0.6304347826086957,0.6498016762106043,0.9898697294483798,0.9903855064640874,0.026004886071762035
test/000071.mp4,000071,resnet50,jpeg_30,fake,True,38,46,fake,0.8378378378378378,0.6444444444444445,0.6521739130434783,0.6136759801914817,1.0887693027965548,0.9903855064640874,0.026004886071762035
test/000071.mp4,000071,resnet50,jpeg_40,fake,True,38,46,fake,0.8648648648648649,0.6444444444444445,0.6739130434782609,0.6115465619062123,1.1165458466090068,0.9903855064640874,0.026004886071762035
test/000071.mp4,000071,resnet50,jpeg_50,fake,True,38,46,fake,0.918918918918919,0.6444444444444445,0.6521739130434783,0.6100906463045823,1.107256586465801,0.9903855064640874,0.026004886071762035
test/000071.mp4,000071,resnet50,jpeg_60,fake,True,38,46,fake,0.8378378378378378,0.6444444444444445,0.6521739130434783,0.619646186891355,1.0784391716449502,0.9903855064640874,0.026004886071762035
test/000071.mp4,000071,resnet50,jpeg_70,fake,True,38,46,fake,0.8918918918918919,0.6444444444444445,0.6304347826086957,0.5990452374282637,1.1130969467857796,0.9903855064640874,0.026004886071762035
test/000071.mp4,000071,resnet50,jpeg_80,fake,True,38,46,fake,0.8378378378378378,0.6444444444444445,0.6304347826086957,0.6006104389303609,1.1359412288814978,0.9903855064640874,0.026004886071762035
test/000071.mp4,000071,resnet50,jpeg_90,fake,True,38,46,fake,0.8108108108108109,0.6444444444444445,0.6304347826086957,0.6294515219173933,1.0847897194110727,0.9903855064640874,0.026004886071762035
test/000071.mp4,000071,resnet50,jpeg_95,fake,True,38,46,fake,0.918918918918919,0.6444444444444445,0.6304347826086957,0.6337703686011465,1.1033303189990584,0.9903855064640874,0.026004886071762035
test/000071.mp4,000071,resnet50,h264_18_keepaudio,fake,True,38,46,fake,0.8108108108108109,0.6444444444444445,0.6304347826086957,0.6458600696764494,1.052449065503688,0.9903855064640874,0.026004886071762035
test/000071.mp4,000071,resnet50,h264_23_keepaudio,fake,True,38,46,fake,0.8648648648648649,0.6444444444444445,0.6304347826086957,0.6527967186350572,1.0429514086931013,0.9903855064640874,0.026004886071762035
test/000071.mp4,000071,resnet50,h264_28_keepaudio,fake,True,38,46,fake,0.9459459459459459,0.6444444444444445,0.6086956521739131,0.6292543756334406,1.0925341816134269,0.9903855064640874,0.026004886071762035
test/000071.mp4,000071,resnet50,h264_33_keepaudio,fake,True,38,46,fake,0.7027027027027027,0.6444444444444445,0.6086956521739131,0.5586035533955223,1.2069674935954762,0.9903855064640874,0.026004886071762035
test/000071.mp4,000071,resnet50,h264_38_keepaudio,fake,True,37,46,fake,0.5,0.6444444444444445,0.6956521739130435,0.629788376189567,1.0297927840986403,0.9903855064640874,0.026004886071762035
test/000071.mp4,000071,resnet50,h264_43_keepaudio,fake,True,36,46,fake,0.5714285714285714,0.6444444444444445,0.8478260869565217,0.5281411815020773,1.2710436363150364,0.9903855064640874,0.026004886071762035
test/000072.mp4,000072,resnet50,clean,fake,True,40,50,fake,0.8205128205128205,0.5918367346938775,0.66,0.6182010516524314,1.1032671008042392,0.9847838413715363,0.034829575196087426
test/000072.mp4,000072,resnet50,jpeg_10,fake,True,40,50,fake,0.6666666666666666,0.5918367346938775,0.6,0.6397971734404564,1.005047493303755,0.9847838413715363,0.034829575196087426
test/000072.mp4,000072,resnet50,jpeg_20,fake,True,40,50,fake,0.7692307692307693,0.5918367346938775,0.66,0.6445910483598709,0.9888173419828792,0.9847838413715363,0.034829575196087426
test/000072.mp4,000072,resnet50,jpeg_30,fake,True,40,50,fake,0.8461538461538461,0.5918367346938775,0.68,0.6011228404939175,1.1148830287245013,0.9847838413715363,0.034829575196087426
test/000072.mp4,000072,resnet50,jpeg_40,fake,True,40,50,fake,0.8205128205128205,0.5918367346938775,0.7,0.6178061932325363,1.0915237793951833,0.9847838413715363,0.034829575196087426
test/000072.mp4,000072,resnet50,jpeg_50,fake,True,40,50,fake,0.8974358974358975,0.5918367346938775,0.68,0.6075459331274032,1.0870076329993021,0.9847838413715363,0.034829575196087426
test/000072.mp4,000072,resnet50,jpeg_60,fake,True,40,50,fake,0.7948717948717948,0.5918367346938775,0.68,0.6152565062046051,1.0878091042637705,0.9847838413715363,0.034829575196087426
test/000072.mp4,000072,resnet50,jpeg_70,fake,True,40,50,fake,0.8974358974358975,0.5918367346938775,0.66,0.615495128929615,1.081495891418842,0.9847838413715363,0.034829575196087426
test/000072.mp4,000072,resnet50,jpeg_80,fake,True,40,50,fake,0.8717948717948718,0.5918367346938775,0.66,0.618665837496519,1.103225375220914,0.9847838413715363,0.034829575196087426
test/000072.mp4,000072,resnet50,jpeg_90,fake,True,40,50,fake,0.8205128205128205,0.5918367346938775,0.66,0.6375664308667183,1.0677868597248286,0.9847838413715363,0.034829575196087426
test/000072.mp4,000072,resnet50,jpeg_95,fake,True,40,50,fake,0.8717948717948718,0.5918367346938775,0.66,0.6293914549052715,1.092057801644597,0.9847838413715363,0.034829575196087426
test/000072.mp4,000072,resnet50,h264_18_keepaudio,fake,True,40,50,fake,0.7948717948717948,0.5918367346938775,0.66,0.628449159860611,1.0846292035152285,0.9847838413715363,0.034829575196087426
test/000072.mp4,000072,resnet50,h264_23_keepaudio,fake,True,40,50,fake,0.8461538461538461,0.5918367346938775,0.66,0.6585168823599815,1.0142092259501267,0.9847838413715363,0.034829575196087426
test/000072.mp4,000072,resnet50,h264_28_keepaudio,fake,True,40,50,fake,0.9230769230769231,0.5918367346938775,0.64,0.5945052549242973,1.1389356771554522,0.9847838413715363,0.034829575196087426
test/000072.mp4,000072,resnet50,h264_33_keepaudio,fake,True,40,50,fake,0.6923076923076923,0.5918367346938775,0.66,0.5880055725574493,1.162652539041256,0.9847838413715363,0.034829575196087426
test/000072.mp4,000072,resnet50,h264_38_keepaudio,fake,True,40,50,fake,0.46153846153846156,0.5918367346938775,0.7,0.5988797701895237,1.0951707962602992,0.9847838413715363,0.034829575196087426
test/000072.mp4,000072,resnet50,h264_43_keepaudio,fake,True,40,50,fake,0.6666666666666666,0.5918367346938775,0.88,0.5381818063557148,1.2519057525747133,0.9847838413715363,0.034829575196087426
test/000073.mp4,000073,resnet50,clean,fake,True,38,48,fake,0.8648648648648649,0.723404255319149,0.6041666666666666,0.6434296628362254,1.070148009154875,0.9911709365745386,0.022956721019330623
test/000073.mp4,000073,resnet50,jpeg_10,fake,True,38,48,fake,0.5675675675675675,0.723404255319149,0.5208333333333334,0.6011935590129149,1.075224125452189,0.9911709365745386,0.022956721019330623
test/000073.mp4,000073,resnet50,jpeg_20,fake,True,38,48,fake,0.7837837837837838,0.723404255319149,0.5625,0.6274721238173937,1.0291449848946057,0.9911709365745386,0.022956721019330623
test/000073.mp4,000073,resnet50,jpeg_30,fake,True,38,48,fake,0.9459459459459459,0.723404255319149,0.625,0.6172609305695483,1.0867362853863574,0.9911709365745386,0.022956721019330623
test/000073.mp4,000073,resnet50,jpeg_40,fake,True,38,48,fake,0.8918918918918919,0.723404255319149,0.6458333333333334,0.6458196334148708,1.0438263842974402,0.9911709365745386,0.022956721019330623
test/000073.mp4,000073,resnet50,jpeg_50,fake,True,38,48,fake,0.918918918918919,0.723404255319149,0.625,0.6173238330765775,1.0895560063500789,0.9911709365745386,0.022956721019330623
test/000073.mp4,000073,resnet50,jpeg_60,fake,True,38,48,fake,0.8378378378378378,0.723404255319149,0.625,0.6234714608443411,1.0767240168828511,0.9911709365745386,0.022956721019330623
test/000073.mp4,000073,resnet50,jpeg_70,fake,True,38,48,fake,0.8918918918918919,0.723404255319149,0.625,0.5990997599928003,1.1038962216076238,0.9911709365745386,0.022956721019330623
test/000073.mp4,000073,resnet50,jpeg_80,fake,True,38,48,fake,0.8648648648648649,0.723404255319149,0.6041666666666666,0.6194674341302169,1.0956961713678472,0.9911709365745386,0.022956721019330623
test/000073.mp4,000073,resnet50,jpeg_90,fake,True,38,48,fake,0.8648648648648649,0.723404255319149,0.6041666666666666,0.6493376211116189,1.0490749447018914,0.9911709365745386,0.022956721019330623
test/000073.mp4,000073,resnet50,jpeg_95,fake,True,38,48,fake,0.8648648648648649,0.723404255319149,0.5833333333333334,0.6264800217590833,1.117304670510044,0.9911709365745386,0.022956721019330623
test/000073.mp4,000073,resnet50,h264_18_keepaudio,fake,True,38,48,fake,0.8108108108108109,0.723404255319149,0.625,0.6307032955320258,1.084144094803591,0.9911709365745386,0.022956721019330623
test/000073.mp4,000073,resnet50,h264_23_keepaudio,fake,True,38,48,fake,0.8918918918918919,0.723404255319149,0.6041666666666666,0.6293594907773169,1.0780802223296098,0.9911709365745386,0.022956721019330623
test/000073.mp4,000073,resnet50,h264_28_keepaudio,fake,True,38,48,fake,0.8378378378378378,0.723404255319149,0.5208333333333334,0.6114298332678644,1.1126487101013551,0.9911709365745386,0.022956721019330623
test/000073.mp4,000073,resnet50,h264_33_keepaudio,fake,True,38,48,fake,0.7567567567567568,0.723404255319149,0.6041666666666666,0.5580105530588251,1.2111748479816522,0.9911709365745386,0.022956721019330623
test/000073.mp4,000073,resnet50,h264_38_keepaudio,fake,True,38,48,fake,0.3783783783783784,0.723404255319149,0.6458333333333334,0.598034951247667,1.1061841839992184,0.9911709365745386,0.022956721019330623
test/000073.mp4,000073,resnet50,h264_43_keepaudio,fake,True,37,48,fake,0.6111111111111112,0.723404255319149,0.8333333333333334,0.5446639077083485,1.2521572881032543,0.9911709365745386,0.022956721019330623
test/000074.mp4,000074,resnet50,clean,fake,True,37,46,fake,0.8611111111111112,0.6888888888888889,0.5869565217391305,0.6326873946834255,1.0995503556635182,0.990787087575249,0.023954480559161585
test/000074.mp4,000074,resnet50,jpeg_10,fake,True,37,46,fake,0.5555555555555556,0.6888888888888889,0.5869565217391305,0.6141830481387474,1.0477415384822968,0.990787087575249,0.023954480559161585
test/000074.mp4,000074,resnet50,jpeg_20,fake,True,37,46,fake,0.75,0.6888888888888889,0.5869565217391305,0.6068990053357305,1.0600107298021044,0.990787087575249,0.023954480559161585
test/000074.mp4,000074,resnet50,jpeg_30,fake,True,37,46,fake,0.9444444444444444,0.6888888888888889,0.6086956521739131,0.6220990346895682,1.0786233295323013,0.990787087575249,0.023954480559161585
test/000074.mp4,000074,resnet50,jpeg_40,fake,True,37,46,fake,0.8611111111111112,0.6888888888888889,0.6304347826086957,0.6362860194734625,1.0615475799676728,0.990787087575249,0.023954480559161585
test/000074.mp4,000074,resnet50,jpeg_50,fake,True,37,46,fake,0.8611111111111112,0.6888888888888889,0.6086956521739131,0.607139709833506,1.122435356866638,0.990787087575249,0.023954480559161585
test/000074.mp4,000074,resnet50,jpeg_60,fake,True,37,46,fake,0.7777777777777778,0.6888888888888889,0.6086956521739131,0.6190353003708092,1.0932004535520106,0.990787087575249,0.023954480559161585
test/000074.mp4,000074,resnet50,jpeg_70,fake,True,37,46,fake,0.8888888888888888,0.6888888888888889,0.5869565217391305,0.5985496728806883,1.11444922784265,0.990787087575249,0.023954480559161585
test/000074.mp4,000074,resnet50,jpeg_80,fake,True,37,46,fake,0.8611111111111112,0.6888888888888889,0.5869565217391305,0.6148684137576336,1.097032785139076,0.990787087575249,0.023954480559161585
test/000074.mp4,000074,resnet50,jpeg_90,fake,True,37,46,fake,0.8611111111111112,0.6888888888888889,0.5869565217391305,0.6394144642997432,1.0657943236104488,0.990787087575249,0.023954480559161585
test/000074.mp4,000074,resnet50,jpeg_95,fake,True,37,46,fake,0.8888888888888888,0.6888888888888889,0.5869565217391305,0.638038835010013,1.094504521311345,0.990787087575249,0.023954480559161585
test/000074.mp4,000074,resnet50,h264_18_keepaudio,fake,True,37,46,fake,0.8055555555555556,0.6888888888888889,0.5869565217391305,0.6218461893700264,1.1020438500705736,0.990787087575249,0.023954480559161585
test/000074.mp4,000074,resnet50,h264_23_keepaudio,fake,True,37,46,fake,0.8888888888888888,0.6888888888888889,0.5869565217391305,0.6348486599084493,1.070542332174059,0.990787087575249,0.023954480559161585
test/000074.mp4,000074,resnet50,h264_28_keepaudio,fake,True,37,46,fake,0.9166666666666666,0.6888888888888889,0.5434782608695652,0.5963260160910117,1.150684189721124,0.990787087575249,0.023954480559161585
test/000074.mp4,000074,resnet50,h264_33_keepaudio,fake,True,37,46,fake,0.7222222222222222,0.6888888888888889,0.5869565217391305,0.5579952178774653,1.2081206873712367,0.990787087575249,0.023954480559161585
test/000074.mp4,000074,resnet50,h264_38_keepaudio,fake,True,37,46,fake,0.4444444444444444,0.6888888888888889,0.6739130434782609,0.6203810798155295,1.0590998834171497,0.990787087575249,0.023954480559161585
test/000074.mp4,000074,resnet50,h264_43_keepaudio,fake,True,37,46,fake,0.6111111111111112,0.6888888888888889,0.8478260869565217,0.5389789246224068,1.25684369124088,0.990787087575249,0.023954480559161585
test/000075.mp4,000075,resnet50,clean,fake,True,38,48,fake,0.8378378378378378,0.723404255319149,0.5833333333333334,0.6227996482660896,1.1039960257388994,0.9911709365745386,0.022956721019330623
test/000075.mp4,000075,resnet50,jpeg_10,fake,True,38,48,fake,0.5945945945945946,0.723404255319149,0.5416666666666666,0.613422293412058,1.058043648654151,0.9911709365745386,0.022956721019330623
test/000075.mp4,000075,resnet50,jpeg_20,fake,True,38,48,fake,0.7837837837837838,0.723404255319149,0.5416666666666666,0.6294785643878736,1.0278368114062237,0.9911709365745386,0.022956721019330623
test/000075.mp4,000075,resnet50,jpeg_30,fake,True,38,48,fake,0.918918918918919,0.723404255319149,0.5833333333333334,0.6241978304950815,1.068916855037068,0.9911709365745386,0.022956721019330623
test/000075.mp4,000075,resnet50,jpeg_40,fake,True,38,48,fake,0.8108108108108109,0.723404255319149,0.625,0.6434065032946436,1.043216845035479,0.9911709365745386,0.022956721019330623
test/000075.mp4,000075,resnet50,jpeg_50,fake,True,38,48,fake,0.8918918918918919,0.723404255319149,0.6041666666666666,0.5915492929910359,1.142458418752197,0.9911709365745386,0.022956721019330623
test/000075.mp4,000075,resnet50,jpeg_60,fake,True,38,48,fake,0.7837837837837838,0.723404255319149,0.5833333333333334,0.6127026865356847,1.081239809821817,0.9911709365745386,0.022956721019330623
test/000075.mp4,000075,resnet50,jpeg_70,fake,True,38,48,fake,0.8378378378378378,0.723404255319149,0.5625,0.5940760679935154,1.1162356287093895,0.9911709365745386,0.022956721019330623
test/000075.mp4,000075,resnet50,jpeg_80,fake,True,38,48,fake,0.8378378378378378,0.723404255319149,0.5833333333333334,0.5947567373514175,1.1254786752557886,0.9911709365745386,0.022956721019330623
test/000075.mp4,000075,resnet50,jpeg_90,fake,True,38,48,fake,0.8648648648648649,0.723404255319149,0.5833333333333334,0.6231539916051062,1.0916903061079335,0.9911709365745386,0.022956721019330623
test/000075.mp4,000075,resnet50,jpeg_95,fake,True,38,48,fake,0.8378378378378378,0.723404255319149,0.5833333333333334,0.6162553194322085,1.1241930020253623,0.9911709365745386,0.022956721019330623
test/000075.mp4,000075,resnet50,h264_18_keepaudio,fake,True,38,48,fake,0.7297297297297297,0.723404255319149,0.5625,0.6275572243489718,1.0917147849779922,0.9911709365745386,0.022956721019330623
test/000075.mp4,000075,resnet50,h264_23_keepaudio,fake,True,38,48,fake,0.8378378378378378,0.723404255319149,0.5625,0.63079592271855,1.0848223137605926,0.9911709365745386,0.022956721019330623
test/000075.mp4,000075,resnet50,h264_28_keepaudio,fake,True,38,48,fake,0.918918918918919,0.723404255319149,0.5625,0.6106498845313725,1.123558681884355,0.9911709365745386,0.022956721019330623
test/000075.mp4,000075,resnet50,h264_33_keepaudio,fake,True,38,48,fake,0.7567567567567568,0.723404255319149,0.5833333333333334,0.5598931453729931,1.197421337868325,0.9911709365745386,0.022956721019330623
test/000075.mp4,000075,resnet50,h264_38_keepaudio,fake,True,38,48,fake,0.43243243243243246,0.723404255319149,0.6666666666666666,0.611040746695117,1.0836899276264207,0.9911709365745386,0.022956721019330623
test/000075.mp4,000075,resnet50,h264_43_keepaudio,fake,True,38,48,fake,0.5675675675675675,0.723404255319149,0.7916666666666666,0.5240617339548311,1.2803043519416577,0.9911709365745386,0.022956721019330623
test/000076.mp4,000076,resnet50,clean,real,True,21,24,fake,0.7,0.9130434782608695,0.4166666666666667,0.6045930527505421,1.1322091717832001,0.999997024734815,3.142289541430129e-05
test/000076.mp4,000076,resnet50,jpeg_10,real,True,21,24,fake,0.85,0.9130434782608695,0.16666666666666666,0.579962880838485,1.1515692594128086,0.999997024734815,3.142289541430129e-05
test/000076.mp4,000076,resnet50,jpeg_20,real,True,21,24,fake,0.55,0.9130434782608695,0.375,0.6435000413940066,1.0172784087580897,0.999997024734815,3.142289541430129e-05
test/000076.mp4,000076,resnet50,jpeg_30,real,True,21,24,fake,0.8,0.9130434782608695,0.4166666666666667,0.6488956255572182,1.0125421033520776,0.999997024734815,3.142289541430129e-05
test/000076.mp4,000076,resnet50,jpeg_40,real,True,21,24,fake,0.7,0.9130434782608695,0.4166666666666667,0.5602024907157535,1.1754691065653875,0.999997024734815,3.142289541430129e-05
test/000076.mp4,000076,resnet50,jpeg_50,real,True,21,24,fake,0.75,0.9130434782608695,0.375,0.6221782238710494,1.0595499677790035,0.999997024734815,3.142289541430129e-05
test/000076.mp4,000076,resnet50,jpeg_60,real,True,21,24,fake,0.85,0.9130434782608695,0.4583333333333333,0.6333590078921545,1.0757580045476456,0.999997024734815,3.142289541430129e-05
test/000076.mp4,000076,resnet50,jpeg_70,real,True,21,24,fake,0.75,0.9130434782608695,0.4583333333333333,0.6415464452334813,1.0199106983422377,0.999997024734815,3.142289541430129e-05
test/000076.mp4,000076,resnet50,jpeg_80,real,True,21,24,fake,0.65,0.9130434782608695,0.4166666666666667,0.6100025460833595,1.10145342883625,0.999997024734815,3.142289541430129e-05
test/000076.mp4,000076,resnet50,jpeg_90,real,True,21,24,fake,0.8,0.9130434782608695,0.4166666666666667,0.5863671075730097,1.1078286766333472,0.999997024734815,3.142289541430129e-05
test/000076.mp4,000076,resnet50,jpeg_95,real,True,21,24,fake,0.75,0.9130434782608695,0.375,0.6423712514695668,1.0409248009170828,0.999997024734815,3.142289541430129e-05
test/000076.mp4,000076,resnet50,h264_18_keepaudio,real,True,21,24,fake,0.75,0.9130434782608695,0.4166666666666667,0.6099253140744709,1.118600598624798,0.999997024734815,3.142289541430129e-05
test/000076.mp4,000076,resnet50,h264_23_keepaudio,real,True,21,24,fake,0.55,0.9130434782608695,0.375,0.5786108388787224,1.178858578528404,0.999997024734815,3.142289541430129e-05
test/000076.mp4,000076,resnet50,h264_28_keepaudio,real,True,21,24,fake,0.75,0.9130434782608695,0.25,0.6194613135996319,1.0695878855419805,0.999997024734815,3.142289541430129e-05
test/000076.mp4,000076,resnet50,h264_33_keepaudio,real,True,21,24,fake,0.8,0.9130434782608695,0.4166666666666667,0.6352353110199883,1.0238261259347832,0.999997024734815,3.142289541430129e-05
test/000076.mp4,000076,resnet50,h264_38_keepaudio,real,True,21,24,fake,0.55,0.9130434782608695,0.375,0.6493359860919771,1.0222607456655963,0.999997024734815,3.142289541430129e-05
test/000076.mp4,000076,resnet50,h264_43_keepaudio,real,True,21,24,fake,0.65,0.9130434782608695,0.5,0.6808272458258129,0.9491247883529016,0.999997024734815,3.142289541430129e-05
test/000077.mp4,000077,resnet50,clean,real,True,16,18,fake,0.5333333333333333,0.8235294117647058,0.5555555555555556,0.5846258364617825,1.1871284001107778,0.999911818239424,0.0007500703308170614
test/000077.mp4,000077,resnet50,jpeg_10,real,True,16,18,fake,0.8666666666666667,0.8235294117647058,0.5,0.645855201408267,0.9581104527846441,0.999911818239424,0.0007500703308170614
test/000077.mp4,000077,resnet50,jpeg_20,real,True,16,18,fake,0.6666666666666666,0.8235294117647058,0.5555555555555556,0.6851666402071714,0.9606828964277914,0.999911818239424,0.0007500703308170614
test/000077.mp4,000077,resnet50,jpeg_30,real,True,16,18,fake,0.9333333333333333,0.8235294117647058,0.4444444444444444,0.707369202747941,0.9622647579794985,0.999911818239424,0.0007500703308170614
test/000077.mp4,000077,resnet50,jpeg_40,real,True,16,18,fake,0.7333333333333333,0.8235294117647058,0.4444444444444444,0.6240208633244038,1.0498517859187448,0.999911818239424,0.0007500703308170614
test/000077.mp4,000077,resnet50,jpeg_50,real,True,16,18,fake,0.7333333333333333,0.8235294117647058,0.5555555555555556,0.6380975637584925,1.0546495143371168,0.999911818239424,0.0007500703308170614
test/000077.mp4,000077,resnet50,jpeg_60,real,True,16,18,fake,0.8,0.8235294117647058,0.6111111111111112,0.5864811986684799,1.1809393645553563,0.999911818239424,0.0007500703308170614
test/000077.mp4,000077,resnet50,jpeg_70,real,True,16,18,fake,0.7333333333333333,0.8235294117647058,0.5555555555555556,0.5826117470860481,1.1757375169551478,0.999911818239424,0.0007500703308170614
test/000077.mp4,000077,resnet50,jpeg_80,real,True,16,18,fake,0.6666666666666666,0.8235294117647058,0.6111111111111112,0.5733225382864475,1.1832514490742607,0.999911818239424,0.0007500703308170614
test/000077.mp4,000077,resnet50,jpeg_90,real,True,16,18,fake,0.7333333333333333,0.8235294117647058,0.7222222222222222,0.5663277264684439,1.202280176441964,0.999911818239424,0.0007500703308170614
test/000077.mp4,000077,resnet50,jpeg_95,real,True,16,18,fake,0.6666666666666666,0.8235294117647058,0.6666666666666666,0.5651091001927853,1.218534972629717,0.999911818239424,0.0007500703308170614
test/000077.mp4,000077,resnet50,h264_18_keepaudio,real,True,16,18,fake,0.8,0.8235294117647058,0.5,0.5797627940773964,1.1810874114001817,0.999911818239424,0.0007500703308170614
test/000077.mp4,000077,resnet50,h264_23_keepaudio,real,True,16,18,fake,0.7333333333333333,0.8235294117647058,0.4444444444444444,0.4989084303379059,1.2877703837644991,0.999911818239424,0.0007500703308170614
test/000077.mp4,000077,resnet50,h264_28_keepaudio,real,True,16,18,fake,0.9333333333333333,0.8235294117647058,0.4444444444444444,0.5349361747503281,1.2656234549554202,0.999911818239424,0.0007500703308170614
test/000077.mp4,000077,resnet50,h264_33_keepaudio,real,True,16,18,fake,0.9333333333333333,0.8235294117647058,0.4444444444444444,0.6374535765498877,1.0582277917204734,0.999911818239424,0.0007500703308170614
test/000077.mp4,000077,resnet50,h264_38_keepaudio,real,True,16,18,fake,0.8,0.8235294117647058,0.5555555555555556,0.5948552880436182,1.1000772537448116,0.999911818239424,0.0007500703308170614
test/000077.mp4,000077,resnet50,h264_43_keepaudio,real,True,16,18,fake,0.5333333333333333,0.8235294117647058,0.7777777777777778,0.6602325458079576,1.0006908692911882,0.999911818239424,0.0007500703308170614
test/000078.mp4,000078,resnet50,clean,fake,True,18,22,fake,0.7647058823529411,0.8095238095238095,0.5454545454545454,0.5639641880989075,1.1835011654207706,0.9984921731732108,0.008064162730506273
test/000078.mp4,000078,resnet50,jpeg_10,fake,True,18,22,fake,1.0,0.8095238095238095,0.45454545454545453,0.7314021007882224,0.7981255377935543,0.9984921731732108,0.008064162730506273
test/000078.mp4,000078,resnet50,jpeg_20,fake,True,18,22,fake,1.0,0.8095238095238095,0.45454545454545453,0.6934283094273673,0.9150056742309007,0.9984921731732108,0.008064162730506273
test/000078.mp4,000078,resnet50,jpeg_30,fake,True,18,22,fake,1.0,0.8095238095238095,0.45454545454545453,0.7147629509369532,0.9026895573375333,0.9984921731732108,0.008064162730506273
test/000078.mp4,000078,resnet50,jpeg_40,fake,True,18,22,fake,0.7647058823529411,0.8095238095238095,0.5454545454545454,0.6040019740660986,1.112768803208428,0.9984921731732108,0.008064162730506273
test/000078.mp4,000078,resnet50,jpeg_50,fake,True,18,22,fake,0.7647058823529411,0.8095238095238095,0.5,0.5962495861781968,1.1096166774794889,0.9984921731732108,0.008064162730506273
test/000078.mp4,000078,resnet50,jpeg_60,fake,True,18,22,fake,0.8235294117647058,0.8095238095238095,0.5,0.6164079258839289,1.0895307288886247,0.9984921731732108,0.008064162730506273
test/000078.mp4,000078,resnet50,jpeg_70,fake,True,18,22,fake,0.8823529411764706,0.8095238095238095,0.45454545454545453,0.6184971895482805,1.0791973234558379,0.9984921731732108,0.008064162730506273
test/000078.mp4,000078,resnet50,jpeg_80,fake,True,18,22,fake,0.8823529411764706,0.8095238095238095,0.5,0.59541683892409,1.1462365502556233,0.9984921731732108,0.008064162730506273
test/000078.mp4,000078,resnet50,jpeg_90,fake,True,18,22,fake,0.8235294117647058,0.8095238095238095,0.5,0.596348042289416,1.1236391869634557,0.9984921731732108,0.008064162730506273
test/000078.mp4,000078,resnet50,jpeg_95,fake,True,18,22,fake,0.8823529411764706,0.8095238095238095,0.5,0.5762928807073169,1.154751838378917,0.9984921731732108,0.008064162730506273
test/000078.mp4,000078,resnet50,h264_18_keepaudio,fake,True,18,22,fake,0.8235294117647058,0.8095238095238095,0.5454545454545454,0.594783784614669,1.1643565585605102,0.9984921731732108,0.008064162730506273
test/000078.mp4,000078,resnet50,h264_23_keepaudio,fake,True,18,22,fake,0.7058823529411765,0.8095238095238095,0.6818181818181818,0.5993605098790593,1.16184714115617,0.9984921731732108,0.008064162730506273
test/000078.mp4,000078,resnet50,h264_28_keepaudio,fake,True,18,22,fake,0.9411764705882353,0.8095238095238095,0.5,0.522588946753078,1.2385321309673294,0.9984921731732108,0.008064162730506273
test/000078.mp4,000078,resnet50,h264_33_keepaudio,fake,True,18,22,fake,0.7058823529411765,0.8095238095238095,0.5909090909090909,0.6220284634166293,1.0565133851288966,0.9984921731732108,0.008064162730506273
test/000078.mp4,000078,resnet50,h264_38_keepaudio,fake,True,18,22,fake,0.5294117647058824,0.8095238095238095,0.5909090909090909,0.5255338350931803,1.276064190943065,0.9984921731732108,0.008064162730506273
test/000078.mp4,000078,resnet50,h264_43_keepaudio,fake,True,18,22,fake,0.7058823529411765,0.8095238095238095,0.6818181818181818,0.5560802867015203,1.1281094183037654,0.9984921731732108,0.008064162730506273
test/000079.mp4,000079,resnet50,clean,fake,True,16,19,fake,0.8,0.7777777777777778,0.5789473684210527,0.6519472040235996,1.018835212019363,0.9976516083667153,0.011170810051780663
test/000079.mp4,000079,resnet50,jpeg_10,fake,True,16,19,fake,0.8666666666666667,0.7777777777777778,0.5263157894736842,0.6892339028418064,0.9157544541952816,0.9976516083667153,0.011170810051780663
test/000079.mp4,000079,resnet50,jpeg_20,fake,True,16,19,fake,0.9333333333333333,0.7777777777777778,0.5263157894736842,0.7006921488791704,0.9138553138536448,0.9976516083667153,0.011170810051780663
test/000079.mp4,000079,resnet50,jpeg_30,fake,True,16,19,fake,0.8,0.7777777777777778,0.631578947368421,0.7194814383983612,0.8747203328114046,0.9976516083667153,0.011170810051780663
test/000079.mp4,000079,resnet50,jpeg_40,fake,True,16,19,fake,0.9333333333333333,0.7777777777777778,0.5263157894736842,0.6267383173108101,1.0497468844251217,0.9976516083667153,0.011170810051780663
test/000079.mp4,000079,resnet50,jpeg_50,fake,True,16,19,fake,1.0,0.7777777777777778,0.5263157894736842,0.6660719774663448,0.9398467456220212,0.9976516083667153,0.011170810051780663
test/000079.mp4,000079,resnet50,jpeg_60,fake,True,16,19,fake,1.0,0.7777777777777778,0.5263157894736842,0.6549724787473679,1.004812725583084,0.9976516083667153,0.011170810051780663
test/000079.mp4,000079,resnet50,jpeg_70,fake,True,16,19,fake,0.8,0.7777777777777778,0.5789473684210527,0.6384300515055656,1.0290450884162112,0.9976516083667153,0.011170810051780663
test/000079.mp4,000079,resnet50,jpeg_80,fake,True,16,19,fake,0.8666666666666667,0.7777777777777778,0.5789473684210527,0.6372764781117439,1.0720469077447914,0.9976516083667153,0.011170810051780663
test/000079.mp4,000079,resnet50,jpeg_90,fake,True,16,19,fake,0.6666666666666666,0.7777777777777778,0.5789473684210527,0.690777974203229,0.9550831903689936,0.9976516083667153,0.011170810051780663
test/000079.mp4,000079,resnet50,jpeg_95,fake,True,16,19,fake,0.8,0.7777777777777778,0.5789473684210527,0.6577890738844872,1.0285985922496066,0.9976516083667153,0.011170810051780663
test/000079.mp4,000079,resnet50,h264_18_keepaudio,fake,True,16,19,fake,0.8666666666666667,0.7777777777777778,0.5789473684210527,0.6498195212334394,0.9871496598225165,0.9976516083667153,0.011170810051780663
test/000079.mp4,000079,resnet50,h264_23_keepaudio,fake,True,16,19,fake,0.8666666666666667,0.7777777777777778,0.5263157894736842,0.6360955834388733,1.0569211944898549,0.9976516083667153,0.011170810051780663
test/000079.mp4,000079,resnet50,h264_28_keepaudio,fake,True,16,19,fake,0.8,0.7777777777777778,0.5789473684210527,0.6699485462158918,1.0301731785919055,0.9976516083667153,0.011170810051780663
test/000079.mp4,000079,resnet50,h264_33_keepaudio,fake,True,16,19,fake,0.6666666666666666,0.7777777777777778,0.631578947368421,0.6144816037267447,1.1197908604651787,0.9976516083667153,0.011170810051780663
test/000079.mp4,000079,resnet50,h264_38_keepaudio,fake,True,16,19,fake,0.8666666666666667,0.7777777777777778,0.47368421052631576,0.5612164847552776,1.1491911733712403,0.9976516083667153,0.011170810051780663
test/000079.mp4,000079,resnet50,h264_43_keepaudio,fake,True,16,19,fake,0.6,0.7777777777777778,0.631578947368421,0.6274228822439909,1.0316578634077267,0.9976516083667153,0.011170810051780663
test/000080.mp4,000080,resnet50,clean,fake,True,18,22,fake,0.8235294117647058,0.8095238095238095,0.5,0.6854897605048286,0.9876132553277616,0.9985046549276873,0.007949768798528043
test/000080.mp4,000080,resnet50,jpeg_10,fake,True,18,22,fake,0.7058823529411765,0.8095238095238095,0.5454545454545454,0.7270138627953,0.8450198528554284,0.9985046549276873,0.007949768798528043
test/000080.mp4,000080,resnet50,jpeg_20,fake,True,18,22,fake,0.8235294117647058,0.8095238095238095,0.5,0.6781029221084383,0.9483904541874986,0.9985046549276873,0.007949768798528043
test/000080.mp4,000080,resnet50,jpeg_30,fake,True,18,22,fake,0.8235294117647058,0.8095238095238095,0.5,0.5954653537935681,1.07288972934081,0.9985046549276873,0.007949768798528043
test/000080.mp4,000080,resnet50,jpeg_40,fake,True,18,22,fake,0.8235294117647058,0.8095238095238095,0.5,0.6187851925690969,1.039786232445783,0.9985046549276873,0.007949768798528043
test/000080.mp4,000080,resnet50,jpeg_50,fake,True,18,22,fake,0.6470588235294118,0.8095238095238095,0.5454545454545454,0.5787149982319938,1.129997581663354,0.9985046549276873,0.007949768798528043
test/000080.mp4,000080,resnet50,jpeg_60,fake,True,18,22,fake,1.0,0.8095238095238095,0.45454545454545453,0.6380239890681373,1.0683821840638725,0.9985046549276873,0.007949768798528043
test/000080.mp4,000080,resnet50,jpeg_70,fake,True,18,22,fake,0.7647058823529411,0.8095238095238095,0.5,0.6818926731745402,0.9868350578034204,0.9985046549276873,0.007949768798528043
test/000080.mp4,000080,resnet50,jpeg_80,fake,True,18,22,fake,0.8235294117647058,0.8095238095238095,0.5454545454545454,0.5942713171243668,1.1544987332194827,0.9985046549276873,0.007949768798528043
test/000080.mp4,000080,resnet50,jpeg_90,fake,True,18,22,fake,1.0,0.8095238095238095,0.45454545454545453,0.6001280645529429,1.1456542960057408,0.9985046549276873,0.007949768798528043
test/000080.mp4,000080,resnet50,jpeg_95,fake,True,18,22,fake,0.6470588235294118,0.8095238095238095,0.5454545454545454,0.6344617025719749,1.0802227452829694,0.9985046549276873,0.007949768798528043
test/000080.mp4,000080,resnet50,h264_18_keepaudio,fake,True,18,22,fake,0.8823529411764706,0.8095238095238095,0.45454545454545453,0.6464109702242745,1.0357018114886944,0.9985046549276873,0.007949768798528043
test/000080.mp4,000080,resnet50,h264_23_keepaudio,fake,True,18,22,fake,0.8235294117647058,0.8095238095238095,0.5,0.6122003793716431,1.1543989485120978,0.9985046549276873,0.007949768798528043
test/000080.mp4,000080,resnet50,h264_28_keepaudio,fake,True,18,22,fake,0.7647058823529411,0.8095238095238095,0.5,0.6167354716195,1.1098392588548855,0.9985046549276873,0.007949768798528043
test/000080.mp4,000080,resnet50,h264_33_keepaudio,fake,True,18,22,fake,0.8823529411764706,0.8095238095238095,0.5454545454545454,0.5630148284965091,1.15097679062926,0.9985046549276873,0.007949768798528043
test/000080.mp4,000080,resnet50,h264_38_keepaudio,fake,True,18,22,fake,0.9411764705882353,0.8095238095238095,0.45454545454545453,0.617865554160542,1.033966750024096,0.9985046549276873,0.007949768798528043
test/000080.mp4,000080,resnet50,h264_43_keepaudio,fake,True,18,22,fake,0.6470588235294118,0.8095238095238095,0.6363636363636364,0.5400333023733563,1.271456909645457,0.9985046549276873,0.007949768798528043
test/000081.mp4,000081,resnet50,clean,real,True,34,42,fake,0.5454545454545454,0.7804878048780488,0.5952380952380952,0.5887435148744022,1.136782516343935,0.9999496071111589,0.0003611704503076191
test/000081.mp4,000081,resnet50,jpeg_10,real,True,33,42,fake,0.84375,0.7804878048780488,0.38095238095238093,0.6260027144894456,1.0603988381680853,0.9999496071111589,0.0003611704503076191
test/000081.mp4,000081,resnet50,jpeg_20,real,True,33,42,fake,0.75,0.7804878048780488,0.47619047619047616,0.6356332013101289,1.0253104570868552,0.9999496071111589,0.0003611704503076191
test/000081.mp4,000081,resnet50,jpeg_30,real,True,33,42,fake,0.5625,0.7804878048780488,0.5476190476190477,0.6255197073474075,1.0113952636430832,0.9999496071111589,0.0003611704503076191
test/000081.mp4,000081,resnet50,jpeg_40,real,True,34,42,fake,0.6060606060606061,0.7804878048780488,0.5238095238095238,0.6101280284278533,1.0984204592346924,0.9999496071111589,0.0003611704503076191
test/000081.mp4,000081,resnet50,jpeg_50,real,True,33,42,fake,0.625,0.7804878048780488,0.4523809523809524,0.6078378973585187,1.0764954319691167,0.9999496071111589,0.0003611704503076191
test/000081.mp4,000081,resnet50,jpeg_60,real,True,33,42,fake,0.53125,0.7804878048780488,0.6666666666666666,0.603872972907442,1.0814980976462265,0.9999496071111589,0.0003611704503076191
test/000081.mp4,000081,resnet50,jpeg_70,real,True,33,42,fake,0.65625,0.7804878048780488,0.5476190476190477,0.608427393617052,1.1332514179806135,0.9999496071111589,0.0003611704503076191
test/000081.mp4,000081,resnet50,jpeg_80,real,True,34,42,fake,0.6666666666666666,0.7804878048780488,0.6428571428571429,0.6080789224189871,1.1090017372023562,0.9999496071111589,0.0003611704503076191
test/000081.mp4,000081,resnet50,jpeg_90,real,True,33,42,fake,0.5625,0.7804878048780488,0.6190476190476191,0.6476035858645584,1.0626210168299715,0.9999496071111589,0.0003611704503076191
test/000081.mp4,000081,resnet50,jpeg_95,real,True,33,42,fake,0.71875,0.7804878048780488,0.5714285714285714,0.600694396279075,1.1085834273571296,0.9999496071111589,0.0003611704503076191
test/000081.mp4,000081,resnet50,h264_18_keepaudio,real,True,33,42,fake,0.75,0.7804878048780488,0.6190476190476191,0.6011641892519864,1.1239492594531098,0.9999496071111589,0.0003611704503076191
test/000081.mp4,000081,resnet50,h264_23_keepaudio,real,True,34,42,fake,0.7575757575757576,0.7804878048780488,0.5714285714285714,0.5949387611711726,1.1224945624198788,0.9999496071111589,0.0003611704503076191
test/000081.mp4,000081,resnet50,h264_28_keepaudio,real,True,33,42,fake,0.5625,0.7804878048780488,0.6428571428571429,0.6198206453612356,1.0804238170383182,0.9999496071111589,0.0003611704503076191
test/000081.mp4,000081,resnet50,h264_33_keepaudio,real,True,33,42,fake,0.71875,0.7804878048780488,0.5714285714285714,0.6040740473703905,1.0881641236619106,0.9999496071111589,0.0003611704503076191
test/000081.mp4,000081,resnet50,h264_38_keepaudio,real,True,33,42,fake,0.5625,0.7804878048780488,0.5714285714285714,0.6247082009459987,1.0474209608682137,0.9999496071111589,0.0003611704503076191
test/000081.mp4,000081,resnet50,h264_43_keepaudio,real,True,33,42,fake,0.65625,0.7804878048780488,0.35714285714285715,0.568992406129837,1.1433253561720387,0.9999496071111589,0.0003611704503076191
test/000082.mp4,000082,resnet50,clean,fake,True,37,47,fake,0.7777777777777778,0.782608695652174,0.574468085106383,0.568271242283486,1.1568439013879368,0.9981669542637277,0.007669862258691116
test/000082.mp4,000082,resnet50,jpeg_10,fake,True,38,47,fake,0.7567567567567568,0.782608695652174,0.40425531914893614,0.6359751318630419,1.0165545452051585,0.9981669542637277,0.007669862258691116
test/000082.mp4,000082,resnet50,jpeg_20,fake,True,38,47,fake,0.6756756756756757,0.782608695652174,0.5531914893617021,0.6245737750279275,1.0092895677320783,0.9981669542637277,0.007669862258691116
test/000082.mp4,000082,resnet50,jpeg_30,fake,True,37,47,fake,0.5277777777777778,0.782608695652174,0.574468085106383,0.5969484126245653,1.081962684611005,0.9981669542637277,0.007669862258691116
test/000082.mp4,000082,resnet50,jpeg_40,fake,True,37,47,fake,0.6944444444444444,0.782608695652174,0.5957446808510638,0.5878028499113547,1.1249404222624793,0.9981669542637277,0.007669862258691116
test/000082.mp4,000082,resnet50,jpeg_50,fake,True,37,47,fake,0.6388888888888888,0.782608695652174,0.5106382978723404,0.5725682458362064,1.1286468677689292,0.9981669542637277,0.007669862258691116
test/000082.mp4,000082,resnet50,jpeg_60,fake,True,37,47,fake,0.5833333333333334,0.782608695652174,0.5957446808510638,0.5847884521291062,1.1436544216101563,0.9981669542637277,0.007669862258691116
test/000082.mp4,000082,resnet50,jpeg_70,fake,True,38,47,fake,0.5675675675675675,0.782608695652174,0.5957446808510638,0.5611460969636315,1.1805812191567442,0.9981669542637277,0.007669862258691116
test/000082.mp4,000082,resnet50,jpeg_80,fake,True,37,47,fake,0.6111111111111112,0.782608695652174,0.6808510638297872,0.5815176029463072,1.1446159055507128,0.9981669542637277,0.007669862258691116
test/000082.mp4,000082,resnet50,jpeg_90,fake,True,37,47,fake,0.5,0.782608695652174,0.5957446808510638,0.5577076786273235,1.1670866100246746,0.9981669542637277,0.007669862258691116
test/000082.mp4,000082,resnet50,jpeg_95,fake,True,37,47,fake,0.6944444444444444,0.782608695652174,0.6170212765957447,0.5539369397872204,1.194483922146412,0.9981669542637277,0.007669862258691116
test/000082.mp4,000082,resnet50,h264_18_keepaudio,fake,True,37,47,fake,0.6666666666666666,0.782608695652174,0.6808510638297872,0.6097925700045921,1.1050037394338625,0.9981669542637277,0.007669862258691116
test/000082.mp4,000082,resnet50,h264_23_keepaudio,fake,True,37,47,fake,0.6388888888888888,0.782608695652174,0.5531914893617021,0.5715787829579534,1.1625603400132527,0.9981669542637277,0.007669862258691116
test/000082.mp4,000082,resnet50,h264_28_keepaudio,fake,True,37,47,fake,0.5277777777777778,0.782608695652174,0.5106382978723404,0.5937128348930462,1.092734069214141,0.9981669542637277,0.007669862258691116
test/000082.mp4,000082,resnet50,h264_33_keepaudio,fake,True,38,47,fake,0.6756756756756757,0.782608695652174,0.6808510638297872,0.5843912166984457,1.1487127307927345,0.9981669542637277,0.007669862258691116
test/000082.mp4,000082,resnet50,h264_38_keepaudio,fake,True,38,47,fake,0.40540540540540543,0.782608695652174,0.5106382978723404,0.6242645257397702,1.0646097926465956,0.9981669542637277,0.007669862258691116
test/000082.mp4,000082,resnet50,h264_43_keepaudio,fake,True,36,47,fake,0.7714285714285715,0.782608695652174,0.5319148936170213,0.5860753854115804,1.083577201502399,0.9981669542637277,0.007669862258691116
test/000083.mp4,000083,resnet50,clean,fake,True,34,43,fake,0.8181818181818182,0.7857142857142857,0.5581395348837209,0.5530046470025006,1.1865288000889826,0.9980116791503374,0.008281885188517147
test/000083.mp4,000083,resnet50,jpeg_10,fake,True,35,43,fake,0.8235294117647058,0.7857142857142857,0.32558139534883723,0.6689054386956351,0.9764954073297591,0.9980116791503374,0.008281885188517147
test/000083.mp4,000083,resnet50,jpeg_20,fake,True,35,43,fake,0.6470588235294118,0.7857142857142857,0.4418604651162791,0.624323741027287,1.0154849173370841,0.9980116791503374,0.008281885188517147
test/000083.mp4,000083,resnet50,jpeg_30,fake,True,34,43,fake,0.6060606060606061,0.7857142857142857,0.5116279069767442,0.5688938743927899,1.1242339018015346,0.9980116791503374,0.008281885188517147
test/000083.mp4,000083,resnet50,jpeg_40,fake,True,34,43,fake,0.5757575757575758,0.7857142857142857,0.6511627906976745,0.5874345039620119,1.1460215232422735,0.9980116791503374,0.008281885188517147
test/000083.mp4,000083,resnet50,jpeg_50,fake,True,34,43,fake,0.6060606060606061,0.7857142857142857,0.4883720930232558,0.5609233142698512,1.165703542190454,0.9980116791503374,0.008281885188517147
test/000083.mp4,000083,resnet50,jpeg_60,fake,True,34,43,fake,0.696969696969697,0.7857142857142857,0.5581395348837209,0.5727643125197467,1.1668414426519929,0.9980116791503374,0.008281885188517147
test/000083.mp4,000083,resnet50,jpeg_70,fake,True,35,43,fake,0.5882352941176471,0.7857142857142857,0.5581395348837209,0.5551253497600556,1.1922803707095129,0.9980116791503374,0.008281885188517147
test/000083.mp4,000083,resnet50,jpeg_80,fake,True,34,43,fake,0.5151515151515151,0.7857142857142857,0.627906976744186,0.5743965927292319,1.1429324529120275,0.9980116791503374,0.008281885188517147
test/000083.mp4,000083,resnet50,jpeg_90,fake,True,34,43,fake,0.6060606060606061,0.7857142857142857,0.5348837209302325,0.5368093296008951,1.2053803873565156,0.9980116791503374,0.008281885188517147
test/000083.mp4,000083,resnet50,jpeg_95,fake,True,34,43,fake,0.7878787878787878,0.7857142857142857,0.5813953488372093,0.5726659026216058,1.168370603334416,0.9980116791503374,0.008281885188517147
test/000083.mp4,000083,resnet50,h264_18_keepaudio,fake,True,34,43,fake,0.696969696969697,0.7857142857142857,0.6511627906976745,0.6067461450310314,1.1173154653492703,0.9980116791503374,0.008281885188517147
test/000083.mp4,000083,resnet50,h264_23_keepaudio,fake,True,34,43,fake,0.5757575757575758,0.7857142857142857,0.5116279069767442,0.5751427096479079,1.1536551400979909,0.9980116791503374,0.008281885188517147
test/000083.mp4,000083,resnet50,h264_28_keepaudio,fake,True,34,43,fake,0.48484848484848486,0.7857142857142857,0.4418604651162791,0.6091316447538488,1.0783959175812414,0.9980116791503374,0.008281885188517147
test/000083.mp4,000083,resnet50,h264_33_keepaudio,fake,True,35,43,fake,0.6176470588235294,0.7857142857142857,0.627906976744186,0.5599266111850738,1.178843917601203,0.9980116791503374,0.008281885188517147
test/000083.mp4,000083,resnet50,h264_38_keepaudio,fake,True,35,43,fake,0.4411764705882353,0.7857142857142857,0.4883720930232558,0.594295963219234,1.1494760346862976,0.9980116791503374,0.008281885188517147
test/000083.mp4,000083,resnet50,h264_43_keepaudio,fake,True,34,43,fake,0.6666666666666666,0.7857142857142857,0.4418604651162791,0.5511013243128272,1.1581161782468208,0.9980116791503374,0.008281885188517147
test/000084.mp4,000084,resnet50,clean,fake,True,35,45,fake,0.7647058823529411,0.75,0.6444444444444445,0.5582769726003919,1.1605268777680773,0.998085175620185,0.008014476298536057
test/000084.mp4,000084,resnet50,jpeg_10,fake,True,36,45,fake,0.8,0.75,0.4222222222222222,0.6636216441790262,0.9708512389061634,0.998085175620185,0.008014476298536057
test/000084.mp4,000084,resnet50,jpeg_20,fake,True,36,45,fake,0.6571428571428571,0.75,0.6,0.6309031421939532,1.001622795365844,0.998085175620185,0.008014476298536057
test/000084.mp4,000084,resnet50,jpeg_30,fake,True,35,45,fake,0.6176470588235294,0.75,0.6222222222222222,0.5924208487783159,1.0692017723578946,0.998085175620185,0.008014476298536057
test/000084.mp4,000084,resnet50,jpeg_40,fake,True,35,45,fake,0.6470588235294118,0.75,0.6888888888888889,0.5981265911034175,1.123980604438295,0.998085175620185,0.008014476298536057
test/000084.mp4,000084,resnet50,jpeg_50,fake,True,35,45,fake,0.5294117647058824,0.75,0.5777777777777777,0.5733149681772505,1.1346050624100157,0.998085175620185,0.008014476298536057
test/000084.mp4,000084,resnet50,jpeg_60,fake,True,35,45,fake,0.6764705882352942,0.75,0.6444444444444445,0.5718016684055328,1.1766249287523947,0.998085175620185,0.008014476298536057
test/000084.mp4,000084,resnet50,jpeg_70,fake,True,36,45,fake,0.5428571428571428,0.75,0.6222222222222222,0.5494040648142496,1.1893245429784192,0.998085175620185,0.008014476298536057
test/000084.mp4,000084,resnet50,jpeg_80,fake,True,35,45,fake,0.6176470588235294,0.75,0.6888888888888889,0.5543681280953544,1.1762183011023803,0.998085175620185,0.008014476298536057
test/000084.mp4,000084,resnet50,jpeg_90,fake,True,35,45,fake,0.5,0.75,0.5777777777777777,0.5507260952677046,1.1731357431720244,0.998085175620185,0.008014476298536057
test/000084.mp4,000084,resnet50,jpeg_95,fake,True,35,45,fake,0.6470588235294118,0.75,0.6,0.5620972216129303,1.1849053365464894,0.998085175620185,0.008014476298536057
test/000084.mp4,000084,resnet50,h264_18_keepaudio,fake,True,35,45,fake,0.6470588235294118,0.75,0.6444444444444445,0.6092715842383248,1.096551214329993,0.998085175620185,0.008014476298536057
test/000084.mp4,000084,resnet50,h264_23_keepaudio,fake,True,35,45,fake,0.47058823529411764,0.75,0.5777777777777777,0.6047125611986433,1.1013121751430113,0.998085175620185,0.008014476298536057
test/000084.mp4,000084,resnet50,h264_28_keepaudio,fake,True,35,45,fake,0.5882352941176471,0.75,0.5111111111111111,0.6081214691911425,1.0911895280925006,0.998085175620185,0.008014476298536057
test/000084.mp4,000084,resnet50,h264_33_keepaudio,fake,True,36,45,fake,0.6571428571428571,0.75,0.6666666666666666,0.5848704725503922,1.1399313566467784,0.998085175620185,0.008014476298536057
test/000084.mp4,000084,resnet50,h264_38_keepaudio,fake,True,36,45,fake,0.3142857142857143,0.75,0.5555555555555556,0.6100820410582755,1.1002384962827767,0.998085175620185,0.008014476298536057
test/000084.mp4,000084,resnet50,h264_43_keepaudio,fake,True,35,45,fake,0.7352941176470589,0.75,0.5111111111111111,0.6161807766982488,1.0159879954804716,0.998085175620185,0.008014476298536057
test/000085.mp4,000085,resnet50,clean,fake,True,34,43,fake,0.7878787878787878,0.7380952380952381,0.5813953488372093,0.5432343886179083,1.1969648866687668,0.9980343982230785,0.008101708122104834
test/000085.mp4,000085,resnet50,jpeg_10,fake,True,35,43,fake,0.7941176470588235,0.7380952380952381,0.32558139534883723,0.6648897809641702,0.9552867903290165,0.9980343982230785,0.008101708122104834
test/000085.mp4,000085,resnet50,jpeg_20,fake,True,35,43,fake,0.7058823529411765,0.7380952380952381,0.5581395348837209,0.5958638335977282,1.0740115018625118,0.9980343982230785,0.008101708122104834
test/000085.mp4,000085,resnet50,jpeg_30,fake,True,34,43,fake,0.5757575757575758,0.7380952380952381,0.5581395348837209,0.5464914230739369,1.164572706037241,0.9980343982230785,0.008101708122104834
test/000085.mp4,000085,resnet50,jpeg_40,fake,True,34,43,fake,0.6363636363636364,0.7380952380952381,0.627906976744186,0.5751659607186037,1.1540457263888104,0.9980343982230785,0.008101708122104834
test/000085.mp4,000085,resnet50,jpeg_50,fake,True,34,43,fake,0.5454545454545454,0.7380952380952381,0.5348837209302325,0.540559849318336,1.2014855244066514,0.9980343982230785,0.008101708122104834
test/000085.mp4,000085,resnet50,jpeg_60,fake,True,34,43,fake,0.6666666666666666,0.7380952380952381,0.627906976744186,0.5480891080463633,1.2034209908845872,0.9980343982230785,0.008101708122104834
test/000085.mp4,000085,resnet50,jpeg_70,fake,True,35,43,fake,0.6176470588235294,0.7380952380952381,0.5581395348837209,0.5487820829663957,1.2130493778623463,0.9980343982230785,0.008101708122104834
test/000085.mp4,000085,resnet50,jpeg_80,fake,True,34,43,fake,0.5454545454545454,0.7380952380952381,0.6511627906976745,0.5525681315099492,1.1942762286155297,0.9980343982230785,0.008101708122104834
test/000085.mp4,000085,resnet50,jpeg_90,fake,True,34,43,fake,0.5151515151515151,0.7380952380952381,0.5581395348837209,0.5109374628347509,1.2480478596940565,0.9980343982230785,0.008101708122104834
test/000085.mp4,000085,resnet50,jpeg_95,fake,True,34,43,fake,0.696969696969697,0.7380952380952381,0.5813953488372093,0.5477600798887365,1.201118967166156,0.9980343982230785,0.008101708122104834
test/000085.mp4,000085,resnet50,h264_18_keepaudio,fake,True,34,43,fake,0.6666666666666666,0.7380952380952381,0.6744186046511628,0.5782883491586236,1.1592159880511015,0.9980343982230785,0.008101708122104834
test/000085.mp4,000085,resnet50,h264_23_keepaudio,fake,True,34,43,fake,0.5757575757575758,0.7380952380952381,0.627906976744186,0.5534839358399896,1.2016870592867495,0.9980343982230785,0.008101708122104834
test/000085.mp4,000085,resnet50,h264_28_keepaudio,fake,True,34,43,fake,0.48484848484848486,0.7380952380952381,0.4883720930232558,0.5792134746032602,1.1443302546271656,0.9980343982230785,0.008101708122104834
test/000085.mp4,000085,resnet50,h264_33_keepaudio,fake,True,35,43,fake,0.7058823529411765,0.7380952380952381,0.6744186046511628,0.5958024237837111,1.1365051201275607,0.9980343982230785,0.008101708122104834
test/000085.mp4,000085,resnet50,h264_38_keepaudio,fake,True,35,43,fake,0.4117647058823529,0.7380952380952381,0.5813953488372093,0.6396105945110321,1.023008248619264,0.9980343982230785,0.008101708122104834
test/000085.mp4,000085,resnet50,h264_43_keepaudio,fake,True,34,43,fake,0.696969696969697,0.7380952380952381,0.5348837209302325,0.5368086853448082,1.1771123605045186,0.9980343982230785,0.008101708122104834
test/000086.mp4,000086,resnet50,clean,fake,True,33,42,fake,0.6875,0.7804878048780488,0.6190476190476191,0.5562112891312802,1.1969699477932103,0.9979875981807709,0.008294605929268747
test/000086.mp4,000086,resnet50,jpeg_10,fake,True,34,42,fake,0.7272727272727273,0.7804878048780488,0.3333333333333333,0.668924506096279,0.9464023093477584,0.9979875981807709,0.008294605929268747
test/000086.mp4,000086,resnet50,jpeg_20,fake,True,34,42,fake,0.6363636363636364,0.7804878048780488,0.5476190476190477,0.627486973124392,1.009035339286017,0.9979875981807709,0.008294605929268747
test/000086.mp4,000086,resnet50,jpeg_30,fake,True,33,42,fake,0.5,0.7804878048780488,0.5476190476190477,0.574210426121047,1.1422933657660495,0.9979875981807709,0.008294605929268747
test/000086.mp4,000086,resnet50,jpeg_40,fake,True,33,42,fake,0.5,0.7804878048780488,0.6904761904761905,0.5315240197109453,1.2544886201467362,0.9979875981807709,0.008294605929268747
test/000086.mp4,000086,resnet50,jpeg_50,fake,True,33,42,fake,0.59375,0.7804878048780488,0.42857142857142855,0.5725202786199974,1.1516855620001223,0.9979875981807709,0.008294605929268747
test/000086.mp4,000086,resnet50,jpeg_60,fake,True,33,42,fake,0.625,0.7804878048780488,0.6190476190476191,0.5459221565362179,1.2143574151898358,0.9979875981807709,0.008294605929268747
test/000086.mp4,000086,resnet50,jpeg_70,fake,True,34,42,fake,0.5757575757575758,0.7804878048780488,0.5714285714285714,0.554388181251638,1.2253710183815218,0.9979875981807709,0.008294605929268747
test/000086.mp4,000086,resnet50,jpeg_80,fake,True,33,42,fake,0.5625,0.7804878048780488,0.6428571428571429,0.5642092598207069,1.1929506178031237,0.9979875981807709,0.008294605929268747
test/000086.mp4,000086,resnet50,jpeg_90,fake,True,33,42,fake,0.5625,0.7804878048780488,0.5952380952380952,0.5332290087685441,1.239327897623239,0.9979875981807709,0.008294605929268747
test/000086.mp4,000086,resnet50,jpeg_95,fake,True,33,42,fake,0.59375,0.7804878048780488,0.6190476190476191,0.532550306934299,1.2523662417143666,0.9979875981807709,0.008294605929268747
test/000086.mp4,000086,resnet50,h264_18_keepaudio,fake,True,33,42,fake,0.625,0.7804878048780488,0.6666666666666666,0.621288664413221,1.1191732871570286,0.9979875981807709,0.008294605929268747
test/000086.mp4,000086,resnet50,h264_23_keepaudio,fake,True,33,42,fake,0.5625,0.7804878048780488,0.5476190476190477,0.5857019731492707,1.143533575989428,0.9979875981807709,0.008294605929268747
test/000086.mp4,000086,resnet50,h264_28_keepaudio,fake,True,33,42,fake,0.40625,0.7804878048780488,0.47619047619047616,0.5835054173614039,1.1491263253611734,0.9979875981807709,0.008294605929268747
test/000086.mp4,000086,resnet50,h264_33_keepaudio,fake,True,34,42,fake,0.5757575757575758,0.7804878048780488,0.6904761904761905,0.6027752984972561,1.1020817858813956,0.9979875981807709,0.008294605929268747
test/000086.mp4,000086,resnet50,h264_38_keepaudio,fake,True,34,42,fake,0.45454545454545453,0.7804878048780488,0.5238095238095238,0.5803504042765674,1.146032819742512,0.9979875981807709,0.008294605929268747
test/000086.mp4,000086,resnet50,h264_43_keepaudio,fake,True,33,42,fake,0.75,0.7804878048780488,0.47619047619047616,0.570734289559451,1.1360278619942588,0.9979875981807709,0.008294605929268747
test/000087.mp4,000087,resnet50,clean,fake,True,34,43,fake,0.7272727272727273,0.7619047619047619,0.5813953488372093,0.5327421628377017,1.2263404207505733,0.99803386316743,0.008107960121160523
test/000087.mp4,000087,resnet50,jpeg_10,fake,True,35,43,fake,0.7647058823529411,0.7619047619047619,0.32558139534883723,0.6376709571906498,0.9865505250605145,0.99803386316743,0.008107960121160523
test/000087.mp4,000087,resnet50,jpeg_20,fake,True,35,43,fake,0.6470588235294118,0.7619047619047619,0.5581395348837209,0.5877835673945291,1.093890486687486,0.99803386316743,0.008107960121160523
test/000087.mp4,000087,resnet50,jpeg_30,fake,True,34,43,fake,0.6060606060606061,0.7619047619047619,0.5813953488372093,0.5692686780410654,1.1258882711421818,0.99803386316743,0.008107960121160523
test/000087.mp4,000087,resnet50,jpeg_40,fake,True,34,43,fake,0.5454545454545454,0.7619047619047619,0.6511627906976745,0.585507316624417,1.1447631046630418,0.99803386316743,0.008107960121160523
test/000087.mp4,000087,resnet50,jpeg_50,fake,True,34,43,fake,0.5151515151515151,0.7619047619047619,0.5348837209302325,0.5700694296289893,1.1578908874502636,0.99803386316743,0.008107960121160523
test/000087.mp4,000087,resnet50,jpeg_60,fake,True,34,43,fake,0.5454545454545454,0.7619047619047619,0.627906976744186,0.5703357870087904,1.1791655052865213,0.99803386316743,0.008107960121160523
test/000087.mp4,000087,resnet50,jpeg_70,fake,True,35,43,fake,0.5,0.7619047619047619,0.5813953488372093,0.5666353847299304,1.1841561862162717,0.99803386316743,0.008107960121160523
test/000087.mp4,000087,resnet50,jpeg_80,fake,True,34,43,fake,0.5757575757575758,0.7619047619047619,0.6511627906976745,0.5463465425898048,1.2086168663005432,0.99803386316743,0.008107960121160523
test/000087.mp4,000087,resnet50,jpeg_90,fake,True,34,43,fake,0.3939393939393939,0.7619047619047619,0.5813953488372093,0.5426966959939283,1.221961799722384,0.99803386316743,0.008107960121160523
test/000087.mp4,000087,resnet50,jpeg_95,fake,True,34,43,fake,0.6060606060606061,0.7619047619047619,0.627906976744186,0.5446779657812679,1.2160901920275684,0.99803386316743,0.008107960121160523
test/000087.mp4,000087,resnet50,h264_18_keepaudio,fake,True,34,43,fake,0.5454545454545454,0.7619047619047619,0.6744186046511628,0.5892554355018279,1.1695938269740567,0.99803386316743,0.008107960121160523
test/000087.mp4,000087,resnet50,h264_23_keepaudio,fake,True,34,43,fake,0.5454545454545454,0.7619047619047619,0.5581395348837209,0.5950802985359641,1.1314850665143004,0.99803386316743,0.008107960121160523
test/000087.mp4,000087,resnet50,h264_28_keepaudio,fake,True,34,43,fake,0.42424242424242425,0.7619047619047619,0.46511627906976744,0.5986737854340497,1.096530966919138,0.99803386316743,0.008107960121160523
test/000087.mp4,000087,resnet50,h264_33_keepaudio,fake,True,35,43,fake,0.6470588235294118,0.7619047619047619,0.6976744186046512,0.599900997536523,1.1293200039099351,0.99803386316743,0.008107960121160523
test/000087.mp4,000087,resnet50,h264_38_keepaudio,fake,True,35,43,fake,0.4411764705882353,0.7619047619047619,0.5581395348837209,0.6488287951265063,1.0067694073193183,0.99803386316743,0.008107960121160523
test/000087.mp4,000087,resnet50,h264_43_keepaudio,fake,True,34,43,fake,0.696969696969697,0.7619047619047619,0.4883720930232558,0.5635844600551269,1.1315741301045161,0.99803386316743,0.008107960121160523
test/000088.mp4,000088,resnet50,clean,real,True,17,22,fake,0.6875,0.5714285714285714,0.5454545454545454,0.5575716653290916,1.1995562691809616,0.9828693785450675,0.046711062378416913
test/000088.mp4,000088,resnet50,jpeg_10,real,True,16,22,fake,0.6666666666666666,0.5714285714285714,0.6818181818181818,0.5695579592138529,1.1824247190156125,0.9828693785450675,0.046711062378416913
test/000088.mp4,000088,resnet50,jpeg_20,real,True,15,22,fake,0.7142857142857143,0.5714285714285714,0.5909090909090909,0.5716801365216573,1.177895111757014,0.9828693785450675,0.046711062378416913
test/000088.mp4,000088,resnet50,jpeg_30,real,True,17,22,fake,0.8125,0.5714285714285714,0.5,0.5503172506304348,1.173192191144828,0.9828693785450675,0.046711062378416913
test/000088.mp4,000088,resnet50,jpeg_40,real,True,16,22,fake,0.8,0.5714285714285714,0.4090909090909091,0.5668437127023935,1.1533898863341516,0.9828693785450675,0.046711062378416913
test/000088.mp4,000088,resnet50,jpeg_50,real,True,16,22,fake,0.4666666666666667,0.5714285714285714,0.6363636363636364,0.5538460034877062,1.1834943398873894,0.9828693785450675,0.046711062378416913
test/000088.mp4,000088,resnet50,jpeg_60,real,True,16,22,fake,0.6,0.5714285714285714,0.45454545454545453,0.5639592967927456,1.2061148754516346,0.9828693785450675,0.046711062378416913
test/000088.mp4,000088,resnet50,jpeg_70,real,True,16,22,fake,0.8666666666666667,0.5714285714285714,0.5454545454545454,0.5439101867377758,1.222282641299646,0.9828693785450675,0.046711062378416913
test/000088.mp4,000088,resnet50,jpeg_80,real,True,17,22,fake,0.75,0.5714285714285714,0.5909090909090909,0.55395448383163,1.206823982299349,0.9828693785450675,0.046711062378416913
test/000088.mp4,000088,resnet50,jpeg_90,real,True,17,22,fake,0.625,0.5714285714285714,0.6818181818181818,0.5688100877930137,1.1833887884581036,0.9828693785450675,0.046711062378416913
test/000088.mp4,000088,resnet50,jpeg_95,real,True,17,22,fake,0.8125,0.5714285714285714,0.6363636363636364,0.5613502544515273,1.2002720620229996,0.9828693785450675,0.046711062378416913
test/000088.mp4,000088,resnet50,h264_18_keepaudio,real,True,16,22,fake,0.6,0.5714285714285714,0.5,0.5679055452346802,1.2009133411311423,0.9828693785450675,0.046711062378416913
test/000088.mp4,000088,resnet50,h264_23_keepaudio,real,True,17,22,fake,0.625,0.5714285714285714,0.45454545454545453,0.533163358183468,1.246227361691947,0.9828693785450675,0.046711062378416913
test/000088.mp4,000088,resnet50,h264_28_keepaudio,real,True,17,22,fake,0.6875,0.5714285714285714,0.5,0.5946883594288546,1.0994855117537357,0.9828693785450675,0.046711062378416913
test/000088.mp4,000088,resnet50,h264_33_keepaudio,real,True,17,22,fake,0.375,0.5714285714285714,0.5909090909090909,0.6044101048918331,1.1320470051788,0.9828693785450675,0.046711062378416913
test/000088.mp4,000088,resnet50,h264_38_keepaudio,real,True,15,22,fake,0.5714285714285714,0.5714285714285714,0.7727272727272727,0.5858045220375061,1.1657337848830942,0.9828693785450675,0.046711062378416913
test/000088.mp4,000088,resnet50,h264_43_keepaudio,real,True,15,22,fake,0.5,0.5714285714285714,0.6363636363636364,0.4867669403553009,1.2440216003019093,0.9828693785450675,0.046711062378416913
test/000089.mp4,000089,resnet50,clean,fake,True,19,25,fake,0.7777777777777778,0.625,0.6,0.5314218417594307,1.2464869647671584,0.9982251405715943,0.008401376125267092
test/000089.mp4,000089,resnet50,jpeg_10,fake,True,18,25,fake,0.8235294117647058,0.625,0.52,0.6982457025183572,0.8772000294504274,0.9982251405715943,0.008401376125267092
test/000089.mp4,000089,resnet50,jpeg_20,fake,True,19,25,fake,0.7222222222222222,0.625,0.68,0.6522146071258345,0.9763495500412339,0.9982251405715943,0.008401376125267092
test/000089.mp4,000089,resnet50,jpeg_30,fake,True,19,25,fake,0.6666666666666666,0.625,0.6,0.6639957506405679,0.9773757981130536,0.9982251405715943,0.008401376125267092
test/000089.mp4,000089,resnet50,jpeg_40,fake,True,18,25,fake,0.8823529411764706,0.625,0.52,0.5773319370216794,1.17829426035963,0.9982251405715943,0.008401376125267092
test/000089.mp4,000089,resnet50,jpeg_50,fake,True,19,25,fake,0.8888888888888888,0.625,0.44,0.5787424711804641,1.1632062375493128,0.9982251405715943,0.008401376125267092
test/000089.mp4,000089,resnet50,jpeg_60,fake,True,18,25,fake,0.8235294117647058,0.625,0.72,0.5538939038912455,1.20589756818943,0.9982251405715943,0.008401376125267092
test/000089.mp4,000089,resnet50,jpeg_70,fake,True,18,25,fake,0.5882352941176471,0.625,0.72,0.5580326020717621,1.241156095637179,0.9982251405715943,0.008401376125267092
test/000089.mp4,000089,resnet50,jpeg_80,fake,True,19,25,fake,0.7222222222222222,0.625,0.64,0.6162861789527693,1.116992382657411,0.9982251405715943,0.008401376125267092
test/000089.mp4,000089,resnet50,jpeg_90,fake,True,17,25,fake,0.875,0.625,0.6,0.5822392018402324,1.1882392579128997,0.9982251405715943,0.008401376125267092
test/000089.mp4,000089,resnet50,jpeg_95,fake,True,19,25,fake,0.7777777777777778,0.625,0.64,0.5102990630425905,1.2857728910568529,0.9982251405715943,0.008401376125267092
test/000089.mp4,000089,resnet50,h264_18_keepaudio,fake,True,18,25,fake,0.8823529411764706,0.625,0.6,0.5882545726166831,1.1485117550756856,0.9982251405715943,0.008401376125267092
test/000089.mp4,000089,resnet50,h264_23_keepaudio,fake,True,18,25,fake,0.7647058823529411,0.625,0.56,0.5251613159974416,1.2640067430753759,0.9982251405715943,0.008401376125267092
test/000089.mp4,000089,resnet50,h264_28_keepaudio,fake,True,17,25,fake,0.8125,0.625,0.56,0.5584685855052051,1.1877734657932582,0.9982251405715943,0.008401376125267092
test/000089.mp4,000089,resnet50,h264_33_keepaudio,fake,True,17,25,fake,0.5625,0.625,0.64,0.5128266899024739,1.3125387959029398,0.9982251405715943,0.008401376125267092
test/000089.mp4,000089,resnet50,h264_38_keepaudio,fake,True,17,25,fake,0.6875,0.625,0.84,0.54313504169969,1.2323926646920362,0.9982251405715943,0.008401376125267092
test/000089.mp4,000089,resnet50,h264_43_keepaudio,fake,True,19,25,fake,0.7222222222222222,0.625,0.48,0.5953932435888993,1.1272723006874819,0.9982251405715943,0.008401376125267092
test/000090.mp4,000090,resnet50,clean,fake,True,16,23,fake,0.7333333333333333,0.6363636363636364,0.6956521739130435,0.571814788505435,1.156735171449249,0.9931175708770752,0.01922380654577926
test/000090.mp4,000090,resnet50,jpeg_10,fake,True,15,23,fake,0.6428571428571429,0.6363636363636364,0.6086956521739131,0.6920496662457783,0.9636270219324358,0.9931175708770752,0.01922380654577926
test/000090.mp4,000090,resnet50,jpeg_20,fake,True,15,23,fake,0.7142857142857143,0.6363636363636364,0.5652173913043478,0.6188044428825379,1.0782589628564871,0.9931175708770752,0.01922380654577926
test/000090.mp4,000090,resnet50,jpeg_30,fake,True,16,23,fake,0.7333333333333333,0.6363636363636364,0.4782608695652174,0.6717661116272211,0.9981955637176101,0.9931175708770752,0.01922380654577926
test/000090.mp4,000090,resnet50,jpeg_40,fake,True,15,23,fake,0.7857142857142857,0.6363636363636364,0.7391304347826086,0.6515681902567546,1.0343309017509605,0.9931175708770752,0.01922380654577926
test/000090.mp4,000090,resnet50,jpeg_50,fake,True,15,23,fake,0.7857142857142857,0.6363636363636364,0.4782608695652174,0.5885290960470836,1.1164271252216698,0.9931175708770752,0.01922380654577926
test/000090.mp4,000090,resnet50,jpeg_60,fake,True,15,23,fake,0.7857142857142857,0.6363636363636364,0.8260869565217391,0.5395608802636465,1.1941688761817308,0.9931175708770752,0.01922380654577926
test/000090.mp4,000090,resnet50,jpeg_70,fake,True,15,23,fake,0.7142857142857143,0.6363636363636364,0.7391304347826086,0.6059340914090474,1.1265364799405744,0.9931175708770752,0.01922380654577926
test/000090.mp4,000090,resnet50,jpeg_80,fake,True,15,23,fake,0.7142857142857143,0.6363636363636364,0.7391304347826086,0.564228759209315,1.1638202459043108,0.9931175708770752,0.01922380654577926
test/000090.mp4,000090,resnet50,jpeg_90,fake,True,16,23,fake,0.8666666666666667,0.6363636363636364,0.6086956521739131,0.5501639284193516,1.2051346192932224,0.9931175708770752,0.01922380654577926
test/000090.mp4,000090,resnet50,jpeg_95,fake,True,15,23,fake,0.7857142857142857,0.6363636363636364,0.7391304347826086,0.5768258492151896,1.1421177270168525,0.9931175708770752,0.01922380654577926
test/000090.mp4,000090,resnet50,h264_18_keepaudio,fake,True,15,23,fake,0.7857142857142857,0.6363636363636364,0.6956521739130435,0.6060836474100749,1.100594418860744,0.9931175708770752,0.01922380654577926
test/000090.mp4,000090,resnet50,h264_23_keepaudio,fake,True,15,23,fake,0.7857142857142857,0.6363636363636364,0.4782608695652174,0.5720358769098918,1.1887667854038275,0.9931175708770752,0.01922380654577926
test/000090.mp4,000090,resnet50,h264_28_keepaudio,fake,True,16,23,fake,0.9333333333333333,0.6363636363636364,0.5217391304347826,0.5381582770496607,1.2448921785319458,0.9931175708770752,0.01922380654577926
test/000090.mp4,000090,resnet50,h264_33_keepaudio,fake,True,16,23,fake,0.7333333333333333,0.6363636363636364,0.5652173913043478,0.5469423197209835,1.238373460155183,0.9931175708770752,0.01922380654577926
test/000090.mp4,000090,resnet50,h264_38_keepaudio,fake,True,16,23,fake,0.7333333333333333,0.6363636363636364,0.6521739130434783,0.5223455466330051,1.267696652906972,0.9931175708770752,0.01922380654577926
test/000090.mp4,000090,resnet50,h264_43_keepaudio,fake,True,13,23,fake,0.5,0.6363636363636364,0.5217391304347826,0.5476899559681232,1.1982156148003293,0.9931175708770752,0.01922380654577926
test/000091.mp4,000091,resnet50,clean,fake,True,17,25,fake,0.8125,0.625,0.56,0.55006824872073,1.2104457430092699,0.9982251405715943,0.008401376125267092
test/000091.mp4,000091,resnet50,jpeg_10,fake,True,18,25,fake,0.8823529411764706,0.625,0.56,0.625287350681093,1.022930855869993,0.9982251405715943,0.008401376125267092
test/000091.mp4,000091,resnet50,jpeg_20,fake,True,17,25,fake,0.9375,0.625,0.44,0.6152517620254966,1.1052402942257356,0.9982251405715943,0.008401376125267092
test/000091.mp4,000091,resnet50,jpeg_30,fake,True,18,25,fake,0.6470588235294118,0.625,0.6,0.6171598103311327,1.1050322332226936,0.9982251405715943,0.008401376125267092
test/000091.mp4,000091,resnet50,jpeg_40,fake,True,18,25,fake,0.7647058823529411,0.625,0.56,0.5989856074253718,1.1514040168484416,0.9982251405715943,0.008401376125267092
test/000091.mp4,000091,resnet50,jpeg_50,fake,True,18,25,fake,0.8235294117647058,0.625,0.56,0.5990764250357946,1.1152249122802227,0.9982251405715943,0.008401376125267092
test/000091.mp4,000091,resnet50,jpeg_60,fake,True,18,25,fake,0.7647058823529411,0.625,0.6,0.5788475705517663,1.1624223921540966,0.9982251405715943,0.008401376125267092
test/000091.mp4,000091,resnet50,jpeg_70,fake,True,18,25,fake,0.7647058823529411,0.625,0.56,0.5958881792094972,1.168033550805161,0.9982251405715943,0.008401376125267092
test/000091.mp4,000091,resnet50,jpeg_80,fake,True,18,25,fake,0.6470588235294118,0.625,0.64,0.5259424630138609,1.2539169146588014,0.9982251405715943,0.008401376125267092
test/000091.mp4,000091,resnet50,jpeg_90,fake,True,17,25,fake,0.75,0.625,0.56,0.5420129719902488,1.2377082190260726,0.9982251405715943,0.008401376125267092
test/000091.mp4,000091,resnet50,jpeg_95,fake,True,17,25,fake,0.75,0.625,0.56,0.5699343576150782,1.2032930765400245,0.9982251405715943,0.008401376125267092
test/000091.mp4,000091,resnet50,h264_18_keepaudio,fake,True,18,25,fake,0.6470588235294118,0.625,0.6,0.5202565226289961,1.2677354659068163,0.9982251405715943,0.008401376125267092
test/000091.mp4,000091,resnet50,h264_23_keepaudio,fake,True,18,25,fake,0.7058823529411765,0.625,0.72,0.5258545610639784,1.2589590733952896,0.9982251405715943,0.008401376125267092
test/000091.mp4,000091,resnet50,h264_28_keepaudio,fake,True,17,25,fake,0.8125,0.625,0.68,0.5114268117091235,1.2966095248844085,0.9982251405715943,0.008401376125267092
test/000091.mp4,000091,resnet50,h264_33_keepaudio,fake,True,18,25,fake,0.7058823529411765,0.625,0.6,0.5839505361186134,1.1630070879650132,0.9982251405715943,0.008401376125267092
test/000091.mp4,000091,resnet50,h264_38_keepaudio,fake,True,16,25,fake,0.3333333333333333,0.625,0.48,0.5434122998267412,1.2700977980206245,0.9982251405715943,0.008401376125267092
test/000091.mp4,000091,resnet50,h264_43_keepaudio,fake,True,20,25,fake,0.7368421052631579,0.625,0.56,0.5970514222979546,1.114857119769137,0.9982251405715943,0.008401376125267092
test/000092.mp4,000092,resnet50,clean,real,True,13,15,fake,0.6666666666666666,0.7857142857142857,0.7333333333333333,0.6451588250123538,1.0171498691516787,1.0,8.891679084081979e-10
test/000092.mp4,000092,resnet50,jpeg_10,real,True,13,15,fake,0.6666666666666666,0.7857142857142857,0.4666666666666667,0.6346492732946689,1.0271112697942788,1.0,8.891679084081979e-10
test/000092.mp4,000092,resnet50,jpeg_20,real,True,13,15,fake,0.75,0.7857142857142857,0.8,0.6864212292891282,0.9079037338361898,1.0,8.891679084081979e-10
test/000092.mp4,000092,resnet50,jpeg_30,real,True,13,15,fake,0.9166666666666666,0.7857142857142857,0.6,0.6868312886128058,0.8596911264870107,1.0,8.891679084081979e-10
test/000092.mp4,000092,resnet50,jpeg_40,real,True,13,15,fake,0.75,0.7857142857142857,0.6,0.6420506857908689,0.948007599321227,1.0,8.891679084081979e-10
test/000092.mp4,000092,resnet50,jpeg_50,real,True,13,15,fake,0.75,0.7857142857142857,0.6,0.6410568815011245,1.0248046220436782,1.0,8.891679084081979e-10
test/000092.mp4,000092,resnet50,jpeg_60,real,True,13,15,fake,0.6666666666666666,0.7857142857142857,0.6,0.590074000450281,1.0810941127622447,1.0,8.891679084081979e-10
test/000092.mp4,000092,resnet50,jpeg_70,real,True,13,15,fake,0.75,0.7857142857142857,0.6,0.6791521769303542,0.9456914090253303,1.0,8.891679084081979e-10
test/000092.mp4,000092,resnet50,jpeg_80,real,True,13,15,fake,0.8333333333333334,0.7857142857142857,0.6666666666666666,0.6437429808653318,1.0022422421359007,1.0,8.891679084081979e-10
test/000092.mp4,000092,resnet50,jpeg_90,real,True,13,15,fake,0.5,0.7857142857142857,0.6666666666666666,0.5658251047134399,1.1327734044483364,1.0,8.891679084081979e-10
test/000092.mp4,000092,resnet50,jpeg_95,real,True,13,15,fake,0.5833333333333334,0.7857142857142857,0.6666666666666666,0.6158597492254697,1.0292783053065142,1.0,8.891679084081979e-10
test/000092.mp4,000092,resnet50,h264_18_keepaudio,real,True,13,15,fake,0.9166666666666666,0.7857142857142857,0.6,0.637223617388652,1.0254134463930273,1.0,8.891679084081979e-10
test/000092.mp4,000092,resnet50,h264_23_keepaudio,real,True,13,15,fake,0.5833333333333334,0.7857142857142857,0.6,0.6813788734949552,0.9059367707930316,1.0,8.891679084081979e-10
test/000092.mp4,000092,resnet50,h264_28_keepaudio,real,True,13,15,fake,0.75,0.7857142857142857,0.6,0.6270551452269921,1.0234758894265523,1.0,8.891679084081979e-10
test/000092.mp4,000092,resnet50,h264_33_keepaudio,real,True,13,15,fake,0.5833333333333334,0.7857142857142857,0.6666666666666666,0.6721940705409417,0.9090393546202016,1.0,8.891679084081979e-10
test/000092.mp4,000092,resnet50,h264_38_keepaudio,real,True,13,15,fake,0.9166666666666666,0.7857142857142857,0.6,0.7056882518988389,0.9462660926168469,1.0,8.891679084081979e-10
test/000092.mp4,000092,resnet50,h264_43_keepaudio,real,True,13,15,fake,0.75,0.7857142857142857,0.7333333333333333,0.5512059583113744,1.1918007358644416,1.0,8.891679084081979e-10
test/000093.mp4,000093,resnet50,clean,fake,True,13,15,fake,1.0,0.9285714285714286,0.6,0.5971665726258204,1.0816642357526463,0.9705491423606872,0.046567267007997834
test/000093.mp4,000093,resnet50,jpeg_10,fake,True,13,15,fake,0.6666666666666666,0.9285714285714286,0.4666666666666667,0.5484743072436407,1.1685819090169656,0.9705491423606872,0.046567267007997834
test/000093.mp4,000093,resnet50,jpeg_20,fake,True,13,15,fake,0.5833333333333334,0.9285714285714286,0.4,0.6280873555403489,1.0616577940713463,0.9705491423606872,0.046567267007997834
test/000093.mp4,000093,resnet50,jpeg_30,fake,True,13,15,fake,0.6666666666666666,0.9285714285714286,0.5333333333333333,0.5520245593327743,1.1804244392869705,0.9705491423606872,0.046567267007997834
test/000093.mp4,000093,resnet50,jpeg_40,fake,True,13,15,fake,0.9166666666666666,0.9285714285714286,0.6,0.6068456402191749,1.123302012699147,0.9705491423606872,0.046567267007997834
test/000093.mp4,000093,resnet50,jpeg_50,fake,True,13,15,fake,0.9166666666666666,0.9285714285714286,0.5333333333333333,0.6029670742841867,1.101139709820562,0.9705491423606872,0.046567267007997834
test/000093.mp4,000093,resnet50,jpeg_60,fake,True,13,15,fake,0.8333333333333334,0.9285714285714286,0.5333333333333333,0.5560103333913363,1.1317783357314422,0.9705491423606872,0.046567267007997834
test/000093.mp4,000093,resnet50,jpeg_70,fake,True,13,15,fake,0.9166666666666666,0.9285714285714286,0.6,0.616179136129526,1.0735237804742985,0.9705491423606872,0.046567267007997834
test/000093.mp4,000093,resnet50,jpeg_80,fake,True,13,15,fake,0.75,0.9285714285714286,0.5333333333333333,0.6087949207195869,1.0671825291114039,0.9705491423606872,0.046567267007997834
test/000093.mp4,000093,resnet50,jpeg_90,fake,True,13,15,fake,0.6666666666666666,0.9285714285714286,0.6666666666666666,0.6166512461809012,1.0450875203289198,0.9705491423606872,0.046567267007997834
test/000093.mp4,000093,resnet50,jpeg_95,fake,True,13,15,fake,0.8333333333333334,0.9285714285714286,0.6,0.563971819785925,1.1440577186817955,0.9705491423606872,0.046567267007997834
test/000093.mp4,000093,resnet50,h264_18_keepaudio,fake,True,13,15,fake,0.5833333333333334,0.9285714285714286,0.6,0.5518753299346337,1.167743869022893,0.9705491423606872,0.046567267007997834
test/000093.mp4,000093,resnet50,h264_23_keepaudio,fake,True,13,15,fake,0.8333333333333334,0.9285714285714286,0.5333333333333333,0.6780817416998056,0.9686600422100687,0.9705491423606872,0.046567267007997834
test/000093.mp4,000093,resnet50,h264_28_keepaudio,fake,True,13,15,fake,0.9166666666666666,0.9285714285714286,0.6,0.6624107933961428,0.9945543269433966,0.9705491423606872,0.046567267007997834
test/000093.mp4,000093,resnet50,h264_33_keepaudio,fake,True,13,15,fake,0.75,0.9285714285714286,0.6,0.6570541583574735,0.931304218380424,0.9705491423606872,0.046567267007997834
test/000093.mp4,000093,resnet50,h264_38_keepaudio,fake,True,13,15,fake,0.5833333333333334,0.9285714285714286,0.5333333333333333,0.6394489522163684,1.0389314415498807,0.9705491423606872,0.046567267007997834
test/000093.mp4,000093,resnet50,h264_43_keepaudio,fake,True,13,15,fake,0.3333333333333333,0.9285714285714286,0.5333333333333333,0.5167941680321326,1.2292318086584384,0.9705491423606872,0.046567267007997834
test/000094.mp4,000094,resnet50,clean,fake,True,13,15,fake,0.9166666666666666,0.7857142857142857,0.6666666666666666,0.5781755195214198,1.0380418215064657,0.999876328309377,0.0009236520052409428
test/000094.mp4,000094,resnet50,jpeg_10,fake,True,13,15,fake,0.75,0.7857142857142857,0.4666666666666667,0.6535298388737899,0.9310613163815084,0.999876328309377,0.0009236520052409428
test/000094.mp4,000094,resnet50,jpeg_20,fake,True,13,15,fake,0.75,0.7857142857142857,0.5333333333333333,0.6559318693784567,0.9759101979675447,0.999876328309377,0.0009236520052409428
test/000094.mp4,000094,resnet50,jpeg_30,fake,True,13,15,fake,0.5833333333333334,0.7857142857142857,0.4666666666666667,0.5610632048203394,1.0974133332726763,0.999876328309377,0.0009236520052409428
test/000094.mp4,000094,resnet50,jpeg_40,fake,True,13,15,fake,0.8333333333333334,0.7857142857142857,0.6,0.6133890908498031,1.0355870717419025,0.999876328309377,0.0009236520052409428
test/000094.mp4,000094,resnet50,jpeg_50,fake,True,13,15,fake,0.8333333333333334,0.7857142857142857,0.6,0.5438706576824188,1.1446622289245147,0.999876328309377,0.0009236520052409428
test/000094.mp4,000094,resnet50,jpeg_60,fake,True,13,15,fake,0.8333333333333334,0.7857142857142857,0.6666666666666666,0.618713800723736,1.0490173538194034,0.999876328309377,0.0009236520052409428
test/000094.mp4,000094,resnet50,jpeg_70,fake,True,13,15,fake,0.75,0.7857142857142857,0.6,0.6223591818259313,1.0583780941780228,0.999876328309377,0.0009236520052409428
test/000094.mp4,000094,resnet50,jpeg_80,fake,True,13,15,fake,0.5833333333333334,0.7857142857142857,0.5333333333333333,0.5944239841057704,1.0395075873543163,0.999876328309377,0.0009236520052409428
test/000094.mp4,000094,resnet50,jpeg_90,fake,True,13,15,fake,0.8333333333333334,0.7857142857142857,0.6666666666666666,0.6002191052987025,1.0538071261015485,0.999876328309377,0.0009236520052409428
test/000094.mp4,000094,resnet50,jpeg_95,fake,True,13,15,fake,0.6666666666666666,0.7857142857142857,0.6,0.585286197754053,1.0685112078470698,0.999876328309377,0.0009236520052409428
test/000094.mp4,000094,resnet50,h264_18_keepaudio,fake,True,13,15,fake,0.9166666666666666,0.7857142857142857,0.6666666666666666,0.574153890976539,1.1092118634857366,0.999876328309377,0.0009236520052409428
test/000094.mp4,000094,resnet50,h264_23_keepaudio,fake,True,13,15,fake,0.8333333333333334,0.7857142857142857,0.6,0.5061409175395966,1.227446912198142,0.999876328309377,0.0009236520052409428
test/000094.mp4,000094,resnet50,h264_28_keepaudio,fake,True,13,15,fake,0.9166666666666666,0.7857142857142857,0.6,0.635918759382688,0.9755786929092086,0.999876328309377,0.0009236520052409428
test/000094.mp4,000094,resnet50,h264_33_keepaudio,fake,True,13,15,fake,0.75,0.7857142857142857,0.6,0.5554609825977912,1.1555979785728667,0.999876328309377,0.0009236520052409428
test/000094.mp4,000094,resnet50,h264_38_keepaudio,fake,True,13,15,fake,0.5833333333333334,0.7857142857142857,0.6666666666666666,0.6432203398301051,0.9716169713605101,0.999876328309377,0.0009236520052409428
test/000094.mp4,000094,resnet50,h264_43_keepaudio,fake,True,13,15,fake,0.5833333333333334,0.7857142857142857,0.6,0.6078694118903234,1.1014908950585756,0.999876328309377,0.0009236520052409428
test/000095.mp4,000095,resnet50,clean,fake,True,13,15,fake,0.8333333333333334,0.9285714285714286,0.6,0.6089369929753817,1.0174218311524112,0.9705491423606872,0.046567267007997834
test/000095.mp4,000095,resnet50,jpeg_10,fake,True,13,15,fake,0.5833333333333334,0.9285714285714286,0.4666666666666667,0.590442778972479,1.1140004732598845,0.9705491423606872,0.046567267007997834
test/000095.mp4,000095,resnet50,jpeg_20,fake,True,13,15,fake,0.8333333333333334,0.9285714285714286,0.5333333333333333,0.6709113762928889,0.9344737590891357,0.9705491423606872,0.046567267007997834
test/000095.mp4,000095,resnet50,jpeg_30,fake,True,13,15,fake,0.5833333333333334,0.9285714285714286,0.4666666666666667,0.627405068049064,0.9783078121136717,0.9705491423606872,0.046567267007997834
test/000095.mp4,000095,resnet50,jpeg_40,fake,True,13,15,fake,0.75,0.9285714285714286,0.5333333333333333,0.7308491468429565,0.8196774594137187,0.9705491423606872,0.046567267007997834
test/000095.mp4,000095,resnet50,jpeg_50,fake,True,13,15,fake,0.75,0.9285714285714286,0.5333333333333333,0.6171473218844488,0.9706496537717098,0.9705491423606872,0.046567267007997834
test/000095.mp4,000095,resnet50,jpeg_60,fake,True,13,15,fake,0.9166666666666666,0.9285714285714286,0.6,0.6414232643750998,0.9999761719347169,0.9705491423606872,0.046567267007997834
test/000095.mp4,000095,resnet50,jpeg_70,fake,True,13,15,fake,0.8333333333333334,0.9285714285714286,0.4666666666666667,0.6432391382180728,0.9620673055129464,0.9705491423606872,0.046567267007997834
test/000095.mp4,000095,resnet50,jpeg_80,fake,True,13,15,fake,0.9166666666666666,0.9285714285714286,0.6,0.632088656608875,0.9532425076698933,0.9705491423606872,0.046567267007997834
test/000095.mp4,000095,resnet50,jpeg_90,fake,True,13,15,fake,0.9166666666666666,0.9285714285714286,0.6,0.6431111143185542,0.9701606072126802,0.9705491423606872,0.046567267007997834
test/000095.mp4,000095,resnet50,jpeg_95,fake,True,13,15,fake,0.9166666666666666,0.9285714285714286,0.6,0.6628947166296152,0.9523966469674969,0.9705491423606872,0.046567267007997834
test/000095.mp4,000095,resnet50,h264_18_keepaudio,fake,True,13,15,fake,0.6666666666666666,0.9285714285714286,0.5333333333333333,0.6066973415704874,1.0263155914897653,0.9705491423606872,0.046567267007997834
test/000095.mp4,000095,resnet50,h264_23_keepaudio,fake,True,13,15,fake,0.8333333333333334,0.9285714285714286,0.6,0.6649432319861192,0.9445557864567348,0.9705491423606872,0.046567267007997834
test/000095.mp4,000095,resnet50,h264_28_keepaudio,fake,True,13,15,fake,0.75,0.9285714285714286,0.4666666666666667,0.6324528203560755,1.0143482255100684,0.9705491423606872,0.046567267007997834
test/000095.mp4,000095,resnet50,h264_33_keepaudio,fake,True,13,15,fake,0.6666666666666666,0.9285714285714286,0.6,0.7705292564172012,0.7684532716021569,0.9705491423606872,0.046567267007997834
test/000095.mp4,000095,resnet50,h264_38_keepaudio,fake,True,13,15,fake,0.9166666666666666,0.9285714285714286,0.5333333333333333,0.6530664425629836,0.9928666753528559,0.9705491423606872,0.046567267007997834
test/000095.mp4,000095,resnet50,h264_43_keepaudio,fake,True,13,15,fake,0.4166666666666667,0.9285714285714286,0.5333333333333333,0.622834691634545,1.0401515748869519,0.9705491423606872,0.046567267007997834
test/000096.mp4,000096,resnet50,clean,real,True,15,17,fake,0.6428571428571429,0.75,0.5294117647058824,0.4392202893892924,1.463306295558243,0.9995707273483276,0.0028379683818098916
test/000096.mp4,000096,resnet50,jpeg_10,real,True,15,17,fake,0.7857142857142857,0.75,0.4117647058823529,0.5754875620206197,1.165426408958804,0.9995707273483276,0.0028379683818098916
test/000096.mp4,000096,resnet50,jpeg_20,real,True,15,17,fake,0.6428571428571429,0.75,0.7058823529411765,0.5019297202428182,1.321868443185015,0.9995707273483276,0.0028379683818098916
test/000096.mp4,000096,resnet50,jpeg_30,real,True,15,17,fake,0.5,0.75,0.5294117647058824,0.48389854629834494,1.3748647955819504,0.9995707273483276,0.0028379683818098916
test/000096.mp4,000096,resnet50,jpeg_40,real,True,15,17,fake,0.7857142857142857,0.75,0.5294117647058824,0.45912118057409923,1.4063032369127761,0.9995707273483276,0.0028379683818098916
test/000096.mp4,000096,resnet50,jpeg_50,real,True,15,17,fake,0.9285714285714286,0.75,0.47058823529411764,0.46125195225079857,1.4571186058354837,0.9995707273483276,0.0028379683818098916
test/000096.mp4,000096,resnet50,jpeg_60,real,True,15,17,fake,0.6428571428571429,0.75,0.4117647058823529,0.4393490711847941,1.46667289506937,0.9995707273483276,0.0028379683818098916
test/000096.mp4,000096,resnet50,jpeg_70,real,True,15,17,fake,0.7142857142857143,0.75,0.47058823529411764,0.419341782728831,1.5125465828933322,0.9995707273483276,0.0028379683818098916
test/000096.mp4,000096,resnet50,jpeg_80,real,True,15,17,fake,0.6428571428571429,0.75,0.5294117647058824,0.4537968178590139,1.4535539319858246,0.9995707273483276,0.0028379683818098916
test/000096.mp4,000096,resnet50,jpeg_90,real,True,15,17,fake,0.7142857142857143,0.75,0.5294117647058824,0.44535610675811765,1.475898274802009,0.9995707273483276,0.0028379683818098916
test/000096.mp4,000096,resnet50,jpeg_95,real,True,15,17,fake,0.5714285714285714,0.75,0.5294117647058824,0.44531488021214805,1.4724387263905567,0.9995707273483276,0.0028379683818098916
test/000096.mp4,000096,resnet50,h264_18_keepaudio,real,True,15,17,fake,0.7142857142857143,0.75,0.5294117647058824,0.47930670181910195,1.40002695152814,0.9995707273483276,0.0028379683818098916
test/000096.mp4,000096,resnet50,h264_23_keepaudio,real,True,15,17,fake,0.5714285714285714,0.75,0.7647058823529411,0.4545756866534551,1.4836031513408046,0.9995707273483276,0.0028379683818098916
test/000096.mp4,000096,resnet50,h264_28_keepaudio,real,True,15,17,fake,0.5714285714285714,0.75,0.5882352941176471,0.4553161203861237,1.4307584614995494,0.9995707273483276,0.0028379683818098916
test/000096.mp4,000096,resnet50,h264_33_keepaudio,real,True,15,17,fake,0.7142857142857143,0.75,0.5882352941176471,0.512984549999237,1.345544928482506,0.9995707273483276,0.0028379683818098916
test/000096.mp4,000096,resnet50,h264_38_keepaudio,real,True,15,17,fake,0.6428571428571429,0.75,0.7647058823529411,0.6584902187188466,1.0410373450923889,0.9995707273483276,0.0028379683818098916
test/000096.mp4,000096,resnet50,h264_43_keepaudio,real,True,15,17,fake,0.07142857142857142,0.75,0.8823529411764706,0.4015381534894307,1.5897790595148449,0.9995707273483276,0.0028379683818098916
test/000097.mp4,000097,resnet50,clean,real,True,16,19,fake,0.8,0.6111111111111112,0.7368421052631579,0.6709826495498419,1.0293556432656155,0.9982998245640805,0.007832902860103295
test/000097.mp4,000097,resnet50,jpeg_10,real,True,16,19,fake,0.8666666666666667,0.6111111111111112,0.631578947368421,0.7660888768732548,0.7767567021967403,0.9982998245640805,0.007832902860103295
test/000097.mp4,000097,resnet50,jpeg_20,real,True,16,19,fake,0.7333333333333333,0.6111111111111112,0.631578947368421,0.6371130868792534,1.0479317975153921,0.9982998245640805,0.007832902860103295
test/000097.mp4,000097,resnet50,jpeg_30,real,True,16,19,fake,0.8,0.6111111111111112,0.7894736842105263,0.6697755567729473,0.9987650544501089,0.9982998245640805,0.007832902860103295
test/000097.mp4,000097,resnet50,jpeg_40,real,True,16,19,fake,0.7333333333333333,0.6111111111111112,0.6842105263157895,0.6930471602827311,0.9863111603382845,0.9982998245640805,0.007832902860103295
test/000097.mp4,000097,resnet50,jpeg_50,real,True,16,19,fake,0.8666666666666667,0.6111111111111112,0.7894736842105263,0.6961952913552523,0.9569814605367236,0.9982998245640805,0.007832902860103295
test/000097.mp4,000097,resnet50,jpeg_60,real,True,16,19,fake,0.8,0.6111111111111112,0.7894736842105263,0.6965093575417995,0.9473108161849483,0.9982998245640805,0.007832902860103295
test/000097.mp4,000097,resnet50,jpeg_70,real,True,16,19,fake,0.8666666666666667,0.6111111111111112,0.6842105263157895,0.6823751199990511,0.9705994403446826,0.9982998245640805,0.007832902860103295
test/000097.mp4,000097,resnet50,jpeg_80,real,True,16,19,fake,0.7333333333333333,0.6111111111111112,0.6842105263157895,0.6683453861624002,1.0061181503388852,0.9982998245640805,0.007832902860103295
test/000097.mp4,000097,resnet50,jpeg_90,real,True,16,19,fake,0.8,0.6111111111111112,0.7368421052631579,0.6598869729787111,1.0418492313407999,0.9982998245640805,0.007832902860103295
test/000097.mp4,000097,resnet50,jpeg_95,real,True,16,19,fake,0.8,0.6111111111111112,0.7368421052631579,0.6729287561029196,0.9972783243708342,0.9982998245640805,0.007832902860103295
test/000097.mp4,000097,resnet50,h264_18_keepaudio,real,True,16,19,fake,0.8,0.6111111111111112,0.7368421052631579,0.6884911917150021,0.9587559753689434,0.9982998245640805,0.007832902860103295
test/000097.mp4,000097,resnet50,h264_23_keepaudio,real,True,16,19,fake,0.8666666666666667,0.6111111111111112,0.7894736842105263,0.7053104918450117,0.8922645019262603,0.9982998245640805,0.007832902860103295
test/000097.mp4,000097,resnet50,h264_28_keepaudio,real,True,16,19,fake,0.8666666666666667,0.6111111111111112,0.7368421052631579,0.7340959999710321,0.8433330992867284,0.9982998245640805,0.007832902860103295
test/000097.mp4,000097,resnet50,h264_33_keepaudio,real,True,16,19,fake,0.9333333333333333,0.6111111111111112,0.7894736842105263,0.7311922200024128,0.8899887949882325,0.9982998245640805,0.007832902860103295
test/000097.mp4,000097,resnet50,h264_38_keepaudio,real,True,16,19,fake,0.8666666666666667,0.6111111111111112,0.7368421052631579,0.6616209577769041,0.9831027702798686,0.9982998245640805,0.007832902860103295
test/000097.mp4,000097,resnet50,h264_43_keepaudio,real,True,16,19,fake,0.7333333333333333,0.6111111111111112,0.631578947368421,0.6060189735144377,1.1067309798262197,0.9982998245640805,0.007832902860103295
test/000098.mp4,000098,resnet50,clean,fake,True,18,21,fake,0.9411764705882353,0.55,0.6190476190476191,0.6922281036774317,0.9755355702977551,0.996539953209105,0.015732111854018755
test/000098.mp4,000098,resnet50,jpeg_10,fake,True,18,21,fake,0.8823529411764706,0.55,0.7142857142857143,0.7039960457219018,0.8762387450236793,0.996539953209105,0.015732111854018755
test/000098.mp4,000098,resnet50,jpeg_20,fake,True,18,21,fake,0.9411764705882353,0.55,0.7142857142857143,0.7231058693594403,0.8581373320670805,0.996539953209105,0.015732111854018755
test/000098.mp4,000098,resnet50,jpeg_30,fake,True,18,21,fake,0.9411764705882353,0.55,0.7142857142857143,0.6872730106115341,0.9346070516872255,0.996539953209105,0.015732111854018755
test/000098.mp4,000098,resnet50,jpeg_40,fake,True,18,21,fake,0.9411764705882353,0.55,0.7142857142857143,0.709113672375679,0.8865795491786438,0.996539953209105,0.015732111854018755
test/000098.mp4,000098,resnet50,jpeg_50,fake,True,18,21,fake,0.9411764705882353,0.55,0.6190476190476191,0.6800320314036475,0.9731686929434422,0.996539953209105,0.015732111854018755
test/000098.mp4,000098,resnet50,jpeg_60,fake,True,18,21,fake,0.9411764705882353,0.55,0.7142857142857143,0.7484796577029758,0.822515478334867,0.996539953209105,0.015732111854018755
test/000098.mp4,000098,resnet50,jpeg_70,fake,True,18,21,fake,0.8823529411764706,0.55,0.6190476190476191,0.7032292683919271,0.9337414416014378,0.996539953209105,0.015732111854018755
test/000098.mp4,000098,resnet50,jpeg_80,fake,True,18,21,fake,0.8823529411764706,0.55,0.6190476190476191,0.6977285726202859,0.9691803553860248,0.996539953209105,0.015732111854018755
test/000098.mp4,000098,resnet50,jpeg_90,fake,True,18,21,fake,0.8235294117647058,0.55,0.7142857142857143,0.6527562075191073,1.0478604379272725,0.996539953209105,0.015732111854018755
test/000098.mp4,000098,resnet50,jpeg_95,fake,True,18,21,fake,0.9411764705882353,0.55,0.6190476190476191,0.6603834082682928,1.0189777710953747,0.996539953209105,0.015732111854018755
test/000098.mp4,000098,resnet50,h264_18_keepaudio,fake,True,18,21,fake,0.9411764705882353,0.55,0.7142857142857143,0.6937460667557187,0.9261553373940536,0.996539953209105,0.015732111854018755
test/000098.mp4,000098,resnet50,h264_23_keepaudio,fake,True,18,21,fake,0.9411764705882353,0.55,0.7142857142857143,0.7403274377187093,0.8649718415409011,0.996539953209105,0.015732111854018755
test/000098.mp4,000098,resnet50,h264_28_keepaudio,fake,True,18,21,fake,0.8235294117647058,0.55,0.7142857142857143,0.6847662776708603,0.9392557001425623,0.996539953209105,0.015732111854018755
test/000098.mp4,000098,resnet50,h264_33_keepaudio,fake,True,18,21,fake,0.8823529411764706,0.55,0.7619047619047619,0.8120345804426405,0.7260498905785011,0.996539953209105,0.015732111854018755
test/000098.mp4,000098,resnet50,h264_38_keepaudio,fake,True,18,21,fake,0.5882352941176471,0.55,0.7619047619047619,0.568479984998703,1.205021928400923,0.996539953209105,0.015732111854018755
test/000098.mp4,000098,resnet50,h264_43_keepaudio,fake,True,18,21,fake,0.8823529411764706,0.55,0.7619047619047619,0.6120681795809004,1.1771512410738447,0.996539953209105,0.015732111854018755
test/000099.mp4,000099,resnet50,clean,fake,True,16,19,fake,0.9333333333333333,0.6111111111111112,0.7894736842105263,0.6643454842269421,0.9631789993445407,0.977548715315367,0.03720259436821328
test/000099.mp4,000099,resnet50,jpeg_10,fake,True,16,19,fake,0.9333333333333333,0.6111111111111112,0.631578947368421,0.7424768060445786,0.8072839630355029,0.977548715315367,0.03720259436821328
test/000099.mp4,000099,resnet50,jpeg_20,fake,True,16,19,fake,0.8666666666666667,0.6111111111111112,0.7368421052631579,0.7114802561700344,0.9116968359767642,0.977548715315367,0.03720259436821328
test/000099.mp4,000099,resnet50,jpeg_30,fake,True,16,19,fake,0.9333333333333333,0.6111111111111112,0.7368421052631579,0.6690605226904154,0.9677805553024551,0.977548715315367,0.03720259436821328
test/000099.mp4,000099,resnet50,jpeg_40,fake,True,16,19,fake,0.8,0.6111111111111112,0.7368421052631579,0.6997921988368034,0.9164672699905705,0.977548715315367,0.03720259436821328
test/000099.mp4,000099,resnet50,jpeg_50,fake,True,16,19,fake,0.8,0.6111111111111112,0.631578947368421,0.6393195483833551,1.0607740540607316,0.977548715315367,0.03720259436821328
test/000099.mp4,000099,resnet50,jpeg_60,fake,True,16,19,fake,0.9333333333333333,0.6111111111111112,0.631578947368421,0.679334620013833,0.9419982113577636,0.977548715315367,0.03720259436821328
test/000099.mp4,000099,resnet50,jpeg_70,fake,True,16,19,fake,0.8,0.6111111111111112,0.7894736842105263,0.6391466986387968,1.0814172470610148,0.977548715315367,0.03720259436821328
test/000099.mp4,000099,resnet50,jpeg_80,fake,True,16,19,fake,0.8666666666666667,0.6111111111111112,0.7368421052631579,0.6292187925428152,1.041528332838742,0.977548715315367,0.03720259436821328
test/000099.mp4,000099,resnet50,jpeg_90,fake,True,16,19,fake,0.8,0.6111111111111112,0.7894736842105263,0.6506887394934893,0.9881417521650092,0.977548715315367,0.03720259436821328
test/000099.mp4,000099,resnet50,jpeg_95,fake,True,16,19,fake,0.9333333333333333,0.6111111111111112,0.7368421052631579,0.6813249960541725,0.975810154396807,0.977548715315367,0.03720259436821328
test/000099.mp4,000099,resnet50,h264_18_keepaudio,fake,True,16,19,fake,0.8666666666666667,0.6111111111111112,0.7368421052631579,0.7119600623846054,0.9246275893537632,0.977548715315367,0.03720259436821328
test/000099.mp4,000099,resnet50,h264_23_keepaudio,fake,True,16,19,fake,0.8,0.6111111111111112,0.7894736842105263,0.7348872683942318,0.8738718841236692,0.977548715315367,0.03720259436821328
test/000099.mp4,000099,resnet50,h264_28_keepaudio,fake,True,16,19,fake,0.9333333333333333,0.6111111111111112,0.7368421052631579,0.7063696030527353,0.9237518883658058,0.977548715315367,0.03720259436821328
test/000099.mp4,000099,resnet50,h264_33_keepaudio,fake,True,16,19,fake,0.8,0.6111111111111112,0.7894736842105263,0.6284950990229845,1.0547939114722065,0.977548715315367,0.03720259436821328
test/000099.mp4,000099,resnet50,h264_38_keepaudio,fake,True,16,19,fake,0.6666666666666666,0.6111111111111112,0.6842105263157895,0.7461633421480656,0.8208478654788369,0.977548715315367,0.03720259436821328
test/000099.mp4,000099,resnet50,h264_43_keepaudio,fake,True,16,19,fake,0.8666666666666667,0.6111111111111112,0.8947368421052632,0.7373916041105986,0.8394814779250406,0.977548715315367,0.03720259436821328
test/000100.mp4,000100,resnet50,clean,fake,True,17,21,fake,0.875,0.7,0.6666666666666666,0.7362004816532135,0.7847941862651018,0.9974502892721266,0.012390078713747294
test/000100.mp4,000100,resnet50,jpeg_10,fake,True,17,21,fake,0.75,0.7,0.6666666666666666,0.7307856784147375,0.8282502551971659,0.9974502892721266,0.012390078713747294
test/000100.mp4,000100,resnet50,jpeg_20,fake,True,17,21,fake,0.75,0.7,0.6666666666666666,0.6877023437443901,0.8753749620005911,0.9974502892721266,0.012390078713747294
test/000100.mp4,000100,resnet50,jpeg_30,fake,True,17,21,fake,0.8125,0.7,0.6190476190476191,0.6999675017945907,0.9195263280487245,0.9974502892721266,0.012390078713747294
test/000100.mp4,000100,resnet50,jpeg_40,fake,True,17,21,fake,0.875,0.7,0.6666666666666666,0.7319658871959237,0.8607102192085374,0.9974502892721266,0.012390078713747294
test/000100.mp4,000100,resnet50,jpeg_50,fake,True,17,21,fake,0.6875,0.7,0.6190476190476191,0.7063907209564658,0.9083434757769704,0.9974502892721266,0.012390078713747294
test/000100.mp4,000100,resnet50,jpeg_60,fake,True,17,21,fake,0.9375,0.7,0.6666666666666666,0.7235096412546494,0.8259818143247033,0.9974502892721266,0.012390078713747294
test/000100.mp4,000100,resnet50,jpeg_70,fake,True,17,21,fake,0.8125,0.7,0.6666666666666666,0.747547563384561,0.78565438704205,0.9974502892721266,0.012390078713747294
test/000100.mp4,000100,resnet50,jpeg_80,fake,True,17,21,fake,0.875,0.7,0.6666666666666666,0.713858458925696,0.8509219386597594,0.9974502892721266,0.012390078713747294
test/000100.mp4,000100,resnet50,jpeg_90,fake,True,17,21,fake,0.8125,0.7,0.5714285714285714,0.7179876180256114,0.8622292413945598,0.9974502892721266,0.012390078713747294
test/000100.mp4,000100,resnet50,jpeg_95,fake,True,17,21,fake,0.8125,0.7,0.6666666666666666,0.6946067196481368,0.8852437035753863,0.9974502892721266,0.012390078713747294
test/000100.mp4,000100,resnet50,h264_18_keepaudio,fake,True,17,21,fake,0.9375,0.7,0.7142857142857143,0.7465919764602885,0.8112131570144034,0.9974502892721266,0.012390078713747294
test/000100.mp4,000100,resnet50,h264_23_keepaudio,fake,True,17,21,fake,0.9375,0.7,0.7142857142857143,0.7231507581823012,0.8723339468990657,0.9974502892721266,0.012390078713747294
test/000100.mp4,000100,resnet50,h264_28_keepaudio,fake,True,17,21,fake,0.9375,0.7,0.5714285714285714,0.7451918528360479,0.8661963413336727,0.9974502892721266,0.012390078713747294
test/000100.mp4,000100,resnet50,h264_33_keepaudio,fake,True,17,21,fake,0.9375,0.7,0.7142857142857143,0.6687099723254933,1.0081010168327462,0.9974502892721266,0.012390078713747294
test/000100.mp4,000100,resnet50,h264_38_keepaudio,fake,True,17,21,fake,0.75,0.7,0.7142857142857143,0.7221203043180353,0.8470862541146581,0.9974502892721266,0.012390078713747294
test/000100.mp4,000100,resnet50,h264_43_keepaudio,fake,True,17,21,fake,0.3125,0.7,0.6666666666666666,0.6466729763676139,1.0298877073106723,0.9974502892721266,0.012390078713747294
test/000101.mp4,000101,resnet50,clean,real,True,15,18,fake,0.35714285714285715,0.8823529411764706,0.5,0.5368911663691203,1.2862418277567733,0.9812744822767046,0.04132594268191185
test/000101.mp4,000101,resnet50,jpeg_10,real,True,15,18,fake,0.8571428571428571,0.8823529411764706,0.5,0.5996323883533478,1.1547320275132202,0.9812744822767046,0.04132594268191185
test/000101.mp4,000101,resnet50,jpeg_20,real,True,15,18,fake,0.6428571428571429,0.8823529411764706,0.3333333333333333,0.5813678324222564,1.1961694206913154,0.9812744822767046,0.04132594268191185
test/000101.mp4,000101,resnet50,jpeg_30,real,True,15,18,fake,0.6428571428571429,0.8823529411764706,0.4444444444444444,0.5340397973855336,1.2694956735403717,0.9812744822767046,0.04132594268191185
test/000101.mp4,000101,resnet50,jpeg_40,real,True,15,18,fake,0.5,0.8823529411764706,0.5,0.4769168694814046,1.348325594381553,0.9812744822767046,0.04132594268191185
test/000101.mp4,000101,resnet50,jpeg_50,real,True,15,18,fake,0.2857142857142857,0.8823529411764706,0.5555555555555556,0.5953715046246847,1.1764340150367651,0.9812744822767046,0.04132594268191185
test/000101.mp4,000101,resnet50,jpeg_60,real,True,15,18,fake,0.42857142857142855,0.8823529411764706,0.5555555555555556,0.5564772168795268,1.2438228723254166,0.9812744822767046,0.04132594268191185
test/000101.mp4,000101,resnet50,jpeg_70,real,True,15,18,fake,0.2857142857142857,0.8823529411764706,0.5,0.5321772714455922,1.277958960763214,0.9812744822767046,0.04132594268191185
test/000101.mp4,000101,resnet50,jpeg_80,real,True,15,18,fake,0.2857142857142857,0.8823529411764706,0.5,0.5350888073444366,1.2615500090960023,0.9812744822767046,0.04132594268191185
test/000101.mp4,000101,resnet50,jpeg_90,real,True,15,18,fake,0.35714285714285715,0.8823529411764706,0.5,0.52086873849233,1.3012336852312198,0.9812744822767046,0.04132594268191185
test/000101.mp4,000101,resnet50,jpeg_95,real,True,15,18,fake,0.2857142857142857,0.8823529411764706,0.5555555555555556,0.5451573332150778,1.2705507680217267,0.9812744822767046,0.04132594268191185
test/000101.mp4,000101,resnet50,h264_18_keepaudio,real,True,15,18,fake,0.35714285714285715,0.8823529411764706,0.5,0.532717478275299,1.2567771923338908,0.9812744822767046,0.04132594268191185
test/000101.mp4,000101,resnet50,h264_23_keepaudio,real,True,15,18,fake,0.14285714285714285,0.8823529411764706,0.5555555555555556,0.5666873455047607,1.2136519578822678,0.9812744822767046,0.04132594268191185
test/000101.mp4,000101,resnet50,h264_28_keepaudio,real,True,15,18,fake,0.07142857142857142,0.8823529411764706,0.5555555555555556,0.6551643550395966,1.0411943451783852,0.9812744822767046,0.04132594268191185
test/000101.mp4,000101,resnet50,h264_33_keepaudio,real,True,15,18,fake,0.2857142857142857,0.8823529411764706,0.5,0.6362289369106293,1.066799848509697,0.9812744822767046,0.04132594268191185
test/000101.mp4,000101,resnet50,h264_38_keepaudio,real,True,15,18,fake,0.5714285714285714,0.8823529411764706,0.5555555555555556,0.5768569509188334,1.1791931771157786,0.9812744822767046,0.04132594268191185
test/000101.mp4,000101,resnet50,h264_43_keepaudio,real,True,15,18,fake,0.6428571428571429,0.8823529411764706,0.6666666666666666,0.5619710266590119,1.1872298608068614,0.9812744822767046,0.04132594268191185
test/000102.mp4,000102,resnet50,clean,real,True,13,15,fake,0.75,0.7857142857142857,0.8,0.5829323988694411,1.1886880141261356,0.9704295953114828,0.04609875924427984
test/000102.mp4,000102,resnet50,jpeg_10,real,True,13,15,fake,0.5833333333333334,0.7857142857142857,0.6,0.7126276195049286,0.917867086115336,0.9704295953114828,0.04609875924427984
test/000102.mp4,000102,resnet50,jpeg_20,real,True,13,15,fake,0.75,0.7857142857142857,0.7333333333333333,0.637409155185406,1.0749382426816132,0.9704295953114828,0.04609875924427984
test/000102.mp4,000102,resnet50,jpeg_30,real,True,13,15,fake,0.5833333333333334,0.7857142857142857,0.6666666666666666,0.649902499639071,1.0776456848988452,0.9704295953114828,0.04609875924427984
test/000102.mp4,000102,resnet50,jpeg_40,real,True,13,15,fake,0.6666666666666666,0.7857142857142857,0.6,0.5791838146173037,1.1781621538676759,0.9704295953114828,0.04609875924427984
test/000102.mp4,000102,resnet50,jpeg_50,real,True,13,15,fake,0.6666666666666666,0.7857142857142857,0.6,0.5803148884039658,1.1692787921245216,0.9704295953114828,0.04609875924427984
test/000102.mp4,000102,resnet50,jpeg_60,real,True,13,15,fake,0.8333333333333334,0.7857142857142857,0.8,0.5636757910251617,1.2372592617830394,0.9704295953114828,0.04609875924427984
test/000102.mp4,000102,resnet50,jpeg_70,real,True,13,15,fake,0.5833333333333334,0.7857142857142857,0.6666666666666666,0.6242123062794025,1.0948857731611865,0.9704295953114828,0.04609875924427984
test/000102.mp4,000102,resnet50,jpeg_80,real,True,13,15,fake,0.6666666666666666,0.7857142857142857,0.6666666666666666,0.5418518644112807,1.1824532833228716,0.9704295953114828,0.04609875924427984
test/000102.mp4,000102,resnet50,jpeg_90,real,True,13,15,fake,0.6666666666666666,0.7857142857142857,0.7333333333333333,0.6000833167479589,1.1749522803758665,0.9704295953114828,0.04609875924427984
test/000102.mp4,000102,resnet50,jpeg_95,real,True,13,15,fake,0.75,0.7857142857142857,0.8,0.607442346902994,1.175998641741496,0.9704295953114828,0.04609875924427984
test/000102.mp4,000102,resnet50,h264_18_keepaudio,real,True,13,15,fake,0.5833333333333334,0.7857142857142857,0.6666666666666666,0.6273107803784884,1.1664974932148982,0.9704295953114828,0.04609875924427984
test/000102.mp4,000102,resnet50,h264_23_keepaudio,real,True,13,15,fake,0.6666666666666666,0.7857142857142857,0.7333333333333333,0.6931579846602219,0.9819031432355403,0.9704295953114828,0.04609875924427984
test/000102.mp4,000102,resnet50,h264_28_keepaudio,real,True,13,15,fake,0.8333333333333334,0.7857142857142857,0.8,0.6337880056637984,1.0798707311054863,0.9704295953114828,0.04609875924427984
test/000102.mp4,000102,resnet50,h264_33_keepaudio,real,True,13,15,fake,0.9166666666666666,0.7857142857142857,0.7333333333333333,0.67623626268827,0.9670093306034194,0.9704295953114828,0.04609875924427984
test/000102.mp4,000102,resnet50,h264_38_keepaudio,real,True,13,15,fake,0.75,0.7857142857142857,0.8,0.6766008253280933,0.9997816445991361,0.9704295953114828,0.04609875924427984
test/000102.mp4,000102,resnet50,h264_43_keepaudio,real,True,13,15,fake,0.6666666666666666,0.7857142857142857,0.8666666666666667,0.5971511212679056,1.1605180575784753,0.9704295953114828,0.04609875924427984
test/000103.mp4,000103,resnet50,clean,fake,True,14,17,fake,0.6153846153846154,0.75,0.6470588235294118,0.668792296733175,1.0171396974489635,0.9982519815949833,0.007868919378820085
test/000103.mp4,000103,resnet50,jpeg_10,fake,True,14,17,fake,0.7692307692307693,0.75,0.4117647058823529,0.6308702911649432,1.0261831217378812,0.9982519815949833,0.007868919378820085
test/000103.mp4,000103,resnet50,jpeg_20,fake,True,14,17,fake,0.3076923076923077,0.75,0.4117647058823529,0.6971483592476163,0.9305734505733361,0.9982519815949833,0.007868919378820085
test/000103.mp4,000103,resnet50,jpeg_30,fake,True,14,17,fake,0.46153846153846156,0.75,0.35294117647058826,0.6505998841353825,1.0551166424819287,0.9982519815949833,0.007868919378820085
test/000103.mp4,000103,resnet50,jpeg_40,fake,True,14,17,fake,0.38461538461538464,0.75,0.4117647058823529,0.6667517551354,1.0110696275473423,0.9982519815949833,0.007868919378820085
test/000103.mp4,000103,resnet50,jpeg_50,fake,True,14,17,fake,0.46153846153846156,0.75,0.5294117647058824,0.6829309442213604,1.0046105276392578,0.9982519815949833,0.007868919378820085
test/000103.mp4,000103,resnet50,jpeg_60,fake,True,14,17,fake,0.5384615384615384,0.75,0.47058823529411764,0.5852550523621696,1.0955644500157604,0.9982519815949833,0.007868919378820085
test/000103.mp4,000103,resnet50,jpeg_70,fake,True,14,17,fake,0.5384615384615384,0.75,0.4117647058823529,0.6536519208124706,0.9981712101728674,0.9982519815949833,0.007868919378820085
test/000103.mp4,000103,resnet50,jpeg_80,fake,True,14,17,fake,0.5384615384615384,0.75,0.5882352941176471,0.6252054401806423,1.0737763683996457,0.9982519815949833,0.007868919378820085
test/000103.mp4,000103,resnet50,jpeg_90,fake,True,14,17,fake,0.5384615384615384,0.75,0.5882352941176471,0.6391020651374545,1.0705524833027582,0.9982519815949833,0.007868919378820085
test/000103.mp4,000103,resnet50,jpeg_95,fake,True,14,17,fake,0.5384615384615384,0.75,0.5882352941176471,0.6820134179932731,1.0126269270068544,0.9982519815949833,0.007868919378820085
test/000103.mp4,000103,resnet50,h264_18_keepaudio,fake,True,14,17,fake,0.5384615384615384,0.75,0.6470588235294118,0.6614556631871632,0.9844843058082379,0.9982519815949833,0.007868919378820085
test/000103.mp4,000103,resnet50,h264_23_keepaudio,fake,True,14,17,fake,0.5384615384615384,0.75,0.47058823529411764,0.6322417833975383,1.0873460874343577,0.9982519815949833,0.007868919378820085
test/000103.mp4,000103,resnet50,h264_28_keepaudio,fake,True,14,17,fake,0.46153846153846156,0.75,0.6470588235294118,0.6526061488049371,1.0199608491641856,0.9982519815949833,0.007868919378820085
test/000103.mp4,000103,resnet50,h264_33_keepaudio,fake,True,14,17,fake,0.6153846153846154,0.75,0.6470588235294118,0.6341373068945748,1.0994619314064635,0.9982519815949833,0.007868919378820085
test/000103.mp4,000103,resnet50,h264_38_keepaudio,fake,True,14,17,fake,0.6153846153846154,0.75,0.7058823529411765,0.6583086145775658,1.0056641314948305,0.9982519815949833,0.007868919378820085
test/000103.mp4,000103,resnet50,h264_43_keepaudio,fake,True,14,17,fake,0.6153846153846154,0.75,0.8823529411764706,0.5512514944587436,1.2414671632733678,0.9982519815949833,0.007868919378820085
test/000104.mp4,000104,resnet50,clean,fake,True,13,15,fake,0.5833333333333334,0.6428571428571429,0.7333333333333333,0.6044964469396151,1.140287580547007,0.9980190833409627,0.008917499850494852
test/000104.mp4,000104,resnet50,jpeg_10,fake,True,13,15,fake,0.5833333333333334,0.6428571428571429,0.5333333333333333,0.6496132566378667,0.9635631758684726,0.9980190833409627,0.008917499850494852
test/000104.mp4,000104,resnet50,jpeg_20,fake,True,13,15,fake,0.5,0.6428571428571429,0.6666666666666666,0.7393414171842428,0.8565251086978474,0.9980190833409627,0.008917499850494852
test/000104.mp4,000104,resnet50,jpeg_30,fake,True,13,15,fake,0.5,0.6428571428571429,0.6,0.5685195762377518,1.1888601109962258,0.9980190833409627,0.008917499850494852
test/000104.mp4,000104,resnet50,jpeg_40,fake,True,13,15,fake,0.5833333333333334,0.6428571428571429,0.7333333333333333,0.6241203592373774,1.085027460322459,0.9980190833409627,0.008917499850494852
test/000104.mp4,000104,resnet50,jpeg_50,fake,True,13,15,fake,0.5,0.6428571428571429,0.6666666666666666,0.6022320137574122,1.1636088283262074,0.9980190833409627,0.008917499850494852
test/000104.mp4,000104,resnet50,jpeg_60,fake,True,13,15,fake,0.5833333333333334,0.6428571428571429,0.6,0.5890036477492406,1.1365105953214636,0.9980190833409627,0.008917499850494852
test/000104.mp4,000104,resnet50,jpeg_70,fake,True,13,15,fake,0.5833333333333334,0.6428571428571429,0.6666666666666666,0.5929993872459118,1.1265706441079493,0.9980190833409627,0.008917499850494852
test/000104.mp4,000104,resnet50,jpeg_80,fake,True,13,15,fake,0.75,0.6428571428571429,0.8,0.6208043304773477,1.0864230268866875,0.9980190833409627,0.008917499850494852
test/000104.mp4,000104,resnet50,jpeg_90,fake,True,13,15,fake,0.8333333333333334,0.6428571428571429,0.7333333333333333,0.5946963842098529,1.1322014368903899,0.9980190833409627,0.008917499850494852
test/000104.mp4,000104,resnet50,jpeg_95,fake,True,13,15,fake,0.5833333333333334,0.6428571428571429,0.7333333333333333,0.6320364704498878,1.0861154159115236,0.9980190833409627,0.008917499850494852
test/000104.mp4,000104,resnet50,h264_18_keepaudio,fake,True,13,15,fake,0.8333333333333334,0.6428571428571429,0.8,0.6264947882065406,1.0736330289971812,0.9980190833409627,0.008917499850494852
test/000104.mp4,000104,resnet50,h264_23_keepaudio,fake,True,13,15,fake,0.6666666666666666,0.6428571428571429,0.8,0.5814299377111288,1.1830422384022627,0.9980190833409627,0.008917499850494852
test/000104.mp4,000104,resnet50,h264_28_keepaudio,fake,True,13,15,fake,0.5833333333333334,0.6428571428571429,0.6666666666666666,0.577009726029176,1.1694407408743444,0.9980190833409627,0.008917499850494852
test/000104.mp4,000104,resnet50,h264_33_keepaudio,fake,True,13,15,fake,0.8333333333333334,0.6428571428571429,0.7333333333333333,0.6218318182688493,1.0473884667481816,0.9980190833409627,0.008917499850494852
test/000104.mp4,000104,resnet50,h264_38_keepaudio,fake,True,13,15,fake,0.75,0.6428571428571429,0.6,0.6483371120232803,1.0250329425128595,0.9980190833409627,0.008917499850494852
test/000104.mp4,000104,resnet50,h264_43_keepaudio,fake,True,13,15,fake,1.0,0.6428571428571429,0.4666666666666667,0.6593757546865023,1.0106411394422572,0.9980190833409627,0.008917499850494852
test/000105.mp4,000105,resnet50,clean,fake,True,14,17,fake,0.6153846153846154,0.75,0.5882352941176471,0.5956943950482777,1.0986058261579852,0.9982519815949833,0.007868919378820085
test/000105.mp4,000105,resnet50,jpeg_10,fake,True,14,17,fake,0.5384615384615384,0.75,0.47058823529411764,0.6480044616120202,0.996867392745992,0.9982519815949833,0.007868919378820085
test/000105.mp4,000105,resnet50,jpeg_20,fake,True,14,17,fake,0.5384615384615384,0.75,0.35294117647058826,0.621891126036644,1.0564372292301438,0.9982519815949833,0.007868919378820085
test/000105.mp4,000105,resnet50,jpeg_30,fake,True,14,17,fake,0.6923076923076923,0.75,0.23529411764705882,0.5899772622755596,1.1017324721873458,0.9982519815949833,0.007868919378820085
test/000105.mp4,000105,resnet50,jpeg_40,fake,True,14,17,fake,0.5384615384615384,0.75,0.47058823529411764,0.6602600046566555,1.0491401503343247,0.9982519815949833,0.007868919378820085
test/000105.mp4,000105,resnet50,jpeg_50,fake,True,14,17,fake,0.6153846153846154,0.75,0.4117647058823529,0.5783704370260239,1.1261280008558539,0.9982519815949833,0.007868919378820085
test/000105.mp4,000105,resnet50,jpeg_60,fake,True,14,17,fake,0.6153846153846154,0.75,0.4117647058823529,0.5220378083842141,1.1953933260862795,0.9982519815949833,0.007868919378820085
test/000105.mp4,000105,resnet50,jpeg_70,fake,True,14,17,fake,0.8461538461538461,0.75,0.5882352941176471,0.5378519722393581,1.2073454759589402,0.9982519815949833,0.007868919378820085
test/000105.mp4,000105,resnet50,jpeg_80,fake,True,14,17,fake,0.6923076923076923,0.75,0.47058823529411764,0.572445130773953,1.166206239107382,0.9982519815949833,0.007868919378820085
test/000105.mp4,000105,resnet50,jpeg_90,fake,True,14,17,fake,0.6923076923076923,0.75,0.4117647058823529,0.587481249655996,1.1665218030829714,0.9982519815949833,0.007868919378820085
test/000105.mp4,000105,resnet50,jpeg_95,fake,True,14,17,fake,0.6923076923076923,0.75,0.5294117647058824,0.5826503911188671,1.1515678894540693,0.9982519815949833,0.007868919378820085
test/000105.mp4,000105,resnet50,h264_18_keepaudio,fake,True,14,17,fake,0.6923076923076923,0.75,0.5882352941176471,0.5612110516854695,1.2070632171870497,0.9982519815949833,0.007868919378820085
test/000105.mp4,000105,resnet50,h264_23_keepaudio,fake,True,14,17,fake,0.7692307692307693,0.75,0.5882352941176471,0.6054486121450152,1.1293352421088667,0.9982519815949833,0.007868919378820085
test/000105.mp4,000105,resnet50,h264_28_keepaudio,fake,True,14,17,fake,0.6923076923076923,0.75,0.5882352941176471,0.5687069594860077,1.1760452713913576,0.9982519815949833,0.007868919378820085
test/000105.mp4,000105,resnet50,h264_33_keepaudio,fake,True,14,17,fake,0.8461538461538461,0.75,0.7647058823529411,0.7253077157906124,0.8873992779810399,0.9982519815949833,0.007868919378820085
test/000105.mp4,000105,resnet50,h264_38_keepaudio,fake,True,14,17,fake,0.6153846153846154,0.75,0.5882352941176471,0.5659451963646072,1.1958389927515272,0.9982519815949833,0.007868919378820085
test/000105.mp4,000105,resnet50,h264_43_keepaudio,fake,True,14,17,fake,0.6153846153846154,0.75,0.7058823529411765,0.6574330223458154,1.0221731944350914,0.9982519815949833,0.007868919378820085
test/000106.mp4,000106,resnet50,clean,real,True,18,21,fake,0.7058823529411765,0.65,0.47619047619047616,0.5027760333485074,1.298978367872242,1.0,1.6578612669557122e-10
test/000106.mp4,000106,resnet50,jpeg_10,real,True,18,21,fake,0.5882352941176471,0.65,0.3333333333333333,0.6713140259186426,0.8922848654663201,1.0,1.6578612669557122e-10
test/000106.mp4,000106,resnet50,jpeg_20,real,True,18,21,fake,0.5294117647058824,0.65,0.3333333333333333,0.6497333943843842,1.055118215710766,1.0,1.6578612669557122e-10
test/000106.mp4,000106,resnet50,jpeg_30,real,True,18,21,fake,0.7647058823529411,0.65,0.42857142857142855,0.5670546872748269,1.178118004132078,1.0,1.6578612669557122e-10
test/000106.mp4,000106,resnet50,jpeg_40,real,True,18,21,fake,0.5294117647058824,0.65,0.47619047619047616,0.5789993902047476,1.1801495533922155,1.0,1.6578612669557122e-10
test/000106.mp4,000106,resnet50,jpeg_50,real,True,18,21,fake,0.5882352941176471,0.65,0.2857142857142857,0.5390333169036441,1.2669326061198156,1.0,1.6578612669557122e-10
test/000106.mp4,000106,resnet50,jpeg_60,real,True,18,21,fake,0.7058823529411765,0.65,0.38095238095238093,0.49762433601750267,1.3061777448435528,1.0,1.6578612669557122e-10
test/000106.mp4,000106,resnet50,jpeg_70,real,True,18,21,fake,0.7647058823529411,0.65,0.47619047619047616,0.5432411912414763,1.2150893005393208,1.0,1.6578612669557122e-10
test/000106.mp4,000106,resnet50,jpeg_80,real,True,18,21,fake,0.5882352941176471,0.65,0.42857142857142855,0.5235914670758777,1.2741940632800017,1.0,1.6578612669557122e-10
test/000106.mp4,000106,resnet50,jpeg_90,real,True,18,21,fake,0.5882352941176471,0.65,0.5714285714285714,0.5453722576300303,1.2304793759138524,1.0,1.6578612669557122e-10
test/000106.mp4,000106,resnet50,jpeg_95,real,True,18,21,fake,0.5882352941176471,0.65,0.42857142857142855,0.5180111130078634,1.2669746947411322,1.0,1.6578612669557122e-10
test/000106.mp4,000106,resnet50,h264_18_keepaudio,real,True,18,21,fake,0.5294117647058824,0.65,0.38095238095238093,0.5278261568811204,1.2671107206079535,1.0,1.6578612669557122e-10
test/000106.mp4,000106,resnet50,h264_23_keepaudio,real,True,18,21,fake,0.47058823529411764,0.65,0.42857142857142855,0.5295801079935498,1.248440419383753,1.0,1.6578612669557122e-10
test/000106.mp4,000106,resnet50,h264_28_keepaudio,real,True,18,21,fake,0.7058823529411765,0.65,0.2857142857142857,0.5499637822310129,1.2428059474852926,1.0,1.6578612669557122e-10
test/000106.mp4,000106,resnet50,h264_33_keepaudio,real,True,18,21,fake,0.5294117647058824,0.65,0.2857142857142857,0.5532826367351744,1.217868151299002,1.0,1.6578612669557122e-10
test/000106.mp4,000106,resnet50,h264_38_keepaudio,real,True,18,21,fake,0.7058823529411765,0.65,0.3333333333333333,0.6687561323245367,0.9895022748726338,1.0,1.6578612669557122e-10
test/000106.mp4,000106,resnet50,h264_43_keepaudio,real,True,18,21,fake,0.7058823529411765,0.65,0.5714285714285714,0.6021788633531995,1.1934913963506595,1.0,1.6578612669557122e-10
test/000107.mp4,000107,resnet50,clean,fake,True,19,22,fake,0.7222222222222222,0.7142857142857143,0.4090909090909091,0.5808158532569283,1.1616962567889626,0.9999999729069796,3.9752571952531524e-07
test/000107.mp4,000107,resnet50,jpeg_10,fake,True,19,22,fake,0.8333333333333334,0.7142857142857143,0.3181818181818182,0.7292789283551668,0.7763455500120056,0.9999999729069796,3.9752571952531524e-07
test/000107.mp4,000107,resnet50,jpeg_20,fake,True,19,22,fake,0.7777777777777778,0.7142857142857143,0.36363636363636365,0.6277558568276858,1.0213649692830478,0.9999999729069796,3.9752571952531524e-07
test/000107.mp4,000107,resnet50,jpeg_30,fake,True,19,22,fake,0.7222222222222222,0.7142857142857143,0.36363636363636365,0.558512209277404,1.1864963331559888,0.9999999729069796,3.9752571952531524e-07
test/000107.mp4,000107,resnet50,jpeg_40,fake,True,19,22,fake,0.5555555555555556,0.7142857142857143,0.4090909090909091,0.6453153553761934,1.0428757535007072,0.9999999729069796,3.9752571952531524e-07
test/000107.mp4,000107,resnet50,jpeg_50,fake,True,19,22,fake,0.5555555555555556,0.7142857142857143,0.4090909090909091,0.6109129504153603,1.1479397272910579,0.9999999729069796,3.9752571952531524e-07
test/000107.mp4,000107,resnet50,jpeg_60,fake,True,19,22,fake,0.7777777777777778,0.7142857142857143,0.36363636363636365,0.5932220926410273,1.1576843399647578,0.9999999729069796,3.9752571952531524e-07
test/000107.mp4,000107,resnet50,jpeg_70,fake,True,19,22,fake,0.6666666666666666,0.7142857142857143,0.4090909090909091,0.5948098599910736,1.1755662843200245,0.9999999729069796,3.9752571952531524e-07
test/000107.mp4,000107,resnet50,jpeg_80,fake,True,19,22,fake,0.8333333333333334,0.7142857142857143,0.45454545454545453,0.5722659261603105,1.197286165446101,0.9999999729069796,3.9752571952531524e-07
test/000107.mp4,000107,resnet50,jpeg_90,fake,True,19,22,fake,0.6666666666666666,0.7142857142857143,0.4090909090909091,0.5952138257654089,1.130416014952139,0.9999999729069796,3.9752571952531524e-07
test/000107.mp4,000107,resnet50,jpeg_95,fake,True,19,22,fake,0.7222222222222222,0.7142857142857143,0.5,0.5846901645785884,1.1474910209644147,0.9999999729069796,3.9752571952531524e-07
test/000107.mp4,000107,resnet50,h264_18_keepaudio,fake,True,19,22,fake,0.7222222222222222,0.7142857142857143,0.4090909090909091,0.6280979372953114,1.085442587575395,0.9999999729069796,3.9752571952531524e-07
test/000107.mp4,000107,resnet50,h264_23_keepaudio,fake,True,19,22,fake,0.6666666666666666,0.7142857142857143,0.3181818181818182,0.5856030379471026,1.1559736600163226,0.9999999729069796,3.9752571952531524e-07
test/000107.mp4,000107,resnet50,h264_28_keepaudio,fake,True,19,22,fake,0.7222222222222222,0.7142857142857143,0.36363636363636365,0.5474386058355633,1.2403001108647616,0.9999999729069796,3.9752571952531524e-07
test/000107.mp4,000107,resnet50,h264_33_keepaudio,fake,True,19,22,fake,0.6111111111111112,0.7142857142857143,0.4090909090909091,0.572939866467526,1.1946022894878663,0.9999999729069796,3.9752571952531524e-07
test/000107.mp4,000107,resnet50,h264_38_keepaudio,fake,True,19,22,fake,0.7222222222222222,0.7142857142857143,0.22727272727272727,0.6209353443823362,1.1373173516149042,0.9999999729069796,3.9752571952531524e-07
test/000107.mp4,000107,resnet50,h264_43_keepaudio,fake,True,19,22,fake,0.2777777777777778,0.7142857142857143,0.4090909090909091,0.6265578866004944,1.077946238987583,0.9999999729069796,3.9752571952531524e-07
test/000108.mp4,000108,resnet50,clean,fake,True,18,22,fake,0.7058823529411765,0.7619047619047619,0.45454545454545453,0.6051298413011763,1.1116944083780909,1.0,1.6578612669557122e-10
test/000108.mp4,000108,resnet50,jpeg_10,fake,True,18,22,fake,0.5882352941176471,0.7619047619047619,0.36363636363636365,0.7188327627049552,0.8144753355020097,1.0,1.6578612669557122e-10
test/000108.mp4,000108,resnet50,jpeg_20,fake,True,18,22,fake,0.7058823529411765,0.7619047619047619,0.4090909090909091,0.5946509573194716,1.111409516476992,1.0,1.6578612669557122e-10
test/000108.mp4,000108,resnet50,jpeg_30,fake,True,18,22,fake,0.5882352941176471,0.7619047619047619,0.4090909090909091,0.6017244954903921,1.1576908371706214,1.0,1.6578612669557122e-10
test/000108.mp4,000108,resnet50,jpeg_40,fake,True,18,22,fake,0.5294117647058824,0.7619047619047619,0.45454545454545453,0.641871366235945,1.0447280040791689,1.0,1.6578612669557122e-10
test/000108.mp4,000108,resnet50,jpeg_50,fake,True,18,22,fake,0.6470588235294118,0.7619047619047619,0.5,0.5745693610774146,1.1959953894072044,1.0,1.6578612669557122e-10
test/000108.mp4,000108,resnet50,jpeg_60,fake,True,18,22,fake,0.6470588235294118,0.7619047619047619,0.4090909090909091,0.6344847298330731,1.096105868865888,1.0,1.6578612669557122e-10
test/000108.mp4,000108,resnet50,jpeg_70,fake,True,18,22,fake,0.5882352941176471,0.7619047619047619,0.45454545454545453,0.6157877809471555,1.130100437862579,1.0,1.6578612669557122e-10
test/000108.mp4,000108,resnet50,jpeg_80,fake,True,18,22,fake,0.7058823529411765,0.7619047619047619,0.5,0.6016207055913078,1.1347362352132884,1.0,1.6578612669557122e-10
test/000108.mp4,000108,resnet50,jpeg_90,fake,True,18,22,fake,0.6470588235294118,0.7619047619047619,0.45454545454545453,0.5883362525039249,1.1753164237052756,1.0,1.6578612669557122e-10
test/000108.mp4,000108,resnet50,jpeg_95,fake,True,18,22,fake,0.5294117647058824,0.7619047619047619,0.5454545454545454,0.5774896740913391,1.1704222422217243,1.0,1.6578612669557122e-10
test/000108.mp4,000108,resnet50,h264_18_keepaudio,fake,True,18,22,fake,0.6470588235294118,0.7619047619047619,0.4090909090909091,0.6126041677263048,1.1109419342229048,1.0,1.6578612669557122e-10
test/000108.mp4,000108,resnet50,h264_23_keepaudio,fake,True,18,22,fake,0.5294117647058824,0.7619047619047619,0.3181818181818182,0.6058998240364922,1.1558342909136436,1.0,1.6578612669557122e-10
test/000108.mp4,000108,resnet50,h264_28_keepaudio,fake,True,18,22,fake,0.8235294117647058,0.7619047619047619,0.36363636363636365,0.5614013026158015,1.1750700544194401,1.0,1.6578612669557122e-10
test/000108.mp4,000108,resnet50,h264_33_keepaudio,fake,True,18,22,fake,0.7058823529411765,0.7619047619047619,0.4090909090909091,0.5600488086541494,1.183291787438869,1.0,1.6578612669557122e-10
test/000108.mp4,000108,resnet50,h264_38_keepaudio,fake,True,18,22,fake,0.7058823529411765,0.7619047619047619,0.45454545454545453,0.5962023867501153,1.1655719830443294,1.0,1.6578612669557122e-10
test/000108.mp4,000108,resnet50,h264_43_keepaudio,fake,True,18,22,fake,0.23529411764705882,0.7619047619047619,0.45454545454545453,0.5876222103834152,1.1089077205534836,1.0,1.6578612669557122e-10
test/000109.mp4,000109,resnet50,clean,fake,True,19,22,fake,0.6666666666666666,0.7142857142857143,0.4090909090909091,0.5541027298099116,1.2432918553836938,0.9999999403953552,8.527642281852516e-07
test/000109.mp4,000109,resnet50,jpeg_10,fake,True,19,22,fake,0.5,0.7142857142857143,0.3181818181818182,0.7343920955532476,0.7904709480296472,0.9999999403953552,8.527642281852516e-07
test/000109.mp4,000109,resnet50,jpeg_20,fake,True,19,22,fake,0.7222222222222222,0.7142857142857143,0.36363636363636365,0.5819119732630881,1.1416244261276103,0.9999999403953552,8.527642281852516e-07
test/000109.mp4,000109,resnet50,jpeg_30,fake,True,19,22,fake,0.5555555555555556,0.7142857142857143,0.36363636363636365,0.6226428872660587,1.123163487699717,0.9999999403953552,8.527642281852516e-07
test/000109.mp4,000109,resnet50,jpeg_40,fake,True,19,22,fake,0.5,0.7142857142857143,0.4090909090909091,0.6115269488409946,1.145052605309261,0.9999999403953552,8.527642281852516e-07
test/000109.mp4,000109,resnet50,jpeg_50,fake,True,19,22,fake,0.4444444444444444,0.7142857142857143,0.4090909090909091,0.567942705593611,1.21903635293544,0.9999999403953552,8.527642281852516e-07
test/000109.mp4,000109,resnet50,jpeg_60,fake,True,19,22,fake,0.6111111111111112,0.7142857142857143,0.36363636363636365,0.5454779486907156,1.2535103681592752,0.9999999403953552,8.527642281852516e-07
test/000109.mp4,000109,resnet50,jpeg_70,fake,True,19,22,fake,0.4444444444444444,0.7142857142857143,0.4090909090909091,0.6063398452181565,1.1576212978019293,0.9999999403953552,8.527642281852516e-07
test/000109.mp4,000109,resnet50,jpeg_80,fake,True,19,22,fake,0.6111111111111112,0.7142857142857143,0.4090909090909091,0.5765546481860312,1.2210916808390384,0.9999999403953552,8.527642281852516e-07
test/000109.mp4,000109,resnet50,jpeg_90,fake,True,19,22,fake,0.7222222222222222,0.7142857142857143,0.4090909090909091,0.5774291871409667,1.2056812900618004,0.9999999403953552,8.527642281852516e-07
test/000109.mp4,000109,resnet50,jpeg_95,fake,True,19,22,fake,0.6666666666666666,0.7142857142857143,0.5454545454545454,0.5680700775824095,1.2103740527274913,0.9999999403953552,8.527642281852516e-07
test/000109.mp4,000109,resnet50,h264_18_keepaudio,fake,True,19,22,fake,0.6666666666666666,0.7142857142857143,0.4090909090909091,0.591457619478828,1.1368516684029963,0.9999999403953552,8.527642281852516e-07
test/000109.mp4,000109,resnet50,h264_23_keepaudio,fake,True,19,22,fake,0.6111111111111112,0.7142857142857143,0.3181818181818182,0.6117693264233438,1.1608006730162537,0.9999999403953552,8.527642281852516e-07
test/000109.mp4,000109,resnet50,h264_28_keepaudio,fake,True,19,22,fake,0.6666666666666666,0.7142857142857143,0.36363636363636365,0.5508375481555337,1.231747182405847,0.9999999403953552,8.527642281852516e-07
test/000109.mp4,000109,resnet50,h264_33_keepaudio,fake,True,19,22,fake,0.4444444444444444,0.7142857142857143,0.36363636363636365,0.5907465172441382,1.116090772253024,0.9999999403953552,8.527642281852516e-07
test/000109.mp4,000109,resnet50,h264_38_keepaudio,fake,True,19,22,fake,0.6111111111111112,0.7142857142857143,0.2727272727272727,0.553739502241737,1.2641221733896433,0.9999999403953552,8.527642281852516e-07
test/000109.mp4,000109,resnet50,h264_43_keepaudio,fake,True,19,22,fake,0.5,0.7142857142857143,0.4090909090909091,0.6406514283857847,0.9487445125708426,0.9999999403953552,8.527642281852516e-07
test/000110.mp4,000110,resnet50,clean,real,True,31,38,fake,0.6333333333333333,0.7567567567567568,0.6052631578947368,0.5918093689026371,1.1314099887541056,0.9888461404725125,0.0255524850702321
test/000110.mp4,000110,resnet50,jpeg_10,real,True,31,38,fake,0.9,0.7567567567567568,0.3157894736842105,0.7061266851040625,0.8901912908369864,0.9888461404725125,0.0255524850702321
test/000110.mp4,000110,resnet50,jpeg_20,real,True,31,38,fake,0.7,0.7567567567567568,0.4473684210526316,0.6097594701474712,1.1381518275404208,0.9888461404725125,0.0255524850702321
test/000110.mp4,000110,resnet50,jpeg_30,real,True,31,38,fake,0.8333333333333334,0.7567567567567568,0.5526315789473685,0.5998224106527144,1.1243858775152773,0.9888461404725125,0.0255524850702321
test/000110.mp4,000110,resnet50,jpeg_40,real,True,31,38,fake,0.7333333333333333,0.7567567567567568,0.5526315789473685,0.5737293622186107,1.18099195873636,0.9888461404725125,0.0255524850702321
test/000110.mp4,000110,resnet50,jpeg_50,real,True,31,38,fake,0.6666666666666666,0.7567567567567568,0.5526315789473685,0.6241269476952092,1.0816202624742985,0.9888461404725125,0.0255524850702321
test/000110.mp4,000110,resnet50,jpeg_60,real,True,31,38,fake,0.7,0.7567567567567568,0.631578947368421,0.5523240950799757,1.2007402775061942,0.9888461404725125,0.0255524850702321
test/000110.mp4,000110,resnet50,jpeg_70,real,True,31,38,fake,0.7333333333333333,0.7567567567567568,0.631578947368421,0.5686854912388709,1.172387684616135,0.9888461404725125,0.0255524850702321
test/000110.mp4,000110,resnet50,jpeg_80,real,True,31,38,fake,0.7333333333333333,0.7567567567567568,0.5526315789473685,0.5727967014235835,1.1857388530318638,0.9888461404725125,0.0255524850702321
test/000110.mp4,000110,resnet50,jpeg_90,real,True,31,38,fake,0.6666666666666666,0.7567567567567568,0.6578947368421053,0.5862971496197485,1.172810383877462,0.9888461404725125,0.0255524850702321
test/000110.mp4,000110,resnet50,jpeg_95,real,True,31,38,fake,0.6333333333333333,0.7567567567567568,0.6052631578947368,0.5854213333898975,1.1381442657949057,0.9888461404725125,0.0255524850702321
test/000110.mp4,000110,resnet50,h264_18_keepaudio,real,True,31,38,fake,0.7666666666666667,0.7567567567567568,0.5263157894736842,0.596386440338627,1.1484241441753507,0.9888461404725125,0.0255524850702321
test/000110.mp4,000110,resnet50,h264_23_keepaudio,real,True,31,38,fake,0.6333333333333333,0.7567567567567568,0.631578947368421,0.5635907409652587,1.2157788679906152,0.9888461404725125,0.0255524850702321
test/000110.mp4,000110,resnet50,h264_28_keepaudio,real,True,31,38,fake,0.8,0.7567567567567568,0.5526315789473685,0.607355841705876,1.1357127515188497,0.9888461404725125,0.0255524850702321
test/000110.mp4,000110,resnet50,h264_33_keepaudio,real,True,31,38,fake,0.6666666666666666,0.7567567567567568,0.5,0.6733412002363512,0.980316773690839,0.9888461404725125,0.0255524850702321
test/000110.mp4,000110,resnet50,h264_38_keepaudio,real,True,31,38,fake,0.9333333333333333,0.7567567567567568,0.3157894736842105,0.6217756848181447,1.0928685253782744,0.9888461404725125,0.0255524850702321
test/000110.mp4,000110,resnet50,h264_43_keepaudio,real,True,31,38,fake,0.7333333333333333,0.7567567567567568,0.47368421052631576,0.5617517429974771,1.2252188083170032,0.9888461404725125,0.0255524850702321
test/000111.mp4,000111,resnet50,clean,real,True,19,22,fake,0.5,0.5714285714285714,0.7272727272727273,0.5433787060411353,1.2965679043636749,0.9927039010958238,0.020183879022373077
test/000111.mp4,000111,resnet50,jpeg_10,real,True,19,22,fake,0.8333333333333334,0.5714285714285714,0.5909090909090909,0.5818678971968199,1.0844249649851179,0.9927039010958238,0.020183879022373077
test/000111.mp4,000111,resnet50,jpeg_20,real,True,19,22,fake,0.7222222222222222,0.5714285714285714,0.6363636363636364,0.6199733756090465,1.1050430694416138,0.9927039010958238,0.020183879022373077
test/000111.mp4,000111,resnet50,jpeg_30,real,True,19,22,fake,0.4444444444444444,0.5714285714285714,0.7272727272727273,0.5598092439927553,1.249404698755123,0.9927039010958238,0.020183879022373077
test/000111.mp4,000111,resnet50,jpeg_40,real,True,19,22,fake,0.2777777777777778,0.5714285714285714,0.7272727272727273,0.5527316818111822,1.2246354101382877,0.9927039010958238,0.020183879022373077
test/000111.mp4,000111,resnet50,jpeg_50,real,True,19,22,fake,0.3888888888888889,0.5714285714285714,0.6363636363636364,0.5728853423344461,1.2273267842076436,0.9927039010958238,0.020183879022373077
test/000111.mp4,000111,resnet50,jpeg_60,real,True,19,22,fake,0.4444444444444444,0.5714285714285714,0.7272727272727273,0.570402697512978,1.2275382631718599,0.9927039010958238,0.020183879022373077
test/000111.mp4,000111,resnet50,jpeg_70,real,True,19,22,fake,0.3888888888888889,0.5714285714285714,0.7272727272727273,0.6006355662094919,1.1856394167540802,0.9927039010958238,0.020183879022373077
test/000111.mp4,000111,resnet50,jpeg_80,real,True,19,22,fake,0.3333333333333333,0.5714285714285714,0.6363636363636364,0.5709229801830492,1.239662993854151,0.9927039010958238,0.020183879022373077
test/000111.mp4,000111,resnet50,jpeg_90,real,True,19,22,fake,0.5,0.5714285714285714,0.7272727272727273,0.5948486249697836,1.1921227451918721,0.9927039010958238,0.020183879022373077
test/000111.mp4,000111,resnet50,jpeg_95,real,True,19,22,fake,0.3333333333333333,0.5714285714285714,0.7272727272727273,0.542593201524333,1.2942676842947904,0.9927039010958238,0.020183879022373077
test/000111.mp4,000111,resnet50,h264_18_keepaudio,real,True,19,22,fake,0.3888888888888889,0.5714285714285714,0.7272727272727273,0.5430209809227994,1.2759175051340492,0.9927039010958238,0.020183879022373077
test/000111.mp4,000111,resnet50,h264_23_keepaudio,real,True,19,22,fake,0.7222222222222222,0.5714285714285714,0.5909090909090909,0.5531343864767175,1.2686764524922363,0.9927039010958238,0.020183879022373077
test/000111.mp4,000111,resnet50,h264_28_keepaudio,real,True,19,22,fake,0.6111111111111112,0.5714285714285714,0.5454545454545454,0.5789759206144434,1.1926138298686242,0.9927039010958238,0.020183879022373077
test/000111.mp4,000111,resnet50,h264_33_keepaudio,real,True,19,22,fake,0.8333333333333334,0.5714285714285714,0.5,0.5961977117939999,1.1193425873577891,0.9927039010958238,0.020183879022373077
test/000111.mp4,000111,resnet50,h264_38_keepaudio,real,True,19,22,fake,0.6666666666666666,0.5714285714285714,0.45454545454545453,0.5207396651569166,1.2617121057797853,0.9927039010958238,0.020183879022373077
test/000111.mp4,000111,resnet50,h264_43_keepaudio,real,True,19,22,fake,0.6666666666666666,0.5714285714285714,0.36363636363636365,0.5280685973794836,1.284996357468767,0.9927039010958238,0.020183879022373077
test/000112.mp4,000112,resnet50,clean,real,True,18,21,fake,0.5294117647058824,0.8,0.8095238095238095,0.7079813480377197,0.8572275323401196,1.0,1.6578612669557122e-10
test/000112.mp4,000112,resnet50,jpeg_10,real,True,18,21,fake,0.7647058823529411,0.8,0.6190476190476191,0.7074498352077272,0.8455466975212464,1.0,1.6578612669557122e-10
test/000112.mp4,000112,resnet50,jpeg_20,real,True,18,21,fake,0.5882352941176471,0.8,0.8095238095238095,0.7194671862655215,0.8520429211316185,1.0,1.6578612669557122e-10
test/000112.mp4,000112,resnet50,jpeg_30,real,True,18,21,fake,0.5882352941176471,0.8,0.7619047619047619,0.7206674102279875,0.8243975473778191,1.0,1.6578612669557122e-10
test/000112.mp4,000112,resnet50,jpeg_40,real,True,18,21,fake,0.7647058823529411,0.8,0.8095238095238095,0.724603404601415,0.834495340184665,1.0,1.6578612669557122e-10
test/000112.mp4,000112,resnet50,jpeg_50,real,True,18,21,fake,0.7058823529411765,0.8,0.8571428571428571,0.7432771424452463,0.8039734983640987,1.0,1.6578612669557122e-10
test/000112.mp4,000112,resnet50,jpeg_60,real,True,18,21,fake,0.5294117647058824,0.8,0.8095238095238095,0.746431032816569,0.8217307387704701,1.0,1.6578612669557122e-10
test/000112.mp4,000112,resnet50,jpeg_70,real,True,18,21,fake,0.6470588235294118,0.8,0.7619047619047619,0.6985570672485564,0.8730804735203878,1.0,1.6578612669557122e-10
test/000112.mp4,000112,resnet50,jpeg_80,real,True,18,21,fake,0.5294117647058824,0.8,0.8571428571428571,0.7237125436464945,0.8305492814790545,1.0,1.6578612669557122e-10
test/000112.mp4,000112,resnet50,jpeg_90,real,True,18,21,fake,0.7058823529411765,0.8,0.7142857142857143,0.731777752439181,0.8048946885605069,1.0,1.6578612669557122e-10
test/000112.mp4,000112,resnet50,jpeg_95,real,True,18,21,fake,0.7647058823529411,0.8,0.8571428571428571,0.7424874239497714,0.8009659001340026,1.0,1.6578612669557122e-10
test/000112.mp4,000112,resnet50,h264_18_keepaudio,real,True,18,21,fake,0.5294117647058824,0.8,0.8095238095238095,0.7349335336022906,0.8123660675371337,1.0,1.6578612669557122e-10
test/000112.mp4,000112,resnet50,h264_23_keepaudio,real,True,18,21,fake,0.7058823529411765,0.8,0.7619047619047619,0.6798721601565679,0.9085720937960535,1.0,1.6578612669557122e-10
test/000112.mp4,000112,resnet50,h264_28_keepaudio,real,True,18,21,fake,0.8235294117647058,0.8,0.7142857142857143,0.727303124136395,0.842404978689273,1.0,1.6578612669557122e-10
test/000112.mp4,000112,resnet50,h264_33_keepaudio,real,True,18,21,fake,0.8823529411764706,0.8,0.8095238095238095,0.8037690884537168,0.6917711161981559,1.0,1.6578612669557122e-10
test/000112.mp4,000112,resnet50,h264_38_keepaudio,real,True,18,21,fake,0.8823529411764706,0.8,0.8571428571428571,0.7180480344427956,0.8347286809539156,1.0,1.6578612669557122e-10
test/000112.mp4,000112,resnet50,h264_43_keepaudio,real,True,18,21,fake,0.8235294117647058,0.8,0.9523809523809523,0.724040706952413,0.894439545336615,1.0,1.6578612669557122e-10
test/000113.mp4,000113,resnet50,clean,fake,True,18,22,fake,0.5882352941176471,0.6666666666666666,0.8636363636363636,0.723725535803371,0.8038909670355958,0.9887939393520355,0.025386112984813126
test/000113.mp4,000113,resnet50,jpeg_10,fake,True,18,22,fake,0.7058823529411765,0.6666666666666666,0.6363636363636364,0.7061143782403734,0.8403506188317041,0.9887939393520355,0.025386112984813126
test/000113.mp4,000113,resnet50,jpeg_20,fake,True,18,22,fake,0.4117647058823529,0.6666666666666666,0.7727272727272727,0.7523268113533655,0.7632574299182979,0.9887939393520355,0.025386112984813126
test/000113.mp4,000113,resnet50,jpeg_30,fake,True,18,22,fake,0.5294117647058824,0.6666666666666666,0.7727272727272727,0.7665641241603427,0.7112548926490635,0.9887939393520355,0.025386112984813126
test/000113.mp4,000113,resnet50,jpeg_40,fake,True,18,22,fake,0.7058823529411765,0.6666666666666666,0.7272727272727273,0.7381362103753619,0.8055920490003434,0.9887939393520355,0.025386112984813126
test/000113.mp4,000113,resnet50,jpeg_50,fake,True,18,22,fake,0.5294117647058824,0.6666666666666666,0.7727272727272727,0.7606599546141095,0.7742455480400081,0.9887939393520355,0.025386112984813126
test/000113.mp4,000113,resnet50,jpeg_60,fake,True,18,22,fake,0.5882352941176471,0.6666666666666666,0.7727272727272727,0.689209090338813,0.86833436421074,0.9887939393520355,0.025386112984813126
test/000113.mp4,000113,resnet50,jpeg_70,fake,True,18,22,fake,0.5294117647058824,0.6666666666666666,0.7727272727272727,0.7178753332959281,0.836353514415883,0.9887939393520355,0.025386112984813126
test/000113.mp4,000113,resnet50,jpeg_80,fake,True,18,22,fake,0.5882352941176471,0.6666666666666666,0.7727272727272727,0.7273738019996219,0.8155342847296236,0.9887939393520355,0.025386112984813126
test/000113.mp4,000113,resnet50,jpeg_90,fake,True,18,22,fake,0.5294117647058824,0.6666666666666666,0.7727272727272727,0.7062631845474243,0.8393109610733263,0.9887939393520355,0.025386112984813126
test/000113.mp4,000113,resnet50,jpeg_95,fake,True,18,22,fake,0.5294117647058824,0.6666666666666666,0.8181818181818182,0.7150917020108964,0.831679019481512,0.9887939393520355,0.025386112984813126
test/000113.mp4,000113,resnet50,h264_18_keepaudio,fake,True,18,22,fake,0.5882352941176471,0.6666666666666666,0.8181818181818182,0.7596405943234762,0.7783092981132788,0.9887939393520355,0.025386112984813126
test/000113.mp4,000113,resnet50,h264_23_keepaudio,fake,True,18,22,fake,0.5882352941176471,0.6666666666666666,0.9090909090909091,0.7101131710741255,0.8668136462151824,0.9887939393520355,0.025386112984813126
test/000113.mp4,000113,resnet50,h264_28_keepaudio,fake,True,18,22,fake,0.6470588235294118,0.6666666666666666,0.9090909090909091,0.6872056706084145,0.9123371318387705,0.9887939393520355,0.025386112984813126
test/000113.mp4,000113,resnet50,h264_33_keepaudio,fake,True,18,22,fake,0.7058823529411765,0.6666666666666666,0.9090909090909091,0.7377275162272983,0.7944701759165148,0.9887939393520355,0.025386112984813126
test/000113.mp4,000113,resnet50,h264_38_keepaudio,fake,True,18,22,fake,0.8823529411764706,0.6666666666666666,0.9090909090909091,0.8030062599314584,0.6900529872035293,0.9887939393520355,0.025386112984813126
test/000113.mp4,000113,resnet50,h264_43_keepaudio,fake,True,18,22,fake,0.8823529411764706,0.6666666666666666,0.8636363636363636,0.6123464090956582,1.1300909188361667,0.9887939393520355,0.025386112984813126
test/000114.mp4,000114,resnet50,clean,fake,True,18,22,fake,0.5882352941176471,0.7619047619047619,0.7272727272727273,0.7100792775551478,0.8832302331696718,1.0,1.6578612669557122e-10
test/000114.mp4,000114,resnet50,jpeg_10,fake,True,18,22,fake,0.6470588235294118,0.7619047619047619,0.6363636363636364,0.7030131071805954,0.8863790579373892,1.0,1.6578612669557122e-10
test/000114.mp4,000114,resnet50,jpeg_20,fake,True,18,22,fake,0.35294117647058826,0.7619047619047619,0.6363636363636364,0.7607461214065552,0.7587359983646061,1.0,1.6578612669557122e-10
test/000114.mp4,000114,resnet50,jpeg_30,fake,True,18,22,fake,0.5882352941176471,0.7619047619047619,0.6818181818181818,0.6976464142402014,0.9008052334199095,1.0,1.6578612669557122e-10
test/000114.mp4,000114,resnet50,jpeg_40,fake,True,18,22,fake,0.6470588235294118,0.7619047619047619,0.6818181818181818,0.711052558488316,0.8623957864410698,1.0,1.6578612669557122e-10
test/000114.mp4,000114,resnet50,jpeg_50,fake,True,18,22,fake,0.5294117647058824,0.7619047619047619,0.6363636363636364,0.6846898165014055,0.9162461262844155,1.0,1.6578612669557122e-10
test/000114.mp4,000114,resnet50,jpeg_60,fake,True,18,22,fake,0.5882352941176471,0.7619047619047619,0.7272727272727273,0.6518095384041468,0.9881910819633902,1.0,1.6578612669557122e-10
test/000114.mp4,000114,resnet50,jpeg_70,fake,True,18,22,fake,0.6470588235294118,0.7619047619047619,0.6818181818181818,0.6758471065097384,0.9436689740019776,1.0,1.6578612669557122e-10
test/000114.mp4,000114,resnet50,jpeg_80,fake,True,18,22,fake,0.5294117647058824,0.7619047619047619,0.7272727272727273,0.7123853845728768,0.8800672718866323,1.0,1.6578612669557122e-10
test/000114.mp4,000114,resnet50,jpeg_90,fake,True,18,22,fake,0.5882352941176471,0.7619047619047619,0.6818181818181818,0.7273154109716415,0.8453141821147592,1.0,1.6578612669557122e-10
test/000114.mp4,000114,resnet50,jpeg_95,fake,True,18,22,fake,0.5294117647058824,0.7619047619047619,0.8181818181818182,0.6680301990773942,0.9321736210290301,1.0,1.6578612669557122e-10
test/000114.mp4,000114,resnet50,h264_18_keepaudio,fake,True,18,22,fake,0.6470588235294118,0.7619047619047619,0.6363636363636364,0.6590885238515006,0.9538559005578462,1.0,1.6578612669557122e-10
test/000114.mp4,000114,resnet50,h264_23_keepaudio,fake,True,18,22,fake,0.7647058823529411,0.7619047619047619,0.8636363636363636,0.6847622560130225,0.9421555490891971,1.0,1.6578612669557122e-10
test/000114.mp4,000114,resnet50,h264_28_keepaudio,fake,True,18,22,fake,0.6470588235294118,0.7619047619047619,0.7272727272727273,0.7007545149988599,0.8884424978117482,1.0,1.6578612669557122e-10
test/000114.mp4,000114,resnet50,h264_33_keepaudio,fake,True,18,22,fake,0.8235294117647058,0.7619047619047619,0.9090909090909091,0.7526530590322282,0.7600990263280614,1.0,1.6578612669557122e-10
test/000114.mp4,000114,resnet50,h264_38_keepaudio,fake,True,18,22,fake,1.0,0.7619047619047619,0.9545454545454546,0.8268894089592828,0.6075543927015419,1.0,1.6578612669557122e-10
test/000114.mp4,000114,resnet50,h264_43_keepaudio,fake,True,18,22,fake,0.8823529411764706,0.7619047619047619,0.8636363636363636,0.7646117673979865,0.8561284418246107,1.0,1.6578612669557122e-10
test/000115.mp4,000115,resnet50,clean,fake,True,18,22,fake,0.5294117647058824,0.6666666666666666,0.7727272727272727,0.6743042518695196,0.9593599452877535,0.9890881234949286,0.025052297079833287
test/000115.mp4,000115,resnet50,jpeg_10,fake,True,18,22,fake,0.7647058823529411,0.6666666666666666,0.7727272727272727,0.7011991242567698,0.8697678728563256,0.9890881234949286,0.025052297079833287
test/000115.mp4,000115,resnet50,jpeg_20,fake,True,18,22,fake,0.5294117647058824,0.6666666666666666,0.6363636363636364,0.7133505029810799,0.8859467599446699,0.9890881234949286,0.025052297079833287
test/000115.mp4,000115,resnet50,jpeg_30,fake,True,18,22,fake,0.47058823529411764,0.6666666666666666,0.7727272727272727,0.7391845434904099,0.7991817830449086,0.9890881234949286,0.025052297079833287
test/000115.mp4,000115,resnet50,jpeg_40,fake,True,18,22,fake,0.6470588235294118,0.6666666666666666,0.7272727272727273,0.7479730115996467,0.8120659947422603,0.9890881234949286,0.025052297079833287
test/000115.mp4,000115,resnet50,jpeg_50,fake,True,18,22,fake,0.4117647058823529,0.6666666666666666,0.7727272727272727,0.6657780309518179,0.9982419045131972,0.9890881234949286,0.025052297079833287
test/000115.mp4,000115,resnet50,jpeg_60,fake,True,18,22,fake,0.47058823529411764,0.6666666666666666,0.7727272727272727,0.6505332340796789,0.9873514943833127,0.9890881234949286,0.025052297079833287
test/000115.mp4,000115,resnet50,jpeg_70,fake,True,18,22,fake,0.47058823529411764,0.6666666666666666,0.8636363636363636,0.6791703717576133,0.9391521151868462,0.9890881234949286,0.025052297079833287
test/000115.mp4,000115,resnet50,jpeg_80,fake,True,18,22,fake,0.47058823529411764,0.6666666666666666,0.7727272727272727,0.6862222966220644,0.9374073078864673,0.9890881234949286,0.025052297079833287
test/000115.mp4,000115,resnet50,jpeg_90,fake,True,18,22,fake,0.5294117647058824,0.6666666666666666,0.7272727272727273,0.6482552157508003,0.9982604402552568,0.9890881234949286,0.025052297079833287
test/000115.mp4,000115,resnet50,jpeg_95,fake,True,18,22,fake,0.4117647058823529,0.6666666666666666,0.7272727272727273,0.6951231956481934,0.9199267993805049,0.9890881234949286,0.025052297079833287
test/000115.mp4,000115,resnet50,h264_18_keepaudio,fake,True,18,22,fake,0.47058823529411764,0.6666666666666666,0.8181818181818182,0.6877010199758742,0.930174540544141,0.9890881234949286,0.025052297079833287
test/000115.mp4,000115,resnet50,h264_23_keepaudio,fake,True,18,22,fake,0.5294117647058824,0.6666666666666666,0.7727272727272727,0.6933398594458898,0.9499591129616197,0.9890881234949286,0.025052297079833287
test/000115.mp4,000115,resnet50,h264_28_keepaudio,fake,True,18,22,fake,0.7058823529411765,0.6666666666666666,0.8181818181818182,0.6902799473868476,0.9203371724114936,0.9890881234949286,0.025052297079833287
test/000115.mp4,000115,resnet50,h264_33_keepaudio,fake,True,18,22,fake,0.8235294117647058,0.6666666666666666,0.8181818181818182,0.7856758154100842,0.7248763739729109,0.9890881234949286,0.025052297079833287
test/000115.mp4,000115,resnet50,h264_38_keepaudio,fake,True,18,22,fake,0.7058823529411765,0.6666666666666666,0.8636363636363636,0.6507512562804751,1.0334603826541464,0.9890881234949286,0.025052297079833287
test/000115.mp4,000115,resnet50,h264_43_keepaudio,fake,True,18,22,fake,0.8823529411764706,0.6666666666666666,0.8636363636363636,0.6537598702642653,1.0438766111922315,0.9890881234949286,0.025052297079833287
test/000116.mp4,000116,resnet50,clean,real,True,26,32,fake,0.68,0.7419354838709677,0.5625,0.49998164635438186,1.2862528513953666,0.993535615503788,0.01593429828448096
test/000116.mp4,000116,resnet50,jpeg_10,real,True,26,32,fake,0.76,0.7419354838709677,0.34375,0.7137180245839633,0.8653384497086242,0.993535615503788,0.01593429828448096
test/000116.mp4,000116,resnet50,jpeg_20,real,True,26,32,fake,0.68,0.7419354838709677,0.375,0.5952118256917367,1.0972871700081828,0.993535615503788,0.01593429828448096
test/000116.mp4,000116,resnet50,jpeg_30,real,True,26,32,fake,0.68,0.7419354838709677,0.4375,0.530215288584049,1.2335651495201767,0.993535615503788,0.01593429828448096
test/000116.mp4,000116,resnet50,jpeg_40,real,True,26,32,fake,0.8,0.7419354838709677,0.4375,0.536894156382634,1.239963796012668,0.993535615503788,0.01593429828448096
test/000116.mp4,000116,resnet50,jpeg_50,real,True,26,32,fake,0.72,0.7419354838709677,0.28125,0.5181447038283715,1.2585745207723131,0.993535615503788,0.01593429828448096
test/000116.mp4,000116,resnet50,jpeg_60,real,True,26,32,fake,0.72,0.7419354838709677,0.4375,0.5227072399396163,1.25905532821145,0.993535615503788,0.01593429828448096
test/000116.mp4,000116,resnet50,jpeg_70,real,True,26,32,fake,0.72,0.7419354838709677,0.3125,0.5249374027435596,1.2537446973406505,0.993535615503788,0.01593429828448096
test/000116.mp4,000116,resnet50,jpeg_80,real,True,26,32,fake,0.76,0.7419354838709677,0.53125,0.5148214663450534,1.2897950828046858,0.993535615503788,0.01593429828448096
test/000116.mp4,000116,resnet50,jpeg_90,real,True,26,32,fake,0.76,0.7419354838709677,0.4375,0.524201607474914,1.2718272030790678,0.993535615503788,0.01593429828448096
test/000116.mp4,000116,resnet50,jpeg_95,real,True,26,32,fake,0.64,0.7419354838709677,0.4375,0.4870618639084009,1.340941808517501,0.993535615503788,0.01593429828448096
test/000116.mp4,000116,resnet50,h264_18_keepaudio,real,True,26,32,fake,0.56,0.7419354838709677,0.3125,0.5384264084009024,1.2481240079841422,0.993535615503788,0.01593429828448096
test/000116.mp4,000116,resnet50,h264_23_keepaudio,real,True,26,32,fake,0.68,0.7419354838709677,0.4375,0.5525606458003705,1.2468015728738282,0.993535615503788,0.01593429828448096
test/000116.mp4,000116,resnet50,h264_28_keepaudio,real,True,26,32,fake,0.72,0.7419354838709677,0.375,0.5871738917552508,1.142675990391263,0.993535615503788,0.01593429828448096
test/000116.mp4,000116,resnet50,h264_33_keepaudio,real,True,26,32,fake,0.72,0.7419354838709677,0.375,0.5515592327484717,1.1772635187112008,0.993535615503788,0.01593429828448096
test/000116.mp4,000116,resnet50,h264_38_keepaudio,real,True,26,32,fake,0.72,0.7419354838709677,0.4375,0.5946213282071627,1.1227884006557671,0.993535615503788,0.01593429828448096
test/000116.mp4,000116,resnet50,h264_43_keepaudio,real,True,26,32,fake,0.76,0.7419354838709677,0.5,0.5699337480159906,1.1786741249503991,0.993535615503788,0.01593429828448096
test/000117.mp4,000117,resnet50,clean,fake,True,30,37,fake,0.7931034482758621,0.7222222222222222,0.24324324324324326,0.5939202944437663,1.16872618158855,0.9940052644626515,0.014330615252649706
test/000117.mp4,000117,resnet50,jpeg_10,fake,True,30,37,fake,0.896551724137931,0.7222222222222222,0.1891891891891892,0.6731631567080816,0.9381807881340815,0.9940052644626515,0.014330615252649706
test/000117.mp4,000117,resnet50,jpeg_20,fake,True,30,37,fake,0.896551724137931,0.7222222222222222,0.32432432432432434,0.672804926832517,0.9871692999093696,0.9940052644626515,0.014330615252649706
test/000117.mp4,000117,resnet50,jpeg_30,fake,True,30,37,fake,0.6896551724137931,0.7222222222222222,0.21621621621621623,0.5986238300800324,1.1109594307997679,0.9940052644626515,0.014330615252649706
test/000117.mp4,000117,resnet50,jpeg_40,fake,True,30,37,fake,0.7586206896551724,0.7222222222222222,0.43243243243243246,0.6361893087625503,1.0734047980079695,0.9940052644626515,0.014330615252649706
test/000117.mp4,000117,resnet50,jpeg_50,fake,True,30,37,fake,0.8275862068965517,0.7222222222222222,0.2702702702702703,0.6215074280897777,1.1059612841843007,0.9940052644626515,0.014330615252649706
test/000117.mp4,000117,resnet50,jpeg_60,fake,True,30,37,fake,0.7586206896551724,0.7222222222222222,0.2972972972972973,0.583372617761294,1.1611624675605692,0.9940052644626515,0.014330615252649706
test/000117.mp4,000117,resnet50,jpeg_70,fake,True,30,37,fake,0.8275862068965517,0.7222222222222222,0.21621621621621623,0.5978961636622747,1.1570655223905153,0.9940052644626515,0.014330615252649706
test/000117.mp4,000117,resnet50,jpeg_80,fake,True,30,37,fake,0.7931034482758621,0.7222222222222222,0.35135135135135137,0.5619482010602951,1.1999596993030788,0.9940052644626515,0.014330615252649706
test/000117.mp4,000117,resnet50,jpeg_90,fake,True,30,37,fake,0.7931034482758621,0.7222222222222222,0.24324324324324326,0.6005801479021708,1.1578834896124437,0.9940052644626515,0.014330615252649706
test/000117.mp4,000117,resnet50,jpeg_95,fake,True,30,37,fake,0.7586206896551724,0.7222222222222222,0.2972972972972973,0.5743815660476684,1.1978143766082543,0.9940052644626515,0.014330615252649706
test/000117.mp4,000117,resnet50,h264_18_keepaudio,fake,True,30,37,fake,0.8275862068965517,0.7222222222222222,0.2972972972972973,0.5857810537020366,1.1839199583187379,0.9940052644626515,0.014330615252649706
test/000117.mp4,000117,resnet50,h264_23_keepaudio,fake,True,30,37,fake,0.7241379310344828,0.7222222222222222,0.24324324324324326,0.6019182443618775,1.1307070629750775,0.9940052644626515,0.014330615252649706
test/000117.mp4,000117,resnet50,h264_28_keepaudio,fake,True,30,37,fake,0.6896551724137931,0.7222222222222222,0.4594594594594595,0.5899392346541087,1.165396047502071,0.9940052644626515,0.014330615252649706
test/000117.mp4,000117,resnet50,h264_33_keepaudio,fake,True,30,37,fake,0.7241379310344828,0.7222222222222222,0.6756756756756757,0.6257571359475453,1.061745179769689,0.9940052644626515,0.014330615252649706
test/000117.mp4,000117,resnet50,h264_38_keepaudio,fake,True,30,37,fake,0.6896551724137931,0.7222222222222222,0.4594594594594595,0.563418859243393,1.1892155589708047,0.9940052644626515,0.014330615252649706
test/000117.mp4,000117,resnet50,h264_43_keepaudio,fake,True,30,37,fake,0.5517241379310345,0.7222222222222222,0.5405405405405406,0.6349138259887696,1.053291346961162,0.9940052644626515,0.014330615252649706
test/000118.mp4,000118,resnet50,clean,fake,True,26,32,fake,0.64,0.7419354838709677,0.375,0.5826730716686982,1.1665092527902183,0.9986284002661705,0.00689613701192143
test/000118.mp4,000118,resnet50,jpeg_10,fake,True,26,32,fake,0.84,0.7419354838709677,0.28125,0.7043559883649533,0.8687824986513225,0.9986284002661705,0.00689613701192143
test/000118.mp4,000118,resnet50,jpeg_20,fake,True,26,32,fake,0.72,0.7419354838709677,0.40625,0.6196517061728698,1.111477529903526,0.9986284002661705,0.00689613701192143
test/000118.mp4,000118,resnet50,jpeg_30,fake,True,26,32,fake,0.76,0.7419354838709677,0.4375,0.6175329455962548,1.0690225606031085,0.9986284002661705,0.00689613701192143
test/000118.mp4,000118,resnet50,jpeg_40,fake,True,26,32,fake,0.64,0.7419354838709677,0.40625,0.6262095203766456,1.1105755147444851,0.9986284002661705,0.00689613701192143
test/000118.mp4,000118,resnet50,jpeg_50,fake,True,26,32,fake,0.72,0.7419354838709677,0.375,0.5598436857645328,1.2125227483272096,0.9986284002661705,0.00689613701192143
test/000118.mp4,000118,resnet50,jpeg_60,fake,True,26,32,fake,0.76,0.7419354838709677,0.4375,0.5749816607970458,1.1850754474541116,0.9986284002661705,0.00689613701192143
test/000118.mp4,000118,resnet50,jpeg_70,fake,True,26,32,fake,0.68,0.7419354838709677,0.3125,0.597051182618508,1.1611953981200596,0.9986284002661705,0.00689613701192143
test/000118.mp4,000118,resnet50,jpeg_80,fake,True,26,32,fake,0.68,0.7419354838709677,0.4375,0.5838371205788392,1.1507464537111602,0.9986284002661705,0.00689613701192143
test/000118.mp4,000118,resnet50,jpeg_90,fake,True,26,32,fake,0.72,0.7419354838709677,0.375,0.6115210067767364,1.1462566566535188,0.9986284002661705,0.00689613701192143
test/000118.mp4,000118,resnet50,jpeg_95,fake,True,26,32,fake,0.6,0.7419354838709677,0.375,0.5892854688259271,1.1575769230054198,0.9986284002661705,0.00689613701192143
test/000118.mp4,000118,resnet50,h264_18_keepaudio,fake,True,26,32,fake,0.52,0.7419354838709677,0.34375,0.5701019970270303,1.1750982401956942,0.9986284002661705,0.00689613701192143
test/000118.mp4,000118,resnet50,h264_23_keepaudio,fake,True,26,32,fake,0.72,0.7419354838709677,0.28125,0.6113989169781024,1.1261489256064956,0.9986284002661705,0.00689613701192143
test/000118.mp4,000118,resnet50,h264_28_keepaudio,fake,True,26,32,fake,0.76,0.7419354838709677,0.4375,0.6529144965685331,1.011839184976796,0.9986284002661705,0.00689613701192143
test/000118.mp4,000118,resnet50,h264_33_keepaudio,fake,True,26,32,fake,0.68,0.7419354838709677,0.46875,0.571932220688233,1.2030025962501665,0.9986284002661705,0.00689613701192143
test/000118.mp4,000118,resnet50,h264_38_keepaudio,fake,True,26,32,fake,0.8,0.7419354838709677,0.40625,0.5857764276174399,1.155024889120613,0.9986284002661705,0.00689613701192143
test/000118.mp4,000118,resnet50,h264_43_keepaudio,fake,True,26,32,fake,0.56,0.7419354838709677,0.625,0.6657323768505683,0.997705412595612,0.9986284002661705,0.00689613701192143
test/000119.mp4,000119,resnet50,clean,fake,True,30,37,fake,0.6551724137931034,0.7777777777777778,0.32432432432432434,0.6033583054939906,1.1298066548904395,0.9759751912709829,0.058930935799182724
test/000119.mp4,000119,resnet50,jpeg_10,fake,True,30,37,fake,0.7931034482758621,0.7777777777777778,0.2702702702702703,0.7441956609487533,0.8174458556912304,0.9759751912709829,0.058930935799182724
test/000119.mp4,000119,resnet50,jpeg_20,fake,True,30,37,fake,0.8620689655172413,0.7777777777777778,0.2972972972972973,0.6709718684355418,0.9696786329503155,0.9759751912709829,0.058930935799182724
test/000119.mp4,000119,resnet50,jpeg_30,fake,True,30,37,fake,0.8275862068965517,0.7777777777777778,0.40540540540540543,0.5924206892649333,1.1252457912822744,0.9759751912709829,0.058930935799182724
test/000119.mp4,000119,resnet50,jpeg_40,fake,True,30,37,fake,0.6551724137931034,0.7777777777777778,0.4594594594594595,0.6288503110408783,1.0910589672753481,0.9759751912709829,0.058930935799182724
test/000119.mp4,000119,resnet50,jpeg_50,fake,True,30,37,fake,0.6896551724137931,0.7777777777777778,0.2702702702702703,0.5919831236203511,1.1551047357100401,0.9759751912709829,0.058930935799182724
test/000119.mp4,000119,resnet50,jpeg_60,fake,True,30,37,fake,0.7241379310344828,0.7777777777777778,0.2702702702702703,0.5985233018795649,1.114913315206933,0.9759751912709829,0.058930935799182724
test/000119.mp4,000119,resnet50,jpeg_70,fake,True,30,37,fake,0.7241379310344828,0.7777777777777778,0.2702702702702703,0.5703197012344996,1.171199981409159,0.9759751912709829,0.058930935799182724
test/000119.mp4,000119,resnet50,jpeg_80,fake,True,30,37,fake,0.6551724137931034,0.7777777777777778,0.4594594594594595,0.5981533706188202,1.1351667795819211,0.9759751912709829,0.058930935799182724
test/000119.mp4,000119,resnet50,jpeg_90,fake,True,30,37,fake,0.6551724137931034,0.7777777777777778,0.35135135135135137,0.6128866493701934,1.1280899478061037,0.9759751912709829,0.058930935799182724
test/000119.mp4,000119,resnet50,jpeg_95,fake,True,30,37,fake,0.5172413793103449,0.7777777777777778,0.35135135135135137,0.6006420284509659,1.148607846768792,0.9759751912709829,0.058930935799182724
test/000119.mp4,000119,resnet50,h264_18_keepaudio,fake,True,30,37,fake,0.5517241379310345,0.7777777777777778,0.35135135135135137,0.6288121461868286,1.0929558931767729,0.9759751912709829,0.058930935799182724
test/000119.mp4,000119,resnet50,h264_23_keepaudio,fake,True,30,37,fake,0.7241379310344828,0.7777777777777778,0.32432432432432434,0.61987424492836,1.0695330153682447,0.9759751912709829,0.058930935799182724
test/000119.mp4,000119,resnet50,h264_28_keepaudio,fake,True,30,37,fake,0.7586206896551724,0.7777777777777778,0.43243243243243246,0.6197245836257934,1.0693419151746986,0.9759751912709829,0.058930935799182724
test/000119.mp4,000119,resnet50,h264_33_keepaudio,fake,True,30,37,fake,0.7586206896551724,0.7777777777777778,0.35135135135135137,0.7258294334014257,0.8802473795621591,0.9759751912709829,0.058930935799182724
test/000119.mp4,000119,resnet50,h264_38_keepaudio,fake,True,30,37,fake,0.5517241379310345,0.7777777777777778,0.4594594594594595,0.5655308087666829,1.1607520361278603,0.9759751912709829,0.058930935799182724
test/000119.mp4,000119,resnet50,h264_43_keepaudio,fake,True,30,37,fake,0.6551724137931034,0.7777777777777778,0.5945945945945946,0.6086009979248047,1.0863619096099377,0.9759751912709829,0.058930935799182724
test/000120.mp4,000120,resnet50,clean,real,True,13,15,fake,0.4166666666666667,0.5,0.8666666666666667,0.6033882590440603,1.1384096764925684,0.9999773581822713,0.00020350754960349514
test/000120.mp4,000120,resnet50,jpeg_10,real,True,13,15,fake,0.75,0.5,0.4,0.5586812496185303,1.1944082350011622,0.9999773581822713,0.00020350754960349514
test/000120.mp4,000120,resnet50,jpeg_20,real,True,13,15,fake,0.5,0.5,0.6666666666666666,0.542038463629209,1.2369137670403714,0.9999773581822713,0.00020350754960349514
test/000120.mp4,000120,resnet50,jpeg_30,real,True,13,15,fake,0.75,0.5,0.6666666666666666,0.5382703577096646,1.2372881707923453,0.9999773581822713,0.00020350754960349514
test/000120.mp4,000120,resnet50,jpeg_40,real,True,13,15,fake,0.5,0.5,0.7333333333333333,0.5592599419447092,1.2135663755617452,0.9999773581822713,0.00020350754960349514
test/000120.mp4,000120,resnet50,jpeg_50,real,True,13,15,fake,0.3333333333333333,0.5,0.9333333333333333,0.6038047327445104,1.118151701900012,0.9999773581822713,0.00020350754960349514
test/000120.mp4,000120,resnet50,jpeg_60,real,True,13,15,fake,0.3333333333333333,0.5,0.9333333333333333,0.555474226291363,1.2210894821971672,0.9999773581822713,0.00020350754960349514
test/000120.mp4,000120,resnet50,jpeg_70,real,True,12,15,fake,0.2727272727272727,0.5,1.0,0.5650732517242432,1.1661296870312141,0.9999773581822713,0.00020350754960349514
test/000120.mp4,000120,resnet50,jpeg_80,real,True,12,15,fake,0.45454545454545453,0.5,0.9333333333333333,0.5936833644906679,1.1638272210752985,0.9999773581822713,0.00020350754960349514
test/000120.mp4,000120,resnet50,jpeg_90,real,True,12,15,fake,0.45454545454545453,0.5,0.9333333333333333,0.583381399512291,1.139254755578744,0.9999773581822713,0.00020350754960349514
test/000120.mp4,000120,resnet50,jpeg_95,real,True,12,15,fake,0.5454545454545454,0.5,0.8,0.6209992244839668,1.0719713362282837,0.9999773581822713,0.00020350754960349514
test/000120.mp4,000120,resnet50,h264_18_keepaudio,real,True,13,15,fake,0.5833333333333334,0.5,0.7333333333333333,0.58694877074315,1.159465866475264,0.9999773581822713,0.00020350754960349514
test/000120.mp4,000120,resnet50,h264_23_keepaudio,real,True,13,15,fake,0.3333333333333333,0.5,0.9333333333333333,0.5970586675863999,1.1096483309933913,0.9999773581822713,0.00020350754960349514
test/000120.mp4,000120,resnet50,h264_28_keepaudio,real,True,13,15,fake,0.5833333333333334,0.5,0.7333333333333333,0.6416880809343778,1.0766011558050077,0.9999773581822713,0.00020350754960349514
test/000120.mp4,000120,resnet50,h264_33_keepaudio,real,True,13,15,fake,0.5833333333333334,0.5,0.7333333333333333,0.5404437826229975,1.2915862592913863,0.9999773581822713,0.00020350754960349514
test/000120.mp4,000120,resnet50,h264_38_keepaudio,real,True,12,15,fake,0.36363636363636365,0.5,0.5333333333333333,0.620318869749705,1.0896725659088262,0.9999773581822713,0.00020350754960349514
test/000120.mp4,000120,resnet50,h264_43_keepaudio,real,True,12,15,fake,0.36363636363636365,0.5,0.6666666666666666,0.5451540028055509,1.246456021375815,0.9999773581822713,0.00020350754960349514
test/000121.mp4,000121,resnet50,clean,real,True,15,18,fake,0.35714285714285715,0.8823529411764706,0.7222222222222222,0.5210602045059204,1.3355555992483616,0.9999986886978149,1.5737881695093727e-05
test/000121.mp4,000121,resnet50,jpeg_10,real,True,15,18,fake,0.6428571428571429,0.8823529411764706,0.3888888888888889,0.5488928576310476,1.241080466436586,0.9999986886978149,1.5737881695093727e-05
test/000121.mp4,000121,resnet50,jpeg_20,real,True,15,18,fake,0.5,0.8823529411764706,0.4444444444444444,0.4838553011417389,1.4160935386562874,0.9999986886978149,1.5737881695093727e-05
test/000121.mp4,000121,resnet50,jpeg_30,real,True,15,18,fake,0.42857142857142855,0.8823529411764706,0.5555555555555556,0.4854623019695282,1.3337922820424746,0.9999986886978149,1.5737881695093727e-05
test/000121.mp4,000121,resnet50,jpeg_40,real,True,15,18,fake,0.6428571428571429,0.8823529411764706,0.6111111111111112,0.5032686233520508,1.3682763264751847,0.9999986886978149,1.5737881695093727e-05
test/000121.mp4,000121,resnet50,jpeg_50,real,True,15,18,fake,0.5,0.8823529411764706,0.7222222222222222,0.5100719233353933,1.3620445123907554,0.9999986886978149,1.5737881695093727e-05
test/000121.mp4,000121,resnet50,jpeg_60,real,True,15,18,fake,0.21428571428571427,0.8823529411764706,0.5555555555555556,0.5427180627981821,1.3005946040730003,0.9999986886978149,1.5737881695093727e-05
test/000121.mp4,000121,resnet50,jpeg_70,real,True,15,18,fake,0.5714285714285714,0.8823529411764706,0.5,0.4774758815765381,1.3714588247096604,0.9999986886978149,1.5737881695093727e-05
test/000121.mp4,000121,resnet50,jpeg_80,real,True,15,18,fake,0.6428571428571429,0.8823529411764706,0.8333333333333334,0.471240892012914,1.400246632933015,0.9999986886978149,1.5737881695093727e-05
test/000121.mp4,000121,resnet50,jpeg_90,real,True,15,18,fake,0.5,0.8823529411764706,0.7777777777777778,0.5104609747727712,1.3555507702078065,0.9999986886978149,1.5737881695093727e-05
test/000121.mp4,000121,resnet50,jpeg_95,real,True,15,18,fake,0.5714285714285714,0.8823529411764706,0.7222222222222222,0.4933688978354136,1.3852300280914485,0.9999986886978149,1.5737881695093727e-05
test/000121.mp4,000121,resnet50,h264_18_keepaudio,real,True,15,18,fake,0.7142857142857143,0.8823529411764706,0.5,0.5074012378851572,1.3630844216255673,0.9999986886978149,1.5737881695093727e-05
test/000121.mp4,000121,resnet50,h264_23_keepaudio,real,True,15,18,fake,0.5,0.8823529411764706,0.6111111111111112,0.5568110903104146,1.2491768631186733,0.9999986886978149,1.5737881695093727e-05
test/000121.mp4,000121,resnet50,h264_28_keepaudio,real,True,15,18,fake,0.5,0.8823529411764706,0.5555555555555556,0.5305561006069184,1.3408388835269642,0.9999986886978149,1.5737881695093727e-05
test/000121.mp4,000121,resnet50,h264_33_keepaudio,real,True,15,18,fake,0.42857142857142855,0.8823529411764706,0.2777777777777778,0.5494968255360921,1.2247938163016845,0.9999986886978149,1.5737881695093727e-05
test/000121.mp4,000121,resnet50,h264_38_keepaudio,real,True,15,18,fake,0.5714285714285714,0.8823529411764706,0.5,0.5868422051270803,1.2209028103116426,0.9999986886978149,1.5737881695093727e-05
test/000121.mp4,000121,resnet50,h264_43_keepaudio,real,True,15,18,fake,0.42857142857142855,0.8823529411764706,0.5555555555555556,0.5314061760902404,1.2610605547440252,0.9999986886978149,1.5737881695093727e-05
test/000122.mp4,000122,resnet50,clean,real,True,17,20,fake,0.625,0.7894736842105263,0.7,0.5508374466615564,1.20352058778216,0.9859473794698715,0.029730459136726072
test/000122.mp4,000122,resnet50,jpeg_10,real,True,17,20,fake,0.625,0.7894736842105263,0.45,0.597733299521839,1.1321115818631842,0.9859473794698715,0.029730459136726072
test/000122.mp4,000122,resnet50,jpeg_20,real,True,17,20,fake,0.75,0.7894736842105263,0.6,0.563107455477995,1.1896212807705078,0.9859473794698715,0.029730459136726072
test/000122.mp4,000122,resnet50,jpeg_30,real,True,17,20,fake,0.625,0.7894736842105263,0.35,0.5394849584383123,1.2289296851928586,0.9859473794698715,0.029730459136726072
test/000122.mp4,000122,resnet50,jpeg_40,real,True,17,20,fake,0.6875,0.7894736842105263,0.55,0.5826748644604403,1.1683293903988232,0.9859473794698715,0.029730459136726072
test/000122.mp4,000122,resnet50,jpeg_50,real,True,17,20,fake,0.625,0.7894736842105263,0.5,0.5152340320979848,1.2578322455924342,0.9859473794698715,0.029730459136726072
test/000122.mp4,000122,resnet50,jpeg_60,real,True,17,20,fake,0.8125,0.7894736842105263,0.65,0.5607429988244,1.2225713903395163,0.9859473794698715,0.029730459136726072
test/000122.mp4,000122,resnet50,jpeg_70,real,True,17,20,fake,0.75,0.7894736842105263,0.7,0.5767952116096721,1.1854958764794838,0.9859473794698715,0.029730459136726072
test/000122.mp4,000122,resnet50,jpeg_80,real,True,17,20,fake,0.75,0.7894736842105263,0.6,0.5327886150163763,1.238538036690993,0.9859473794698715,0.029730459136726072
test/000122.mp4,000122,resnet50,jpeg_90,real,True,17,20,fake,0.75,0.7894736842105263,0.7,0.5544293242342332,1.204247145473148,0.9859473794698715,0.029730459136726072
test/000122.mp4,000122,resnet50,jpeg_95,real,True,17,20,fake,0.8125,0.7894736842105263,0.75,0.5267883504138273,1.256047563161692,0.9859473794698715,0.029730459136726072
test/000122.mp4,000122,resnet50,h264_18_keepaudio,real,True,17,20,fake,0.8125,0.7894736842105263,0.65,0.5480205548160216,1.222360918649509,0.9859473794698715,0.029730459136726072
test/000122.mp4,000122,resnet50,h264_23_keepaudio,real,True,17,20,fake,0.75,0.7894736842105263,0.55,0.5120907215511098,1.3039707693919873,0.9859473794698715,0.029730459136726072
test/000122.mp4,000122,resnet50,h264_28_keepaudio,real,True,17,20,fake,0.4375,0.7894736842105263,0.5,0.5564755920101615,1.216752003704424,0.9859473794698715,0.029730459136726072
test/000122.mp4,000122,resnet50,h264_33_keepaudio,real,True,17,20,fake,0.4375,0.7894736842105263,0.4,0.5249982020434212,1.3094362836848314,0.9859473794698715,0.029730459136726072
test/000122.mp4,000122,resnet50,h264_38_keepaudio,real,True,17,20,fake,0.4375,0.7894736842105263,0.5,0.6556904631502488,1.011369770967925,0.9859473794698715,0.029730459136726072
test/000122.mp4,000122,resnet50,h264_43_keepaudio,real,True,17,20,fake,0.0625,0.7894736842105263,0.4,0.6781749900649575,0.9786518371887977,0.9859473794698715,0.029730459136726072
test/000123.mp4,000123,resnet50,clean,fake,True,19,23,fake,0.6111111111111112,0.7727272727272727,0.34782608695652173,0.5210300856514981,1.3012888243696084,0.9999735718188079,0.00022227249644355933
test/000123.mp4,000123,resnet50,jpeg_10,fake,True,19,23,fake,0.5,0.7727272727272727,0.391304347826087,0.6427513282550009,1.037687176277118,0.9999735718188079,0.00022227249644355933
test/000123.mp4,000123,resnet50,jpeg_20,fake,True,19,23,fake,0.7222222222222222,0.7727272727272727,0.5652173913043478,0.5333724994408456,1.2341907372840435,0.9999735718188079,0.00022227249644355933
test/000123.mp4,000123,resnet50,jpeg_30,fake,True,19,23,fake,0.5555555555555556,0.7727272727272727,0.34782608695652173,0.5761153745023828,1.179531394681585,0.9999735718188079,0.00022227249644355933
test/000123.mp4,000123,resnet50,jpeg_40,fake,True,19,23,fake,0.3888888888888889,0.7727272727272727,0.43478260869565216,0.541033904019155,1.2577358395054898,0.9999735718188079,0.00022227249644355933
test/000123.mp4,000123,resnet50,jpeg_50,fake,True,19,23,fake,0.3888888888888889,0.7727272727272727,0.43478260869565216,0.5160919945490988,1.2852750565363031,0.9999735718188079,0.00022227249644355933
test/000123.mp4,000123,resnet50,jpeg_60,fake,True,19,23,fake,0.4444444444444444,0.7727272727272727,0.5217391304347826,0.5923463764943575,1.1320282702619755,0.9999735718188079,0.00022227249644355933
test/000123.mp4,000123,resnet50,jpeg_70,fake,True,19,23,fake,0.5,0.7727272727272727,0.5652173913043478,0.5798777796720204,1.2023359534031837,0.9999735718188079,0.00022227249644355933
test/000123.mp4,000123,resnet50,jpeg_80,fake,True,19,23,fake,0.5555555555555556,0.7727272727272727,0.391304347826087,0.5495664132268805,1.2524142448602573,0.9999735718188079,0.00022227249644355933
test/000123.mp4,000123,resnet50,jpeg_90,fake,True,19,23,fake,0.5,0.7727272727272727,0.43478260869565216,0.5584804368646521,1.2265456046806809,0.9999735718188079,0.00022227249644355933
test/000123.mp4,000123,resnet50,jpeg_95,fake,True,19,23,fake,0.6111111111111112,0.7727272727272727,0.5217391304347826,0.5304371479310488,1.283463625303295,0.9999735718188079,0.00022227249644355933
test/000123.mp4,000123,resnet50,h264_18_keepaudio,fake,True,19,23,fake,0.5555555555555556,0.7727272727272727,0.5217391304347826,0.5366960967841902,1.25772131488388,0.9999735718188079,0.00022227249644355933
test/000123.mp4,000123,resnet50,h264_23_keepaudio,fake,True,19,23,fake,0.5555555555555556,0.7727272727272727,0.5217391304347826,0.5517579222980299,1.2506656553385815,0.9999735718188079,0.00022227249644355933
test/000123.mp4,000123,resnet50,h264_28_keepaudio,fake,True,19,23,fake,0.4444444444444444,0.7727272727272727,0.4782608695652174,0.5587639220451054,1.2240079430063076,0.9999735718188079,0.00022227249644355933
test/000123.mp4,000123,resnet50,h264_33_keepaudio,fake,True,19,23,fake,0.3888888888888889,0.7727272727272727,0.5217391304347826,0.5372391311745894,1.264960105012815,0.9999735718188079,0.00022227249644355933
test/000123.mp4,000123,resnet50,h264_38_keepaudio,fake,True,19,23,fake,0.4444444444444444,0.7727272727272727,0.8260869565217391,0.5067682391718814,1.3174189444768962,0.9999735718188079,0.00022227249644355933
test/000123.mp4,000123,resnet50,h264_43_keepaudio,fake,True,19,23,fake,0.5,0.7727272727272727,0.21739130434782608,0.5348294408697831,1.3152212839539488,0.9999735718188079,0.00022227249644355933
test/000124.mp4,000124,resnet50,clean,fake,True,18,21,fake,0.5882352941176471,0.8,0.38095238095238093,0.5148634993367724,1.296543621763226,0.9999710662024361,0.00024329946258945246
test/000124.mp4,000124,resnet50,jpeg_10,fake,True,18,21,fake,0.5294117647058824,0.8,0.38095238095238093,0.6250740703609254,1.0989413572797846,0.9999710662024361,0.00024329946258945246
test/000124.mp4,000124,resnet50,jpeg_20,fake,True,18,21,fake,0.6470588235294118,0.8,0.5238095238095238,0.5881923188765844,1.14633318254661,0.9999710662024361,0.00024329946258945246
test/000124.mp4,000124,resnet50,jpeg_30,fake,True,18,21,fake,0.6470588235294118,0.8,0.47619047619047616,0.5286334479848543,1.2731370432956792,0.9999710662024361,0.00024329946258945246
test/000124.mp4,000124,resnet50,jpeg_40,fake,True,18,21,fake,0.4117647058823529,0.8,0.47619047619047616,0.5396688497728772,1.2395851435720069,0.9999710662024361,0.00024329946258945246
test/000124.mp4,000124,resnet50,jpeg_50,fake,True,18,21,fake,0.5882352941176471,0.8,0.42857142857142855,0.5378591989477476,1.2429736674402463,0.9999710662024361,0.00024329946258945246
test/000124.mp4,000124,resnet50,jpeg_60,fake,True,18,21,fake,0.47058823529411764,0.8,0.42857142857142855,0.607296433713701,1.1279710183124747,0.9999710662024361,0.00024329946258945246
test/000124.mp4,000124,resnet50,jpeg_70,fake,True,18,21,fake,0.5294117647058824,0.8,0.47619047619047616,0.5961764934990141,1.1535507140626606,0.9999710662024361,0.00024329946258945246
test/000124.mp4,000124,resnet50,jpeg_80,fake,True,18,21,fake,0.5882352941176471,0.8,0.38095238095238093,0.5538145336839888,1.2433874585993485,0.9999710662024361,0.00024329946258945246
test/000124.mp4,000124,resnet50,jpeg_90,fake,True,18,21,fake,0.5882352941176471,0.8,0.5714285714285714,0.5707533889346652,1.2230428226004735,0.9999710662024361,0.00024329946258945246
test/000124.mp4,000124,resnet50,jpeg_95,fake,True,18,21,fake,0.5882352941176471,0.8,0.5714285714285714,0.5272132547365295,1.2773931078504241,0.9999710662024361,0.00024329946258945246
test/000124.mp4,000124,resnet50,h264_18_keepaudio,fake,True,18,21,fake,0.5294117647058824,0.8,0.5238095238095238,0.5326851159334183,1.2575243331005534,0.9999710662024361,0.00024329946258945246
test/000124.mp4,000124,resnet50,h264_23_keepaudio,fake,True,18,21,fake,0.47058823529411764,0.8,0.5714285714285714,0.5131755934821235,1.3130178279005948,0.9999710662024361,0.00024329946258945246
test/000124.mp4,000124,resnet50,h264_28_keepaudio,fake,True,18,21,fake,0.4117647058823529,0.8,0.47619047619047616,0.5782881180445353,1.2167470284411033,0.9999710662024361,0.00024329946258945246
test/000124.mp4,000124,resnet50,h264_33_keepaudio,fake,True,18,21,fake,0.7058823529411765,0.8,0.47619047619047616,0.5178477631674873,1.291774851742375,0.9999710662024361,0.00024329946258945246
test/000124.mp4,000124,resnet50,h264_38_keepaudio,fake,True,18,21,fake,0.5294117647058824,0.8,0.5714285714285714,0.576164111495018,1.1892417704825813,0.9999710662024361,0.00024329946258945246
test/000124.mp4,000124,resnet50,h264_43_keepaudio,fake,True,18,21,fake,0.23529411764705882,0.8,0.5238095238095238,0.6841521710157394,0.9874749092348218,0.9999710662024361,0.00024329946258945246
test/000125.mp4,000125,resnet50,clean,fake,True,19,23,fake,0.5555555555555556,0.7727272727272727,0.34782608695652173,0.4980147857415049,1.344489273305661,0.9999735718188079,0.00022227249644355933
test/000125.mp4,000125,resnet50,jpeg_10,fake,True,19,23,fake,0.6666666666666666,0.7727272727272727,0.43478260869565216,0.6052123323867196,1.1259681484461592,0.9999735718188079,0.00022227249644355933
test/000125.mp4,000125,resnet50,jpeg_20,fake,True,19,23,fake,0.7777777777777778,0.7727272727272727,0.5652173913043478,0.5532917819525066,1.2048347249994757,0.9999735718188079,0.00022227249644355933
test/000125.mp4,000125,resnet50,jpeg_30,fake,True,19,23,fake,0.6666666666666666,0.7727272727272727,0.391304347826087,0.4962789902561589,1.3260041468142933,0.9999735718188079,0.00022227249644355933
test/000125.mp4,000125,resnet50,jpeg_40,fake,True,19,23,fake,0.3888888888888889,0.7727272727272727,0.5217391304347826,0.5038666646731528,1.3034558366525915,0.9999735718188079,0.00022227249644355933
test/000125.mp4,000125,resnet50,jpeg_50,fake,True,19,23,fake,0.7222222222222222,0.7727272727272727,0.4782608695652174,0.48601542491661875,1.3395779303224682,0.9999735718188079,0.00022227249644355933
test/000125.mp4,000125,resnet50,jpeg_60,fake,True,19,23,fake,0.5555555555555556,0.7727272727272727,0.43478260869565216,0.5448101053112432,1.23696393654061,0.9999735718188079,0.00022227249644355933
test/000125.mp4,000125,resnet50,jpeg_70,fake,True,19,23,fake,0.4444444444444444,0.7727272727272727,0.4782608695652174,0.5506221024613631,1.2500719503287556,0.9999735718188079,0.00022227249644355933
test/000125.mp4,000125,resnet50,jpeg_80,fake,True,19,23,fake,0.5555555555555556,0.7727272727272727,0.391304347826087,0.5400083363056183,1.2906609754585758,0.9999735718188079,0.00022227249644355933
test/000125.mp4,000125,resnet50,jpeg_90,fake,True,19,23,fake,0.5,0.7727272727272727,0.5217391304347826,0.5224504862961016,1.312126740122501,0.9999735718188079,0.00022227249644355933
test/000125.mp4,000125,resnet50,jpeg_95,fake,True,19,23,fake,0.5,0.7727272727272727,0.4782608695652174,0.5023456388398221,1.3163164469280757,0.9999735718188079,0.00022227249644355933
test/000125.mp4,000125,resnet50,h264_18_keepaudio,fake,True,19,23,fake,0.5555555555555556,0.7727272727272727,0.43478260869565216,0.49747987169968455,1.3306979737812605,0.9999735718188079,0.00022227249644355933
test/000125.mp4,000125,resnet50,h264_23_keepaudio,fake,True,19,23,fake,0.6111111111111112,0.7727272727272727,0.5217391304347826,0.5278899089286202,1.2893785234137964,0.9999735718188079,0.00022227249644355933
test/000125.mp4,000125,resnet50,h264_28_keepaudio,fake,True,19,23,fake,0.3888888888888889,0.7727272727272727,0.391304347826087,0.5462955024681593,1.2689108999449978,0.9999735718188079,0.00022227249644355933
test/000125.mp4,000125,resnet50,h264_33_keepaudio,fake,True,19,23,fake,0.4444444444444444,0.7727272727272727,0.5217391304347826,0.574848727176064,1.177106182483483,0.9999735718188079,0.00022227249644355933
test/000125.mp4,000125,resnet50,h264_38_keepaudio,fake,True,19,23,fake,0.5555555555555556,0.7727272727272727,0.6521739130434783,0.5583678076141759,1.2192590267151564,0.9999735718188079,0.00022227249644355933
test/000125.mp4,000125,resnet50,h264_43_keepaudio,fake,True,19,23,fake,0.2222222222222222,0.7727272727272727,0.5217391304347826,0.7153455677785372,0.9058849078781931,0.9999735718188079,0.00022227249644355933
test/000126.mp4,000126,resnet50,clean,real,True,23,29,fake,0.8636363636363636,0.75,0.896551724137931,0.7256267925967341,0.8285072643830725,0.9999999547826832,6.502192327653807e-07
test/000126.mp4,000126,resnet50,jpeg_10,real,True,23,29,fake,0.5454545454545454,0.75,0.5517241379310345,0.5507214185984238,1.1683005361043688,0.9999999547826832,6.502192327653807e-07
test/000126.mp4,000126,resnet50,jpeg_20,real,True,23,29,fake,0.7727272727272727,0.75,0.8620689655172413,0.7225421680056531,0.8673163625441755,0.9999999547826832,6.502192327653807e-07
test/000126.mp4,000126,resnet50,jpeg_30,real,True,23,29,fake,0.8181818181818182,0.75,0.7586206896551724,0.7377716406531956,0.8409165565129019,0.9999999547826832,6.502192327653807e-07
test/000126.mp4,000126,resnet50,jpeg_40,real,True,24,29,fake,0.8260869565217391,0.75,0.8620689655172413,0.7083786812921365,0.8783454117613821,0.9999999547826832,6.502192327653807e-07
test/000126.mp4,000126,resnet50,jpeg_50,real,True,23,29,fake,0.8181818181818182,0.75,0.896551724137931,0.6918441575506459,0.9140837269962416,0.9999999547826832,6.502192327653807e-07
test/000126.mp4,000126,resnet50,jpeg_60,real,True,23,29,fake,0.9090909090909091,0.75,0.9310344827586207,0.6818009796349899,0.926990561360832,0.9999999547826832,6.502192327653807e-07
test/000126.mp4,000126,resnet50,jpeg_70,real,True,23,29,fake,0.8636363636363636,0.75,0.896551724137931,0.7082592961580857,0.8841605850826781,0.9999999547826832,6.502192327653807e-07
test/000126.mp4,000126,resnet50,jpeg_80,real,True,23,29,fake,0.8181818181818182,0.75,0.8620689655172413,0.7003759327142135,0.9090933388576957,0.9999999547826832,6.502192327653807e-07
test/000126.mp4,000126,resnet50,jpeg_90,real,True,24,29,fake,0.8695652173913043,0.75,0.896551724137931,0.7295454343159994,0.825350027537232,0.9999999547826832,6.502192327653807e-07
test/000126.mp4,000126,resnet50,jpeg_95,real,True,24,29,fake,0.8695652173913043,0.75,0.896551724137931,0.7277266147236029,0.8345242650444461,0.9999999547826832,6.502192327653807e-07
test/000126.mp4,000126,resnet50,h264_18_keepaudio,real,True,23,29,fake,0.8636363636363636,0.75,0.896551724137931,0.7266282815000286,0.8226685999897001,0.9999999547826832,6.502192327653807e-07
test/000126.mp4,000126,resnet50,h264_23_keepaudio,real,True,23,29,fake,0.7727272727272727,0.75,0.8620689655172413,0.7658466567163882,0.7593248980198901,0.9999999547826832,6.502192327653807e-07
test/000126.mp4,000126,resnet50,h264_28_keepaudio,real,True,23,29,fake,0.8181818181818182,0.75,0.8620689655172413,0.7904877921809321,0.6920383539085876,0.9999999547826832,6.502192327653807e-07
test/000126.mp4,000126,resnet50,h264_33_keepaudio,real,True,24,29,fake,0.782608695652174,0.75,0.7931034482758621,0.766179297119379,0.7380171792309804,0.9999999547826832,6.502192327653807e-07
test/000126.mp4,000126,resnet50,h264_38_keepaudio,real,True,23,29,fake,0.8636363636363636,0.75,0.896551724137931,0.7562372308710347,0.7616594918745949,0.9999999547826832,6.502192327653807e-07
test/000126.mp4,000126,resnet50,h264_43_keepaudio,real,True,23,29,fake,0.5454545454545454,0.75,0.8620689655172413,0.6376816034317017,1.0114680778489593,0.9999999547826832,6.502192327653807e-07
test/000127.mp4,000127,resnet50,clean,fake,True,24,29,fake,0.782608695652174,0.6071428571428571,0.9310344827586207,0.7454928234219551,0.7598883977516873,1.0,1.6578612669557124e-10
test/000127.mp4,000127,resnet50,jpeg_10,fake,True,23,29,fake,0.7727272727272727,0.6071428571428571,0.7241379310344828,0.6711704860562864,0.9852258817403091,1.0,1.6578612669557124e-10
test/000127.mp4,000127,resnet50,jpeg_20,fake,True,23,29,fake,0.7272727272727273,0.6071428571428571,0.6896551724137931,0.677701974692552,0.9375412020571119,1.0,1.6578612669557124e-10
test/000127.mp4,000127,resnet50,jpeg_30,fake,True,24,29,fake,0.782608695652174,0.6071428571428571,0.7586206896551724,0.6966870116690794,0.8569264273056371,1.0,1.6578612669557124e-10
test/000127.mp4,000127,resnet50,jpeg_40,fake,True,24,29,fake,0.8260869565217391,0.6071428571428571,0.8275862068965517,0.7784359144667784,0.7165144119184804,1.0,1.6578612669557124e-10
test/000127.mp4,000127,resnet50,jpeg_50,fake,True,24,29,fake,0.8260869565217391,0.6071428571428571,0.8620689655172413,0.7610608339309692,0.7269321251378527,1.0,1.6578612669557124e-10
test/000127.mp4,000127,resnet50,jpeg_60,fake,True,24,29,fake,0.8260869565217391,0.6071428571428571,0.8620689655172413,0.7381676311294237,0.7873949736136109,1.0,1.6578612669557124e-10
test/000127.mp4,000127,resnet50,jpeg_70,fake,True,24,29,fake,0.7391304347826086,0.6071428571428571,0.9310344827586207,0.7432877706984679,0.7876462580423835,1.0,1.6578612669557124e-10
test/000127.mp4,000127,resnet50,jpeg_80,fake,True,24,29,fake,0.782608695652174,0.6071428571428571,0.8275862068965517,0.7575261158247789,0.7430274542517358,1.0,1.6578612669557124e-10
test/000127.mp4,000127,resnet50,jpeg_90,fake,True,24,29,fake,0.8695652173913043,0.6071428571428571,0.8275862068965517,0.7418854472537836,0.7706947451424804,1.0,1.6578612669557124e-10
test/000127.mp4,000127,resnet50,jpeg_95,fake,True,24,29,fake,0.782608695652174,0.6071428571428571,0.896551724137931,0.7568219689031442,0.7460335026818209,1.0,1.6578612669557124e-10
test/000127.mp4,000127,resnet50,h264_18_keepaudio,fake,True,24,29,fake,0.8260869565217391,0.6071428571428571,0.896551724137931,0.7917600907385349,0.6923370604105159,1.0,1.6578612669557124e-10
test/000127.mp4,000127,resnet50,h264_23_keepaudio,fake,True,24,29,fake,0.782608695652174,0.6071428571428571,0.8275862068965517,0.7734597536424795,0.7247008842153461,1.0,1.6578612669557124e-10
test/000127.mp4,000127,resnet50,h264_28_keepaudio,fake,True,24,29,fake,0.782608695652174,0.6071428571428571,0.896551724137931,0.8207104603449503,0.6004776383553457,1.0,1.6578612669557124e-10
test/000127.mp4,000127,resnet50,h264_33_keepaudio,fake,True,23,29,fake,0.7272727272727273,0.6071428571428571,0.8620689655172413,0.7493712785451309,0.7339207048063381,1.0,1.6578612669557124e-10
test/000127.mp4,000127,resnet50,h264_38_keepaudio,fake,True,24,29,fake,0.9565217391304348,0.6071428571428571,0.9310344827586207,0.805529580761989,0.6371050655206391,1.0,1.6578612669557124e-10
test/000127.mp4,000127,resnet50,h264_43_keepaudio,fake,True,22,29,fake,0.6666666666666666,0.6071428571428571,0.7586206896551724,0.611373476006768,1.1260700420843661,1.0,1.6578612669557124e-10
test/000128.mp4,000128,resnet50,clean,fake,True,24,29,fake,0.8695652173913043,0.7142857142857143,0.8620689655172413,0.7547286202510198,0.8064264062711629,1.0,1.739742097242152e-10
test/000128.mp4,000128,resnet50,jpeg_10,fake,True,24,29,fake,0.5652173913043478,0.7142857142857143,0.6551724137931034,0.6262760944664478,1.017346211106643,1.0,1.739742097242152e-10
test/000128.mp4,000128,resnet50,jpeg_20,fake,True,24,29,fake,0.7391304347826086,0.7142857142857143,0.8275862068965517,0.6637923866510391,0.9366545760656732,1.0,1.739742097242152e-10
test/000128.mp4,000128,resnet50,jpeg_30,fake,True,24,29,fake,0.7391304347826086,0.7142857142857143,0.7931034482758621,0.7183322993417581,0.8702265728150019,1.0,1.739742097242152e-10
test/000128.mp4,000128,resnet50,jpeg_40,fake,True,24,29,fake,0.782608695652174,0.7142857142857143,0.7586206896551724,0.6959834160904089,0.9059516234753228,1.0,1.739742097242152e-10
test/000128.mp4,000128,resnet50,jpeg_50,fake,True,24,29,fake,0.782608695652174,0.7142857142857143,0.7586206896551724,0.7029892827073733,0.877900370360515,1.0,1.739742097242152e-10
test/000128.mp4,000128,resnet50,jpeg_60,fake,True,24,29,fake,0.8695652173913043,0.7142857142857143,0.8620689655172413,0.7484506232043108,0.7961513791544516,1.0,1.739742097242152e-10
test/000128.mp4,000128,resnet50,jpeg_70,fake,True,24,29,fake,0.8260869565217391,0.7142857142857143,0.8275862068965517,0.7250958383083344,0.8589376234484192,1.0,1.739742097242152e-10
test/000128.mp4,000128,resnet50,jpeg_80,fake,True,24,29,fake,0.8695652173913043,0.7142857142857143,0.8620689655172413,0.7339331246912479,0.8613374306381948,1.0,1.739742097242152e-10
test/000128.mp4,000128,resnet50,jpeg_90,fake,True,24,29,fake,0.8695652173913043,0.7142857142857143,0.8620689655172413,0.7419362825651964,0.8103186826167373,1.0,1.739742097242152e-10
test/000128.mp4,000128,resnet50,jpeg_95,fake,True,24,29,fake,0.8695652173913043,0.7142857142857143,0.8275862068965517,0.7619360958536466,0.7853463249498756,1.0,1.739742097242152e-10
test/000128.mp4,000128,resnet50,h264_18_keepaudio,fake,True,24,29,fake,0.8695652173913043,0.7142857142857143,0.8275862068965517,0.7472630801300207,0.7882021419932395,1.0,1.739742097242152e-10
test/000128.mp4,000128,resnet50,h264_23_keepaudio,fake,True,24,29,fake,0.8695652173913043,0.7142857142857143,0.896551724137931,0.7546415825684866,0.7495361122144161,1.0,1.739742097242152e-10
test/000128.mp4,000128,resnet50,h264_28_keepaudio,fake,True,24,29,fake,0.782608695652174,0.7142857142857143,0.7586206896551724,0.7329706139862537,0.7826537284103843,1.0,1.739742097242152e-10
test/000128.mp4,000128,resnet50,h264_33_keepaudio,fake,True,24,29,fake,0.8260869565217391,0.7142857142857143,0.896551724137931,0.7782472496231397,0.6860293285313636,1.0,1.739742097242152e-10
test/000128.mp4,000128,resnet50,h264_38_keepaudio,fake,True,23,29,fake,0.8181818181818182,0.7142857142857143,0.896551724137931,0.8245521939319113,0.6131958666164337,1.0,1.739742097242152e-10
test/000128.mp4,000128,resnet50,h264_43_keepaudio,fake,True,23,29,fake,0.5909090909090909,0.7142857142857143,0.6206896551724138,0.6561579004577969,0.9980115241635378,1.0,1.739742097242152e-10
test/000129.mp4,000129,resnet50,clean,fake,True,24,29,fake,0.782608695652174,0.6071428571428571,0.896551724137931,0.7780319613715013,0.717608659164692,1.0,1.6578612669557124e-10
test/000129.mp4,000129,resnet50,jpeg_10,fake,True,24,29,fake,0.6086956521739131,0.6071428571428571,0.5517241379310345,0.5797941610217094,1.1681742849475398,1.0,1.6578612669557124e-10
test/000129.mp4,000129,resnet50,jpeg_20,fake,True,24,29,fake,0.6521739130434783,0.6071428571428571,0.7931034482758621,0.6843429580330849,0.9371418693425827,1.0,1.6578612669557124e-10
test/000129.mp4,000129,resnet50,jpeg_30,fake,True,23,29,fake,0.8181818181818182,0.6071428571428571,0.8275862068965517,0.6604699894138004,0.9628177240654395,1.0,1.6578612669557124e-10
test/000129.mp4,000129,resnet50,jpeg_40,fake,True,24,29,fake,0.8695652173913043,0.6071428571428571,0.8620689655172413,0.7252077323695024,0.8392761486673347,1.0,1.6578612669557124e-10
test/000129.mp4,000129,resnet50,jpeg_50,fake,True,24,29,fake,0.782608695652174,0.6071428571428571,0.896551724137931,0.7552854542930921,0.7689874983238875,1.0,1.6578612669557124e-10
test/000129.mp4,000129,resnet50,jpeg_60,fake,True,24,29,fake,0.7391304347826086,0.6071428571428571,0.896551724137931,0.7229365557432175,0.8269149625160258,1.0,1.6578612669557124e-10
test/000129.mp4,000129,resnet50,jpeg_70,fake,True,24,29,fake,0.6956521739130435,0.6071428571428571,0.7931034482758621,0.7164626059432825,0.8398270270424942,1.0,1.6578612669557124e-10
test/000129.mp4,000129,resnet50,jpeg_80,fake,True,24,29,fake,0.782608695652174,0.6071428571428571,0.8620689655172413,0.704641136030356,0.8634702542099616,1.0,1.6578612669557124e-10
test/000129.mp4,000129,resnet50,jpeg_90,fake,True,24,29,fake,0.8260869565217391,0.6071428571428571,0.8620689655172413,0.7785624849299589,0.7297365635991948,1.0,1.6578612669557124e-10
test/000129.mp4,000129,resnet50,jpeg_95,fake,True,24,29,fake,0.8695652173913043,0.6071428571428571,0.896551724137931,0.78297466908892,0.7032575653301413,1.0,1.6578612669557124e-10
test/000129.mp4,000129,resnet50,h264_18_keepaudio,fake,True,24,29,fake,0.8260869565217391,0.6071428571428571,0.896551724137931,0.7778687439858913,0.7396900433010165,1.0,1.6578612669557124e-10
test/000129.mp4,000129,resnet50,h264_23_keepaudio,fake,True,24,29,fake,0.8695652173913043,0.6071428571428571,0.896551724137931,0.735026573141416,0.8313135362435679,1.0,1.6578612669557124e-10
test/000129.mp4,000129,resnet50,h264_28_keepaudio,fake,True,24,29,fake,0.8695652173913043,0.6071428571428571,0.896551724137931,0.8021302844087282,0.6380283051908181,1.0,1.6578612669557124e-10
test/000129.mp4,000129,resnet50,h264_33_keepaudio,fake,True,24,29,fake,0.8260869565217391,0.6071428571428571,0.8620689655172413,0.8096824772655964,0.614160733894218,1.0,1.6578612669557124e-10
test/000129.mp4,000129,resnet50,h264_38_keepaudio,fake,True,23,29,fake,0.8181818181818182,0.6071428571428571,0.896551724137931,0.7665344010228696,0.7495995039573132,1.0,1.6578612669557124e-10
test/000129.mp4,000129,resnet50,h264_43_keepaudio,fake,True,24,29,fake,0.782608695652174,0.6071428571428571,0.7241379310344828,0.7330055932203928,0.7776806131264561,1.0,1.6578612669557124e-10
test/000130.mp4,000130,resnet50,clean,real,True,19,22,fake,0.6666666666666666,0.9047619047619048,0.5454545454545454,0.5043410972545022,1.3630765426188407,1.0,1.6578612669557122e-10
test/000130.mp4,000130,resnet50,jpeg_10,real,True,19,22,fake,0.8888888888888888,0.9047619047619048,0.4090909090909091,0.5837697527910534,1.1635387370750585,1.0,1.6578612669557122e-10
test/000130.mp4,000130,resnet50,jpeg_20,real,True,19,22,fake,0.5,0.9047619047619048,0.3181818181818182,0.5021324016545948,1.3473008699603377,1.0,1.6578612669557122e-10
test/000130.mp4,000130,resnet50,jpeg_30,real,True,19,22,fake,0.7777777777777778,0.9047619047619048,0.45454545454545453,0.47888790933709396,1.4001356237695533,1.0,1.6578612669557122e-10
test/000130.mp4,000130,resnet50,jpeg_40,real,True,19,22,fake,0.7222222222222222,0.9047619047619048,0.5909090909090909,0.47863165014668513,1.416979127429878,1.0,1.6578612669557122e-10
test/000130.mp4,000130,resnet50,jpeg_50,real,True,19,22,fake,0.4444444444444444,0.9047619047619048,0.5909090909090909,0.5184392599683059,1.3351367641102463,1.0,1.6578612669557122e-10
test/000130.mp4,000130,resnet50,jpeg_60,real,True,19,22,fake,0.5,0.9047619047619048,0.45454545454545453,0.5282527490666038,1.3188966150387824,1.0,1.6578612669557122e-10
test/000130.mp4,000130,resnet50,jpeg_70,real,True,19,22,fake,0.6111111111111112,0.9047619047619048,0.6363636363636364,0.4760867655277252,1.3986828748779472,1.0,1.6578612669557122e-10
test/000130.mp4,000130,resnet50,jpeg_80,real,True,19,22,fake,0.5555555555555556,0.9047619047619048,0.5454545454545454,0.491359144449234,1.4008768967564205,1.0,1.6578612669557122e-10
test/000130.mp4,000130,resnet50,jpeg_90,real,True,19,22,fake,0.4444444444444444,0.9047619047619048,0.6363636363636364,0.49302233990870026,1.4022946365633724,1.0,1.6578612669557122e-10
test/000130.mp4,000130,resnet50,jpeg_95,real,True,19,22,fake,0.5555555555555556,0.9047619047619048,0.6363636363636364,0.5101106676616167,1.3507924051338813,1.0,1.6578612669557122e-10
test/000130.mp4,000130,resnet50,h264_18_keepaudio,real,True,19,22,fake,0.6111111111111112,0.9047619047619048,0.6818181818181818,0.5012359399544565,1.392831938312721,1.0,1.6578612669557122e-10
test/000130.mp4,000130,resnet50,h264_23_keepaudio,real,True,19,22,fake,0.4444444444444444,0.9047619047619048,0.5454545454545454,0.4893239477747365,1.3743359260765906,1.0,1.6578612669557122e-10
test/000130.mp4,000130,resnet50,h264_28_keepaudio,real,True,19,22,fake,0.4444444444444444,0.9047619047619048,0.6818181818181818,0.5058430872465435,1.3194877025377008,1.0,1.6578612669557122e-10
test/000130.mp4,000130,resnet50,h264_33_keepaudio,real,True,19,22,fake,0.3888888888888889,0.9047619047619048,0.6363636363636364,0.5937214697662153,1.1982314435377128,1.0,1.6578612669557122e-10
test/000130.mp4,000130,resnet50,h264_38_keepaudio,real,True,19,22,fake,0.7222222222222222,0.9047619047619048,0.36363636363636365,0.548892595266041,1.247876767229302,1.0,1.6578612669557122e-10
test/000130.mp4,000130,resnet50,h264_43_keepaudio,real,True,19,22,fake,0.5,0.9047619047619048,0.6363636363636364,0.5788270297803377,1.216880676993103,1.0,1.6578612669557122e-10
test/000131.mp4,000131,resnet50,clean,fake,True,20,24,fake,0.7368421052631579,0.8260869565217391,0.5416666666666666,0.4793278679251671,1.4034696629949905,1.0,1.6578612669557127e-10
test/000131.mp4,000131,resnet50,jpeg_10,fake,True,20,24,fake,0.8421052631578947,0.8260869565217391,0.4166666666666667,0.6265869334340095,1.0738445860727537,1.0,1.6578612669557127e-10
test/000131.mp4,000131,resnet50,jpeg_20,fake,True,20,24,fake,0.9473684210526315,0.8260869565217391,0.2916666666666667,0.4892752647399902,1.3377403138441823,1.0,1.6578612669557127e-10
test/000131.mp4,000131,resnet50,jpeg_30,fake,True,20,24,fake,0.5263157894736842,0.8260869565217391,0.5416666666666666,0.4812917098402977,1.3920538678170153,1.0,1.6578612669557127e-10
test/000131.mp4,000131,resnet50,jpeg_40,fake,True,20,24,fake,0.7894736842105263,0.8260869565217391,0.5833333333333334,0.4794590875506401,1.3794981779118045,1.0,1.6578612669557127e-10
test/000131.mp4,000131,resnet50,jpeg_50,fake,True,20,24,fake,0.631578947368421,0.8260869565217391,0.4166666666666667,0.49703728407621384,1.370852846736563,1.0,1.6578612669557127e-10
test/000131.mp4,000131,resnet50,jpeg_60,fake,True,20,24,fake,0.631578947368421,0.8260869565217391,0.375,0.49142580330371854,1.3884949409756515,1.0,1.6578612669557127e-10
test/000131.mp4,000131,resnet50,jpeg_70,fake,True,20,24,fake,0.6842105263157895,0.8260869565217391,0.5,0.45882416516542435,1.4225375649351433,1.0,1.6578612669557127e-10
test/000131.mp4,000131,resnet50,jpeg_80,fake,True,20,24,fake,0.631578947368421,0.8260869565217391,0.4166666666666667,0.4511807583272457,1.4238042406332931,1.0,1.6578612669557127e-10
test/000131.mp4,000131,resnet50,jpeg_90,fake,True,20,24,fake,0.8421052631578947,0.8260869565217391,0.4583333333333333,0.4787478893995285,1.3942031619502189,1.0,1.6578612669557127e-10
test/000131.mp4,000131,resnet50,jpeg_95,fake,True,20,24,fake,0.6842105263157895,0.8260869565217391,0.5416666666666666,0.47676259428262713,1.3923863181184815,1.0,1.6578612669557127e-10
test/000131.mp4,000131,resnet50,h264_18_keepaudio,fake,True,20,24,fake,0.5789473684210527,0.8260869565217391,0.5416666666666666,0.48725163489580153,1.3462363834844457,1.0,1.6578612669557127e-10
test/000131.mp4,000131,resnet50,h264_23_keepaudio,fake,True,20,24,fake,0.5789473684210527,0.8260869565217391,0.3333333333333333,0.5001788459718227,1.3626644217409951,1.0,1.6578612669557127e-10
test/000131.mp4,000131,resnet50,h264_28_keepaudio,fake,True,20,24,fake,0.47368421052631576,0.8260869565217391,0.2916666666666667,0.5150499910116195,1.3591296762101923,1.0,1.6578612669557127e-10
test/000131.mp4,000131,resnet50,h264_33_keepaudio,fake,True,20,24,fake,0.42105263157894735,0.8260869565217391,0.625,0.5270732775330543,1.3296813114902268,1.0,1.6578612669557127e-10
test/000131.mp4,000131,resnet50,h264_38_keepaudio,fake,True,20,24,fake,0.6842105263157895,0.8260869565217391,0.4583333333333333,0.4954546198248863,1.406309345254548,1.0,1.6578612669557127e-10
test/000131.mp4,000131,resnet50,h264_43_keepaudio,fake,True,20,24,fake,0.2631578947368421,0.8260869565217391,0.4583333333333333,0.6537126570940017,1.0029870897190594,1.0,1.6578612669557127e-10
test/000132.mp4,000132,resnet50,clean,fake,True,19,23,fake,0.7222222222222222,0.8181818181818182,0.4782608695652174,0.47876651192966263,1.421336579115098,1.0,1.6578612669557122e-10
test/000132.mp4,000132,resnet50,jpeg_10,fake,True,19,23,fake,0.6666666666666666,0.8181818181818182,0.13043478260869565,0.5892889295753679,1.112888071948273,1.0,1.6578612669557122e-10
test/000132.mp4,000132,resnet50,jpeg_20,fake,True,19,23,fake,0.7222222222222222,0.8181818181818182,0.5217391304347826,0.5745396143511722,1.2022570244960953,1.0,1.6578612669557122e-10
test/000132.mp4,000132,resnet50,jpeg_30,fake,True,19,23,fake,0.6111111111111112,0.8181818181818182,0.30434782608695654,0.5485169652261233,1.250899732751548,1.0,1.6578612669557122e-10
test/000132.mp4,000132,resnet50,jpeg_40,fake,True,19,23,fake,0.6666666666666666,0.8181818181818182,0.43478260869565216,0.4725736214926368,1.4096416909204335,1.0,1.6578612669557122e-10
test/000132.mp4,000132,resnet50,jpeg_50,fake,True,19,23,fake,0.6666666666666666,0.8181818181818182,0.5217391304347826,0.48186244776374415,1.4033976474402097,1.0,1.6578612669557122e-10
test/000132.mp4,000132,resnet50,jpeg_60,fake,True,19,23,fake,0.7222222222222222,0.8181818181818182,0.391304347826087,0.4958493646822478,1.3642010260906654,1.0,1.6578612669557122e-10
test/000132.mp4,000132,resnet50,jpeg_70,fake,True,19,23,fake,0.8333333333333334,0.8181818181818182,0.6086956521739131,0.4591459788774189,1.461994066747988,1.0,1.6578612669557122e-10
test/000132.mp4,000132,resnet50,jpeg_80,fake,True,19,23,fake,0.6111111111111112,0.8181818181818182,0.391304347826087,0.46210452129966334,1.4266394216243643,1.0,1.6578612669557122e-10
test/000132.mp4,000132,resnet50,jpeg_90,fake,True,19,23,fake,0.7777777777777778,0.8181818181818182,0.5652173913043478,0.4761521800568229,1.4212618127562768,1.0,1.6578612669557122e-10
test/000132.mp4,000132,resnet50,jpeg_95,fake,True,19,23,fake,0.6666666666666666,0.8181818181818182,0.4782608695652174,0.4718372382615742,1.4214383051271369,1.0,1.6578612669557122e-10
test/000132.mp4,000132,resnet50,h264_18_keepaudio,fake,True,19,23,fake,0.6666666666666666,0.8181818181818182,0.43478260869565216,0.48566151292700516,1.4042662712913596,1.0,1.6578612669557122e-10
test/000132.mp4,000132,resnet50,h264_23_keepaudio,fake,True,19,23,fake,0.8888888888888888,0.8181818181818182,0.391304347826087,0.49835238174388286,1.3908418690287938,1.0,1.6578612669557122e-10
test/000132.mp4,000132,resnet50,h264_28_keepaudio,fake,True,19,23,fake,0.7777777777777778,0.8181818181818182,0.34782608695652173,0.4587657310460743,1.418281704282279,1.0,1.6578612669557122e-10
test/000132.mp4,000132,resnet50,h264_33_keepaudio,fake,True,19,23,fake,0.8333333333333334,0.8181818181818182,0.391304347826087,0.48430255839699193,1.3949364972461398,1.0,1.6578612669557122e-10
test/000132.mp4,000132,resnet50,h264_38_keepaudio,fake,True,19,23,fake,0.6666666666666666,0.8181818181818182,0.34782608695652173,0.47244193051990707,1.4475903927535967,1.0,1.6578612669557122e-10
test/000132.mp4,000132,resnet50,h264_43_keepaudio,fake,True,19,23,fake,0.4444444444444444,0.8181818181818182,0.6521739130434783,0.5309878666149942,1.2608003274418518,1.0,1.6578612669557122e-10
test/000133.mp4,000133,resnet50,clean,fake,True,20,24,fake,0.5789473684210527,0.8695652173913043,0.4583333333333333,0.5236258298158646,1.3096842245150953,1.0,1.6578612669557127e-10
test/000133.mp4,000133,resnet50,jpeg_10,fake,True,20,24,fake,0.5789473684210527,0.8695652173913043,0.3333333333333333,0.6349140778183937,1.0611643937381063,1.0,1.6578612669557127e-10
test/000133.mp4,000133,resnet50,jpeg_20,fake,True,20,24,fake,0.5789473684210527,0.8695652173913043,0.5416666666666666,0.5055655434727668,1.3128227134550978,1.0,1.6578612669557127e-10
test/000133.mp4,000133,resnet50,jpeg_30,fake,True,20,24,fake,0.47368421052631576,0.8695652173913043,0.4166666666666667,0.5167423740029335,1.308260026500922,1.0,1.6578612669557127e-10
test/000133.mp4,000133,resnet50,jpeg_40,fake,True,20,24,fake,0.5789473684210527,0.8695652173913043,0.4583333333333333,0.5210453644394875,1.3026303898862384,1.0,1.6578612669557127e-10
test/000133.mp4,000133,resnet50,jpeg_50,fake,True,20,24,fake,0.47368421052631576,0.8695652173913043,0.4583333333333333,0.565475407242775,1.2422723014728316,1.0,1.6578612669557127e-10
test/000133.mp4,000133,resnet50,jpeg_60,fake,True,20,24,fake,0.5263157894736842,0.8695652173913043,0.375,0.5562556713819504,1.2584194139570564,1.0,1.6578612669557127e-10
test/000133.mp4,000133,resnet50,jpeg_70,fake,True,20,24,fake,0.5789473684210527,0.8695652173913043,0.5,0.5022864490747452,1.3599797271050627,1.0,1.6578612669557127e-10
test/000133.mp4,000133,resnet50,jpeg_80,fake,True,20,24,fake,0.631578947368421,0.8695652173913043,0.5833333333333334,0.5400611147284508,1.2979203398647254,1.0,1.6578612669557127e-10
test/000133.mp4,000133,resnet50,jpeg_90,fake,True,20,24,fake,0.631578947368421,0.8695652173913043,0.5,0.5654479682445526,1.2658811665131013,1.0,1.6578612669557127e-10
test/000133.mp4,000133,resnet50,jpeg_95,fake,True,20,24,fake,0.631578947368421,0.8695652173913043,0.6666666666666666,0.5346835106611252,1.3014495460724136,1.0,1.6578612669557127e-10
test/000133.mp4,000133,resnet50,h264_18_keepaudio,fake,True,20,24,fake,0.5789473684210527,0.8695652173913043,0.5,0.5134504444897174,1.3283026236808813,1.0,1.6578612669557127e-10
test/000133.mp4,000133,resnet50,h264_23_keepaudio,fake,True,20,24,fake,0.47368421052631576,0.8695652173913043,0.5833333333333334,0.4690918684005737,1.3806090890128793,1.0,1.6578612669557127e-10
test/000133.mp4,000133,resnet50,h264_28_keepaudio,fake,True,20,24,fake,0.42105263157894735,0.8695652173913043,0.375,0.50603436678648,1.3515287775378746,1.0,1.6578612669557127e-10
test/000133.mp4,000133,resnet50,h264_33_keepaudio,fake,True,20,24,fake,0.5789473684210527,0.8695652173913043,0.4583333333333333,0.46434826999902723,1.407849444167566,1.0,1.6578612669557127e-10
test/000133.mp4,000133,resnet50,h264_38_keepaudio,fake,True,20,24,fake,0.631578947368421,0.8695652173913043,0.5,0.4691511318087578,1.4555855958556858,1.0,1.6578612669557127e-10
test/000133.mp4,000133,resnet50,h264_43_keepaudio,fake,True,20,24,fake,0.2631578947368421,0.8695652173913043,0.2916666666666667,0.6065803334116936,1.1345083644632168,1.0,1.6578612669557127e-10
test/000134.mp4,000134,resnet50,clean,real,True,25,32,fake,0.7083333333333334,0.6451612903225806,0.3125,0.5764593946933746,1.2084773725729094,0.9935635235160589,0.015892636186830164
test/000134.mp4,000134,resnet50,jpeg_10,real,True,24,32,fake,0.9130434782608695,0.6451612903225806,0.28125,0.7137096536656221,0.880143739337648,0.9935635235160589,0.015892636186830164
test/000134.mp4,000134,resnet50,jpeg_20,real,True,25,32,fake,0.625,0.6451612903225806,0.40625,0.6260736095905304,1.0679803953583655,0.9935635235160589,0.015892636186830164
test/000134.mp4,000134,resnet50,jpeg_30,real,True,25,32,fake,0.8333333333333334,0.6451612903225806,0.25,0.5986523592472076,1.1195844596635167,0.9935635235160589,0.015892636186830164
test/000134.mp4,000134,resnet50,jpeg_40,real,True,25,32,fake,0.7083333333333334,0.6451612903225806,0.21875,0.5807341396808624,1.187204467030687,0.9935635235160589,0.015892636186830164
test/000134.mp4,000134,resnet50,jpeg_50,real,True,25,32,fake,0.6666666666666666,0.6451612903225806,0.375,0.5542090439796448,1.2295422380323935,0.9935635235160589,0.015892636186830164
test/000134.mp4,000134,resnet50,jpeg_60,real,True,25,32,fake,0.7083333333333334,0.6451612903225806,0.25,0.5623078370094299,1.2166687578467275,0.9935635235160589,0.015892636186830164
test/000134.mp4,000134,resnet50,jpeg_70,real,True,25,32,fake,0.75,0.6451612903225806,0.21875,0.5530479538440705,1.2303185115909423,0.9935635235160589,0.015892636186830164
test/000134.mp4,000134,resnet50,jpeg_80,real,True,25,32,fake,0.8333333333333334,0.6451612903225806,0.28125,0.5316533529758454,1.269118967247128,0.9935635235160589,0.015892636186830164
test/000134.mp4,000134,resnet50,jpeg_90,real,True,25,32,fake,0.75,0.6451612903225806,0.25,0.5725845789909363,1.1852507171883595,0.9935635235160589,0.015892636186830164
test/000134.mp4,000134,resnet50,jpeg_95,real,True,25,32,fake,0.8333333333333334,0.6451612903225806,0.28125,0.5612495422363282,1.215486198498713,0.9935635235160589,0.015892636186830164
test/000134.mp4,000134,resnet50,h264_18_keepaudio,real,True,25,32,fake,0.8333333333333334,0.6451612903225806,0.3125,0.5310518682003021,1.258504796074823,0.9935635235160589,0.015892636186830164
test/000134.mp4,000134,resnet50,h264_23_keepaudio,real,True,25,32,fake,0.7916666666666666,0.6451612903225806,0.28125,0.5702749609947204,1.2104694931558986,0.9935635235160589,0.015892636186830164
test/000134.mp4,000134,resnet50,h264_28_keepaudio,real,True,25,32,fake,0.6666666666666666,0.6451612903225806,0.34375,0.5665339374542236,1.2015062743095755,0.9935635235160589,0.015892636186830164
test/000134.mp4,000134,resnet50,h264_33_keepaudio,real,True,25,32,fake,0.6666666666666666,0.6451612903225806,0.375,0.5527440059185028,1.2579077053438064,0.9935635235160589,0.015892636186830164
test/000134.mp4,000134,resnet50,h264_38_keepaudio,real,True,25,32,fake,0.625,0.6451612903225806,0.375,0.5358500409126282,1.284871620780175,0.9935635235160589,0.015892636186830164
test/000134.mp4,000134,resnet50,h264_43_keepaudio,real,True,25,32,fake,0.75,0.6451612903225806,0.4375,0.6664903259277344,1.0247327645170912,0.9935635235160589,0.015892636186830164
test/000135.mp4,000135,resnet50,clean,fake,True,26,32,fake,0.84,0.6129032258064516,0.25,0.5487379936071543,1.2203307568765973,0.9990355540066957,0.004968474769545386
test/000135.mp4,000135,resnet50,jpeg_10,fake,True,26,32,fake,0.92,0.6129032258064516,0.28125,0.6602962636030637,1.003923138769641,0.9990355540066957,0.004968474769545386
test/000135.mp4,000135,resnet50,jpeg_20,fake,True,26,32,fake,0.92,0.6129032258064516,0.28125,0.6168849238982568,1.1290944094462496,0.9990355540066957,0.004968474769545386
test/000135.mp4,000135,resnet50,jpeg_30,fake,True,26,32,fake,0.8,0.6129032258064516,0.21875,0.6063364446163177,1.1518037357135074,0.9990355540066957,0.004968474769545386
test/000135.mp4,000135,resnet50,jpeg_40,fake,True,26,32,fake,0.76,0.6129032258064516,0.25,0.5595249980688095,1.2118148520980172,0.9990355540066957,0.004968474769545386
test/000135.mp4,000135,resnet50,jpeg_50,fake,True,26,32,fake,0.68,0.6129032258064516,0.25,0.57218781629434,1.2073527195127451,0.9990355540066957,0.004968474769545386
test/000135.mp4,000135,resnet50,jpeg_60,fake,True,26,32,fake,0.76,0.6129032258064516,0.25,0.5752182763356429,1.2076906244031305,0.9990355540066957,0.004968474769545386
test/000135.mp4,000135,resnet50,jpeg_70,fake,True,26,32,fake,0.76,0.6129032258064516,0.25,0.5435402909150491,1.2428658982526695,0.9990355540066957,0.004968474769545386
test/000135.mp4,000135,resnet50,jpeg_80,fake,True,26,32,fake,0.76,0.6129032258064516,0.25,0.5461553575900885,1.2282460869005924,0.9990355540066957,0.004968474769545386
test/000135.mp4,000135,resnet50,jpeg_90,fake,True,26,32,fake,0.84,0.6129032258064516,0.25,0.5723645698565704,1.2090981344079015,0.9990355540066957,0.004968474769545386
test/000135.mp4,000135,resnet50,jpeg_95,fake,True,26,32,fake,0.8,0.6129032258064516,0.25,0.5507627696945117,1.211867428230826,0.9990355540066957,0.004968474769545386
test/000135.mp4,000135,resnet50,h264_18_keepaudio,fake,True,26,32,fake,0.84,0.6129032258064516,0.21875,0.5341820900256817,1.2544297261400044,0.9990355540066957,0.004968474769545386
test/000135.mp4,000135,resnet50,h264_23_keepaudio,fake,True,26,32,fake,0.72,0.6129032258064516,0.28125,0.5411673921805161,1.2315270906166924,0.9990355540066957,0.004968474769545386
test/000135.mp4,000135,resnet50,h264_28_keepaudio,fake,True,26,32,fake,0.64,0.6129032258064516,0.28125,0.56829611154703,1.196417336434083,0.9990355540066957,0.004968474769545386
test/000135.mp4,000135,resnet50,h264_33_keepaudio,fake,True,26,32,fake,0.72,0.6129032258064516,0.375,0.5426976692218047,1.2624615073760703,0.9990355540066957,0.004968474769545386
test/000135.mp4,000135,resnet50,h264_38_keepaudio,fake,True,26,32,fake,0.68,0.6129032258064516,0.40625,0.5750774993346288,1.211267415979227,0.9990355540066957,0.004968474769545386
test/000135.mp4,000135,resnet50,h264_43_keepaudio,fake,True,26,32,fake,0.56,0.6129032258064516,0.5,0.5018213076087145,1.2975294468537881,0.9990355540066957,0.004968474769545386
test/000136.mp4,000136,resnet50,clean,fake,True,26,32,fake,0.88,0.5806451612903226,0.25,0.571745814039157,1.1990611949438366,0.9994237162172794,0.0029599459798629506
test/000136.mp4,000136,resnet50,jpeg_10,fake,True,26,32,fake,0.92,0.5806451612903226,0.25,0.6947548756232629,0.9097949260327377,0.9994237162172794,0.0029599459798629506
test/000136.mp4,000136,resnet50,jpeg_20,fake,True,26,32,fake,0.84,0.5806451612903226,0.3125,0.6027939525934366,1.143632184594623,0.9994237162172794,0.0029599459798629506
test/000136.mp4,000136,resnet50,jpeg_30,fake,True,26,32,fake,0.8,0.5806451612903226,0.21875,0.6182821771273246,1.1093777545020567,0.9994237162172794,0.0029599459798629506
test/000136.mp4,000136,resnet50,jpeg_40,fake,True,26,32,fake,0.76,0.5806451612903226,0.21875,0.5855620618049915,1.1739117225097921,0.9994237162172794,0.0029599459798629506
test/000136.mp4,000136,resnet50,jpeg_50,fake,True,26,32,fake,0.68,0.5806451612903226,0.21875,0.5723508797012843,1.2015342040319539,0.9994237162172794,0.0029599459798629506
test/000136.mp4,000136,resnet50,jpeg_60,fake,True,26,32,fake,0.76,0.5806451612903226,0.21875,0.5685799970076635,1.21439138767812,0.9994237162172794,0.0029599459798629506
test/000136.mp4,000136,resnet50,jpeg_70,fake,True,26,32,fake,0.8,0.5806451612903226,0.21875,0.5630127203006011,1.2153938430940352,0.9994237162172794,0.0029599459798629506
test/000136.mp4,000136,resnet50,jpeg_80,fake,True,26,32,fake,0.76,0.5806451612903226,0.25,0.5908795698330953,1.150185534220839,0.9994237162172794,0.0029599459798629506
test/000136.mp4,000136,resnet50,jpeg_90,fake,True,26,32,fake,0.88,0.5806451612903226,0.21875,0.584322561438267,1.1847375546644336,0.9994237162172794,0.0029599459798629506
test/000136.mp4,000136,resnet50,jpeg_95,fake,True,26,32,fake,0.8,0.5806451612903226,0.21875,0.5816011881599059,1.1851715585172236,0.9994237162172794,0.0029599459798629506
test/000136.mp4,000136,resnet50,h264_18_keepaudio,fake,True,26,32,fake,0.84,0.5806451612903226,0.21875,0.5559789836406708,1.2137939163349551,0.9994237162172794,0.0029599459798629506
test/000136.mp4,000136,resnet50,h264_23_keepaudio,fake,True,26,32,fake,0.68,0.5806451612903226,0.25,0.5226553053810046,1.2765583183437657,0.9994237162172794,0.0029599459798629506
test/000136.mp4,000136,resnet50,h264_28_keepaudio,fake,True,26,32,fake,0.64,0.5806451612903226,0.21875,0.5712062842570819,1.2011139719698511,0.9994237162172794,0.0029599459798629506
test/000136.mp4,000136,resnet50,h264_33_keepaudio,fake,True,26,32,fake,0.72,0.5806451612903226,0.40625,0.562379892055805,1.225020554480681,0.9994237162172794,0.0029599459798629506
test/000136.mp4,000136,resnet50,h264_38_keepaudio,fake,True,25,32,fake,0.9166666666666666,0.5806451612903226,0.1875,0.581565380692482,1.1936221411976775,0.9994237162172794,0.0029599459798629506
test/000136.mp4,000136,resnet50,h264_43_keepaudio,fake,True,25,32,fake,0.75,0.5806451612903226,0.25,0.6209842097759247,1.0708073252919759,0.9994237162172794,0.0029599459798629506
test/000137.mp4,000137,resnet50,clean,fake,True,26,32,fake,0.88,0.6129032258064516,0.21875,0.5569958423192685,1.2335753954373934,0.9984281156212091,0.007271092057259183
test/000137.mp4,000137,resnet50,jpeg_10,fake,True,25,32,fake,0.9583333333333334,0.6129032258064516,0.25,0.6736328756809234,0.9730547303660732,0.9984281156212091,0.007271092057259183
test/000137.mp4,000137,resnet50,jpeg_20,fake,True,26,32,fake,0.8,0.6129032258064516,0.25,0.6139192993824298,1.1399814896047578,0.9984281156212091,0.007271092057259183
test/000137.mp4,000137,resnet50,jpeg_30,fake,True,25,32,fake,0.7083333333333334,0.6129032258064516,0.25,0.5535661613941193,1.2461185249358098,0.9984281156212091,0.007271092057259183
test/000137.mp4,000137,resnet50,jpeg_40,fake,True,26,32,fake,0.72,0.6129032258064516,0.21875,0.5391936210485605,1.2612026608587692,0.9984281156212091,0.007271092057259183
test/000137.mp4,000137,resnet50,jpeg_50,fake,True,26,32,fake,0.72,0.6129032258064516,0.21875,0.5591711327433586,1.2458853695947594,0.9984281156212091,0.007271092057259183
test/000137.mp4,000137,resnet50,jpeg_60,fake,True,26,32,fake,0.8,0.6129032258064516,0.21875,0.5625369548797607,1.2221172548888821,0.9984281156212091,0.007271092057259183
test/000137.mp4,000137,resnet50,jpeg_70,fake,True,26,32,fake,0.68,0.6129032258064516,0.21875,0.5406494152087432,1.2393563440293403,0.9984281156212091,0.007271092057259183
test/000137.mp4,000137,resnet50,jpeg_80,fake,True,26,32,fake,0.72,0.6129032258064516,0.25,0.5217476647633773,1.2985973393423496,0.9984281156212091,0.007271092057259183
test/000137.mp4,000137,resnet50,jpeg_90,fake,True,26,32,fake,0.76,0.6129032258064516,0.25,0.5279916788523014,1.2997638075866502,0.9984281156212091,0.007271092057259183
test/000137.mp4,000137,resnet50,jpeg_95,fake,True,26,32,fake,0.8,0.6129032258064516,0.25,0.5168415737839845,1.2940663997876471,0.9984281156212091,0.007271092057259183
test/000137.mp4,000137,resnet50,h264_18_keepaudio,fake,True,26,32,fake,0.8,0.6129032258064516,0.1875,0.5082354545593262,1.303369931459002,0.9984281156212091,0.007271092057259183
test/000137.mp4,000137,resnet50,h264_23_keepaudio,fake,True,26,32,fake,0.64,0.6129032258064516,0.28125,0.5236714367683117,1.2729955709683993,0.9984281156212091,0.007271092057259183
test/000137.mp4,000137,resnet50,h264_28_keepaudio,fake,True,26,32,fake,0.64,0.6129032258064516,0.25,0.5480461682264621,1.2357436446576064,0.9984281156212091,0.007271092057259183
test/000137.mp4,000137,resnet50,h264_33_keepaudio,fake,True,26,32,fake,0.72,0.6129032258064516,0.3125,0.5689755552090131,1.2328952279656546,0.9984281156212091,0.007271092057259183
test/000137.mp4,000137,resnet50,h264_38_keepaudio,fake,True,26,32,fake,0.8,0.6129032258064516,0.375,0.6044501295456519,1.1190303011293259,0.9984281156212091,0.007271092057259183
test/000137.mp4,000137,resnet50,h264_43_keepaudio,fake,True,25,32,fake,0.6666666666666666,0.6129032258064516,0.375,0.5095084762573242,1.2940487245145735,0.9984281156212091,0.007271092057259183
test/000138.mp4,000138,resnet50,clean,real,True,14,16,fake,0.9230769230769231,0.7333333333333333,0.375,0.6283391352210727,1.1295160912558122,0.9999580793082714,0.00035181683740782003
test/000138.mp4,000138,resnet50,jpeg_10,real,True,14,16,fake,1.0,0.7333333333333333,0.3125,0.6835430945668902,0.9841085129250787,0.9999580793082714,0.00035181683740782003
test/000138.mp4,000138,resnet50,jpeg_20,real,True,14,16,fake,0.8461538461538461,0.7333333333333333,0.375,0.5958428787333625,1.1298227765375553,0.9999580793082714,0.00035181683740782003
test/000138.mp4,000138,resnet50,jpeg_30,real,True,14,16,fake,0.9230769230769231,0.7333333333333333,0.25,0.5577142600502286,1.2426117755707704,0.9999580793082714,0.00035181683740782003
test/000138.mp4,000138,resnet50,jpeg_40,real,True,14,16,fake,0.9230769230769231,0.7333333333333333,0.375,0.5757901327950614,1.197941603312772,0.9999580793082714,0.00035181683740782003
test/000138.mp4,000138,resnet50,jpeg_50,real,True,14,16,fake,0.6923076923076923,0.7333333333333333,0.4375,0.5732826398951667,1.2136464200546548,0.9999580793082714,0.00035181683740782003
test/000138.mp4,000138,resnet50,jpeg_60,real,True,14,16,fake,0.9230769230769231,0.7333333333333333,0.375,0.5298932620457241,1.2836685248575541,0.9999580793082714,0.00035181683740782003
test/000138.mp4,000138,resnet50,jpeg_70,real,True,14,16,fake,1.0,0.7333333333333333,0.3125,0.5927982607058117,1.1951729602839605,0.9999580793082714,0.00035181683740782003
test/000138.mp4,000138,resnet50,jpeg_80,real,True,14,16,fake,0.8461538461538461,0.7333333333333333,0.4375,0.5370395864759173,1.2681796347337377,0.9999580793082714,0.00035181683740782003
test/000138.mp4,000138,resnet50,jpeg_90,real,True,14,16,fake,1.0,0.7333333333333333,0.3125,0.5915006505591529,1.1920663646156189,0.9999580793082714,0.00035181683740782003
test/000138.mp4,000138,resnet50,jpeg_95,real,True,14,16,fake,0.9230769230769231,0.7333333333333333,0.4375,0.5780611612967083,1.2162671077912084,0.9999580793082714,0.00035181683740782003
test/000138.mp4,000138,resnet50,h264_18_keepaudio,real,True,14,16,fake,0.8461538461538461,0.7333333333333333,0.3125,0.5891130396298,1.2207344856866988,0.9999580793082714,0.00035181683740782003
test/000138.mp4,000138,resnet50,h264_23_keepaudio,real,True,14,16,fake,1.0,0.7333333333333333,0.3125,0.601302791919027,1.1686595575582674,0.9999580793082714,0.00035181683740782003
test/000138.mp4,000138,resnet50,h264_28_keepaudio,real,True,14,16,fake,0.7692307692307693,0.7333333333333333,0.375,0.5718170553445816,1.2089088730916673,0.9999580793082714,0.00035181683740782003
test/000138.mp4,000138,resnet50,h264_33_keepaudio,real,True,14,16,fake,1.0,0.7333333333333333,0.3125,0.6446953522307532,1.1033100311176638,0.9999580793082714,0.00035181683740782003
test/000138.mp4,000138,resnet50,h264_38_keepaudio,real,True,14,16,fake,0.8461538461538461,0.7333333333333333,0.5,0.6380872641290937,1.1110196759943098,0.9999580793082714,0.00035181683740782003
test/000138.mp4,000138,resnet50,h264_43_keepaudio,real,True,14,16,fake,0.6153846153846154,0.7333333333333333,0.5625,0.5539229810237885,1.221899168795692,0.9999580793082714,0.00035181683740782003
test/000139.mp4,000139,resnet50,clean,real,True,19,22,fake,0.6666666666666666,0.6666666666666666,0.7727272727272727,0.5464051208998028,1.2326247121566383,0.9580228355797854,0.08641818324126391
test/000139.mp4,000139,resnet50,jpeg_10,real,True,19,22,fake,0.8333333333333334,0.6666666666666666,0.5454545454545454,0.7276486111314673,0.850242681469405,0.9580228355797854,0.08641818324126391
test/000139.mp4,000139,resnet50,jpeg_20,real,True,19,22,fake,0.7222222222222222,0.6666666666666666,0.8181818181818182,0.6594685974873995,1.0358752999032108,0.9580228355797854,0.08641818324126391
test/000139.mp4,000139,resnet50,jpeg_30,real,True,19,22,fake,0.5555555555555556,0.6666666666666666,0.8181818181818182,0.562398446233649,1.1993985537844118,0.9580228355797854,0.08641818324126391
test/000139.mp4,000139,resnet50,jpeg_40,real,True,19,22,fake,0.7777777777777778,0.6666666666666666,0.6818181818181818,0.5869632739769785,1.1640901549404425,0.9580228355797854,0.08641818324126391
test/000139.mp4,000139,resnet50,jpeg_50,real,True,19,22,fake,0.6111111111111112,0.6666666666666666,0.7272727272727273,0.548252998214019,1.2689208836011066,0.9580228355797854,0.08641818324126391
test/000139.mp4,000139,resnet50,jpeg_60,real,True,19,22,fake,0.7222222222222222,0.6666666666666666,0.7727272727272727,0.5985965493478274,1.1617383445709688,0.9580228355797854,0.08641818324126391
test/000139.mp4,000139,resnet50,jpeg_70,real,True,19,22,fake,0.7222222222222222,0.6666666666666666,0.7272727272727273,0.582538000847164,1.198786874118502,0.9580228355797854,0.08641818324126391
test/000139.mp4,000139,resnet50,jpeg_80,real,True,19,22,fake,0.7777777777777778,0.6666666666666666,0.6818181818181818,0.5587283639531386,1.243296935579992,0.9580228355797854,0.08641818324126391
test/000139.mp4,000139,resnet50,jpeg_90,real,True,19,22,fake,0.6666666666666666,0.6666666666666666,0.7272727272727273,0.574970261046761,1.207576273240725,0.9580228355797854,0.08641818324126391
test/000139.mp4,000139,resnet50,jpeg_95,real,True,19,22,fake,0.6666666666666666,0.6666666666666666,0.7272727272727273,0.5622236869837108,1.2419705870510491,0.9580228355797854,0.08641818324126391
test/000139.mp4,000139,resnet50,h264_18_keepaudio,real,True,19,22,fake,0.6111111111111112,0.6666666666666666,0.6818181818181818,0.4976438566258079,1.3268755763652118,0.9580228355797854,0.08641818324126391
test/000139.mp4,000139,resnet50,h264_23_keepaudio,real,True,19,22,fake,0.5555555555555556,0.6666666666666666,0.6818181818181818,0.5295131159456152,1.2589941778834415,0.9580228355797854,0.08641818324126391
test/000139.mp4,000139,resnet50,h264_28_keepaudio,real,True,19,22,fake,0.5555555555555556,0.6666666666666666,0.7727272727272727,0.5892964334864366,1.1778937083539838,0.9580228355797854,0.08641818324126391
test/000139.mp4,000139,resnet50,h264_33_keepaudio,real,True,19,22,fake,0.5555555555555556,0.6666666666666666,0.8636363636363636,0.632512114549938,1.0791003285881515,0.9580228355797854,0.08641818324126391
test/000139.mp4,000139,resnet50,h264_38_keepaudio,real,True,19,22,fake,0.8333333333333334,0.6666666666666666,0.8636363636363636,0.73513337028654,0.8369631243623408,0.9580228355797854,0.08641818324126391
test/000139.mp4,000139,resnet50,h264_43_keepaudio,real,True,19,22,fake,0.5,0.6666666666666666,0.7727272727272727,0.6793795698567441,0.9756982206666232,0.9580228355797854,0.08641818324126391
test/000140.mp4,000140,resnet50,clean,fake,True,20,23,fake,0.631578947368421,0.6818181818181818,0.8695652173913043,0.5846471950411797,1.1917965572420985,0.9453848729962888,0.10452623161660136
test/000140.mp4,000140,resnet50,jpeg_10,fake,True,20,23,fake,0.7368421052631579,0.6818181818181818,0.6956521739130435,0.5982504919171333,1.1291650595179132,0.9453848729962888,0.10452623161660136
test/000140.mp4,000140,resnet50,jpeg_20,fake,True,20,23,fake,0.631578947368421,0.6818181818181818,0.6956521739130435,0.5839721739292145,1.151209096564505,0.9453848729962888,0.10452623161660136
test/000140.mp4,000140,resnet50,jpeg_30,fake,True,20,23,fake,0.6842105263157895,0.6818181818181818,0.7391304347826086,0.564537736773491,1.1897095897801804,0.9453848729962888,0.10452623161660136
test/000140.mp4,000140,resnet50,jpeg_40,fake,True,20,23,fake,0.5789473684210527,0.6818181818181818,0.6521739130434783,0.5935439795255661,1.1784562530556608,0.9453848729962888,0.10452623161660136
test/000140.mp4,000140,resnet50,jpeg_50,fake,True,20,23,fake,0.7368421052631579,0.6818181818181818,0.7391304347826086,0.5934989809989929,1.1529957282620424,0.9453848729962888,0.10452623161660136
test/000140.mp4,000140,resnet50,jpeg_60,fake,True,20,23,fake,0.5789473684210527,0.6818181818181818,0.7391304347826086,0.6031205713748932,1.1153758628000967,0.9453848729962888,0.10452623161660136
test/000140.mp4,000140,resnet50,jpeg_70,fake,True,20,23,fake,0.631578947368421,0.6818181818181818,0.782608695652174,0.5956606134772301,1.1655961924575577,0.9453848729962888,0.10452623161660136
test/000140.mp4,000140,resnet50,jpeg_80,fake,True,20,23,fake,0.5789473684210527,0.6818181818181818,0.7391304347826086,0.5117932587862015,1.264091413793155,0.9453848729962888,0.10452623161660136
test/000140.mp4,000140,resnet50,jpeg_90,fake,True,20,23,fake,0.631578947368421,0.6818181818181818,0.7391304347826086,0.5431028619408608,1.2483102448792778,0.9453848729962888,0.10452623161660136
test/000140.mp4,000140,resnet50,jpeg_95,fake,True,20,23,fake,0.5789473684210527,0.6818181818181818,0.8260869565217391,0.5355970114469528,1.2341943199801606,0.9453848729962888,0.10452623161660136
test/000140.mp4,000140,resnet50,h264_18_keepaudio,fake,True,20,23,fake,0.6842105263157895,0.6818181818181818,0.782608695652174,0.579731622338295,1.1639888779000347,0.9453848729962888,0.10452623161660136
test/000140.mp4,000140,resnet50,h264_23_keepaudio,fake,True,20,23,fake,0.6842105263157895,0.6818181818181818,0.8695652173913043,0.5714239448308944,1.2111050813819297,0.9453848729962888,0.10452623161660136
test/000140.mp4,000140,resnet50,h264_28_keepaudio,fake,True,20,23,fake,0.631578947368421,0.6818181818181818,0.8695652173913043,0.5519905090332031,1.225446007289321,0.9453848729962888,0.10452623161660136
test/000140.mp4,000140,resnet50,h264_33_keepaudio,fake,True,20,23,fake,0.47368421052631576,0.6818181818181818,0.9565217391304348,0.6362997233867645,1.0602104406800945,0.9453848729962888,0.10452623161660136
test/000140.mp4,000140,resnet50,h264_38_keepaudio,fake,True,20,23,fake,0.7894736842105263,0.6818181818181818,0.8695652173913043,0.6910438120365143,0.9672630459039405,0.9453848729962888,0.10452623161660136
test/000140.mp4,000140,resnet50,h264_43_keepaudio,fake,True,20,23,fake,0.7368421052631579,0.6818181818181818,0.6086956521739131,0.6589293524622917,0.9739136670797617,0.9453848729962888,0.10452623161660136
test/000141.mp4,000141,resnet50,clean,fake,True,19,22,fake,0.6111111111111112,0.6666666666666666,0.7272727272727273,0.5808003748718061,1.190144806644247,0.9570110548626293,0.08117842789779936
test/000141.mp4,000141,resnet50,jpeg_10,fake,True,19,22,fake,0.8333333333333334,0.6666666666666666,0.6818181818181818,0.6463277967352616,1.013153572805544,0.9570110548626293,0.08117842789779936
test/000141.mp4,000141,resnet50,jpeg_20,fake,True,19,22,fake,0.6111111111111112,0.6666666666666666,0.6363636363636364,0.6355624920443484,1.046574268927109,0.9570110548626293,0.08117842789779936
test/000141.mp4,000141,resnet50,jpeg_30,fake,True,19,22,fake,0.7222222222222222,0.6666666666666666,0.7727272727272727,0.6222639021120573,1.1260115112066984,0.9570110548626293,0.08117842789779936
test/000141.mp4,000141,resnet50,jpeg_40,fake,True,19,22,fake,0.6111111111111112,0.6666666666666666,0.5909090909090909,0.6193622099725824,1.1408435450727559,0.9570110548626293,0.08117842789779936
test/000141.mp4,000141,resnet50,jpeg_50,fake,True,19,22,fake,0.7777777777777778,0.6666666666666666,0.6818181818181818,0.6662791308603788,1.0515721443578534,0.9570110548626293,0.08117842789779936
test/000141.mp4,000141,resnet50,jpeg_60,fake,True,19,22,fake,0.8333333333333334,0.6666666666666666,0.8181818181818182,0.6083396673202515,1.099005763894832,0.9570110548626293,0.08117842789779936
test/000141.mp4,000141,resnet50,jpeg_70,fake,True,19,22,fake,0.7777777777777778,0.6666666666666666,0.7272727272727273,0.6117233241859236,1.1360913598536329,0.9570110548626293,0.08117842789779936
test/000141.mp4,000141,resnet50,jpeg_80,fake,True,19,22,fake,0.6111111111111112,0.6666666666666666,0.7272727272727273,0.5279035223157782,1.2510894670097306,0.9570110548626293,0.08117842789779936
test/000141.mp4,000141,resnet50,jpeg_90,fake,True,19,22,fake,0.7222222222222222,0.6666666666666666,0.6818181818181818,0.5706929846813804,1.2028973288028164,0.9570110548626293,0.08117842789779936
test/000141.mp4,000141,resnet50,jpeg_95,fake,True,19,22,fake,0.6111111111111112,0.6666666666666666,0.7727272727272727,0.5448684410045022,1.220116585334319,0.9570110548626293,0.08117842789779936
test/000141.mp4,000141,resnet50,h264_18_keepaudio,fake,True,19,22,fake,0.7777777777777778,0.6666666666666666,0.7272727272727273,0.5935021011452926,1.1641692084603747,0.9570110548626293,0.08117842789779936
test/000141.mp4,000141,resnet50,h264_23_keepaudio,fake,True,19,22,fake,0.6666666666666666,0.6666666666666666,0.7727272727272727,0.6170171154172797,1.1247533435843937,0.9570110548626293,0.08117842789779936
test/000141.mp4,000141,resnet50,h264_28_keepaudio,fake,True,19,22,fake,0.6666666666666666,0.6666666666666666,0.8636363636363636,0.6201423657567877,1.1138621165121654,0.9570110548626293,0.08117842789779936
test/000141.mp4,000141,resnet50,h264_33_keepaudio,fake,True,19,22,fake,0.4444444444444444,0.6666666666666666,0.8636363636363636,0.6162870996876767,1.1426218969364086,0.9570110548626293,0.08117842789779936
test/000141.mp4,000141,resnet50,h264_38_keepaudio,fake,True,19,22,fake,0.7222222222222222,0.6666666666666666,0.9545454545454546,0.7178712832300287,0.9242071836027685,0.9570110548626293,0.08117842789779936
test/000141.mp4,000141,resnet50,h264_43_keepaudio,fake,True,19,22,fake,0.5555555555555556,0.6666666666666666,0.7272727272727273,0.6788893702783083,0.9640123604722839,0.9570110548626293,0.08117842789779936
test/000142.mp4,000142,resnet50,clean,fake,True,20,23,fake,0.6842105263157895,0.6818181818181818,0.7391304347826086,0.5948687225580216,1.1857995296394535,0.9453848729962888,0.10452623161660136
test/000142.mp4,000142,resnet50,jpeg_10,fake,True,20,23,fake,0.7894736842105263,0.6818181818181818,0.7391304347826086,0.6158724308013916,1.062587673883518,0.9453848729962888,0.10452623161660136
test/000142.mp4,000142,resnet50,jpeg_20,fake,True,20,23,fake,0.5789473684210527,0.6818181818181818,0.6956521739130435,0.6428488999605179,1.0604924673952676,0.9453848729962888,0.10452623161660136
test/000142.mp4,000142,resnet50,jpeg_30,fake,True,20,23,fake,0.6842105263157895,0.6818181818181818,0.6956521739130435,0.6527350544929504,1.0512151357495623,0.9453848729962888,0.10452623161660136
test/000142.mp4,000142,resnet50,jpeg_40,fake,True,20,23,fake,0.5263157894736842,0.6818181818181818,0.6086956521739131,0.6278875052928925,1.139667163027548,0.9453848729962888,0.10452623161660136
test/000142.mp4,000142,resnet50,jpeg_50,fake,True,20,23,fake,0.7368421052631579,0.6818181818181818,0.6956521739130435,0.6413294076919556,1.0973485547320094,0.9453848729962888,0.10452623161660136
test/000142.mp4,000142,resnet50,jpeg_60,fake,True,20,23,fake,0.7368421052631579,0.6818181818181818,0.6956521739130435,0.6150909617543221,1.1210180113151407,0.9453848729962888,0.10452623161660136
test/000142.mp4,000142,resnet50,jpeg_70,fake,True,20,23,fake,0.6842105263157895,0.6818181818181818,0.7391304347826086,0.5979648366570472,1.171778832691178,0.9453848729962888,0.10452623161660136
test/000142.mp4,000142,resnet50,jpeg_80,fake,True,20,23,fake,0.5789473684210527,0.6818181818181818,0.7391304347826086,0.5395842641592026,1.219789096934562,0.9453848729962888,0.10452623161660136
test/000142.mp4,000142,resnet50,jpeg_90,fake,True,20,23,fake,0.6842105263157895,0.6818181818181818,0.6521739130434783,0.5569522306323051,1.2413120359395906,0.9453848729962888,0.10452623161660136
test/000142.mp4,000142,resnet50,jpeg_95,fake,True,20,23,fake,0.6842105263157895,0.6818181818181818,0.8260869565217391,0.5527021437883377,1.2340112865051465,0.9453848729962888,0.10452623161660136
test/000142.mp4,000142,resnet50,h264_18_keepaudio,fake,True,20,23,fake,0.6842105263157895,0.6818181818181818,0.7391304347826086,0.5815433114767075,1.2100440536728798,0.9453848729962888,0.10452623161660136
test/000142.mp4,000142,resnet50,h264_23_keepaudio,fake,True,20,23,fake,0.631578947368421,0.6818181818181818,0.8260869565217391,0.5660817474126816,1.2132005394240228,0.9453848729962888,0.10452623161660136
test/000142.mp4,000142,resnet50,h264_28_keepaudio,fake,True,20,23,fake,0.7368421052631579,0.6818181818181818,0.8695652173913043,0.5652510792016983,1.245670655692265,0.9453848729962888,0.10452623161660136
test/000142.mp4,000142,resnet50,h264_33_keepaudio,fake,True,20,23,fake,0.5789473684210527,0.6818181818181818,0.782608695652174,0.6390469640493393,1.0434414323517878,0.9453848729962888,0.10452623161660136
test/000142.mp4,000142,resnet50,h264_38_keepaudio,fake,True,20,23,fake,0.7368421052631579,0.6818181818181818,1.0,0.7432143315672874,0.8305922456964663,0.9453848729962888,0.10452623161660136
test/000142.mp4,000142,resnet50,h264_43_keepaudio,fake,True,20,23,fake,0.5789473684210527,0.6818181818181818,0.6521739130434783,0.691516800224781,0.9325690654841559,0.9453848729962888,0.10452623161660136
test/000143.mp4,000143,resnet50,clean,real,True,23,27,fake,0.8181818181818182,0.6538461538461539,0.5185185185185185,0.700199077958646,0.9368292392312614,0.9596104621887207,0.11131896609482966
test/000143.mp4,000143,resnet50,jpeg_10,real,True,23,27,fake,0.9545454545454546,0.6538461538461539,0.48148148148148145,0.7410369100777999,0.8218221376697074,0.9596104621887207,0.11131896609482966
test/000143.mp4,000143,resnet50,jpeg_20,real,True,23,27,fake,0.7272727272727273,0.6538461538461539,0.5555555555555556,0.7356446359468543,0.83026735288588,0.9596104621887207,0.11131896609482966
test/000143.mp4,000143,resnet50,jpeg_30,real,True,23,27,fake,0.8636363636363636,0.6538461538461539,0.5185185185185185,0.7393928520057512,0.8768974835228853,0.9596104621887207,0.11131896609482966
test/000143.mp4,000143,resnet50,jpeg_40,real,True,23,27,fake,0.8181818181818182,0.6538461538461539,0.5555555555555556,0.7195880970229274,0.8762265298108379,0.9596104621887207,0.11131896609482966
test/000143.mp4,000143,resnet50,jpeg_50,real,True,23,27,fake,0.8181818181818182,0.6538461538461539,0.5185185185185185,0.7137585969074912,0.8616501434524639,0.9596104621887207,0.11131896609482966
test/000143.mp4,000143,resnet50,jpeg_60,real,True,23,27,fake,0.7272727272727273,0.6538461538461539,0.5185185185185185,0.7510616429474043,0.8354962301024957,0.9596104621887207,0.11131896609482966
test/000143.mp4,000143,resnet50,jpeg_70,real,True,23,27,fake,0.8636363636363636,0.6538461538461539,0.5555555555555556,0.7111276491828586,0.9078169030484132,0.9596104621887207,0.11131896609482966
test/000143.mp4,000143,resnet50,jpeg_80,real,True,23,27,fake,0.9090909090909091,0.6538461538461539,0.5555555555555556,0.7095546307771102,0.9093957632160476,0.9596104621887207,0.11131896609482966
test/000143.mp4,000143,resnet50,jpeg_90,real,True,23,27,fake,0.9090909090909091,0.6538461538461539,0.5185185185185185,0.6927473363669022,0.9226920676928083,0.9596104621887207,0.11131896609482966
test/000143.mp4,000143,resnet50,jpeg_95,real,True,23,27,fake,0.8636363636363636,0.6538461538461539,0.5555555555555556,0.7251623117405436,0.8849565897850963,0.9596104621887207,0.11131896609482966
test/000143.mp4,000143,resnet50,h264_18_keepaudio,real,True,23,27,fake,0.8636363636363636,0.6538461538461539,0.5555555555555556,0.7054981537487196,0.9732144509225854,0.9596104621887207,0.11131896609482966
test/000143.mp4,000143,resnet50,h264_23_keepaudio,real,True,23,27,fake,0.8181818181818182,0.6538461538461539,0.5555555555555556,0.7691077784351681,0.818909200235865,0.9596104621887207,0.11131896609482966
test/000143.mp4,000143,resnet50,h264_28_keepaudio,real,True,23,27,fake,0.7727272727272727,0.6538461538461539,0.5555555555555556,0.7617473109908726,0.8304749997330166,0.9596104621887207,0.11131896609482966
test/000143.mp4,000143,resnet50,h264_33_keepaudio,real,True,23,27,fake,0.7727272727272727,0.6538461538461539,0.6296296296296297,0.6428606821143109,1.0880312049669512,0.9596104621887207,0.11131896609482966
test/000143.mp4,000143,resnet50,h264_38_keepaudio,real,True,23,27,fake,0.8181818181818182,0.6538461538461539,0.5925925925925926,0.587087570325188,1.1720225147134866,0.9596104621887207,0.11131896609482966
test/000143.mp4,000143,resnet50,h264_43_keepaudio,real,True,23,27,fake,1.0,0.6538461538461539,0.9629629629629629,0.784981924554576,0.7551022215484443,0.9596104621887207,0.11131896609482966
test/000144.mp4,000144,resnet50,clean,fake,True,25,31,fake,0.9166666666666666,0.7,0.5161290322580645,0.7416218900680542,0.8647000751499562,0.9554104247400838,0.10317116290433581
test/000144.mp4,000144,resnet50,jpeg_10,fake,True,25,31,fake,0.8333333333333334,0.7,0.5806451612903226,0.7190113365650177,0.851539820684113,0.9554104247400838,0.10317116290433581
test/000144.mp4,000144,resnet50,jpeg_20,fake,True,25,31,fake,1.0,0.7,0.5161290322580645,0.7475231897830963,0.8126152202907762,0.9554104247400838,0.10317116290433581
test/000144.mp4,000144,resnet50,jpeg_30,fake,True,25,31,fake,0.9166666666666666,0.7,0.5483870967741935,0.7381312930583954,0.8391143038192219,0.9554104247400838,0.10317116290433581
test/000144.mp4,000144,resnet50,jpeg_40,fake,True,25,31,fake,1.0,0.7,0.5161290322580645,0.7770173621177673,0.8006450766468157,0.9554104247400838,0.10317116290433581
test/000144.mp4,000144,resnet50,jpeg_50,fake,True,25,31,fake,0.9166666666666666,0.7,0.5161290322580645,0.7516993761062623,0.8577232232181706,0.9554104247400838,0.10317116290433581
test/000144.mp4,000144,resnet50,jpeg_60,fake,True,25,31,fake,1.0,0.7,0.5161290322580645,0.7516094446182251,0.8359123963373867,0.9554104247400838,0.10317116290433581
test/000144.mp4,000144,resnet50,jpeg_70,fake,True,25,31,fake,0.9166666666666666,0.7,0.5483870967741935,0.7451199460029602,0.8492947568407863,0.9554104247400838,0.10317116290433581
test/000144.mp4,000144,resnet50,jpeg_80,fake,True,25,31,fake,0.9166666666666666,0.7,0.5161290322580645,0.7201722896099091,0.90769049211427,0.9554104247400838,0.10317116290433581
test/000144.mp4,000144,resnet50,jpeg_90,fake,True,25,31,fake,0.9166666666666666,0.7,0.5483870967741935,0.7428780162334442,0.8523077104617853,0.9554104247400838,0.10317116290433581
test/000144.mp4,000144,resnet50,jpeg_95,fake,True,25,31,fake,0.9166666666666666,0.7,0.5161290322580645,0.7437700605392457,0.8611526292215127,0.9554104247400838,0.10317116290433581
test/000144.mp4,000144,resnet50,h264_18_keepaudio,fake,True,25,31,fake,0.9166666666666666,0.7,0.5161290322580645,0.7229402685165405,0.894535057143436,0.9554104247400838,0.10317116290433581
test/000144.mp4,000144,resnet50,h264_23_keepaudio,fake,True,25,31,fake,0.875,0.7,0.5483870967741935,0.7493378293514251,0.8266505766031047,0.9554104247400838,0.10317116290433581
test/000144.mp4,000144,resnet50,h264_28_keepaudio,fake,True,25,31,fake,0.875,0.7,0.5161290322580645,0.7183146703243256,0.9372027359461328,0.9554104247400838,0.10317116290433581
test/000144.mp4,000144,resnet50,h264_33_keepaudio,fake,True,25,31,fake,0.875,0.7,0.6129032258064516,0.715741503238678,0.9117251860006016,0.9554104247400838,0.10317116290433581
test/000144.mp4,000144,resnet50,h264_38_keepaudio,fake,True,25,31,fake,0.6666666666666666,0.7,0.7741935483870968,0.6674663424491882,0.9773348448260747,0.9554104247400838,0.10317116290433581
test/000144.mp4,000144,resnet50,h264_43_keepaudio,fake,True,25,31,fake,0.7083333333333334,0.7,0.7741935483870968,0.5329659354686737,1.3023583557651248,0.9554104247400838,0.10317116290433581
test/000145.mp4,000145,resnet50,clean,fake,True,23,28,fake,0.9090909090909091,0.7037037037037037,0.4642857142857143,0.7596859763497892,0.8203317656474275,0.9449240480150495,0.11986191615984745
test/000145.mp4,000145,resnet50,jpeg_10,fake,True,23,28,fake,0.8636363636363636,0.7037037037037037,0.5714285714285714,0.7098845917245616,0.8476678054264078,0.9449240480150495,0.11986191615984745
test/000145.mp4,000145,resnet50,jpeg_20,fake,True,23,28,fake,1.0,0.7037037037037037,0.4642857142857143,0.8041124045848846,0.703170139393426,0.9449240480150495,0.11986191615984745
test/000145.mp4,000145,resnet50,jpeg_30,fake,True,23,28,fake,0.8636363636363636,0.7037037037037037,0.5,0.7573911793853926,0.8025270530827022,0.9449240480150495,0.11986191615984745
test/000145.mp4,000145,resnet50,jpeg_40,fake,True,23,28,fake,0.9545454545454546,0.7037037037037037,0.4642857142857143,0.7713159504144088,0.7882229041612534,0.9449240480150495,0.11986191615984745
test/000145.mp4,000145,resnet50,jpeg_50,fake,True,23,28,fake,0.8181818181818182,0.7037037037037037,0.5,0.7607822936514149,0.8131994510095982,0.9449240480150495,0.11986191615984745
test/000145.mp4,000145,resnet50,jpeg_60,fake,True,23,28,fake,0.8181818181818182,0.7037037037037037,0.5,0.7661212851171908,0.8009807787265477,0.9449240480150495,0.11986191615984745
test/000145.mp4,000145,resnet50,jpeg_70,fake,True,23,28,fake,0.9090909090909091,0.7037037037037037,0.4642857142857143,0.7685537571492402,0.7807371263835262,0.9449240480150495,0.11986191615984745
test/000145.mp4,000145,resnet50,jpeg_80,fake,True,23,28,fake,0.9090909090909091,0.7037037037037037,0.4642857142857143,0.7441716323728147,0.8553746621504168,0.9449240480150495,0.11986191615984745
test/000145.mp4,000145,resnet50,jpeg_90,fake,True,23,28,fake,0.9090909090909091,0.7037037037037037,0.4642857142857143,0.7564729711283809,0.805503678883767,0.9449240480150495,0.11986191615984745
test/000145.mp4,000145,resnet50,jpeg_95,fake,True,23,28,fake,0.9090909090909091,0.7037037037037037,0.4642857142857143,0.7674842541632445,0.8116037859927373,0.9449240480150495,0.11986191615984745
test/000145.mp4,000145,resnet50,h264_18_keepaudio,fake,True,23,28,fake,0.8181818181818182,0.7037037037037037,0.5,0.7599384499632794,0.8355119894132332,0.9449240480150495,0.11986191615984745
test/000145.mp4,000145,resnet50,h264_23_keepaudio,fake,True,23,28,fake,0.9090909090909091,0.7037037037037037,0.5,0.7814509946367015,0.7571523557109022,0.9449240480150495,0.11986191615984745
test/000145.mp4,000145,resnet50,h264_28_keepaudio,fake,True,23,28,fake,0.9090909090909091,0.7037037037037037,0.5357142857142857,0.758149680883988,0.8419441821458867,0.9449240480150495,0.11986191615984745
test/000145.mp4,000145,resnet50,h264_33_keepaudio,fake,True,23,28,fake,0.7272727272727273,0.7037037037037037,0.5714285714285714,0.7302005342815233,0.8598723535747589,0.9449240480150495,0.11986191615984745
test/000145.mp4,000145,resnet50,h264_38_keepaudio,fake,True,23,28,fake,0.6818181818181818,0.7037037037037037,0.6785714285714286,0.6824709047441897,0.9408621517957912,0.9449240480150495,0.11986191615984745
test/000145.mp4,000145,resnet50,h264_43_keepaudio,fake,True,23,28,fake,0.7727272727272727,0.7037037037037037,0.8214285714285714,0.5943053559116696,1.1290899093784124,0.9449240480150495,0.11986191615984745
test/000146.mp4,000146,resnet50,clean,fake,True,25,31,fake,0.9166666666666666,0.7,0.5483870967741935,0.7823075175285339,0.7951459054655095,0.9554104247400838,0.10317116290433581
test/000146.mp4,000146,resnet50,jpeg_10,fake,True,25,31,fake,0.9583333333333334,0.7,0.5161290322580645,0.7257885026931763,0.8088637161930048,0.9554104247400838,0.10317116290433581
test/000146.mp4,000146,resnet50,jpeg_20,fake,True,25,31,fake,1.0,0.7,0.5483870967741935,0.7682291483879089,0.7876952498109396,0.9554104247400838,0.10317116290433581
test/000146.mp4,000146,resnet50,jpeg_30,fake,True,25,31,fake,0.9166666666666666,0.7,0.5483870967741935,0.7714391350746155,0.8069953121357096,0.9554104247400838,0.10317116290433581
test/000146.mp4,000146,resnet50,jpeg_40,fake,True,25,31,fake,1.0,0.7,0.5161290322580645,0.7898628234863281,0.7790205362514776,0.9554104247400838,0.10317116290433581
test/000146.mp4,000146,resnet50,jpeg_50,fake,True,25,31,fake,1.0,0.7,0.5161290322580645,0.7686777496337891,0.8053337861297665,0.9554104247400838,0.10317116290433581
test/000146.mp4,000146,resnet50,jpeg_60,fake,True,25,31,fake,1.0,0.7,0.5161290322580645,0.7871330189704895,0.7937110571848721,0.9554104247400838,0.10317116290433581
test/000146.mp4,000146,resnet50,jpeg_70,fake,True,25,31,fake,1.0,0.7,0.5161290322580645,0.7599288940429687,0.8203907534352013,0.9554104247400838,0.10317116290433581
test/000146.mp4,000146,resnet50,jpeg_80,fake,True,25,31,fake,0.9166666666666666,0.7,0.5161290322580645,0.7664714550971985,0.8288863985635746,0.9554104247400838,0.10317116290433581
test/000146.mp4,000146,resnet50,jpeg_90,fake,True,25,31,fake,0.8333333333333334,0.7,0.5483870967741935,0.7660261845588684,0.8087510475176094,0.9554104247400838,0.10317116290433581
test/000146.mp4,000146,resnet50,jpeg_95,fake,True,25,31,fake,0.9166666666666666,0.7,0.5161290322580645,0.7665594232082367,0.8207221859324427,0.9554104247400838,0.10317116290433581
test/000146.mp4,000146,resnet50,h264_18_keepaudio,fake,True,25,31,fake,0.9166666666666666,0.7,0.5161290322580645,0.7892449736595154,0.7803228247678352,0.9554104247400838,0.10317116290433581
test/000146.mp4,000146,resnet50,h264_23_keepaudio,fake,True,25,31,fake,0.9166666666666666,0.7,0.5161290322580645,0.7974945950508118,0.768820318412504,0.9554104247400838,0.10317116290433581
test/000146.mp4,000146,resnet50,h264_28_keepaudio,fake,True,25,31,fake,0.9166666666666666,0.7,0.5161290322580645,0.7459550142288208,0.8842837591957203,0.9554104247400838,0.10317116290433581
test/000146.mp4,000146,resnet50,h264_33_keepaudio,fake,True,25,31,fake,0.8333333333333334,0.7,0.6129032258064516,0.7686964797973633,0.825707073966053,0.9554104247400838,0.10317116290433581
test/000146.mp4,000146,resnet50,h264_38_keepaudio,fake,True,25,31,fake,0.7083333333333334,0.7,0.7096774193548387,0.6477819120883942,1.0373652311561414,0.9554104247400838,0.10317116290433581
test/000146.mp4,000146,resnet50,h264_43_keepaudio,fake,True,25,31,fake,0.8333333333333334,0.7,0.9032258064516129,0.7205249345302582,0.8381518375814356,0.9554104247400838,0.10317116290433581
test/000147.mp4,000147,resnet50,clean,real,True,13,16,fake,0.75,0.8666666666666667,0.625,0.5786085587281448,1.234968463326658,0.9466137513518333,0.15575000208608494
test/000147.mp4,000147,resnet50,jpeg_10,real,True,13,16,fake,0.75,0.8666666666666667,0.5,0.7302201504890735,0.9006144643876028,0.9466137513518333,0.15575000208608494
test/000147.mp4,000147,resnet50,jpeg_20,real,True,13,16,fake,0.75,0.8666666666666667,0.625,0.6130843024987441,1.1323612306761313,0.9466137513518333,0.15575000208608494
test/000147.mp4,000147,resnet50,jpeg_30,real,True,12,16,fake,0.2727272727272727,0.8666666666666667,0.8125,0.5754616409540176,1.2287345137742824,0.9466137513518333,0.15575000208608494
test/000147.mp4,000147,resnet50,jpeg_40,real,True,13,16,fake,0.5,0.8666666666666667,0.6875,0.507858219055029,1.3628830911438832,0.9466137513518333,0.15575000208608494
test/000147.mp4,000147,resnet50,jpeg_50,real,True,13,16,fake,0.9166666666666666,0.8666666666666667,0.625,0.5290216620151813,1.2914759122032191,0.9466137513518333,0.15575000208608494
test/000147.mp4,000147,resnet50,jpeg_60,real,True,13,16,fake,0.75,0.8666666666666667,0.625,0.5235455838533548,1.323664962197566,0.9466137513518333,0.15575000208608494
test/000147.mp4,000147,resnet50,jpeg_70,real,True,13,16,fake,0.75,0.8666666666666667,0.625,0.5661047261494857,1.2812476986503722,0.9466137513518333,0.15575000208608494
test/000147.mp4,000147,resnet50,jpeg_80,real,True,13,16,fake,0.9166666666666666,0.8666666666666667,0.5625,0.5165645915728349,1.3661817616022487,0.9466137513518333,0.15575000208608494
test/000147.mp4,000147,resnet50,jpeg_90,real,True,13,16,fake,0.75,0.8666666666666667,0.625,0.5746774558837597,1.2523637306525777,0.9466137513518333,0.15575000208608494
test/000147.mp4,000147,resnet50,jpeg_95,real,True,13,16,fake,0.6666666666666666,0.8666666666666667,0.625,0.5395563198969915,1.29567812220648,0.9466137513518333,0.15575000208608494
test/000147.mp4,000147,resnet50,h264_18_keepaudio,real,True,13,16,fake,0.75,0.8666666666666667,0.625,0.5671681601267594,1.278467189341708,0.9466137513518333,0.15575000208608494
test/000147.mp4,000147,resnet50,h264_23_keepaudio,real,True,13,16,fake,0.5833333333333334,0.8666666666666667,0.5625,0.523221492767334,1.3337071357641455,0.9466137513518333,0.15575000208608494
test/000147.mp4,000147,resnet50,h264_28_keepaudio,real,True,13,16,fake,0.4166666666666667,0.8666666666666667,0.625,0.5720985440107492,1.2181261706477786,0.9466137513518333,0.15575000208608494
test/000147.mp4,000147,resnet50,h264_33_keepaudio,real,True,13,16,fake,0.6666666666666666,0.8666666666666667,0.75,0.5949659049510956,1.1661978893703364,0.9466137513518333,0.15575000208608494
test/000147.mp4,000147,resnet50,h264_38_keepaudio,real,True,13,16,fake,0.75,0.8666666666666667,0.75,0.5675443021150736,1.210617135319704,0.9466137513518333,0.15575000208608494
test/000147.mp4,000147,resnet50,h264_43_keepaudio,real,True,11,16,fake,0.3,0.8666666666666667,0.8125,0.5413828004490245,1.2576038348908205,0.9466137513518333,0.15575000208608494
test/000148.mp4,000148,resnet50,clean,fake,True,15,18,fake,0.7857142857142857,0.8235294117647058,0.7222222222222222,0.536948577562968,1.2680471234862567,0.9229352639781104,0.21608630007358293
test/000148.mp4,000148,resnet50,jpeg_10,fake,True,15,18,fake,0.5714285714285714,0.8235294117647058,0.8333333333333334,0.5752018789450327,1.1500834515236624,0.9229352639781104,0.21608630007358293
test/000148.mp4,000148,resnet50,jpeg_20,fake,True,15,18,fake,0.5714285714285714,0.8235294117647058,0.6666666666666666,0.601310807466507,1.1017459644345062,0.9229352639781104,0.21608630007358293
test/000148.mp4,000148,resnet50,jpeg_30,fake,True,15,18,fake,0.8571428571428571,0.8235294117647058,0.6111111111111112,0.6006111145019531,1.143974874057175,0.9229352639781104,0.21608630007358293
test/000148.mp4,000148,resnet50,jpeg_40,fake,True,15,18,fake,0.7142857142857143,0.8235294117647058,0.7222222222222222,0.5742159962654114,1.228465930960216,0.9229352639781104,0.21608630007358293
test/000148.mp4,000148,resnet50,jpeg_50,fake,True,15,18,fake,0.7142857142857143,0.8235294117647058,0.7222222222222222,0.5754732608795166,1.2420633393377432,0.9229352639781104,0.21608630007358293
test/000148.mp4,000148,resnet50,jpeg_60,fake,True,15,18,fake,0.7857142857142857,0.8235294117647058,0.7222222222222222,0.5325603465239207,1.2941565318837553,0.9229352639781104,0.21608630007358293
test/000148.mp4,000148,resnet50,jpeg_70,fake,True,14,18,fake,0.6923076923076923,0.8235294117647058,0.7777777777777778,0.4980270564556122,1.3178130543504842,0.9229352639781104,0.21608630007358293
test/000148.mp4,000148,resnet50,jpeg_80,fake,True,15,18,fake,0.7857142857142857,0.8235294117647058,0.7222222222222222,0.5441805799802144,1.2877712263893768,0.9229352639781104,0.21608630007358293
test/000148.mp4,000148,resnet50,jpeg_90,fake,True,15,18,fake,0.8571428571428571,0.8235294117647058,0.7222222222222222,0.5605773429075877,1.2299484174342006,0.9229352639781104,0.21608630007358293
test/000148.mp4,000148,resnet50,jpeg_95,fake,True,15,18,fake,0.7142857142857143,0.8235294117647058,0.7777777777777778,0.6114887158075969,1.1576958070953578,0.9229352639781104,0.21608630007358293
test/000148.mp4,000148,resnet50,h264_18_keepaudio,fake,True,15,18,fake,0.6428571428571429,0.8235294117647058,0.7222222222222222,0.5518962939580282,1.2511480883043804,0.9229352639781104,0.21608630007358293
test/000148.mp4,000148,resnet50,h264_23_keepaudio,fake,True,15,18,fake,0.7857142857142857,0.8235294117647058,0.8888888888888888,0.5950763324896494,1.2046933835255074,0.9229352639781104,0.21608630007358293
test/000148.mp4,000148,resnet50,h264_28_keepaudio,fake,True,15,18,fake,0.6428571428571429,0.8235294117647058,0.8888888888888888,0.5968498567740123,1.1826860795642098,0.9229352639781104,0.21608630007358293
test/000148.mp4,000148,resnet50,h264_33_keepaudio,fake,True,15,18,fake,0.5714285714285714,0.8235294117647058,0.8888888888888888,0.6023881137371063,1.1429323718747981,0.9229352639781104,0.21608630007358293
test/000148.mp4,000148,resnet50,h264_38_keepaudio,fake,True,15,18,fake,0.5714285714285714,0.8235294117647058,0.5,0.5115692178408305,1.2949689810247924,0.9229352639781104,0.21608630007358293
test/000148.mp4,000148,resnet50,h264_43_keepaudio,fake,True,12,18,fake,0.7272727272727273,0.8235294117647058,0.5555555555555556,0.5853774125377337,1.14353156993385,0.9229352639781104,0.21608630007358293
test/000149.mp4,000149,resnet50,clean,fake,True,13,16,fake,0.75,0.8,0.625,0.5379269696198977,1.2817332547979108,0.9136529117822647,0.24059165774564123
test/000149.mp4,000149,resnet50,jpeg_10,fake,True,13,16,fake,0.75,0.8,0.625,0.5779296366068033,1.1307002298327735,0.9136529117822647,0.24059165774564123
test/000149.mp4,000149,resnet50,jpeg_20,fake,True,13,16,fake,0.5,0.8,0.8125,0.6902892314470731,0.9590328887298285,0.9136529117822647,0.24059165774564123
test/000149.mp4,000149,resnet50,jpeg_30,fake,True,13,16,fake,0.8333333333333334,0.8,0.75,0.6396502302243159,1.0905094102156316,0.9136529117822647,0.24059165774564123
test/000149.mp4,000149,resnet50,jpeg_40,fake,True,13,16,fake,0.75,0.8,0.75,0.5586979778913351,1.1893421767309225,0.9136529117822647,0.24059165774564123
test/000149.mp4,000149,resnet50,jpeg_50,fake,True,13,16,fake,0.5,0.8,0.6875,0.5500662097564111,1.2861812612446142,0.9136529117822647,0.24059165774564123
test/000149.mp4,000149,resnet50,jpeg_60,fake,True,13,16,fake,0.9166666666666666,0.8,0.5625,0.47776904702186584,1.3848981486182537,0.9136529117822647,0.24059165774564123
test/000149.mp4,000149,resnet50,jpeg_70,fake,True,12,16,fake,0.5454545454545454,0.8,0.625,0.5322121356924375,1.3061818342045837,0.9136529117822647,0.24059165774564123
test/000149.mp4,000149,resnet50,jpeg_80,fake,True,13,16,fake,0.75,0.8,0.6875,0.568443992963204,1.1905905243826775,0.9136529117822647,0.24059165774564123
test/000149.mp4,000149,resnet50,jpeg_90,fake,True,13,16,fake,0.8333333333333334,0.8,0.75,0.5330931796477392,1.2788335538598317,0.9136529117822647,0.24059165774564123
test/000149.mp4,000149,resnet50,jpeg_95,fake,True,13,16,fake,0.5,0.8,0.6875,0.5650724929112655,1.203911197503452,0.9136529117822647,0.24059165774564123
test/000149.mp4,000149,resnet50,h264_18_keepaudio,fake,True,13,16,fake,0.5833333333333334,0.8,0.625,0.5144487390151391,1.2410448696459164,0.9136529117822647,0.24059165774564123
test/000149.mp4,000149,resnet50,h264_23_keepaudio,fake,True,13,16,fake,0.8333333333333334,0.8,0.6875,0.5389441274679624,1.2750080513493007,0.9136529117822647,0.24059165774564123
test/000149.mp4,000149,resnet50,h264_28_keepaudio,fake,True,13,16,fake,0.5,0.8,0.5625,0.6045200847662412,1.1265347128604037,0.9136529117822647,0.24059165774564123
test/000149.mp4,000149,resnet50,h264_33_keepaudio,fake,True,13,16,fake,0.5,0.8,0.6875,0.6363929349642533,1.0781245059712945,0.9136529117822647,0.24059165774564123
test/000149.mp4,000149,resnet50,h264_38_keepaudio,fake,True,13,16,fake,0.5,0.8,0.5625,0.5289236673941979,1.241714451650065,0.9136529117822647,0.24059165774564123
test/000149.mp4,000149,resnet50,h264_43_keepaudio,fake,True,12,16,fake,0.7272727272727273,0.8,0.5625,0.6096785763899485,1.1098723485702104,0.9136529117822647,0.24059165774564123
test/000150.mp4,000150,resnet50,clean,fake,True,15,18,fake,0.7857142857142857,0.8235294117647058,0.7777777777777778,0.5443667789300283,1.262064352888973,0.9230348136689928,0.21545607742104636
test/000150.mp4,000150,resnet50,jpeg_10,fake,True,15,18,fake,0.7857142857142857,0.8235294117647058,0.7777777777777778,0.6427196542421977,1.0087887788632313,0.9230348136689928,0.21545607742104636
test/000150.mp4,000150,resnet50,jpeg_20,fake,True,15,18,fake,0.42857142857142855,0.8235294117647058,0.8888888888888888,0.6868891656398773,0.9597315219332357,0.9230348136689928,0.21545607742104636
test/000150.mp4,000150,resnet50,jpeg_30,fake,True,15,18,fake,0.7857142857142857,0.8235294117647058,0.7222222222222222,0.6152711510658264,1.1522206518395772,0.9230348136689928,0.21545607742104636
test/000150.mp4,000150,resnet50,jpeg_40,fake,True,15,18,fake,0.5714285714285714,0.8235294117647058,0.7777777777777778,0.5664630810419718,1.2025576782960496,0.9230348136689928,0.21545607742104636
test/000150.mp4,000150,resnet50,jpeg_50,fake,True,15,18,fake,0.5714285714285714,0.8235294117647058,0.8888888888888888,0.5462767501672109,1.2395737381316583,0.9230348136689928,0.21545607742104636
test/000150.mp4,000150,resnet50,jpeg_60,fake,True,15,18,fake,0.6428571428571429,0.8235294117647058,0.8888888888888888,0.5751961131890615,1.2158028426026217,0.9230348136689928,0.21545607742104636
test/000150.mp4,000150,resnet50,jpeg_70,fake,True,14,18,fake,0.6153846153846154,0.8235294117647058,0.7777777777777778,0.5235987582377025,1.2888342140444669,0.9230348136689928,0.21545607742104636
test/000150.mp4,000150,resnet50,jpeg_80,fake,True,15,18,fake,0.7857142857142857,0.8235294117647058,0.7777777777777778,0.572100951274236,1.2059334211486237,0.9230348136689928,0.21545607742104636
test/000150.mp4,000150,resnet50,jpeg_90,fake,True,15,18,fake,0.6428571428571429,0.8235294117647058,0.7777777777777778,0.5422503888607025,1.259156936169395,0.9230348136689928,0.21545607742104636
test/000150.mp4,000150,resnet50,jpeg_95,fake,True,15,18,fake,0.5714285714285714,0.8235294117647058,0.7777777777777778,0.5877240399519602,1.1688963143098337,0.9230348136689928,0.21545607742104636
test/000150.mp4,000150,resnet50,h264_18_keepaudio,fake,True,15,18,fake,0.7857142857142857,0.8235294117647058,0.7777777777777778,0.5477219541867574,1.251895221709359,0.9230348136689928,0.21545607742104636
test/000150.mp4,000150,resnet50,h264_23_keepaudio,fake,True,15,18,fake,0.8571428571428571,0.8235294117647058,0.7777777777777778,0.5605368395646413,1.2122464056546522,0.9230348136689928,0.21545607742104636
test/000150.mp4,000150,resnet50,h264_28_keepaudio,fake,True,15,18,fake,0.6428571428571429,0.8235294117647058,0.7777777777777778,0.5808540960152944,1.1930527545127343,0.9230348136689928,0.21545607742104636
test/000150.mp4,000150,resnet50,h264_33_keepaudio,fake,True,15,18,fake,0.6428571428571429,0.8235294117647058,0.7222222222222222,0.5800395627816518,1.2235057330564778,0.9230348136689928,0.21545607742104636
test/000150.mp4,000150,resnet50,h264_38_keepaudio,fake,True,15,18,fake,0.8571428571428571,0.8235294117647058,0.7777777777777778,0.538891871770223,1.283303682524867,0.9230348136689928,0.21545607742104636
test/000150.mp4,000150,resnet50,h264_43_keepaudio,fake,True,12,18,fake,0.6363636363636364,0.8235294117647058,0.6666666666666666,0.5844761977593104,1.1530520735343108,0.9230348136689928,0.21545607742104636
test/000151.mp4,000151,resnet50,clean,real,True,22,26,fake,0.7619047619047619,0.92,0.2692307692307692,0.6502782553434372,1.0794148116278457,0.9573198293264096,0.08723844672765213
test/000151.mp4,000151,resnet50,jpeg_10,real,True,22,26,fake,0.7619047619047619,0.92,0.3076923076923077,0.7412658875638788,0.8361195540610652,0.9573198293264096,0.08723844672765213
test/000151.mp4,000151,resnet50,jpeg_20,real,True,22,26,fake,0.9047619047619048,0.92,0.19230769230769232,0.6341445784677159,1.0680826241245982,0.9573198293264096,0.08723844672765213
test/000151.mp4,000151,resnet50,jpeg_30,real,True,22,26,fake,0.7619047619047619,0.92,0.19230769230769232,0.6924570880152963,0.9609106604055326,0.9573198293264096,0.08723844672765213
test/000151.mp4,000151,resnet50,jpeg_40,real,True,22,26,fake,0.8095238095238095,0.92,0.2692307692307692,0.6413256160237573,1.0693376604671305,0.9573198293264096,0.08723844672765213
test/000151.mp4,000151,resnet50,jpeg_50,real,True,22,26,fake,0.9047619047619048,0.92,0.2692307692307692,0.6144662187858061,1.1279618986234345,0.9573198293264096,0.08723844672765213
test/000151.mp4,000151,resnet50,jpeg_60,real,True,22,26,fake,0.8571428571428571,0.92,0.3076923076923077,0.6912747797640887,0.9997523468329732,0.9573198293264096,0.08723844672765213
test/000151.mp4,000151,resnet50,jpeg_70,real,True,22,26,fake,0.7619047619047619,0.92,0.23076923076923078,0.6401862258260901,1.0736393583885515,0.9573198293264096,0.08723844672765213
test/000151.mp4,000151,resnet50,jpeg_80,real,True,22,26,fake,0.8095238095238095,0.92,0.23076923076923078,0.6535433991388842,1.070952795349965,0.9573198293264096,0.08723844672765213
test/000151.mp4,000151,resnet50,jpeg_90,real,True,22,26,fake,0.8571428571428571,0.92,0.23076923076923078,0.6390402520244772,1.0983438973025863,0.9573198293264096,0.08723844672765213
test/000151.mp4,000151,resnet50,jpeg_95,real,True,22,26,fake,0.6666666666666666,0.92,0.2692307692307692,0.6669210656122728,1.0775228647029438,0.9573198293264096,0.08723844672765213
test/000151.mp4,000151,resnet50,h264_18_keepaudio,real,True,22,26,fake,0.8095238095238095,0.92,0.23076923076923078,0.6268725774504922,1.1015507507111528,0.9573198293264096,0.08723844672765213
test/000151.mp4,000151,resnet50,h264_23_keepaudio,real,True,22,26,fake,0.6666666666666666,0.92,0.3076923076923077,0.6484527140855789,1.0732638109756982,0.9573198293264096,0.08723844672765213
test/000151.mp4,000151,resnet50,h264_28_keepaudio,real,True,22,26,fake,0.9523809523809523,0.92,0.19230769230769232,0.6239251304756511,1.141636935392797,0.9573198293264096,0.08723844672765213
test/000151.mp4,000151,resnet50,h264_33_keepaudio,real,True,22,26,fake,0.7619047619047619,0.92,0.4230769230769231,0.6162963794036345,1.1531064181222013,0.9573198293264096,0.08723844672765213
test/000151.mp4,000151,resnet50,h264_38_keepaudio,real,True,22,26,fake,0.6666666666666666,0.92,0.6538461538461539,0.5805389901453798,1.1666053882812153,0.9573198293264096,0.08723844672765213
test/000151.mp4,000151,resnet50,h264_43_keepaudio,real,True,22,26,fake,0.6666666666666666,0.92,0.5769230769230769,0.6397545540874655,1.0771167388482181,0.9573198293264096,0.08723844672765213
test/000152.mp4,000152,resnet50,clean,fake,True,23,27,fake,0.7727272727272727,0.8846153846153846,0.2962962962962963,0.6947831459667372,0.9740510455676337,0.9881427707495513,0.039821075914863835
test/000152.mp4,000152,resnet50,jpeg_10,fake,True,23,27,fake,0.9090909090909091,0.8846153846153846,0.3333333333333333,0.7376170313876608,0.8145136085453868,0.9881427707495513,0.039821075914863835
test/000152.mp4,000152,resnet50,jpeg_20,fake,True,23,27,fake,0.7727272727272727,0.8846153846153846,0.37037037037037035,0.6774880484394405,0.9987644961033111,0.9881427707495513,0.039821075914863835
test/000152.mp4,000152,resnet50,jpeg_30,fake,True,23,27,fake,0.9545454545454546,0.8846153846153846,0.3333333333333333,0.7039360455844713,0.9483316824944203,0.9881427707495513,0.039821075914863835
test/000152.mp4,000152,resnet50,jpeg_40,fake,True,23,27,fake,0.8636363636363636,0.8846153846153846,0.3333333333333333,0.6484051165373429,1.0259638052824862,0.9881427707495513,0.039821075914863835
test/000152.mp4,000152,resnet50,jpeg_50,fake,True,23,27,fake,0.8181818181818182,0.8846153846153846,0.37037037037037035,0.6624118413614191,1.028694127729331,0.9881427707495513,0.039821075914863835
test/000152.mp4,000152,resnet50,jpeg_60,fake,True,23,27,fake,0.8181818181818182,0.8846153846153846,0.37037037037037035,0.6670887249967327,0.9812847825582085,0.9881427707495513,0.039821075914863835
test/000152.mp4,000152,resnet50,jpeg_70,fake,True,23,27,fake,0.9090909090909091,0.8846153846153846,0.2962962962962963,0.674016156922216,1.017450161061049,0.9881427707495513,0.039821075914863835
test/000152.mp4,000152,resnet50,jpeg_80,fake,True,23,27,fake,0.8181818181818182,0.8846153846153846,0.37037037037037035,0.6971446172050808,0.9633474914206817,0.9881427707495513,0.039821075914863835
test/000152.mp4,000152,resnet50,jpeg_90,fake,True,23,27,fake,0.7727272727272727,0.8846153846153846,0.4074074074074074,0.6815939947314884,0.9659433979765076,0.9881427707495513,0.039821075914863835
test/000152.mp4,000152,resnet50,jpeg_95,fake,True,23,27,fake,0.7727272727272727,0.8846153846153846,0.2962962962962963,0.6897564154604207,0.9753276957519781,0.9881427707495513,0.039821075914863835
test/000152.mp4,000152,resnet50,h264_18_keepaudio,fake,True,23,27,fake,0.7727272727272727,0.8846153846153846,0.37037037037037035,0.6573596855868464,1.040911058643412,0.9881427707495513,0.039821075914863835
test/000152.mp4,000152,resnet50,h264_23_keepaudio,fake,True,23,27,fake,0.8181818181818182,0.8846153846153846,0.37037037037037035,0.6864897505096768,0.9866489672449269,0.9881427707495513,0.039821075914863835
test/000152.mp4,000152,resnet50,h264_28_keepaudio,fake,True,23,27,fake,0.9090909090909091,0.8846153846153846,0.3333333333333333,0.5944443837456082,1.173968766308915,0.9881427707495513,0.039821075914863835
test/000152.mp4,000152,resnet50,h264_33_keepaudio,fake,True,23,27,fake,0.5909090909090909,0.8846153846153846,0.4074074074074074,0.537862488757009,1.2959331282947197,0.9881427707495513,0.039821075914863835
test/000152.mp4,000152,resnet50,h264_38_keepaudio,fake,True,23,27,fake,0.6818181818181818,0.8846153846153846,0.4074074074074074,0.5457765758037567,1.2523777168354562,0.9881427707495513,0.039821075914863835
test/000152.mp4,000152,resnet50,h264_43_keepaudio,fake,True,23,27,fake,0.6818181818181818,0.8846153846153846,0.6666666666666666,0.5477715886157491,1.2191205802630278,0.9881427707495513,0.039821075914863835
test/000153.mp4,000153,resnet50,clean,fake,True,22,27,fake,0.7619047619047619,0.8846153846153846,0.3333333333333333,0.7078342708674344,0.9380743104216628,0.9489846119174251,0.09773902786083426
test/000153.mp4,000153,resnet50,jpeg_10,fake,True,22,27,fake,1.0,0.8846153846153846,0.25925925925925924,0.8167980882254514,0.6436392282418048,0.9489846119174251,0.09773902786083426
test/000153.mp4,000153,resnet50,jpeg_20,fake,True,22,27,fake,0.9523809523809523,0.8846153846153846,0.2962962962962963,0.7085490213199095,0.8992035196883787,0.9489846119174251,0.09773902786083426
test/000153.mp4,000153,resnet50,jpeg_30,fake,True,22,27,fake,0.9047619047619048,0.8846153846153846,0.2962962962962963,0.708664589307525,0.887934612574249,0.9489846119174251,0.09773902786083426
test/000153.mp4,000153,resnet50,jpeg_40,fake,True,22,27,fake,0.9047619047619048,0.8846153846153846,0.25925925925925924,0.7225121293555606,0.8965258531291395,0.9489846119174251,0.09773902786083426
test/000153.mp4,000153,resnet50,jpeg_50,fake,True,22,27,fake,0.7619047619047619,0.8846153846153846,0.3333333333333333,0.6563358889384703,1.01162830706645,0.9489846119174251,0.09773902786083426
test/000153.mp4,000153,resnet50,jpeg_60,fake,True,22,27,fake,0.8095238095238095,0.8846153846153846,0.3333333333333333,0.6875594624064185,0.971157005704325,0.9489846119174251,0.09773902786083426
test/000153.mp4,000153,resnet50,jpeg_70,fake,True,22,27,fake,0.8571428571428571,0.8846153846153846,0.2962962962962963,0.6973920356143605,0.9596841938974994,0.9489846119174251,0.09773902786083426
test/000153.mp4,000153,resnet50,jpeg_80,fake,True,22,27,fake,0.8095238095238095,0.8846153846153846,0.37037037037037035,0.7127096097577702,0.921693714068057,0.9489846119174251,0.09773902786083426
test/000153.mp4,000153,resnet50,jpeg_90,fake,True,22,27,fake,0.7619047619047619,0.8846153846153846,0.3333333333333333,0.7189572710882534,0.8951011994958484,0.9489846119174251,0.09773902786083426
test/000153.mp4,000153,resnet50,jpeg_95,fake,True,22,27,fake,0.7619047619047619,0.8846153846153846,0.3333333333333333,0.6888615509325807,0.950637861301539,0.9489846119174251,0.09773902786083426
test/000153.mp4,000153,resnet50,h264_18_keepaudio,fake,True,22,27,fake,0.7619047619047619,0.8846153846153846,0.3333333333333333,0.711713888428428,0.911092285190641,0.9489846119174251,0.09773902786083426
test/000153.mp4,000153,resnet50,h264_23_keepaudio,fake,True,22,27,fake,0.7619047619047619,0.8846153846153846,0.3333333333333333,0.6893701323054053,0.9913449347604932,0.9489846119174251,0.09773902786083426
test/000153.mp4,000153,resnet50,h264_28_keepaudio,fake,True,22,27,fake,0.8571428571428571,0.8846153846153846,0.3333333333333333,0.6509083997119557,1.0663668288648043,0.9489846119174251,0.09773902786083426
test/000153.mp4,000153,resnet50,h264_33_keepaudio,fake,True,22,27,fake,0.6190476190476191,0.8846153846153846,0.2962962962962963,0.5827748707749627,1.199433322893705,0.9489846119174251,0.09773902786083426
test/000153.mp4,000153,resnet50,h264_38_keepaudio,fake,True,22,27,fake,0.7619047619047619,0.8846153846153846,0.37037037037037035,0.5062046321955594,1.311967478962494,0.9489846119174251,0.09773902786083426
test/000153.mp4,000153,resnet50,h264_43_keepaudio,fake,True,22,27,fake,0.6190476190476191,0.8846153846153846,0.6666666666666666,0.5252734422683716,1.2624668691639198,0.9489846119174251,0.09773902786083426
test/000154.mp4,000154,resnet50,clean,fake,True,23,27,fake,0.8636363636363636,0.8846153846153846,0.4074074074074074,0.6532650006854016,1.0481917907992888,0.9871394192730939,0.04113604781425558
test/000154.mp4,000154,resnet50,jpeg_10,fake,True,23,27,fake,0.7272727272727273,0.8846153846153846,0.4074074074074074,0.7236623543760051,0.8253590298744334,0.9871394192730939,0.04113604781425558
test/000154.mp4,000154,resnet50,jpeg_20,fake,True,23,27,fake,0.9545454545454546,0.8846153846153846,0.37037037037037035,0.6919772249201069,0.9490959208569619,0.9871394192730939,0.04113604781425558
test/000154.mp4,000154,resnet50,jpeg_30,fake,True,23,27,fake,0.9090909090909091,0.8846153846153846,0.3333333333333333,0.6864233625971753,0.9494752124645937,0.9871394192730939,0.04113604781425558
test/000154.mp4,000154,resnet50,jpeg_40,fake,True,23,27,fake,0.9090909090909091,0.8846153846153846,0.37037037037037035,0.6581800450449404,1.0440015380795322,0.9871394192730939,0.04113604781425558
test/000154.mp4,000154,resnet50,jpeg_50,fake,True,23,27,fake,0.8636363636363636,0.8846153846153846,0.4074074074074074,0.6453444556049679,1.0661271651394746,0.9871394192730939,0.04113604781425558
test/000154.mp4,000154,resnet50,jpeg_60,fake,True,23,27,fake,0.8181818181818182,0.8846153846153846,0.4074074074074074,0.66243467901064,1.016030347111503,0.9871394192730939,0.04113604781425558
test/000154.mp4,000154,resnet50,jpeg_70,fake,True,23,27,fake,0.9545454545454546,0.8846153846153846,0.37037037037037035,0.6694898385068645,0.9986997327299205,0.9871394192730939,0.04113604781425558
test/000154.mp4,000154,resnet50,jpeg_80,fake,True,23,27,fake,0.8181818181818182,0.8846153846153846,0.4074074074074074,0.6551454753979392,1.0358561187212758,0.9871394192730939,0.04113604781425558
test/000154.mp4,000154,resnet50,jpeg_90,fake,True,23,27,fake,0.8181818181818182,0.8846153846153846,0.4074074074074074,0.6504359841346741,1.0466558724575352,0.9871394192730939,0.04113604781425558
test/000154.mp4,000154,resnet50,jpeg_95,fake,True,23,27,fake,0.8181818181818182,0.8846153846153846,0.4074074074074074,0.6398207415705142,1.054090956508159,0.9871394192730939,0.04113604781425558
test/000154.mp4,000154,resnet50,h264_18_keepaudio,fake,True,23,27,fake,0.8181818181818182,0.8846153846153846,0.4074074074074074,0.6353798651176951,1.0552071164541574,0.9871394192730939,0.04113604781425558
test/000154.mp4,000154,resnet50,h264_23_keepaudio,fake,True,23,27,fake,0.7727272727272727,0.8846153846153846,0.4074074074074074,0.6687637088091477,1.0223395981067176,0.9871394192730939,0.04113604781425558
test/000154.mp4,000154,resnet50,h264_28_keepaudio,fake,True,23,27,fake,0.8181818181818182,0.8846153846153846,0.37037037037037035,0.6510514565136122,1.0634317266156434,0.9871394192730939,0.04113604781425558
test/000154.mp4,000154,resnet50,h264_33_keepaudio,fake,True,23,27,fake,0.6818181818181818,0.8846153846153846,0.37037037037037035,0.6216297084870546,1.122948423177376,0.9871394192730939,0.04113604781425558
test/000154.mp4,000154,resnet50,h264_38_keepaudio,fake,True,23,27,fake,0.6363636363636364,0.8846153846153846,0.4444444444444444,0.6003073959246926,1.1622715494239622,0.9871394192730939,0.04113604781425558
test/000154.mp4,000154,resnet50,h264_43_keepaudio,fake,True,23,27,fake,0.6363636363636364,0.8846153846153846,0.7777777777777778,0.6721379951290463,0.9734394467018098,0.9871394192730939,0.04113604781425558
test/000155.mp4,000155,resnet50,clean,real,True,32,39,fake,0.6774193548387096,0.8947368421052632,0.48717948717948717,0.6062046121805906,1.1507367403703719,0.9822377409690466,0.046362188721463374
test/000155.mp4,000155,resnet50,jpeg_10,real,True,32,39,fake,0.6774193548387096,0.8947368421052632,0.48717948717948717,0.6686637122184038,0.9844991691248667,0.9822377409690466,0.046362188721463374
test/000155.mp4,000155,resnet50,jpeg_20,real,True,32,39,fake,0.41935483870967744,0.8947368421052632,0.5128205128205128,0.6251979228109121,1.0711066253199721,0.9822377409690466,0.046362188721463374
test/000155.mp4,000155,resnet50,jpeg_30,real,True,32,39,fake,0.6774193548387096,0.8947368421052632,0.5897435897435898,0.6031392626464367,1.100380941993981,0.9822377409690466,0.046362188721463374
test/000155.mp4,000155,resnet50,jpeg_40,real,True,32,39,fake,0.8387096774193549,0.8947368421052632,0.5897435897435898,0.5908310264348984,1.1570525751531362,0.9822377409690466,0.046362188721463374
test/000155.mp4,000155,resnet50,jpeg_50,real,True,32,39,fake,0.5806451612903226,0.8947368421052632,0.5641025641025641,0.5823047831654549,1.1853887211043117,0.9822377409690466,0.046362188721463374
test/000155.mp4,000155,resnet50,jpeg_60,real,True,32,39,fake,0.5161290322580645,0.8947368421052632,0.5641025641025641,0.6123858084902167,1.112547225680899,0.9822377409690466,0.046362188721463374
test/000155.mp4,000155,resnet50,jpeg_70,real,True,32,39,fake,0.6451612903225806,0.8947368421052632,0.5128205128205128,0.5941534196026623,1.173162576135164,0.9822377409690466,0.046362188721463374
test/000155.mp4,000155,resnet50,jpeg_80,real,True,32,39,fake,0.5806451612903226,0.8947368421052632,0.5128205128205128,0.5792977046221495,1.1786222337058532,0.9822377409690466,0.046362188721463374
test/000155.mp4,000155,resnet50,jpeg_90,real,True,32,39,fake,0.7419354838709677,0.8947368421052632,0.5128205128205128,0.5860921060666442,1.1802908298807904,0.9822377409690466,0.046362188721463374
test/000155.mp4,000155,resnet50,jpeg_95,real,True,32,39,fake,0.6451612903225806,0.8947368421052632,0.46153846153846156,0.6013467805460095,1.14701283447374,0.9822377409690466,0.046362188721463374
test/000155.mp4,000155,resnet50,h264_18_keepaudio,real,True,32,39,fake,0.6129032258064516,0.8947368421052632,0.4358974358974359,0.6091212620958686,1.1380120010406347,0.9822377409690466,0.046362188721463374
test/000155.mp4,000155,resnet50,h264_23_keepaudio,real,True,32,39,fake,0.6129032258064516,0.8947368421052632,0.48717948717948717,0.5952523220330477,1.1648592420686168,0.9822377409690466,0.046362188721463374
test/000155.mp4,000155,resnet50,h264_28_keepaudio,real,True,32,39,fake,0.6451612903225806,0.8947368421052632,0.48717948717948717,0.6013492662459612,1.173697829643967,0.9822377409690466,0.046362188721463374
test/000155.mp4,000155,resnet50,h264_33_keepaudio,real,True,32,39,fake,0.6129032258064516,0.8947368421052632,0.6410256410256411,0.566751048900187,1.223472906402708,0.9822377409690466,0.046362188721463374
test/000155.mp4,000155,resnet50,h264_38_keepaudio,real,True,32,39,fake,0.7419354838709677,0.8947368421052632,0.7435897435897436,0.6211384870111942,1.1128106384606813,0.9822377409690466,0.046362188721463374
test/000155.mp4,000155,resnet50,h264_43_keepaudio,real,True,32,39,fake,0.6129032258064516,0.8947368421052632,0.6153846153846154,0.5805707722902298,1.194933911850182,0.9822377409690466,0.046362188721463374
test/000156.mp4,000156,resnet50,clean,real,True,25,31,fake,0.9583333333333334,0.6333333333333333,0.6774193548387096,0.6712208318710328,1.0271653373263292,0.9399633561411211,0.14700342973607575
test/000156.mp4,000156,resnet50,jpeg_10,real,True,25,31,fake,0.9166666666666666,0.6333333333333333,0.6774193548387096,0.6918805122375489,0.8940524921010653,0.9399633561411211,0.14700342973607575
test/000156.mp4,000156,resnet50,jpeg_20,real,True,25,31,fake,0.9583333333333334,0.6333333333333333,0.6774193548387096,0.7555169069766998,0.8331978213001328,0.9399633561411211,0.14700342973607575
test/000156.mp4,000156,resnet50,jpeg_30,real,True,25,31,fake,0.9583333333333334,0.6333333333333333,0.6774193548387096,0.693030252456665,0.976716938730565,0.9399633561411211,0.14700342973607575
test/000156.mp4,000156,resnet50,jpeg_40,real,True,25,31,fake,0.875,0.6333333333333333,0.7096774193548387,0.687230054140091,0.9559816662975226,0.9399633561411211,0.14700342973607575
test/000156.mp4,000156,resnet50,jpeg_50,real,True,25,31,fake,0.9583333333333334,0.6333333333333333,0.6774193548387096,0.6906462049484253,0.9813108709171309,0.9399633561411211,0.14700342973607575
test/000156.mp4,000156,resnet50,jpeg_60,real,True,25,31,fake,0.9583333333333334,0.6333333333333333,0.7096774193548387,0.684191882610321,0.9798255334327236,0.9399633561411211,0.14700342973607575
test/000156.mp4,000156,resnet50,jpeg_70,real,True,25,31,fake,0.9583333333333334,0.6333333333333333,0.6774193548387096,0.6989589393138885,0.980852112041755,0.9399633561411211,0.14700342973607575
test/000156.mp4,000156,resnet50,jpeg_80,real,True,25,31,fake,1.0,0.6333333333333333,0.6451612903225806,0.6826848602294922,0.9994717415846551,0.9399633561411211,0.14700342973607575
test/000156.mp4,000156,resnet50,jpeg_90,real,True,25,31,fake,0.9583333333333334,0.6333333333333333,0.7096774193548387,0.7141373908519745,0.9599433576355865,0.9399633561411211,0.14700342973607575
test/000156.mp4,000156,resnet50,jpeg_95,real,True,25,31,fake,1.0,0.6333333333333333,0.6451612903225806,0.6841475367546082,1.0124385149802533,0.9399633561411211,0.14700342973607575
test/000156.mp4,000156,resnet50,h264_18_keepaudio,real,True,25,31,fake,0.9583333333333334,0.6333333333333333,0.6774193548387096,0.7128887331485748,0.9518361683998383,0.9399633561411211,0.14700342973607575
test/000156.mp4,000156,resnet50,h264_23_keepaudio,real,True,25,31,fake,0.875,0.6333333333333333,0.6774193548387096,0.6592059695720672,1.068418771482759,0.9399633561411211,0.14700342973607575
test/000156.mp4,000156,resnet50,h264_28_keepaudio,real,True,25,31,fake,0.9166666666666666,0.6333333333333333,0.6774193548387096,0.6910295128822327,1.011884729959821,0.9399633561411211,0.14700342973607575
test/000156.mp4,000156,resnet50,h264_33_keepaudio,real,True,25,31,fake,0.9166666666666666,0.6333333333333333,0.7096774193548387,0.6458437633514404,1.1142821157653215,0.9399633561411211,0.14700342973607575
test/000156.mp4,000156,resnet50,h264_38_keepaudio,real,True,25,31,fake,0.7083333333333334,0.6333333333333333,0.7419354838709677,0.5933256113529205,1.1712583053424057,0.9399633561411211,0.14700342973607575
test/000156.mp4,000156,resnet50,h264_43_keepaudio,real,True,25,31,fake,0.625,0.6333333333333333,0.7741935483870968,0.6087748074531555,1.132778865959767,0.9399633561411211,0.14700342973607575
test/000157.mp4,000157,resnet50,clean,fake,True,27,33,fake,0.9615384615384616,0.59375,0.696969696969697,0.764521019326316,0.8277874832202421,0.9472351525769089,0.14192252339839542
test/000157.mp4,000157,resnet50,jpeg_10,fake,True,27,33,fake,0.9230769230769231,0.59375,0.6363636363636364,0.6850738315670578,0.9071633865094637,0.9472351525769089,0.14192252339839542
test/000157.mp4,000157,resnet50,jpeg_20,fake,True,27,33,fake,1.0,0.59375,0.6363636363636364,0.7784785032272339,0.7618151658256322,0.9472351525769089,0.14192252339839542
test/000157.mp4,000157,resnet50,jpeg_30,fake,True,27,33,fake,1.0,0.59375,0.6363636363636364,0.7941804450971109,0.7398772793417121,0.9472351525769089,0.14192252339839542
test/000157.mp4,000157,resnet50,jpeg_40,fake,True,27,33,fake,1.0,0.59375,0.6363636363636364,0.7740484442975786,0.8332856114462927,0.9472351525769089,0.14192252339839542
test/000157.mp4,000157,resnet50,jpeg_50,fake,True,27,33,fake,0.9615384615384616,0.59375,0.696969696969697,0.802818152639601,0.7493010219484957,0.9472351525769089,0.14192252339839542
test/000157.mp4,000157,resnet50,jpeg_60,fake,True,27,33,fake,1.0,0.59375,0.6363636363636364,0.7854074902004666,0.7778756786194573,0.9472351525769089,0.14192252339839542
test/000157.mp4,000157,resnet50,jpeg_70,fake,True,27,33,fake,0.9615384615384616,0.59375,0.696969696969697,0.7727988185705962,0.805829774881451,0.9472351525769089,0.14192252339839542
test/000157.mp4,000157,resnet50,jpeg_80,fake,True,27,33,fake,0.9615384615384616,0.59375,0.696969696969697,0.7729626540784482,0.8280760096220554,0.9472351525769089,0.14192252339839542
test/000157.mp4,000157,resnet50,jpeg_90,fake,True,27,33,fake,0.9615384615384616,0.59375,0.696969696969697,0.7492314709557427,0.8593409610746968,0.9472351525769089,0.14192252339839542
test/000157.mp4,000157,resnet50,jpeg_95,fake,True,27,33,fake,1.0,0.59375,0.6363636363636364,0.7779504954814911,0.7978978648509537,0.9472351525769089,0.14192252339839542
test/000157.mp4,000157,resnet50,h264_18_keepaudio,fake,True,27,33,fake,1.0,0.59375,0.6363636363636364,0.7710315408530058,0.8398770131703991,0.9472351525769089,0.14192252339839542
test/000157.mp4,000157,resnet50,h264_23_keepaudio,fake,True,27,33,fake,0.9615384615384616,0.59375,0.7272727272727273,0.7304822482444622,0.9130636053506,0.9472351525769089,0.14192252339839542
test/000157.mp4,000157,resnet50,h264_28_keepaudio,fake,True,27,33,fake,0.9615384615384616,0.59375,0.696969696969697,0.7318151560094621,0.8737838298485285,0.9472351525769089,0.14192252339839542
test/000157.mp4,000157,resnet50,h264_33_keepaudio,fake,True,27,33,fake,0.7307692307692307,0.59375,0.8181818181818182,0.5676408167238589,1.2353202113394464,0.9472351525769089,0.14192252339839542
test/000157.mp4,000157,resnet50,h264_38_keepaudio,fake,True,27,33,fake,0.5769230769230769,0.59375,0.8484848484848485,0.49364431147222165,1.3266076970829626,0.9472351525769089,0.14192252339839542
test/000157.mp4,000157,resnet50,h264_43_keepaudio,fake,True,27,33,fake,0.7307692307692307,0.59375,0.7272727272727273,0.534933477640152,1.262977804273074,0.9472351525769089,0.14192252339839542
test/000158.mp4,000158,resnet50,clean,fake,True,26,31,fake,0.96,0.6,0.6774193548387096,0.7259349628136709,0.917975175370487,0.9592271235681349,0.10899486398260294
test/000158.mp4,000158,resnet50,jpeg_10,fake,True,26,31,fake,0.76,0.6,0.6451612903225806,0.7324361789685029,0.8283772874803318,0.9592271235681349,0.10899486398260294
test/000158.mp4,000158,resnet50,jpeg_20,fake,True,26,31,fake,0.92,0.6,0.6129032258064516,0.7366020518999833,0.876436184238064,0.9592271235681349,0.10899486398260294
test/000158.mp4,000158,resnet50,jpeg_30,fake,True,26,31,fake,0.92,0.6,0.6451612903225806,0.7767804964230611,0.8060560514865215,0.9592271235681349,0.10899486398260294
test/000158.mp4,000158,resnet50,jpeg_40,fake,True,26,31,fake,1.0,0.6,0.6129032258064516,0.7710715841788512,0.8306588636253586,0.9592271235681349,0.10899486398260294
test/000158.mp4,000158,resnet50,jpeg_50,fake,True,26,31,fake,0.88,0.6,0.6774193548387096,0.7716437028004572,0.8260784080631629,0.9592271235681349,0.10899486398260294
test/000158.mp4,000158,resnet50,jpeg_60,fake,True,26,31,fake,0.96,0.6,0.6129032258064516,0.7554506957530975,0.8451959310544555,0.9592271235681349,0.10899486398260294
test/000158.mp4,000158,resnet50,jpeg_70,fake,True,26,31,fake,0.96,0.6,0.6774193548387096,0.7576510424797351,0.8647858023236693,0.9592271235681349,0.10899486398260294
test/000158.mp4,000158,resnet50,jpeg_80,fake,True,26,31,fake,0.96,0.6,0.6774193548387096,0.7508181402316461,0.8763546167014578,0.9592271235681349,0.10899486398260294
test/000158.mp4,000158,resnet50,jpeg_90,fake,True,26,31,fake,0.96,0.6,0.6774193548387096,0.7402341228265029,0.8903331377208082,0.9592271235681349,0.10899486398260294
test/000158.mp4,000158,resnet50,jpeg_95,fake,True,26,31,fake,1.0,0.6,0.6129032258064516,0.7370597571134567,0.8909988507746681,0.9592271235681349,0.10899486398260294
test/000158.mp4,000158,resnet50,h264_18_keepaudio,fake,True,26,31,fake,1.0,0.6,0.6129032258064516,0.7572928919241979,0.871485769350297,0.9592271235681349,0.10899486398260294
test/000158.mp4,000158,resnet50,h264_23_keepaudio,fake,True,26,31,fake,0.96,0.6,0.7096774193548387,0.7116565486559501,0.9614344387153733,0.9592271235681349,0.10899486398260294
test/000158.mp4,000158,resnet50,h264_28_keepaudio,fake,True,26,31,fake,0.96,0.6,0.6774193548387096,0.680209416609544,1.0020005408385109,0.9592271235681349,0.10899486398260294
test/000158.mp4,000158,resnet50,h264_33_keepaudio,fake,True,26,31,fake,0.84,0.6,0.7419354838709677,0.6294015852304605,1.1182910275662823,0.9592271235681349,0.10899486398260294
test/000158.mp4,000158,resnet50,h264_38_keepaudio,fake,True,26,31,fake,0.76,0.6,0.7419354838709677,0.5342249790063271,1.267170522841121,0.9592271235681349,0.10899486398260294
test/000158.mp4,000158,resnet50,h264_43_keepaudio,fake,True,26,31,fake,0.72,0.6,0.8064516129032258,0.6089911002379197,1.1489283416760974,0.9592271235681349,0.10899486398260294
test/000159.mp4,000159,resnet50,clean,fake,True,26,32,fake,0.96,0.5483870967741935,0.71875,0.7470015986607625,0.8706978339453729,0.931738693267107,0.15761776520618737
test/000159.mp4,000159,resnet50,jpeg_10,fake,True,26,32,fake,0.92,0.5483870967741935,0.65625,0.6986340777232096,0.8907190133116463,0.931738693267107,0.15761776520618737
test/000159.mp4,000159,resnet50,jpeg_20,fake,True,26,32,fake,1.0,0.5483870967741935,0.65625,0.781243466413938,0.7670712303249474,0.931738693267107,0.15761776520618737
test/000159.mp4,000159,resnet50,jpeg_30,fake,True,26,32,fake,1.0,0.5483870967741935,0.65625,0.8008612818442858,0.7277493450620491,0.931738693267107,0.15761776520618737
test/000159.mp4,000159,resnet50,jpeg_40,fake,True,26,32,fake,1.0,0.5483870967741935,0.65625,0.799129416163151,0.7620902151290763,0.931738693267107,0.15761776520618737
test/000159.mp4,000159,resnet50,jpeg_50,fake,True,26,32,fake,0.96,0.5483870967741935,0.71875,0.7957868346801171,0.7703503341059224,0.931738693267107,0.15761776520618737
test/000159.mp4,000159,resnet50,jpeg_60,fake,True,26,32,fake,1.0,0.5483870967741935,0.65625,0.7689365056844858,0.8244992428553939,0.931738693267107,0.15761776520618737
test/000159.mp4,000159,resnet50,jpeg_70,fake,True,26,32,fake,0.96,0.5483870967741935,0.71875,0.7830018355296209,0.801972495105421,0.931738693267107,0.15761776520618737
test/000159.mp4,000159,resnet50,jpeg_80,fake,True,26,32,fake,0.96,0.5483870967741935,0.71875,0.772958883872399,0.8320705658684564,0.931738693267107,0.15761776520618737
test/000159.mp4,000159,resnet50,jpeg_90,fake,True,26,32,fake,0.96,0.5483870967741935,0.71875,0.7659257054328918,0.8275591087305499,0.931738693267107,0.15761776520618737
test/000159.mp4,000159,resnet50,jpeg_95,fake,True,26,32,fake,1.0,0.5483870967741935,0.65625,0.7699387635175998,0.8244824641200764,0.931738693267107,0.15761776520618737
test/000159.mp4,000159,resnet50,h264_18_keepaudio,fake,True,26,32,fake,1.0,0.5483870967741935,0.65625,0.781835159430137,0.8081560954584537,0.931738693267107,0.15761776520618737
test/000159.mp4,000159,resnet50,h264_23_keepaudio,fake,True,26,32,fake,0.96,0.5483870967741935,0.75,0.7351921991660044,0.9102141558759371,0.931738693267107,0.15761776520618737
test/000159.mp4,000159,resnet50,h264_28_keepaudio,fake,True,26,32,fake,0.96,0.5483870967741935,0.71875,0.6789955542637751,1.0005491312603536,0.931738693267107,0.15761776520618737
test/000159.mp4,000159,resnet50,h264_33_keepaudio,fake,True,26,32,fake,0.84,0.5483870967741935,0.78125,0.6217796871295342,1.1270014139062106,0.931738693267107,0.15761776520618737
test/000159.mp4,000159,resnet50,h264_38_keepaudio,fake,True,26,32,fake,0.6,0.5483870967741935,0.75,0.4796363264322281,1.3332703474950565,0.931738693267107,0.15761776520618737
test/000159.mp4,000159,resnet50,h264_43_keepaudio,fake,True,26,32,fake,0.68,0.5483870967741935,0.75,0.5820833238271567,1.1920622646545136,0.931738693267107,0.15761776520618737
test/000160.mp4,000160,resnet50,clean,real,True,24,29,fake,0.6521739130434783,0.6428571428571429,0.7931034482758621,0.594586931169033,1.153616192055661,0.929261955721625,0.1591420498730525
test/000160.mp4,000160,resnet50,jpeg_10,real,True,24,29,fake,0.8260869565217391,0.6428571428571429,0.6206896551724138,0.6456915810704231,1.0172012872717866,0.929261955721625,0.1591420498730525
test/000160.mp4,000160,resnet50,jpeg_20,real,True,24,29,fake,0.6521739130434783,0.6428571428571429,0.6896551724137931,0.6731424890458584,0.9902175258754501,0.929261955721625,0.1591420498730525
test/000160.mp4,000160,resnet50,jpeg_30,real,True,24,29,fake,0.6956521739130435,0.6428571428571429,0.7241379310344828,0.618075721586744,1.0969509232121115,0.929261955721625,0.1591420498730525
test/000160.mp4,000160,resnet50,jpeg_40,real,True,24,29,fake,0.6086956521739131,0.6428571428571429,0.7241379310344828,0.6072777609030405,1.1008590295864484,0.929261955721625,0.1591420498730525
test/000160.mp4,000160,resnet50,jpeg_50,real,True,24,29,fake,0.7391304347826086,0.6428571428571429,0.7931034482758621,0.6245606479545435,1.098781672444504,0.929261955721625,0.1591420498730525
test/000160.mp4,000160,resnet50,jpeg_60,real,True,24,29,fake,0.5652173913043478,0.6428571428571429,0.7586206896551724,0.6025655468304952,1.1333755799701974,0.929261955721625,0.1591420498730525
test/000160.mp4,000160,resnet50,jpeg_70,real,True,24,29,fake,0.7391304347826086,0.6428571428571429,0.7586206896551724,0.5926670978466669,1.1446495664488328,0.929261955721625,0.1591420498730525
test/000160.mp4,000160,resnet50,jpeg_80,real,True,24,29,fake,0.5652173913043478,0.6428571428571429,0.7931034482758621,0.6059495334823927,1.1332029961482177,0.929261955721625,0.1591420498730525
test/000160.mp4,000160,resnet50,jpeg_90,real,True,24,29,fake,0.6086956521739131,0.6428571428571429,0.7586206896551724,0.599483514825503,1.1540781194544039,0.929261955721625,0.1591420498730525
test/000160.mp4,000160,resnet50,jpeg_95,real,True,24,29,fake,0.6521739130434783,0.6428571428571429,0.7931034482758621,0.5888477663199106,1.1410161684664972,0.929261955721625,0.1591420498730525
test/000160.mp4,000160,resnet50,h264_18_keepaudio,real,True,24,29,fake,0.6956521739130435,0.6428571428571429,0.7241379310344828,0.5958954735348622,1.1407483681618862,0.929261955721625,0.1591420498730525
test/000160.mp4,000160,resnet50,h264_23_keepaudio,real,True,24,29,fake,0.7391304347826086,0.6428571428571429,0.7586206896551724,0.6399035329620043,1.069516635842577,0.929261955721625,0.1591420498730525
test/000160.mp4,000160,resnet50,h264_28_keepaudio,real,True,24,29,fake,0.7391304347826086,0.6428571428571429,0.6206896551724138,0.6694360263645649,1.023609654232822,0.929261955721625,0.1591420498730525
test/000160.mp4,000160,resnet50,h264_33_keepaudio,real,True,24,29,fake,0.6521739130434783,0.6428571428571429,0.6551724137931034,0.6821490762134393,0.9583254700306675,0.929261955721625,0.1591420498730525
test/000160.mp4,000160,resnet50,h264_38_keepaudio,real,True,24,29,fake,0.43478260869565216,0.6428571428571429,0.7931034482758621,0.6307797431945801,1.1156578213447361,0.929261955721625,0.1591420498730525
test/000160.mp4,000160,resnet50,h264_43_keepaudio,real,True,24,29,fake,0.6956521739130435,0.6428571428571429,0.7241379310344828,0.5924318097531796,1.0847146027202315,0.929261955721625,0.1591420498730525
test/000161.mp4,000161,resnet50,clean,fake,True,24,29,fake,0.5652173913043478,0.7142857142857143,0.6551724137931034,0.6489319577813148,1.0270905103803096,0.9524358305437811,0.1238265188114941
test/000161.mp4,000161,resnet50,jpeg_10,fake,True,24,29,fake,0.9565217391304348,0.7142857142857143,0.6206896551724138,0.727796538422505,0.8834223124014896,0.9524358305437811,0.1238265188114941
test/000161.mp4,000161,resnet50,jpeg_20,fake,True,24,29,fake,0.8260869565217391,0.7142857142857143,0.6551724137931034,0.6945626313487688,0.9466595981017175,0.9524358305437811,0.1238265188114941
test/000161.mp4,000161,resnet50,jpeg_30,fake,True,24,29,fake,0.782608695652174,0.7142857142857143,0.6896551724137931,0.654209074874719,0.9854535435200088,0.9524358305437811,0.1238265188114941
test/000161.mp4,000161,resnet50,jpeg_40,fake,True,24,29,fake,0.6086956521739131,0.7142857142857143,0.6206896551724138,0.6659982651472092,1.0153828188007756,0.9524358305437811,0.1238265188114941
test/000161.mp4,000161,resnet50,jpeg_50,fake,True,24,29,fake,0.6956521739130435,0.7142857142857143,0.6551724137931034,0.6435254663228989,1.033882837645811,0.9524358305437811,0.1238265188114941
test/000161.mp4,000161,resnet50,jpeg_60,fake,True,24,29,fake,0.5652173913043478,0.7142857142857143,0.6206896551724138,0.6255204776922861,1.0658354557880607,0.9524358305437811,0.1238265188114941
test/000161.mp4,000161,resnet50,jpeg_70,fake,True,24,29,fake,0.7391304347826086,0.7142857142857143,0.6896551724137931,0.665266141295433,1.0301567661407203,0.9524358305437811,0.1238265188114941
test/000161.mp4,000161,resnet50,jpeg_80,fake,True,24,29,fake,0.8260869565217391,0.7142857142857143,0.6896551724137931,0.6032254745562872,1.1082880724137543,0.9524358305437811,0.1238265188114941
test/000161.mp4,000161,resnet50,jpeg_90,fake,True,24,29,fake,0.7391304347826086,0.7142857142857143,0.6896551724137931,0.63765295719107,1.0532136062320037,0.9524358305437811,0.1238265188114941
test/000161.mp4,000161,resnet50,jpeg_95,fake,True,24,29,fake,0.6956521739130435,0.7142857142857143,0.6896551724137931,0.6712642647325993,1.0030706440200514,0.9524358305437811,0.1238265188114941
test/000161.mp4,000161,resnet50,h264_18_keepaudio,fake,True,24,29,fake,0.5652173913043478,0.7142857142857143,0.6206896551724138,0.6861895769834518,0.9605559745669391,0.9524358305437811,0.1238265188114941
test/000161.mp4,000161,resnet50,h264_23_keepaudio,fake,True,24,29,fake,0.5217391304347826,0.7142857142857143,0.6206896551724138,0.6207822139064471,1.0861553950276808,0.9524358305437811,0.1238265188114941
test/000161.mp4,000161,resnet50,h264_28_keepaudio,fake,True,24,29,fake,0.5217391304347826,0.7142857142857143,0.6896551724137931,0.6207158217827479,1.129162197310144,0.9524358305437811,0.1238265188114941
test/000161.mp4,000161,resnet50,h264_33_keepaudio,fake,True,24,29,fake,0.6956521739130435,0.7142857142857143,0.6206896551724138,0.6726564603547255,0.9962460039484569,0.9524358305437811,0.1238265188114941
test/000161.mp4,000161,resnet50,h264_38_keepaudio,fake,True,24,29,fake,0.6086956521739131,0.7142857142857143,0.7586206896551724,0.6495567262172699,1.0319527107293918,0.9524358305437811,0.1238265188114941
test/000161.mp4,000161,resnet50,h264_43_keepaudio,fake,True,24,29,fake,0.6956521739130435,0.7142857142857143,0.5862068965517241,0.5987124070525169,1.1144684441171215,0.9524358305437811,0.1238265188114941
test/000162.mp4,000162,resnet50,clean,fake,True,24,29,fake,0.43478260869565216,0.6428571428571429,0.8275862068965517,0.5918969338138899,1.1371685632940611,0.9515361868101975,0.12077091898365536
test/000162.mp4,000162,resnet50,jpeg_10,fake,True,24,29,fake,0.8260869565217391,0.6428571428571429,0.6551724137931034,0.6535711611310641,0.9755595948972715,0.9515361868101975,0.12077091898365536
test/000162.mp4,000162,resnet50,jpeg_20,fake,True,24,29,fake,0.8695652173913043,0.6428571428571429,0.7241379310344828,0.6815597303211689,0.9454692767905595,0.9515361868101975,0.12077091898365536
test/000162.mp4,000162,resnet50,jpeg_30,fake,True,24,29,fake,0.7391304347826086,0.6428571428571429,0.7586206896551724,0.670235571761926,0.9973417021496083,0.9515361868101975,0.12077091898365536
test/000162.mp4,000162,resnet50,jpeg_40,fake,True,24,29,fake,0.6956521739130435,0.6428571428571429,0.8275862068965517,0.6180297595759233,1.0741771584235422,0.9515361868101975,0.12077091898365536
test/000162.mp4,000162,resnet50,jpeg_50,fake,True,24,29,fake,0.5217391304347826,0.6428571428571429,0.7586206896551724,0.6500785686075687,1.034983727560997,0.9515361868101975,0.12077091898365536
test/000162.mp4,000162,resnet50,jpeg_60,fake,True,24,29,fake,0.6086956521739131,0.6428571428571429,0.7586206896551724,0.6154936651388804,1.0894842788386936,0.9515361868101975,0.12077091898365536
test/000162.mp4,000162,resnet50,jpeg_70,fake,True,24,29,fake,0.5652173913043478,0.6428571428571429,0.8620689655172413,0.6555400379002094,1.0265190851610408,0.9515361868101975,0.12077091898365536
test/000162.mp4,000162,resnet50,jpeg_80,fake,True,24,29,fake,0.782608695652174,0.6428571428571429,0.7931034482758621,0.6478616632521152,1.0613312972944102,0.9515361868101975,0.12077091898365536
test/000162.mp4,000162,resnet50,jpeg_90,fake,True,24,29,fake,0.5217391304347826,0.6428571428571429,0.8275862068965517,0.6028983145952225,1.1040496330257874,0.9515361868101975,0.12077091898365536
test/000162.mp4,000162,resnet50,jpeg_95,fake,True,24,29,fake,0.6086956521739131,0.6428571428571429,0.7241379310344828,0.6172362193465233,1.0810734347935516,0.9515361868101975,0.12077091898365536
test/000162.mp4,000162,resnet50,h264_18_keepaudio,fake,True,24,29,fake,0.6521739130434783,0.6428571428571429,0.7586206896551724,0.6257261969149113,1.1025028068398857,0.9515361868101975,0.12077091898365536
test/000162.mp4,000162,resnet50,h264_23_keepaudio,fake,True,24,29,fake,0.5217391304347826,0.6428571428571429,0.7586206896551724,0.6553487007816633,1.049046420909218,0.9515361868101975,0.12077091898365536
test/000162.mp4,000162,resnet50,h264_28_keepaudio,fake,True,24,29,fake,0.6521739130434783,0.6428571428571429,0.7241379310344828,0.6255385366578897,1.092267264552819,0.9515361868101975,0.12077091898365536
test/000162.mp4,000162,resnet50,h264_33_keepaudio,fake,True,24,29,fake,0.6521739130434783,0.6428571428571429,0.6896551724137931,0.6398575368026892,1.0846674111264056,0.9515361868101975,0.12077091898365536
test/000162.mp4,000162,resnet50,h264_38_keepaudio,fake,True,24,29,fake,0.7391304347826086,0.6428571428571429,0.7241379310344828,0.6180963329970837,1.1372536594336993,0.9515361868101975,0.12077091898365536
test/000162.mp4,000162,resnet50,h264_43_keepaudio,fake,True,24,29,fake,0.6521739130434783,0.6428571428571429,0.6896551724137931,0.5913218508164088,1.150425299454595,0.9515361868101975,0.12077091898365536
test/000163.mp4,000163,resnet50,clean,fake,True,24,29,fake,0.6956521739130435,0.7142857142857143,0.7241379310344828,0.638961107780536,1.055927348136116,0.9552288754232998,0.12049040567429457
test/000163.mp4,000163,resnet50,jpeg_10,fake,True,24,29,fake,0.6956521739130435,0.7142857142857143,0.5517241379310345,0.6481939579049746,1.0340461430731136,0.9552288754232998,0.12049040567429457
test/000163.mp4,000163,resnet50,jpeg_20,fake,True,24,29,fake,0.782608695652174,0.7142857142857143,0.6206896551724138,0.6537655641635259,0.9716872718686899,0.9552288754232998,0.12049040567429457
test/000163.mp4,000163,resnet50,jpeg_30,fake,True,24,29,fake,0.782608695652174,0.7142857142857143,0.6551724137931034,0.676824809362491,0.9746486567788515,0.9552288754232998,0.12049040567429457
test/000163.mp4,000163,resnet50,jpeg_40,fake,True,24,29,fake,0.782608695652174,0.7142857142857143,0.6896551724137931,0.6724916361272335,0.9618868851798356,0.9552288754232998,0.12049040567429457
test/000163.mp4,000163,resnet50,jpeg_50,fake,True,24,29,fake,0.782608695652174,0.7142857142857143,0.6551724137931034,0.6907224270204703,0.9442492826781351,0.9552288754232998,0.12049040567429457
test/000163.mp4,000163,resnet50,jpeg_60,fake,True,24,29,fake,0.7391304347826086,0.7142857142857143,0.7241379310344828,0.6422527022659779,1.0569739525881274,0.9552288754232998,0.12049040567429457
test/000163.mp4,000163,resnet50,jpeg_70,fake,True,24,29,fake,0.6521739130434783,0.7142857142857143,0.7241379310344828,0.6162978547314802,1.0916298419272414,0.9552288754232998,0.12049040567429457
test/000163.mp4,000163,resnet50,jpeg_80,fake,True,24,29,fake,0.6521739130434783,0.7142857142857143,0.6896551724137931,0.6361039467155933,1.0392872111626181,0.9552288754232998,0.12049040567429457
test/000163.mp4,000163,resnet50,jpeg_90,fake,True,24,29,fake,0.6956521739130435,0.7142857142857143,0.7241379310344828,0.6441457060476145,1.0597764798029117,0.9552288754232998,0.12049040567429457
test/000163.mp4,000163,resnet50,jpeg_95,fake,True,24,29,fake,0.7391304347826086,0.7142857142857143,0.6896551724137931,0.6286285519599915,1.048464443413714,0.9552288754232998,0.12049040567429457
test/000163.mp4,000163,resnet50,h264_18_keepaudio,fake,True,24,29,fake,0.6956521739130435,0.7142857142857143,0.7241379310344828,0.6469469976921877,1.0411021600437518,0.9552288754232998,0.12049040567429457
test/000163.mp4,000163,resnet50,h264_23_keepaudio,fake,True,24,29,fake,0.7391304347826086,0.7142857142857143,0.7241379310344828,0.584700670093298,1.1266787943858496,0.9552288754232998,0.12049040567429457
test/000163.mp4,000163,resnet50,h264_28_keepaudio,fake,True,24,29,fake,0.6086956521739131,0.7142857142857143,0.7241379310344828,0.6300796282788118,1.0693760073223786,0.9552288754232998,0.12049040567429457
test/000163.mp4,000163,resnet50,h264_33_keepaudio,fake,True,24,29,fake,0.6956521739130435,0.7142857142857143,0.6896551724137931,0.5955658331513405,1.1374188213117653,0.9552288754232998,0.12049040567429457
test/000163.mp4,000163,resnet50,h264_38_keepaudio,fake,True,24,29,fake,0.6086956521739131,0.7142857142857143,0.7586206896551724,0.6050244973351558,1.1194968564161654,0.9552288754232998,0.12049040567429457
test/000163.mp4,000163,resnet50,h264_43_keepaudio,fake,True,24,29,fake,0.6086956521739131,0.7142857142857143,0.7586206896551724,0.6161660340925058,1.1164060385913621,0.9552288754232998,0.12049040567429457
test/000164.mp4,000164,resnet50,clean,real,True,34,44,fake,0.696969696969697,0.6511627906976745,0.7954545454545454,0.7909077739014345,0.679358074294339,0.9495320171117783,0.1342124716945643
test/000164.mp4,000164,resnet50,jpeg_10,real,True,32,44,fake,0.7419354838709677,0.6511627906976745,0.6590909090909091,0.7748921997845173,0.7031070603148897,0.9495320171117783,0.1342124716945643
test/000164.mp4,000164,resnet50,jpeg_20,real,True,34,44,fake,0.8787878787878788,0.6511627906976745,0.75,0.7705244825166815,0.6778962677458846,0.9495320171117783,0.1342124716945643
test/000164.mp4,000164,resnet50,jpeg_30,real,True,34,44,fake,0.696969696969697,0.6511627906976745,0.7954545454545454,0.8029054122812608,0.6619832891910848,0.9495320171117783,0.1342124716945643
test/000164.mp4,000164,resnet50,jpeg_40,real,True,33,44,fake,0.8125,0.6511627906976745,0.7954545454545454,0.7792681311116074,0.6730248275826288,0.9495320171117783,0.1342124716945643
test/000164.mp4,000164,resnet50,jpeg_50,real,True,34,44,fake,0.7575757575757576,0.6511627906976745,0.8409090909090909,0.7787249982357025,0.6972067192889218,0.9495320171117783,0.1342124716945643
test/000164.mp4,000164,resnet50,jpeg_60,real,True,33,44,fake,0.78125,0.6511627906976745,0.8409090909090909,0.8061652174501708,0.6477111700387786,0.9495320171117783,0.1342124716945643
test/000164.mp4,000164,resnet50,jpeg_70,real,True,34,44,fake,0.6666666666666666,0.6511627906976745,0.7954545454545454,0.8015669628101236,0.6525649447027341,0.9495320171117783,0.1342124716945643
test/000164.mp4,000164,resnet50,jpeg_80,real,True,34,44,fake,0.696969696969697,0.6511627906976745,0.7727272727272727,0.7871741284342373,0.6833240643161789,0.9495320171117783,0.1342124716945643
test/000164.mp4,000164,resnet50,jpeg_90,real,True,34,44,fake,0.7878787878787878,0.6511627906976745,0.8181818181818182,0.7863461392767289,0.6726676638501193,0.9495320171117783,0.1342124716945643
test/000164.mp4,000164,resnet50,jpeg_95,real,True,34,44,fake,0.7272727272727273,0.6511627906976745,0.7727272727272727,0.7730335864950629,0.7045432705358295,0.9495320171117783,0.1342124716945643
test/000164.mp4,000164,resnet50,h264_18_keepaudio,real,True,34,44,fake,0.7575757575757576,0.6511627906976745,0.8181818181818182,0.783902158631998,0.6696953886758046,0.9495320171117783,0.1342124716945643
test/000164.mp4,000164,resnet50,h264_23_keepaudio,real,True,33,44,fake,0.8125,0.6511627906976745,0.75,0.7424911052891703,0.7691491579412904,0.9495320171117783,0.1342124716945643
test/000164.mp4,000164,resnet50,h264_28_keepaudio,real,True,32,44,fake,0.7096774193548387,0.6511627906976745,0.7954545454545454,0.8030441645532846,0.6461729044046625,0.9495320171117783,0.1342124716945643
test/000164.mp4,000164,resnet50,h264_33_keepaudio,real,True,34,44,fake,0.8484848484848485,0.6511627906976745,0.8409090909090909,0.7233381981358808,0.8086249388901,0.9495320171117783,0.1342124716945643
test/000164.mp4,000164,resnet50,h264_38_keepaudio,real,True,31,44,fake,0.8666666666666667,0.6511627906976745,0.9318181818181818,0.7342218872039549,0.830952022273577,0.9495320171117783,0.1342124716945643
test/000164.mp4,000164,resnet50,h264_43_keepaudio,real,True,31,44,fake,0.7666666666666667,0.6511627906976745,0.9090909090909091,0.7625999739093166,0.7403920963591897,0.9495320171117783,0.1342124716945643
test/000165.mp4,000165,resnet50,clean,fake,True,36,47,fake,0.8571428571428571,0.6956521739130435,0.8723404255319149,0.7845986088116964,0.6875435027309095,0.9329534578830638,0.16622029297635108
test/000165.mp4,000165,resnet50,jpeg_10,fake,True,33,47,fake,0.8125,0.6956521739130435,0.7872340425531915,0.7693374012455796,0.7223477278848254,0.9329534578830638,0.16622029297635108
test/000165.mp4,000165,resnet50,jpeg_20,fake,True,35,47,fake,0.8529411764705882,0.6956521739130435,0.851063829787234,0.8110650394644056,0.6205902364777334,0.9329534578830638,0.16622029297635108
test/000165.mp4,000165,resnet50,jpeg_30,fake,True,33,47,fake,0.84375,0.6956521739130435,0.8936170212765957,0.7952353114431555,0.6678266830074571,0.9329534578830638,0.16622029297635108
test/000165.mp4,000165,resnet50,jpeg_40,fake,True,33,47,fake,0.84375,0.6956521739130435,0.8936170212765957,0.8081830803192023,0.6409749574113878,0.9329534578830638,0.16622029297635108
test/000165.mp4,000165,resnet50,jpeg_50,fake,True,34,47,fake,0.7575757575757576,0.6956521739130435,0.851063829787234,0.7889419951859642,0.6779438770108563,0.9329534578830638,0.16622029297635108
test/000165.mp4,000165,resnet50,jpeg_60,fake,True,34,47,fake,0.8484848484848485,0.6956521739130435,0.7872340425531915,0.7994535311180002,0.6560715007367699,0.9329534578830638,0.16622029297635108
test/000165.mp4,000165,resnet50,jpeg_70,fake,True,33,47,fake,0.84375,0.6956521739130435,0.8723404255319149,0.7963626745975378,0.679726888698544,0.9329534578830638,0.16622029297635108
test/000165.mp4,000165,resnet50,jpeg_80,fake,True,33,47,fake,0.84375,0.6956521739130435,0.851063829787234,0.7829518896160703,0.6963065363939993,0.9329534578830638,0.16622029297635108
test/000165.mp4,000165,resnet50,jpeg_90,fake,True,34,47,fake,0.8484848484848485,0.6956521739130435,0.8297872340425532,0.7839154206654605,0.7007791632886193,0.9329534578830638,0.16622029297635108
test/000165.mp4,000165,resnet50,jpeg_95,fake,True,33,47,fake,0.78125,0.6956521739130435,0.851063829787234,0.7784845991568132,0.6954483991471863,0.9329534578830638,0.16622029297635108
test/000165.mp4,000165,resnet50,h264_18_keepaudio,fake,True,35,47,fake,0.8235294117647058,0.6956521739130435,0.851063829787234,0.7843750655651093,0.6883531621104724,0.9329534578830638,0.16622029297635108
test/000165.mp4,000165,resnet50,h264_23_keepaudio,fake,True,33,47,fake,0.8125,0.6956521739130435,0.8723404255319149,0.7853376477053671,0.6766255875938358,0.9329534578830638,0.16622029297635108
test/000165.mp4,000165,resnet50,h264_28_keepaudio,fake,True,34,47,fake,0.8181818181818182,0.6956521739130435,0.851063829787234,0.7757600510821623,0.7014643554958807,0.9329534578830638,0.16622029297635108
test/000165.mp4,000165,resnet50,h264_33_keepaudio,fake,True,35,47,fake,0.8235294117647058,0.6956521739130435,0.8936170212765957,0.782314030613218,0.6904305994235895,0.9329534578830638,0.16622029297635108
test/000165.mp4,000165,resnet50,h264_38_keepaudio,fake,True,31,47,fake,0.8333333333333334,0.6956521739130435,0.8297872340425532,0.7913952979349321,0.6748311556735361,0.9329534578830638,0.16622029297635108
test/000165.mp4,000165,resnet50,h264_43_keepaudio,fake,True,37,47,fake,0.8333333333333334,0.6956521739130435,0.9361702127659575,0.6827245644620947,0.9169015513827785,0.9329534578830638,0.16622029297635108
test/000166.mp4,000166,resnet50,clean,fake,True,34,45,fake,0.7878787878787878,0.6590909090909091,0.8444444444444444,0.7503603398799896,0.7422864140919003,0.93161610894733,0.1735772825810259
test/000166.mp4,000166,resnet50,jpeg_10,fake,True,34,45,fake,0.7878787878787878,0.6590909090909091,0.8666666666666667,0.7464358175502104,0.7755037195592603,0.93161610894733,0.1735772825810259
test/000166.mp4,000166,resnet50,jpeg_20,fake,True,34,45,fake,0.696969696969697,0.6590909090909091,0.8444444444444444,0.8166102065759546,0.6395010895208456,0.93161610894733,0.1735772825810259
test/000166.mp4,000166,resnet50,jpeg_30,fake,True,34,45,fake,0.7878787878787878,0.6590909090909091,0.8888888888888888,0.8080431336865705,0.6782637023567545,0.93161610894733,0.1735772825810259
test/000166.mp4,000166,resnet50,jpeg_40,fake,True,33,45,fake,0.78125,0.6590909090909091,0.8444444444444444,0.7406521358273246,0.7715868520026281,0.93161610894733,0.1735772825810259
test/000166.mp4,000166,resnet50,jpeg_50,fake,True,33,45,fake,0.71875,0.6590909090909091,0.8888888888888888,0.7619648530627742,0.7394174110945704,0.93161610894733,0.1735772825810259
test/000166.mp4,000166,resnet50,jpeg_60,fake,True,35,45,fake,0.7647058823529411,0.6590909090909091,0.9111111111111111,0.7711988415036882,0.7369544136005207,0.93161610894733,0.1735772825810259
test/000166.mp4,000166,resnet50,jpeg_70,fake,True,34,45,fake,0.7575757575757576,0.6590909090909091,0.8444444444444444,0.7812919415095273,0.7074056081312726,0.93161610894733,0.1735772825810259
test/000166.mp4,000166,resnet50,jpeg_80,fake,True,34,45,fake,0.7878787878787878,0.6590909090909091,0.8666666666666667,0.7559652985895381,0.7349281207835174,0.93161610894733,0.1735772825810259
test/000166.mp4,000166,resnet50,jpeg_90,fake,True,33,45,fake,0.78125,0.6590909090909091,0.8666666666666667,0.7603315340750145,0.7345566670640887,0.93161610894733,0.1735772825810259
test/000166.mp4,000166,resnet50,jpeg_95,fake,True,35,45,fake,0.7941176470588235,0.6590909090909091,0.8222222222222222,0.7278002943311419,0.765156225093971,0.93161610894733,0.1735772825810259
test/000166.mp4,000166,resnet50,h264_18_keepaudio,fake,True,33,45,fake,0.78125,0.6590909090909091,0.8222222222222222,0.7658157565376975,0.7303111607142352,0.93161610894733,0.1735772825810259
test/000166.mp4,000166,resnet50,h264_23_keepaudio,fake,True,34,45,fake,0.8181818181818182,0.6590909090909091,0.9111111111111111,0.7592164462103563,0.7461241815233075,0.93161610894733,0.1735772825810259
test/000166.mp4,000166,resnet50,h264_28_keepaudio,fake,True,33,45,fake,0.8125,0.6590909090909091,0.8,0.7445742307287274,0.7666257598469675,0.93161610894733,0.1735772825810259
test/000166.mp4,000166,resnet50,h264_33_keepaudio,fake,True,34,45,fake,0.8787878787878788,0.6590909090909091,0.8666666666666667,0.7792129350059173,0.6782676576304647,0.93161610894733,0.1735772825810259
test/000166.mp4,000166,resnet50,h264_38_keepaudio,fake,True,36,45,fake,0.8,0.6590909090909091,0.8888888888888888,0.789891360534562,0.6553874407864867,0.93161610894733,0.1735772825810259
test/000166.mp4,000166,resnet50,h264_43_keepaudio,fake,True,31,45,fake,0.7,0.6590909090909091,0.8,0.7373386486884086,0.8296409322074382,0.93161610894733,0.1735772825810259
test/000167.mp4,000167,resnet50,clean,fake,True,37,47,fake,0.7777777777777778,0.6521739130434783,0.851063829787234,0.7952798081410898,0.6799643684016236,0.9471286040671328,0.13650767892668964
test/000167.mp4,000167,resnet50,jpeg_10,fake,True,35,47,fake,0.7352941176470589,0.6521739130434783,0.7446808510638298,0.7661523163318634,0.7238074241275172,0.9471286040671328,0.13650767892668964
test/000167.mp4,000167,resnet50,jpeg_20,fake,True,37,47,fake,0.7777777777777778,0.6521739130434783,0.8936170212765957,0.7799307470386093,0.6464365061145312,0.9471286040671328,0.13650767892668964
test/000167.mp4,000167,resnet50,jpeg_30,fake,True,34,47,fake,0.8787878787878788,0.6521739130434783,0.8936170212765957,0.7927676079904332,0.6563905166335958,0.9471286040671328,0.13650767892668964
test/000167.mp4,000167,resnet50,jpeg_40,fake,True,36,47,fake,0.8857142857142857,0.6521739130434783,0.8723404255319149,0.7832591318421893,0.6960297306185028,0.9471286040671328,0.13650767892668964
test/000167.mp4,000167,resnet50,jpeg_50,fake,True,36,47,fake,0.8571428571428571,0.6521739130434783,0.8723404255319149,0.7829842327369584,0.6738526438557394,0.9471286040671328,0.13650767892668964
test/000167.mp4,000167,resnet50,jpeg_60,fake,True,37,47,fake,0.8888888888888888,0.6521739130434783,0.8936170212765957,0.7941078688647296,0.6610300307124477,0.9471286040671328,0.13650767892668964
test/000167.mp4,000167,resnet50,jpeg_70,fake,True,37,47,fake,0.8055555555555556,0.6521739130434783,0.8723404255319149,0.78868280552529,0.665421026342418,0.9471286040671328,0.13650767892668964
test/000167.mp4,000167,resnet50,jpeg_80,fake,True,36,47,fake,0.7714285714285715,0.6521739130434783,0.8723404255319149,0.7698347659574615,0.71792747600579,0.9471286040671328,0.13650767892668964
test/000167.mp4,000167,resnet50,jpeg_90,fake,True,36,47,fake,0.8285714285714286,0.6521739130434783,0.8297872340425532,0.7938649538490508,0.6714792444172504,0.9471286040671328,0.13650767892668964
test/000167.mp4,000167,resnet50,jpeg_95,fake,True,37,47,fake,0.7222222222222222,0.6521739130434783,0.8723404255319149,0.7985094028550226,0.661554118204406,0.9471286040671328,0.13650767892668964
test/000167.mp4,000167,resnet50,h264_18_keepaudio,fake,True,35,47,fake,0.8529411764705882,0.6521739130434783,0.8297872340425532,0.7947287593569075,0.6495822154716442,0.9471286040671328,0.13650767892668964
test/000167.mp4,000167,resnet50,h264_23_keepaudio,fake,True,36,47,fake,0.8285714285714286,0.6521739130434783,0.8297872340425532,0.775491949584749,0.6994587641416329,0.9471286040671328,0.13650767892668964
test/000167.mp4,000167,resnet50,h264_28_keepaudio,fake,True,36,47,fake,0.8285714285714286,0.6521739130434783,0.851063829787234,0.7881594391332732,0.6967060166073881,0.9471286040671328,0.13650767892668964
test/000167.mp4,000167,resnet50,h264_33_keepaudio,fake,True,34,47,fake,0.7575757575757576,0.6521739130434783,0.7872340425531915,0.781766265630722,0.6963703412415247,0.9471286040671328,0.13650767892668964
test/000167.mp4,000167,resnet50,h264_38_keepaudio,fake,True,35,47,fake,0.8529411764705882,0.6521739130434783,0.8085106382978723,0.8084381767681666,0.6286547281679549,0.9471286040671328,0.13650767892668964
test/000167.mp4,000167,resnet50,h264_43_keepaudio,fake,True,37,47,fake,0.8333333333333334,0.6521739130434783,0.851063829787234,0.7596528554284895,0.7628197372589167,0.9471286040671328,0.13650767892668964
test/000168.mp4,000168,resnet50,clean,fake,True,34,46,fake,0.9090909090909091,0.6666666666666666,0.9130434782608695,0.8108761319342781,0.644606671501665,0.9521933845851732,0.1362074269938977
test/000168.mp4,000168,resnet50,jpeg_10,fake,True,35,46,fake,0.7352941176470589,0.6666666666666666,0.8260869565217391,0.7595070447240557,0.7408416478040047,0.9521933845851732,0.1362074269938977
test/000168.mp4,000168,resnet50,jpeg_20,fake,True,34,46,fake,0.9696969696969697,0.6666666666666666,0.8913043478260869,0.7743950135567609,0.6915377376809544,0.9521933845851732,0.1362074269938977
test/000168.mp4,000168,resnet50,jpeg_30,fake,True,35,46,fake,0.9117647058823529,0.6666666666666666,0.9130434782608695,0.7890276074409485,0.6642897125798103,0.9521933845851732,0.1362074269938977
test/000168.mp4,000168,resnet50,jpeg_40,fake,True,34,46,fake,0.9090909090909091,0.6666666666666666,0.9130434782608695,0.8060655129306457,0.6388879644785864,0.9521933845851732,0.1362074269938977
test/000168.mp4,000168,resnet50,jpeg_50,fake,True,33,46,fake,0.78125,0.6666666666666666,0.8913043478260869,0.8020848884727015,0.6395028743723699,0.9521933845851732,0.1362074269938977
test/000168.mp4,000168,resnet50,jpeg_60,fake,True,34,46,fake,0.8484848484848485,0.6666666666666666,0.8913043478260869,0.7967847796047435,0.6666014122059611,0.9521933845851732,0.1362074269938977
test/000168.mp4,000168,resnet50,jpeg_70,fake,True,36,46,fake,0.8571428571428571,0.6666666666666666,0.8913043478260869,0.8008634166585075,0.6622875189850732,0.9521933845851732,0.1362074269938977
test/000168.mp4,000168,resnet50,jpeg_80,fake,True,35,46,fake,0.9117647058823529,0.6666666666666666,0.9130434782608695,0.7944723103727613,0.6701996518808282,0.9521933845851732,0.1362074269938977
test/000168.mp4,000168,resnet50,jpeg_90,fake,True,35,46,fake,0.8529411764705882,0.6666666666666666,0.8913043478260869,0.8128050684928894,0.6377813716002081,0.9521933845851732,0.1362074269938977
test/000168.mp4,000168,resnet50,jpeg_95,fake,True,35,46,fake,0.9117647058823529,0.6666666666666666,0.9130434782608695,0.8105589355741228,0.6602890706148615,0.9521933845851732,0.1362074269938977
test/000168.mp4,000168,resnet50,h264_18_keepaudio,fake,True,33,46,fake,0.9375,0.6666666666666666,0.9130434782608695,0.7929740737784993,0.6734663084573432,0.9521933845851732,0.1362074269938977
test/000168.mp4,000168,resnet50,h264_23_keepaudio,fake,True,35,46,fake,0.8823529411764706,0.6666666666666666,0.9130434782608695,0.8017207298960004,0.6599736505171161,0.9521933845851732,0.1362074269938977
test/000168.mp4,000168,resnet50,h264_28_keepaudio,fake,True,36,46,fake,0.9428571428571428,0.6666666666666666,0.8695652173913043,0.8042809375458293,0.6509749166356538,0.9521933845851732,0.1362074269938977
test/000168.mp4,000168,resnet50,h264_33_keepaudio,fake,True,34,46,fake,0.8181818181818182,0.6666666666666666,0.8695652173913043,0.7599981637562022,0.7251165983267751,0.9521933845851732,0.1362074269938977
test/000168.mp4,000168,resnet50,h264_38_keepaudio,fake,True,34,46,fake,0.8787878787878788,0.6666666666666666,0.9130434782608695,0.7816795189591015,0.7279478498460635,0.9521933845851732,0.1362074269938977
test/000168.mp4,000168,resnet50,h264_43_keepaudio,fake,True,32,46,fake,0.7096774193548387,0.6666666666666666,0.8913043478260869,0.7564397873356938,0.8168020346813738,0.9521933845851732,0.1362074269938977
test/000169.mp4,000169,resnet50,clean,fake,True,33,44,fake,0.78125,0.6744186046511628,0.8636363636363636,0.7798526603164095,0.7186345735716554,0.9166330099105835,0.18692666378506465
test/000169.mp4,000169,resnet50,jpeg_10,fake,True,33,44,fake,0.71875,0.6744186046511628,0.7954545454545454,0.806607473077196,0.6791553159108018,0.9166330099105835,0.18692666378506465
test/000169.mp4,000169,resnet50,jpeg_20,fake,True,34,44,fake,0.8787878787878788,0.6744186046511628,0.8636363636363636,0.7360992510529125,0.7882554838916528,0.9166330099105835,0.18692666378506465
test/000169.mp4,000169,resnet50,jpeg_30,fake,True,34,44,fake,0.9090909090909091,0.6744186046511628,0.8636363636363636,0.7699841164490756,0.729952314081644,0.9166330099105835,0.18692666378506465
test/000169.mp4,000169,resnet50,jpeg_40,fake,True,33,44,fake,0.78125,0.6744186046511628,0.8409090909090909,0.7765543596311049,0.7084657883161302,0.9166330099105835,0.18692666378506465
test/000169.mp4,000169,resnet50,jpeg_50,fake,True,34,44,fake,0.7878787878787878,0.6744186046511628,0.8636363636363636,0.7792202181675855,0.7044039082667045,0.9166330099105835,0.18692666378506465
test/000169.mp4,000169,resnet50,jpeg_60,fake,True,33,44,fake,0.84375,0.6744186046511628,0.8636363636363636,0.7896806588678649,0.6752621944439428,0.9166330099105835,0.18692666378506465
test/000169.mp4,000169,resnet50,jpeg_70,fake,True,33,44,fake,0.9375,0.6744186046511628,0.8636363636363636,0.7923976002317487,0.6745964669277108,0.9166330099105835,0.18692666378506465
test/000169.mp4,000169,resnet50,jpeg_80,fake,True,33,44,fake,0.8125,0.6744186046511628,0.8636363636363636,0.7981092162204512,0.6453831489841404,0.9166330099105835,0.18692666378506465
test/000169.mp4,000169,resnet50,jpeg_90,fake,True,34,44,fake,0.8787878787878788,0.6744186046511628,0.8636363636363636,0.7939661495825824,0.6703579320516148,0.9166330099105835,0.18692666378506465
test/000169.mp4,000169,resnet50,jpeg_95,fake,True,33,44,fake,0.875,0.6744186046511628,0.8636363636363636,0.7988864625945236,0.6483107511518462,0.9166330099105835,0.18692666378506465
test/000169.mp4,000169,resnet50,h264_18_keepaudio,fake,True,34,44,fake,0.7878787878787878,0.6744186046511628,0.8409090909090909,0.8010585018817116,0.6539149066472147,0.9166330099105835,0.18692666378506465
test/000169.mp4,000169,resnet50,h264_23_keepaudio,fake,True,33,44,fake,0.8125,0.6744186046511628,0.8863636363636364,0.7749566842209209,0.6952898327217347,0.9166330099105835,0.18692666378506465
test/000169.mp4,000169,resnet50,h264_28_keepaudio,fake,True,35,44,fake,0.7647058823529411,0.6744186046511628,0.8636363636363636,0.7780302192483629,0.7085307639422495,0.9166330099105835,0.18692666378506465
test/000169.mp4,000169,resnet50,h264_33_keepaudio,fake,True,34,44,fake,0.7272727272727273,0.6744186046511628,0.9318181818181818,0.7961244679549161,0.6966788765020268,0.9166330099105835,0.18692666378506465
test/000169.mp4,000169,resnet50,h264_38_keepaudio,fake,True,33,44,fake,0.8125,0.6744186046511628,0.8636363636363636,0.7814717306332155,0.7177219061824135,0.9166330099105835,0.18692666378506465
test/000169.mp4,000169,resnet50,h264_43_keepaudio,fake,True,33,44,fake,0.75,0.6744186046511628,0.8409090909090909,0.6788551419070272,0.9630480786594185,0.9166330099105835,0.18692666378506465
test/000170.mp4,000170,resnet50,clean,fake,True,35,46,fake,0.8529411764705882,0.6666666666666666,0.8913043478260869,0.7698692585740771,0.7011861146392382,0.9379341939221257,0.1567500155801626
test/000170.mp4,000170,resnet50,jpeg_10,fake,True,35,46,fake,0.8235294117647058,0.6666666666666666,0.782608695652174,0.728080268417086,0.805992892533783,0.9379341939221257,0.1567500155801626
test/000170.mp4,000170,resnet50,jpeg_20,fake,True,35,46,fake,0.7941176470588235,0.6666666666666666,0.8913043478260869,0.7824237321104323,0.6931549929262585,0.9379341939221257,0.1567500155801626
test/000170.mp4,000170,resnet50,jpeg_30,fake,True,35,46,fake,0.8529411764705882,0.6666666666666666,0.8913043478260869,0.7471700404371534,0.7414174420061672,0.9379341939221257,0.1567500155801626
test/000170.mp4,000170,resnet50,jpeg_40,fake,True,35,46,fake,0.8235294117647058,0.6666666666666666,0.8913043478260869,0.7795995805944715,0.6937976833872044,0.9379341939221257,0.1567500155801626
test/000170.mp4,000170,resnet50,jpeg_50,fake,True,34,46,fake,0.8484848484848485,0.6666666666666666,0.8913043478260869,0.7521003344479729,0.764173654086227,0.9379341939221257,0.1567500155801626
test/000170.mp4,000170,resnet50,jpeg_60,fake,True,35,46,fake,0.8823529411764706,0.6666666666666666,0.8695652173913043,0.7377298704215458,0.7788810894103254,0.9379341939221257,0.1567500155801626
test/000170.mp4,000170,resnet50,jpeg_70,fake,True,36,46,fake,0.8285714285714286,0.6666666666666666,0.8695652173913043,0.7707522602544891,0.7138716497817972,0.9379341939221257,0.1567500155801626
test/000170.mp4,000170,resnet50,jpeg_80,fake,True,35,46,fake,0.7941176470588235,0.6666666666666666,0.8913043478260869,0.7652214305741446,0.7224899695371388,0.9379341939221257,0.1567500155801626
test/000170.mp4,000170,resnet50,jpeg_90,fake,True,36,46,fake,0.8857142857142857,0.6666666666666666,0.8913043478260869,0.7801216882136133,0.6936363385540866,0.9379341939221257,0.1567500155801626
test/000170.mp4,000170,resnet50,jpeg_95,fake,True,36,46,fake,0.7714285714285715,0.6666666666666666,0.8913043478260869,0.7549460488888953,0.7271154811432833,0.9379341939221257,0.1567500155801626
test/000170.mp4,000170,resnet50,h264_18_keepaudio,fake,True,33,46,fake,0.78125,0.6666666666666666,0.9130434782608695,0.777459083181439,0.6698699193815079,0.9379341939221257,0.1567500155801626
test/000170.mp4,000170,resnet50,h264_23_keepaudio,fake,True,36,46,fake,0.8571428571428571,0.6666666666666666,0.8913043478260869,0.7887159925368097,0.6846147710013827,0.9379341939221257,0.1567500155801626
test/000170.mp4,000170,resnet50,h264_28_keepaudio,fake,True,36,46,fake,0.8,0.6666666666666666,0.8695652173913043,0.7942368197772238,0.6732677773666715,0.9379341939221257,0.1567500155801626
test/000170.mp4,000170,resnet50,h264_33_keepaudio,fake,True,34,46,fake,0.7878787878787878,0.6666666666666666,0.8260869565217391,0.7739248337114558,0.7097419886029538,0.9379341939221257,0.1567500155801626
test/000170.mp4,000170,resnet50,h264_38_keepaudio,fake,True,34,46,fake,0.8181818181818182,0.6666666666666666,0.8695652173913043,0.7886930511278265,0.7052101363702828,0.9379341939221257,0.1567500155801626
test/000170.mp4,000170,resnet50,h264_43_keepaudio,fake,True,33,46,fake,0.59375,0.6666666666666666,0.717391304347826,0.70496333638827,0.8706391449194845,0.9379341939221257,0.1567500155801626
test/000171.mp4,000171,resnet50,clean,real,True,45,55,fake,0.8181818181818182,0.6851851851851852,0.6363636363636364,0.5921658015913434,1.1457834226589723,0.924974647435275,0.16022693649088246
test/000171.mp4,000171,resnet50,jpeg_10,real,True,45,55,fake,0.7954545454545454,0.6851851851851852,0.6909090909090909,0.6226409991582235,1.046592439104858,0.924974647435275,0.16022693649088246
test/000171.mp4,000171,resnet50,jpeg_20,real,True,45,55,fake,0.75,0.6851851851851852,0.6545454545454545,0.6384549962149726,1.0301113291370845,0.924974647435275,0.16022693649088246
test/000171.mp4,000171,resnet50,jpeg_30,real,True,45,55,fake,0.6818181818181818,0.6851851851851852,0.7090909090909091,0.6074683792061276,1.1105648271794848,0.924974647435275,0.16022693649088246
test/000171.mp4,000171,resnet50,jpeg_40,real,True,45,55,fake,0.7954545454545454,0.6851851851851852,0.7454545454545455,0.6104095975557963,1.0970968194285313,0.924974647435275,0.16022693649088246
test/000171.mp4,000171,resnet50,jpeg_50,real,True,45,55,fake,0.7045454545454546,0.6851851851851852,0.6727272727272727,0.5962364296118419,1.140998869769099,0.924974647435275,0.16022693649088246
test/000171.mp4,000171,resnet50,jpeg_60,real,True,45,55,fake,0.75,0.6851851851851852,0.6909090909090909,0.6090172734525469,1.1248184645818735,0.924974647435275,0.16022693649088246
test/000171.mp4,000171,resnet50,jpeg_70,real,True,45,55,fake,0.7045454545454546,0.6851851851851852,0.6909090909090909,0.5724372565746307,1.1758745859132607,0.924974647435275,0.16022693649088246
test/000171.mp4,000171,resnet50,jpeg_80,real,True,45,55,fake,0.6818181818181818,0.6851851851851852,0.6545454545454545,0.5704980081982083,1.1819925035279404,0.924974647435275,0.16022693649088246
test/000171.mp4,000171,resnet50,jpeg_90,real,True,45,55,fake,0.7045454545454546,0.6851851851851852,0.6727272727272727,0.5933577318986257,1.1639960064132513,0.924974647435275,0.16022693649088246
test/000171.mp4,000171,resnet50,jpeg_95,real,True,45,55,fake,0.75,0.6851851851851852,0.6181818181818182,0.6079899039533403,1.1196185120284332,0.924974647435275,0.16022693649088246
test/000171.mp4,000171,resnet50,h264_18_keepaudio,real,True,45,55,fake,0.8181818181818182,0.6851851851851852,0.6909090909090909,0.5641015003124873,1.1778042886191125,0.924974647435275,0.16022693649088246
test/000171.mp4,000171,resnet50,h264_23_keepaudio,real,True,45,55,fake,0.6818181818181818,0.6851851851851852,0.6363636363636364,0.5880655434396532,1.1508974428034195,0.924974647435275,0.16022693649088246
test/000171.mp4,000171,resnet50,h264_28_keepaudio,real,True,45,55,fake,0.8181818181818182,0.6851851851851852,0.6545454545454545,0.589980231391059,1.1396928047134676,0.924974647435275,0.16022693649088246
test/000171.mp4,000171,resnet50,h264_33_keepaudio,real,True,45,55,fake,0.75,0.6851851851851852,0.6909090909090909,0.5865017374356588,1.1690099196165602,0.924974647435275,0.16022693649088246
test/000171.mp4,000171,resnet50,h264_38_keepaudio,real,True,45,55,fake,0.5227272727272727,0.6851851851851852,0.7454545454545455,0.5492651773823632,1.2234685513955093,0.924974647435275,0.16022693649088246
test/000171.mp4,000171,resnet50,h264_43_keepaudio,real,True,45,55,fake,0.6590909090909091,0.6851851851851852,0.7636363636363637,0.6410935527748531,1.0442558116611234,0.924974647435275,0.16022693649088246
test/000172.mp4,000172,resnet50,clean,fake,True,49,60,fake,0.75,0.6271186440677966,0.7166666666666667,0.6066000981598484,1.1317247187585102,0.929269491136074,0.15871299999338942
test/000172.mp4,000172,resnet50,jpeg_10,fake,True,49,60,fake,0.8125,0.6271186440677966,0.6166666666666667,0.6662169956431097,0.9734818536409792,0.929269491136074,0.15871299999338942
test/000172.mp4,000172,resnet50,jpeg_20,fake,True,49,60,fake,0.8125,0.6271186440677966,0.6666666666666666,0.6247144377961451,1.0314534980330565,0.929269491136074,0.15871299999338942
test/000172.mp4,000172,resnet50,jpeg_30,fake,True,49,60,fake,0.8125,0.6271186440677966,0.7333333333333333,0.614065015802578,1.076771391684383,0.929269491136074,0.15871299999338942
test/000172.mp4,000172,resnet50,jpeg_40,fake,True,49,60,fake,0.75,0.6271186440677966,0.7,0.6095569784543953,1.1033046331864693,0.929269491136074,0.15871299999338942
test/000172.mp4,000172,resnet50,jpeg_50,fake,True,49,60,fake,0.75,0.6271186440677966,0.65,0.6243107553039279,1.0901943869195727,0.929269491136074,0.15871299999338942
test/000172.mp4,000172,resnet50,jpeg_60,fake,True,49,60,fake,0.75,0.6271186440677966,0.7166666666666667,0.6008082050449994,1.1408608981852586,0.929269491136074,0.15871299999338942
test/000172.mp4,000172,resnet50,jpeg_70,fake,True,49,60,fake,0.6666666666666666,0.6271186440677966,0.7,0.5943129658699036,1.1414083554702674,0.929269491136074,0.15871299999338942
test/000172.mp4,000172,resnet50,jpeg_80,fake,True,49,60,fake,0.7916666666666666,0.6271186440677966,0.6833333333333333,0.6145665776364657,1.1099241834704527,0.929269491136074,0.15871299999338942
test/000172.mp4,000172,resnet50,jpeg_90,fake,True,49,60,fake,0.7708333333333334,0.6271186440677966,0.7166666666666667,0.6232243034304404,1.1049858881615096,0.929269491136074,0.15871299999338942
test/000172.mp4,000172,resnet50,jpeg_95,fake,True,49,60,fake,0.6875,0.6271186440677966,0.6833333333333333,0.6062365043528226,1.1271504675915631,0.929269491136074,0.15871299999338942
test/000172.mp4,000172,resnet50,h264_18_keepaudio,fake,True,49,60,fake,0.8958333333333334,0.6271186440677966,0.6833333333333333,0.6201743191602279,1.0992002809868757,0.929269491136074,0.15871299999338942
test/000172.mp4,000172,resnet50,h264_23_keepaudio,fake,True,49,60,fake,0.6666666666666666,0.6271186440677966,0.7333333333333333,0.6432833744555103,1.0812247601625438,0.929269491136074,0.15871299999338942
test/000172.mp4,000172,resnet50,h264_28_keepaudio,fake,True,49,60,fake,0.6875,0.6271186440677966,0.7333333333333333,0.6031026882784707,1.1275356452654741,0.929269491136074,0.15871299999338942
test/000172.mp4,000172,resnet50,h264_33_keepaudio,fake,True,49,60,fake,0.6875,0.6271186440677966,0.65,0.585872907419594,1.2007151610451021,0.929269491136074,0.15871299999338942
test/000172.mp4,000172,resnet50,h264_38_keepaudio,fake,True,49,60,fake,0.7916666666666666,0.6271186440677966,0.7166666666666667,0.5387943006899892,1.250642648434317,0.929269491136074,0.15871299999338942
test/000172.mp4,000172,resnet50,h264_43_keepaudio,fake,True,49,60,fake,0.5625,0.6271186440677966,0.75,0.5965781856556328,1.1191226007208175,0.929269491136074,0.15871299999338942
test/000173.mp4,000173,resnet50,clean,fake,True,45,56,fake,0.7045454545454546,0.6545454545454545,0.6964285714285714,0.6372938679324256,1.098450989617406,0.9148664011486939,0.1885289611162449
test/000173.mp4,000173,resnet50,jpeg_10,fake,True,45,56,fake,0.7727272727272727,0.6545454545454545,0.5535714285714286,0.6380341675546434,1.0205625328029033,0.9148664011486939,0.1885289611162449
test/000173.mp4,000173,resnet50,jpeg_20,fake,True,45,56,fake,0.7272727272727273,0.6545454545454545,0.6428571428571429,0.609447040160497,1.0768667213874104,0.9148664011486939,0.1885289611162449
test/000173.mp4,000173,resnet50,jpeg_30,fake,True,45,56,fake,0.7272727272727273,0.6545454545454545,0.6785714285714286,0.6228001912434896,1.0625481698928543,0.9148664011486939,0.1885289611162449
test/000173.mp4,000173,resnet50,jpeg_40,fake,True,45,56,fake,0.7727272727272727,0.6545454545454545,0.6428571428571429,0.6136640210946401,1.092297973686547,0.9148664011486939,0.1885289611162449
test/000173.mp4,000173,resnet50,jpeg_50,fake,True,45,56,fake,0.6818181818181818,0.6545454545454545,0.6428571428571429,0.6159934580326081,1.1151495294864,0.9148664011486939,0.1885289611162449
test/000173.mp4,000173,resnet50,jpeg_60,fake,True,45,56,fake,0.7272727272727273,0.6545454545454545,0.6607142857142857,0.5994626965787676,1.1363640165880813,0.9148664011486939,0.1885289611162449
test/000173.mp4,000173,resnet50,jpeg_70,fake,True,45,56,fake,0.6818181818181818,0.6545454545454545,0.6607142857142857,0.6076670706272125,1.1258065516113576,0.9148664011486939,0.1885289611162449
test/000173.mp4,000173,resnet50,jpeg_80,fake,True,45,56,fake,0.75,0.6545454545454545,0.625,0.6263803349600898,1.105877180219287,0.9148664011486939,0.1885289611162449
test/000173.mp4,000173,resnet50,jpeg_90,fake,True,45,56,fake,0.75,0.6545454545454545,0.6785714285714286,0.6533961143758562,1.0525770021690903,0.9148664011486939,0.1885289611162449
test/000173.mp4,000173,resnet50,jpeg_95,fake,True,45,56,fake,0.7045454545454546,0.6545454545454545,0.6428571428571429,0.6219076567225986,1.1004847291003121,0.9148664011486939,0.1885289611162449
test/000173.mp4,000173,resnet50,h264_18_keepaudio,fake,True,45,56,fake,0.8409090909090909,0.6545454545454545,0.6428571428571429,0.614384862449434,1.118012117375849,0.9148664011486939,0.1885289611162449
test/000173.mp4,000173,resnet50,h264_23_keepaudio,fake,True,45,56,fake,0.6363636363636364,0.6545454545454545,0.6607142857142857,0.635633095767763,1.0795632207857937,0.9148664011486939,0.1885289611162449
test/000173.mp4,000173,resnet50,h264_28_keepaudio,fake,True,45,56,fake,0.6590909090909091,0.6545454545454545,0.6607142857142857,0.578943360514111,1.1709417263005606,0.9148664011486939,0.1885289611162449
test/000173.mp4,000173,resnet50,h264_33_keepaudio,fake,True,45,56,fake,0.6590909090909091,0.6545454545454545,0.6607142857142857,0.592536582549413,1.1596319481389044,0.9148664011486939,0.1885289611162449
test/000173.mp4,000173,resnet50,h264_38_keepaudio,fake,True,45,56,fake,0.7727272727272727,0.6545454545454545,0.7321428571428571,0.5366939630773332,1.2472257015140633,0.9148664011486939,0.1885289611162449
test/000173.mp4,000173,resnet50,h264_43_keepaudio,fake,True,45,56,fake,0.6136363636363636,0.6545454545454545,0.7142857142857143,0.5803825623459287,1.159363478843033,0.9148664011486939,0.1885289611162449
test/000174.mp4,000174,resnet50,clean,fake,True,47,58,fake,0.8043478260869565,0.6140350877192983,0.7241379310344828,0.6218192051065728,1.1287958412263934,0.9287122431500204,0.15639938808585227
test/000174.mp4,000174,resnet50,jpeg_10,fake,True,47,58,fake,0.717391304347826,0.6140350877192983,0.6896551724137931,0.6251276807582125,1.0458255567913113,0.9287122431500204,0.15639938808585227
test/000174.mp4,000174,resnet50,jpeg_20,fake,True,47,58,fake,0.782608695652174,0.6140350877192983,0.6896551724137931,0.6079047005227272,1.0759439465194836,0.9287122431500204,0.15639938808585227
test/000174.mp4,000174,resnet50,jpeg_30,fake,True,47,58,fake,0.7608695652173914,0.6140350877192983,0.7758620689655172,0.6375219073701412,1.0279892247207651,0.9287122431500204,0.15639938808585227
test/000174.mp4,000174,resnet50,jpeg_40,fake,True,47,58,fake,0.8043478260869565,0.6140350877192983,0.7241379310344828,0.6173312289917723,1.1063518892488458,0.9287122431500204,0.15639938808585227
test/000174.mp4,000174,resnet50,jpeg_50,fake,True,47,58,fake,0.6739130434782609,0.6140350877192983,0.7068965517241379,0.6142577427498838,1.1240864280575913,0.9287122431500204,0.15639938808585227
test/000174.mp4,000174,resnet50,jpeg_60,fake,True,47,58,fake,0.7391304347826086,0.6140350877192983,0.7241379310344828,0.6044364913981012,1.139014390596506,0.9287122431500204,0.15639938808585227
test/000174.mp4,000174,resnet50,jpeg_70,fake,True,47,58,fake,0.7391304347826086,0.6140350877192983,0.7068965517241379,0.6050389288587773,1.1380027858571744,0.9287122431500204,0.15639938808585227
test/000174.mp4,000174,resnet50,jpeg_80,fake,True,47,58,fake,0.782608695652174,0.6140350877192983,0.7068965517241379,0.6083591536004492,1.1506414266813754,0.9287122431500204,0.15639938808585227
test/000174.mp4,000174,resnet50,jpeg_90,fake,True,47,58,fake,0.7608695652173914,0.6140350877192983,0.7413793103448276,0.6307945175373808,1.1059951969591724,0.9287122431500204,0.15639938808585227
test/000174.mp4,000174,resnet50,jpeg_95,fake,True,47,58,fake,0.7391304347826086,0.6140350877192983,0.6896551724137931,0.6103823521035783,1.146439565669675,0.9287122431500204,0.15639938808585227
test/000174.mp4,000174,resnet50,h264_18_keepaudio,fake,True,47,58,fake,0.8478260869565217,0.6140350877192983,0.7241379310344828,0.5967447764061867,1.143535097813729,0.9287122431500204,0.15639938808585227
test/000174.mp4,000174,resnet50,h264_23_keepaudio,fake,True,47,58,fake,0.6739130434782609,0.6140350877192983,0.7068965517241379,0.6405051217434254,1.0928469205952953,0.9287122431500204,0.15639938808585227
test/000174.mp4,000174,resnet50,h264_28_keepaudio,fake,True,47,58,fake,0.6521739130434783,0.6140350877192983,0.7068965517241379,0.5827050988978528,1.172776892567754,0.9287122431500204,0.15639938808585227
test/000174.mp4,000174,resnet50,h264_33_keepaudio,fake,True,47,58,fake,0.6521739130434783,0.6140350877192983,0.6551724137931034,0.5938934626731467,1.1768579678372995,0.9287122431500204,0.15639938808585227
test/000174.mp4,000174,resnet50,h264_38_keepaudio,fake,True,47,58,fake,0.8260869565217391,0.6140350877192983,0.7241379310344828,0.5205556984911573,1.3003370120744342,0.9287122431500204,0.15639938808585227
test/000174.mp4,000174,resnet50,h264_43_keepaudio,fake,True,47,58,fake,0.6739130434782609,0.6140350877192983,0.7758620689655172,0.5615825729167208,1.2050789323322406,0.9287122431500204,0.15639938808585227
test/000175.mp4,000175,resnet50,clean,fake,True,46,57,fake,0.8,0.6071428571428571,0.7017543859649122,0.6289719900359279,1.1003789435549616,0.926855712083348,0.16649412919642467
test/000175.mp4,000175,resnet50,jpeg_10,fake,True,46,57,fake,0.7777777777777778,0.6071428571428571,0.631578947368421,0.6614077674305957,0.9864132036509372,0.926855712083348,0.16649412919642467
test/000175.mp4,000175,resnet50,jpeg_20,fake,True,46,57,fake,0.8444444444444444,0.6071428571428571,0.6842105263157895,0.6144069562787595,1.0780455264557656,0.926855712083348,0.16649412919642467
test/000175.mp4,000175,resnet50,jpeg_30,fake,True,46,57,fake,0.8222222222222222,0.6071428571428571,0.7017543859649122,0.6263017511886099,1.0666239994058089,0.926855712083348,0.16649412919642467
test/000175.mp4,000175,resnet50,jpeg_40,fake,True,46,57,fake,0.8222222222222222,0.6071428571428571,0.6842105263157895,0.6267913443886716,1.0759876967000066,0.926855712083348,0.16649412919642467
test/000175.mp4,000175,resnet50,jpeg_50,fake,True,46,57,fake,0.7333333333333333,0.6071428571428571,0.6666666666666666,0.6232788219400074,1.112033925000106,0.926855712083348,0.16649412919642467
test/000175.mp4,000175,resnet50,jpeg_60,fake,True,46,57,fake,0.8,0.6071428571428571,0.7017543859649122,0.5953294608903967,1.1503027461250215,0.926855712083348,0.16649412919642467
test/000175.mp4,000175,resnet50,jpeg_70,fake,True,46,57,fake,0.7333333333333333,0.6071428571428571,0.6842105263157895,0.5959271535925244,1.1451757466560233,0.926855712083348,0.16649412919642467
test/000175.mp4,000175,resnet50,jpeg_80,fake,True,46,57,fake,0.8,0.6071428571428571,0.6842105263157895,0.6326210699651552,1.0980317553455428,0.926855712083348,0.16649412919642467
test/000175.mp4,000175,resnet50,jpeg_90,fake,True,46,57,fake,0.7777777777777778,0.6071428571428571,0.7017543859649122,0.6234537719384484,1.0940078265957363,0.926855712083348,0.16649412919642467
test/000175.mp4,000175,resnet50,jpeg_95,fake,True,46,57,fake,0.7111111111111111,0.6071428571428571,0.6842105263157895,0.6110201918560526,1.1309087201622403,0.926855712083348,0.16649412919642467
test/000175.mp4,000175,resnet50,h264_18_keepaudio,fake,True,46,57,fake,0.8888888888888888,0.6071428571428571,0.7017543859649122,0.6371248196000638,1.0622164767362485,0.926855712083348,0.16649412919642467
test/000175.mp4,000175,resnet50,h264_23_keepaudio,fake,True,46,57,fake,0.6666666666666666,0.6071428571428571,0.7017543859649122,0.6351002477433371,1.0844933377965928,0.926855712083348,0.16649412919642467
test/000175.mp4,000175,resnet50,h264_28_keepaudio,fake,True,46,57,fake,0.6444444444444445,0.6071428571428571,0.6842105263157895,0.5857745849567911,1.1736428715702987,0.926855712083348,0.16649412919642467
test/000175.mp4,000175,resnet50,h264_33_keepaudio,fake,True,46,57,fake,0.6888888888888889,0.6071428571428571,0.7017543859649122,0.621455654501915,1.125988424053086,0.926855712083348,0.16649412919642467
test/000175.mp4,000175,resnet50,h264_38_keepaudio,fake,True,46,57,fake,0.7333333333333333,0.6071428571428571,0.7017543859649122,0.5344451154055803,1.265511185018581,0.926855712083348,0.16649412919642467
test/000175.mp4,000175,resnet50,h264_43_keepaudio,fake,True,46,57,fake,0.5777777777777777,0.6071428571428571,0.7719298245614035,0.5628786307314168,1.1977171298821139,0.926855712083348,0.16649412919642467
test/000176.mp4,000176,resnet50,clean,fake,True,45,56,fake,0.8181818181818182,0.6181818181818182,0.7321428571428571,0.613949062426885,1.1248830789092892,0.9125433995255402,0.19932691807268596
test/000176.mp4,000176,resnet50,jpeg_10,fake,True,45,56,fake,0.75,0.6181818181818182,0.6428571428571429,0.6447557078467475,1.022770147487233,0.9125433995255402,0.19932691807268596
test/000176.mp4,000176,resnet50,jpeg_20,fake,True,45,56,fake,0.8181818181818182,0.6181818181818182,0.7142857142857143,0.6032351209057703,1.0838693547819238,0.9125433995255402,0.19932691807268596
test/000176.mp4,000176,resnet50,jpeg_30,fake,True,45,56,fake,0.8409090909090909,0.6181818181818182,0.75,0.6282579441865285,1.0530707306112184,0.9125433995255402,0.19932691807268596
test/000176.mp4,000176,resnet50,jpeg_40,fake,True,45,56,fake,0.7954545454545454,0.6181818181818182,0.7321428571428571,0.6449199537436168,1.0479626525443626,0.9125433995255402,0.19932691807268596
test/000176.mp4,000176,resnet50,jpeg_50,fake,True,45,56,fake,0.7045454545454546,0.6181818181818182,0.6964285714285714,0.6211769501368205,1.114065575481082,0.9125433995255402,0.19932691807268596
test/000176.mp4,000176,resnet50,jpeg_60,fake,True,45,56,fake,0.7727272727272727,0.6181818181818182,0.7321428571428571,0.6049408296744029,1.1268998142645714,0.9125433995255402,0.19932691807268596
test/000176.mp4,000176,resnet50,jpeg_70,fake,True,45,56,fake,0.75,0.6181818181818182,0.7142857142857143,0.5905840628676944,1.142991740487384,0.9125433995255402,0.19932691807268596
test/000176.mp4,000176,resnet50,jpeg_80,fake,True,45,56,fake,0.8181818181818182,0.6181818181818182,0.7142857142857143,0.6339169773790572,1.0936405192008083,0.9125433995255402,0.19932691807268596
test/000176.mp4,000176,resnet50,jpeg_90,fake,True,45,56,fake,0.7954545454545454,0.6181818181818182,0.7321428571428571,0.6443612588776483,1.0726122987486446,0.9125433995255402,0.19932691807268596
test/000176.mp4,000176,resnet50,jpeg_95,fake,True,45,56,fake,0.7272727272727273,0.6181818181818182,0.7142857142857143,0.6235390855206384,1.1099149197459943,0.9125433995255402,0.19932691807268596
test/000176.mp4,000176,resnet50,h264_18_keepaudio,fake,True,45,56,fake,0.8181818181818182,0.6181818181818182,0.7321428571428571,0.6171578321192,1.0866219606400056,0.9125433995255402,0.19932691807268596
test/000176.mp4,000176,resnet50,h264_23_keepaudio,fake,True,45,56,fake,0.6136363636363636,0.6181818181818182,0.7142857142857143,0.6213313851091596,1.1030472265762605,0.9125433995255402,0.19932691807268596
test/000176.mp4,000176,resnet50,h264_28_keepaudio,fake,True,45,56,fake,0.5909090909090909,0.6181818181818182,0.7321428571428571,0.5855586376455095,1.1522335803094486,0.9125433995255402,0.19932691807268596
test/000176.mp4,000176,resnet50,h264_33_keepaudio,fake,True,45,56,fake,0.6363636363636364,0.6181818181818182,0.6964285714285714,0.586949270301395,1.1885882683968974,0.9125433995255402,0.19932691807268596
test/000176.mp4,000176,resnet50,h264_38_keepaudio,fake,True,45,56,fake,0.75,0.6181818181818182,0.75,0.5392076068454319,1.239646514919791,0.9125433995255402,0.19932691807268596
test/000176.mp4,000176,resnet50,h264_43_keepaudio,fake,True,45,56,fake,0.5227272727272727,0.6181818181818182,0.7678571428571429,0.5986799869272444,1.1308543850253925,0.9125433995255402,0.19932691807268596
test/000177.mp4,000177,resnet50,clean,fake,True,46,57,fake,0.8222222222222222,0.6071428571428571,0.7017543859649122,0.6299560134825499,1.0974970352171778,0.926855712083348,0.16649412919642467
test/000177.mp4,000177,resnet50,jpeg_10,fake,True,46,57,fake,0.6888888888888889,0.6071428571428571,0.631578947368421,0.6363980348991312,1.0384693547710573,0.926855712083348,0.16649412919642467
test/000177.mp4,000177,resnet50,jpeg_20,fake,True,46,57,fake,0.7777777777777778,0.6071428571428571,0.7017543859649122,0.6283118536938792,1.0316220314627933,0.926855712083348,0.16649412919642467
test/000177.mp4,000177,resnet50,jpeg_30,fake,True,46,57,fake,0.8222222222222222,0.6071428571428571,0.7017543859649122,0.6543650802062906,0.9998892093658648,0.926855712083348,0.16649412919642467
test/000177.mp4,000177,resnet50,jpeg_40,fake,True,46,57,fake,0.8222222222222222,0.6071428571428571,0.6842105263157895,0.6320773803669474,1.0665249186960721,0.926855712083348,0.16649412919642467
test/000177.mp4,000177,resnet50,jpeg_50,fake,True,46,57,fake,0.6666666666666666,0.6071428571428571,0.6666666666666666,0.6297301611174708,1.0891482921626294,0.926855712083348,0.16649412919642467
test/000177.mp4,000177,resnet50,jpeg_60,fake,True,46,57,fake,0.8222222222222222,0.6071428571428571,0.7017543859649122,0.6166353847669519,1.1065941943601887,0.926855712083348,0.16649412919642467
test/000177.mp4,000177,resnet50,jpeg_70,fake,True,46,57,fake,0.7555555555555555,0.6071428571428571,0.6842105263157895,0.5995064390742261,1.1305048862235068,0.926855712083348,0.16649412919642467
test/000177.mp4,000177,resnet50,jpeg_80,fake,True,46,57,fake,0.8222222222222222,0.6071428571428571,0.6842105263157895,0.6285497500844623,1.100386000512412,0.926855712083348,0.16649412919642467
test/000177.mp4,000177,resnet50,jpeg_90,fake,True,46,57,fake,0.8,0.6071428571428571,0.6842105263157895,0.6410203848196112,1.081441514189241,0.926855712083348,0.16649412919642467
test/000177.mp4,000177,resnet50,jpeg_95,fake,True,46,57,fake,0.7555555555555555,0.6071428571428571,0.6842105263157895,0.6268805395001951,1.1119493205821471,0.926855712083348,0.16649412919642467
test/000177.mp4,000177,resnet50,h264_18_keepaudio,fake,True,46,57,fake,0.8666666666666667,0.6071428571428571,0.7017543859649122,0.633803785495136,1.0716250180134437,0.926855712083348,0.16649412919642467
test/000177.mp4,000177,resnet50,h264_23_keepaudio,fake,True,46,57,fake,0.6444444444444445,0.6071428571428571,0.7017543859649122,0.6274171986657641,1.1121100882525798,0.926855712083348,0.16649412919642467
test/000177.mp4,000177,resnet50,h264_28_keepaudio,fake,True,46,57,fake,0.6666666666666666,0.6071428571428571,0.7017543859649122,0.5997723114231358,1.1300491433009645,0.926855712083348,0.16649412919642467
test/000177.mp4,000177,resnet50,h264_33_keepaudio,fake,True,46,57,fake,0.7111111111111111,0.6071428571428571,0.6666666666666666,0.616111027157825,1.1302284844424373,0.926855712083348,0.16649412919642467
test/000177.mp4,000177,resnet50,h264_38_keepaudio,fake,True,46,57,fake,0.8,0.6071428571428571,0.6842105263157895,0.5167270769243655,1.2999626503063655,0.926855712083348,0.16649412919642467
test/000177.mp4,000177,resnet50,h264_43_keepaudio,fake,True,46,57,fake,0.6444444444444445,0.6071428571428571,0.7894736842105263,0.5879491625920586,1.1727453730289488,0.926855712083348,0.16649412919642467
test/000178.mp4,000178,resnet50,clean,real,True,19,23,fake,0.7222222222222222,0.5909090909090909,0.4782608695652174,0.6707929482585505,1.0365791234931472,0.9635447445123092,0.11208989729676323
test/000178.mp4,000178,resnet50,jpeg_10,real,True,19,23,fake,0.8888888888888888,0.5909090909090909,0.5652173913043478,0.7960059580050016,0.6799340518210638,0.9635447445123092,0.11208989729676323
test/000178.mp4,000178,resnet50,jpeg_20,real,True,19,23,fake,0.7777777777777778,0.5909090909090909,0.4782608695652174,0.7472734012101826,0.8275640728128015,0.9635447445123092,0.11208989729676323
test/000178.mp4,000178,resnet50,jpeg_30,real,True,19,23,fake,0.7777777777777778,0.5909090909090909,0.4782608695652174,0.6837293066476521,0.9703975255039637,0.9635447445123092,0.11208989729676323
test/000178.mp4,000178,resnet50,jpeg_40,real,True,19,23,fake,0.7777777777777778,0.5909090909090909,0.4782608695652174,0.7038754428687849,0.9504137169881053,0.9635447445123092,0.11208989729676323
test/000178.mp4,000178,resnet50,jpeg_50,real,True,19,23,fake,0.7222222222222222,0.5909090909090909,0.6521739130434783,0.6330893510266354,1.0613946776428005,0.9635447445123092,0.11208989729676323
test/000178.mp4,000178,resnet50,jpeg_60,real,True,19,23,fake,0.7222222222222222,0.5909090909090909,0.4782608695652174,0.6966390531314047,0.9516259027509176,0.9635447445123092,0.11208989729676323
test/000178.mp4,000178,resnet50,jpeg_70,real,True,19,23,fake,0.7222222222222222,0.5909090909090909,0.4782608695652174,0.7127466719401511,0.9249386976214312,0.9635447445123092,0.11208989729676323
test/000178.mp4,000178,resnet50,jpeg_80,real,True,19,23,fake,0.7222222222222222,0.5909090909090909,0.4782608695652174,0.686901740337673,0.9798392701323555,0.9635447445123092,0.11208989729676323
test/000178.mp4,000178,resnet50,jpeg_90,real,True,19,23,fake,0.7222222222222222,0.5909090909090909,0.4782608695652174,0.7236034336842989,0.905468672846841,0.9635447445123092,0.11208989729676323
test/000178.mp4,000178,resnet50,jpeg_95,real,True,19,23,fake,0.8888888888888888,0.5909090909090909,0.5217391304347826,0.6894827312544772,0.9690649408719323,0.9635447445123092,0.11208989729676323
test/000178.mp4,000178,resnet50,h264_18_keepaudio,real,True,19,23,fake,0.7222222222222222,0.5909090909090909,0.4782608695652174,0.6290310840857657,1.0646767424590275,0.9635447445123092,0.11208989729676323
test/000178.mp4,000178,resnet50,h264_23_keepaudio,real,True,19,23,fake,0.7222222222222222,0.5909090909090909,0.4782608695652174,0.6840142403778277,0.9871805100971236,0.9635447445123092,0.11208989729676323
test/000178.mp4,000178,resnet50,h264_28_keepaudio,real,True,19,23,fake,0.7777777777777778,0.5909090909090909,0.5217391304347826,0.721238280597486,0.8996812982568809,0.9635447445123092,0.11208989729676323
test/000178.mp4,000178,resnet50,h264_33_keepaudio,real,True,19,23,fake,0.8333333333333334,0.5909090909090909,0.5652173913043478,0.7022870230047327,0.9253261042979691,0.9635447445123092,0.11208989729676323
test/000178.mp4,000178,resnet50,h264_38_keepaudio,real,True,19,23,fake,0.8888888888888888,0.5909090909090909,0.6086956521739131,0.6405633107612008,1.0413633898430912,0.9635447445123092,0.11208989729676323
test/000178.mp4,000178,resnet50,h264_43_keepaudio,real,True,18,23,fake,0.5882352941176471,0.5909090909090909,0.5652173913043478,0.6399499078591665,1.0390114422427503,0.9635447445123092,0.11208989729676323
test/000179.mp4,000179,resnet50,clean,fake,True,20,27,fake,0.6842105263157895,0.6923076923076923,0.4444444444444444,0.6269796192646027,1.0460337820514938,0.9678369959195455,0.08606985549750422
test/000179.mp4,000179,resnet50,jpeg_10,fake,True,19,27,fake,0.8333333333333334,0.6923076923076923,0.5185185185185185,0.8042913957646018,0.6810675644766395,0.9678369959195455,0.08606985549750422
test/000179.mp4,000179,resnet50,jpeg_20,fake,True,20,27,fake,0.8421052631578947,0.6923076923076923,0.5185185185185185,0.6443500429391861,1.0250870518894217,0.9678369959195455,0.08606985549750422
test/000179.mp4,000179,resnet50,jpeg_30,fake,True,19,27,fake,0.6666666666666666,0.6923076923076923,0.4074074074074074,0.6553409428972947,1.021429745821013,0.9678369959195455,0.08606985549750422
test/000179.mp4,000179,resnet50,jpeg_40,fake,True,19,27,fake,0.8888888888888888,0.6923076923076923,0.4444444444444444,0.7131452544739372,0.909264035123005,0.9678369959195455,0.08606985549750422
test/000179.mp4,000179,resnet50,jpeg_50,fake,True,20,27,fake,0.6842105263157895,0.6923076923076923,0.5185185185185185,0.6360959559679031,1.0678972877813946,0.9678369959195455,0.08606985549750422
test/000179.mp4,000179,resnet50,jpeg_60,fake,True,19,27,fake,0.8888888888888888,0.6923076923076923,0.4444444444444444,0.633153990695351,1.0625673565426796,0.9678369959195455,0.08606985549750422
test/000179.mp4,000179,resnet50,jpeg_70,fake,True,19,27,fake,0.9444444444444444,0.6923076923076923,0.4444444444444444,0.6172092478526267,1.0729459082608528,0.9678369959195455,0.08606985549750422
test/000179.mp4,000179,resnet50,jpeg_80,fake,True,20,27,fake,0.7368421052631579,0.6923076923076923,0.5185185185185185,0.6268909484148025,1.0499523626660614,0.9678369959195455,0.08606985549750422
test/000179.mp4,000179,resnet50,jpeg_90,fake,True,20,27,fake,0.7894736842105263,0.6923076923076923,0.4444444444444444,0.6584758296608925,1.014928477313423,0.9678369959195455,0.08606985549750422
test/000179.mp4,000179,resnet50,jpeg_95,fake,True,19,27,fake,0.7222222222222222,0.6923076923076923,0.4074074074074074,0.6458601167327479,1.0264183243271303,0.9678369959195455,0.08606985549750422
test/000179.mp4,000179,resnet50,h264_18_keepaudio,fake,True,19,27,fake,0.7222222222222222,0.6923076923076923,0.5185185185185185,0.6243735347923479,1.0727015961844082,0.9678369959195455,0.08606985549750422
test/000179.mp4,000179,resnet50,h264_23_keepaudio,fake,True,19,27,fake,0.8888888888888888,0.6923076923076923,0.4444444444444444,0.6345241712896448,1.0722626325725524,0.9678369959195455,0.08606985549750422
test/000179.mp4,000179,resnet50,h264_28_keepaudio,fake,True,20,27,fake,0.5263157894736842,0.6923076923076923,0.6296296296296297,0.6667170271277427,0.9990023155934489,0.9678369959195455,0.08606985549750422
test/000179.mp4,000179,resnet50,h264_33_keepaudio,fake,True,21,27,fake,0.6,0.6923076923076923,0.5925925925925926,0.58366117307118,1.1516580512294248,0.9678369959195455,0.08606985549750422
test/000179.mp4,000179,resnet50,h264_38_keepaudio,fake,True,20,27,fake,0.3157894736842105,0.6923076923076923,0.7037037037037037,0.5600720137357712,1.2250331865311757,0.9678369959195455,0.08606985549750422
test/000179.mp4,000179,resnet50,h264_43_keepaudio,fake,True,20,27,fake,0.631578947368421,0.6923076923076923,0.5185185185185185,0.5754051879048347,1.1450617057112105,0.9678369959195455,0.08606985549750422
test/000180.mp4,000180,resnet50,clean,fake,True,19,24,fake,0.5555555555555556,0.7391304347826086,0.4583333333333333,0.7257038025479567,0.8858306580800279,0.9739384402831396,0.08016583263287887
test/000180.mp4,000180,resnet50,jpeg_10,fake,True,19,24,fake,0.7777777777777778,0.7391304347826086,0.5,0.7344986184647209,0.8316958944607861,0.9739384402831396,0.08016583263287887
test/000180.mp4,000180,resnet50,jpeg_20,fake,True,19,24,fake,0.7222222222222222,0.7391304347826086,0.5,0.7018361468064157,0.9485158537133026,0.9739384402831396,0.08016583263287887
test/000180.mp4,000180,resnet50,jpeg_30,fake,True,19,24,fake,0.8888888888888888,0.7391304347826086,0.4166666666666667,0.7427457147522977,0.8626578274197333,0.9739384402831396,0.08016583263287887
test/000180.mp4,000180,resnet50,jpeg_40,fake,True,19,24,fake,0.7222222222222222,0.7391304347826086,0.5,0.6593373872731861,1.0136855064243906,0.9739384402831396,0.08016583263287887
test/000180.mp4,000180,resnet50,jpeg_50,fake,True,19,24,fake,0.7777777777777778,0.7391304347826086,0.4583333333333333,0.7186020800941869,0.9119175136388044,0.9739384402831396,0.08016583263287887
test/000180.mp4,000180,resnet50,jpeg_60,fake,True,19,24,fake,0.7777777777777778,0.7391304347826086,0.4583333333333333,0.7322943696850225,0.8627798055803554,0.9739384402831396,0.08016583263287887
test/000180.mp4,000180,resnet50,jpeg_70,fake,True,19,24,fake,0.6666666666666666,0.7391304347826086,0.5,0.7188537983517898,0.8792306374763195,0.9739384402831396,0.08016583263287887
test/000180.mp4,000180,resnet50,jpeg_80,fake,True,19,24,fake,0.6666666666666666,0.7391304347826086,0.5,0.7395145893096924,0.8757159873927269,0.9739384402831396,0.08016583263287887
test/000180.mp4,000180,resnet50,jpeg_90,fake,True,19,24,fake,0.6666666666666666,0.7391304347826086,0.5,0.716623466265829,0.9018409048334062,0.9739384402831396,0.08016583263287887
test/000180.mp4,000180,resnet50,jpeg_95,fake,True,19,24,fake,0.6666666666666666,0.7391304347826086,0.4583333333333333,0.704838017099782,0.8991353383968366,0.9739384402831396,0.08016583263287887
test/000180.mp4,000180,resnet50,h264_18_keepaudio,fake,True,19,24,fake,0.8888888888888888,0.7391304347826086,0.4583333333333333,0.6940033184854608,0.9865813202854443,0.9739384402831396,0.08016583263287887
test/000180.mp4,000180,resnet50,h264_23_keepaudio,fake,True,18,24,fake,0.5294117647058824,0.7391304347826086,0.4583333333333333,0.7129996849430932,0.9111452768938482,0.9739384402831396,0.08016583263287887
test/000180.mp4,000180,resnet50,h264_28_keepaudio,fake,True,19,24,fake,0.5555555555555556,0.7391304347826086,0.5,0.7198180917062258,0.9268338047216389,0.9739384402831396,0.08016583263287887
test/000180.mp4,000180,resnet50,h264_33_keepaudio,fake,True,19,24,fake,0.5,0.7391304347826086,0.625,0.6241381372276106,1.0980871184634313,0.9739384402831396,0.08016583263287887
test/000180.mp4,000180,resnet50,h264_38_keepaudio,fake,True,18,24,fake,0.5294117647058824,0.7391304347826086,0.5833333333333334,0.6754585554202398,0.9744656196487589,0.9739384402831396,0.08016583263287887
test/000180.mp4,000180,resnet50,h264_43_keepaudio,fake,True,18,24,fake,0.4117647058823529,0.7391304347826086,0.6666666666666666,0.5682924605078168,1.1680584092944974,0.9739384402831396,0.08016583263287887
test/000181.mp4,000181,resnet50,clean,fake,True,20,27,fake,0.8947368421052632,0.6538461538461539,0.48148148148148145,0.7221592977643013,0.9172183761627943,0.9577727891780712,0.10433208014982655
test/000181.mp4,000181,resnet50,jpeg_10,fake,True,20,27,fake,0.9473684210526315,0.6538461538461539,0.5185185185185185,0.7541707277297973,0.7447326488777527,0.9577727891780712,0.10433208014982655
test/000181.mp4,000181,resnet50,jpeg_20,fake,True,20,27,fake,0.7894736842105263,0.6538461538461539,0.48148148148148145,0.7124184966087341,0.9015942952257061,0.9577727891780712,0.10433208014982655
test/000181.mp4,000181,resnet50,jpeg_30,fake,True,20,27,fake,0.7894736842105263,0.6538461538461539,0.5185185185185185,0.7018858328461647,0.9060412235461526,0.9577727891780712,0.10433208014982655
test/000181.mp4,000181,resnet50,jpeg_40,fake,True,20,27,fake,0.7368421052631579,0.6538461538461539,0.5555555555555556,0.6916687145829201,0.9367975801411988,0.9577727891780712,0.10433208014982655
test/000181.mp4,000181,resnet50,jpeg_50,fake,True,20,27,fake,0.8421052631578947,0.6538461538461539,0.5185185185185185,0.7273535966873169,0.8903109305439688,0.9577727891780712,0.10433208014982655
test/000181.mp4,000181,resnet50,jpeg_60,fake,True,20,27,fake,0.8421052631578947,0.6538461538461539,0.48148148148148145,0.7106226131319999,0.9163500665670528,0.9577727891780712,0.10433208014982655
test/000181.mp4,000181,resnet50,jpeg_70,fake,True,20,27,fake,0.7894736842105263,0.6538461538461539,0.4444444444444444,0.7024970188736915,0.940452052176969,0.9577727891780712,0.10433208014982655
test/000181.mp4,000181,resnet50,jpeg_80,fake,True,20,27,fake,0.8947368421052632,0.6538461538461539,0.48148148148148145,0.7001844048500061,0.9400340714338574,0.9577727891780712,0.10433208014982655
test/000181.mp4,000181,resnet50,jpeg_90,fake,True,20,27,fake,0.8947368421052632,0.6538461538461539,0.5185185185185185,0.7095113590359687,0.9341214557781095,0.9577727891780712,0.10433208014982655
test/000181.mp4,000181,resnet50,jpeg_95,fake,True,20,27,fake,0.8947368421052632,0.6538461538461539,0.5185185185185185,0.7042194589972496,0.9302345497096411,0.9577727891780712,0.10433208014982655
test/000181.mp4,000181,resnet50,h264_18_keepaudio,fake,True,20,27,fake,0.631578947368421,0.6538461538461539,0.5185185185185185,0.6595915570855141,1.0272897186244356,0.9577727891780712,0.10433208014982655
test/000181.mp4,000181,resnet50,h264_23_keepaudio,fake,True,20,27,fake,0.8421052631578947,0.6538461538461539,0.5185185185185185,0.6874377742409706,1.0004858306181155,0.9577727891780712,0.10433208014982655
test/000181.mp4,000181,resnet50,h264_28_keepaudio,fake,True,21,27,fake,0.65,0.6538461538461539,0.5555555555555556,0.6933463797682807,0.9428080655355581,0.9577727891780712,0.10433208014982655
test/000181.mp4,000181,resnet50,h264_33_keepaudio,fake,True,21,27,fake,0.7,0.6538461538461539,0.5185185185185185,0.644481822138741,1.067689318533529,0.9577727891780712,0.10433208014982655
test/000181.mp4,000181,resnet50,h264_38_keepaudio,fake,True,21,27,fake,0.7,0.6538461538461539,0.6296296296296297,0.6324050483249483,1.046889657448592,0.9577727891780712,0.10433208014982655
test/000181.mp4,000181,resnet50,h264_43_keepaudio,fake,True,19,27,fake,0.7777777777777778,0.6538461538461539,0.7407407407407407,0.5178838113420888,1.2983829968330927,0.9577727891780712,0.10433208014982655
test/000182.mp4,000182,resnet50,clean,real,True,24,30,fake,0.6086956521739131,0.7241379310344828,0.8,0.5725575722754002,1.2085631062476638,0.9469426472981771,0.13349682295130907
test/000182.mp4,000182,resnet50,jpeg_10,real,True,24,30,fake,0.6521739130434783,0.7241379310344828,0.7333333333333333,0.6557633578777313,0.9291173336387727,0.9469426472981771,0.13349682295130907
test/000182.mp4,000182,resnet50,jpeg_20,real,True,24,30,fake,0.782608695652174,0.7241379310344828,0.7,0.6439933727184931,1.0852215683803303,0.9469426472981771,0.13349682295130907
test/000182.mp4,000182,resnet50,jpeg_30,real,True,24,30,fake,0.782608695652174,0.7241379310344828,0.7333333333333333,0.6208559945225716,1.100029940258379,0.9469426472981771,0.13349682295130907
test/000182.mp4,000182,resnet50,jpeg_40,real,True,24,30,fake,0.6521739130434783,0.7241379310344828,0.8,0.6345033322771391,1.0749463445592107,0.9469426472981771,0.13349682295130907
test/000182.mp4,000182,resnet50,jpeg_50,real,True,24,30,fake,0.7391304347826086,0.7241379310344828,0.7333333333333333,0.5759318433701992,1.2036401624719717,0.9469426472981771,0.13349682295130907
test/000182.mp4,000182,resnet50,jpeg_60,real,True,24,30,fake,0.6956521739130435,0.7241379310344828,0.7666666666666667,0.6114158766965071,1.1735560320272675,0.9469426472981771,0.13349682295130907
test/000182.mp4,000182,resnet50,jpeg_70,real,True,24,30,fake,0.6956521739130435,0.7241379310344828,0.7666666666666667,0.6465113001565138,1.0724307892233067,0.9469426472981771,0.13349682295130907
test/000182.mp4,000182,resnet50,jpeg_80,real,True,24,30,fake,0.6521739130434783,0.7241379310344828,0.7666666666666667,0.5785342728098234,1.2108014106182563,0.9469426472981771,0.13349682295130907
test/000182.mp4,000182,resnet50,jpeg_90,real,True,24,30,fake,0.6521739130434783,0.7241379310344828,0.7333333333333333,0.5817130692303181,1.206909703515162,0.9469426472981771,0.13349682295130907
test/000182.mp4,000182,resnet50,jpeg_95,real,True,24,30,fake,0.6956521739130435,0.7241379310344828,0.7333333333333333,0.5877132428189119,1.1987353125291207,0.9469426472981771,0.13349682295130907
test/000182.mp4,000182,resnet50,h264_18_keepaudio,real,True,24,30,fake,0.6086956521739131,0.7241379310344828,0.7,0.5716643122335275,1.213387651380706,0.9469426472981771,0.13349682295130907
test/000182.mp4,000182,resnet50,h264_23_keepaudio,real,True,24,30,fake,0.6521739130434783,0.7241379310344828,0.7,0.5620926457146803,1.2368583445625272,0.9469426472981771,0.13349682295130907
test/000182.mp4,000182,resnet50,h264_28_keepaudio,real,True,24,30,fake,0.6521739130434783,0.7241379310344828,0.7,0.5879065953195095,1.1736015421901747,0.9469426472981771,0.13349682295130907
test/000182.mp4,000182,resnet50,h264_33_keepaudio,real,True,24,30,fake,0.6521739130434783,0.7241379310344828,0.7333333333333333,0.5531915078560511,1.291160230404458,0.9469426472981771,0.13349682295130907
test/000182.mp4,000182,resnet50,h264_38_keepaudio,real,True,24,30,fake,0.6086956521739131,0.7241379310344828,0.7666666666666667,0.578657558808724,1.2025005454730786,0.9469426472981771,0.13349682295130907
test/000182.mp4,000182,resnet50,h264_43_keepaudio,real,True,25,30,fake,0.5833333333333334,0.7241379310344828,0.5666666666666667,0.6410671150684357,1.0213242270655645,0.9469426472981771,0.13349682295130907
test/000183.mp4,000183,resnet50,clean,fake,True,27,34,fake,0.6153846153846154,0.7272727272727273,0.7941176470588235,0.5839210660369308,1.2210223009123968,0.9438525017570046,0.13063355799660992
test/000183.mp4,000183,resnet50,jpeg_10,fake,True,27,34,fake,0.7307692307692307,0.7272727272727273,0.7647058823529411,0.6146660999015525,1.0851104725463212,0.9438525017570046,0.13063355799660992
test/000183.mp4,000183,resnet50,jpeg_20,fake,True,27,34,fake,0.8076923076923077,0.7272727272727273,0.7352941176470589,0.5896855151211774,1.1829162408251213,0.9438525017570046,0.13063355799660992
test/000183.mp4,000183,resnet50,jpeg_30,fake,True,27,34,fake,0.6153846153846154,0.7272727272727273,0.6470588235294118,0.5958323567001907,1.1760999986646665,0.9438525017570046,0.13063355799660992
test/000183.mp4,000183,resnet50,jpeg_40,fake,True,27,34,fake,0.6153846153846154,0.7272727272727273,0.6764705882352942,0.5930890838305155,1.2103333102989313,0.9438525017570046,0.13063355799660992
test/000183.mp4,000183,resnet50,jpeg_50,fake,True,27,34,fake,0.5769230769230769,0.7272727272727273,0.7058823529411765,0.6034150211899368,1.1717843189627544,0.9438525017570046,0.13063355799660992
test/000183.mp4,000183,resnet50,jpeg_60,fake,True,27,34,fake,0.5769230769230769,0.7272727272727273,0.7647058823529411,0.6417481656427737,1.0940923900954482,0.9438525017570046,0.13063355799660992
test/000183.mp4,000183,resnet50,jpeg_70,fake,True,27,34,fake,0.6153846153846154,0.7272727272727273,0.7941176470588235,0.6002444503483949,1.1952715600083688,0.9438525017570046,0.13063355799660992
test/000183.mp4,000183,resnet50,jpeg_80,fake,True,27,34,fake,0.5769230769230769,0.7272727272727273,0.7352941176470589,0.590960810581843,1.1998566697133537,0.9438525017570046,0.13063355799660992
test/000183.mp4,000183,resnet50,jpeg_90,fake,True,27,34,fake,0.5769230769230769,0.7272727272727273,0.7647058823529411,0.6247941123114692,1.1261340324272264,0.9438525017570046,0.13063355799660992
test/000183.mp4,000183,resnet50,jpeg_95,fake,True,27,34,fake,0.5384615384615384,0.7272727272727273,0.6764705882352942,0.5705691807799869,1.2229729479329587,0.9438525017570046,0.13063355799660992
test/000183.mp4,000183,resnet50,h264_18_keepaudio,fake,True,27,34,fake,0.6153846153846154,0.7272727272727273,0.7058823529411765,0.6232298722973576,1.171496847763673,0.9438525017570046,0.13063355799660992
test/000183.mp4,000183,resnet50,h264_23_keepaudio,fake,True,27,34,fake,0.6923076923076923,0.7272727272727273,0.7941176470588235,0.5873148132253576,1.2126307495515822,0.9438525017570046,0.13063355799660992
test/000183.mp4,000183,resnet50,h264_28_keepaudio,fake,True,28,34,fake,0.5925925925925926,0.7272727272727273,0.8823529411764706,0.5513731038996151,1.2943158408262758,0.9438525017570046,0.13063355799660992
test/000183.mp4,000183,resnet50,h264_33_keepaudio,fake,True,27,34,fake,0.5,0.7272727272727273,0.8235294117647058,0.5552979464884158,1.267007762831513,0.9438525017570046,0.13063355799660992
test/000183.mp4,000183,resnet50,h264_38_keepaudio,fake,True,27,34,fake,0.6538461538461539,0.7272727272727273,0.8529411764705882,0.560167298272804,1.2460778725220576,0.9438525017570046,0.13063355799660992
test/000183.mp4,000183,resnet50,h264_43_keepaudio,fake,True,27,34,fake,0.6538461538461539,0.7272727272727273,0.8235294117647058,0.5943138798077902,1.1344235257845896,0.9438525017570046,0.13063355799660992
test/000184.mp4,000184,resnet50,clean,fake,True,24,30,fake,0.6086956521739131,0.6896551724137931,0.7333333333333333,0.6296909637749195,1.1391103166758507,0.9496164202690125,0.12736745343901254
test/000184.mp4,000184,resnet50,jpeg_10,fake,True,24,30,fake,0.6521739130434783,0.6896551724137931,0.7666666666666667,0.6283806376159191,1.0472218312645782,0.9496164202690125,0.12736745343901254
test/000184.mp4,000184,resnet50,jpeg_20,fake,True,24,30,fake,0.8260869565217391,0.6896551724137931,0.7,0.6706630724171797,1.0302178458271147,0.9496164202690125,0.12736745343901254
test/000184.mp4,000184,resnet50,jpeg_30,fake,True,24,30,fake,0.6956521739130435,0.6896551724137931,0.7333333333333333,0.6609920226037502,1.0512234744545224,0.9496164202690125,0.12736745343901254
test/000184.mp4,000184,resnet50,jpeg_40,fake,True,24,30,fake,0.7391304347826086,0.6896551724137931,0.6333333333333333,0.6066486239433289,1.1645901560383571,0.9496164202690125,0.12736745343901254
test/000184.mp4,000184,resnet50,jpeg_50,fake,True,24,30,fake,0.6956521739130435,0.6896551724137931,0.7666666666666667,0.6219992320984602,1.1479280594967491,0.9496164202690125,0.12736745343901254
test/000184.mp4,000184,resnet50,jpeg_60,fake,True,24,30,fake,0.6956521739130435,0.6896551724137931,0.7333333333333333,0.6257626178363959,1.1282449215217263,0.9496164202690125,0.12736745343901254
test/000184.mp4,000184,resnet50,jpeg_70,fake,True,24,30,fake,0.7391304347826086,0.6896551724137931,0.8,0.6133469454944134,1.1697982945671301,0.9496164202690125,0.12736745343901254
test/000184.mp4,000184,resnet50,jpeg_80,fake,True,24,30,fake,0.5652173913043478,0.6896551724137931,0.8,0.5946861803531647,1.2029731656764078,0.9496164202690125,0.12736745343901254
test/000184.mp4,000184,resnet50,jpeg_90,fake,True,24,30,fake,0.5652173913043478,0.6896551724137931,0.7666666666666667,0.588328434775273,1.196859757205131,0.9496164202690125,0.12736745343901254
test/000184.mp4,000184,resnet50,jpeg_95,fake,True,24,30,fake,0.6956521739130435,0.6896551724137931,0.7666666666666667,0.6090194471180439,1.1412609837818313,0.9496164202690125,0.12736745343901254
test/000184.mp4,000184,resnet50,h264_18_keepaudio,fake,True,24,30,fake,0.6521739130434783,0.6896551724137931,0.7666666666666667,0.6303919963538647,1.1414883907068913,0.9496164202690125,0.12736745343901254
test/000184.mp4,000184,resnet50,h264_23_keepaudio,fake,True,24,30,fake,0.6086956521739131,0.6896551724137931,0.8,0.606045146783193,1.1876111391683983,0.9496164202690125,0.12736745343901254
test/000184.mp4,000184,resnet50,h264_28_keepaudio,fake,True,25,30,fake,0.625,0.6896551724137931,0.7666666666666667,0.5482589197158814,1.3010572267730964,0.9496164202690125,0.12736745343901254
test/000184.mp4,000184,resnet50,h264_33_keepaudio,fake,True,24,30,fake,0.4782608695652174,0.6896551724137931,0.7,0.5138948243111372,1.3549559085273615,0.9496164202690125,0.12736745343901254
test/000184.mp4,000184,resnet50,h264_38_keepaudio,fake,True,24,30,fake,0.7391304347826086,0.6896551724137931,0.7,0.5392191087206205,1.2795747473607755,0.9496164202690125,0.12736745343901254
test/000184.mp4,000184,resnet50,h264_43_keepaudio,fake,True,24,30,fake,0.4782608695652174,0.6896551724137931,0.4666666666666667,0.5452998677889506,1.253903456070314,0.9496164202690125,0.12736745343901254
test/000185.mp4,000185,resnet50,clean,fake,True,28,35,fake,0.5925925925925926,0.7352941176470589,0.6571428571428571,0.569549486041069,1.2300920390483956,0.962478654725211,0.09578307313281298
test/000185.mp4,000185,resnet50,jpeg_10,fake,True,28,35,fake,0.48148148148148145,0.7352941176470589,0.6571428571428571,0.6344463026949337,1.0115052654087968,0.962478654725211,0.09578307313281298
test/000185.mp4,000185,resnet50,jpeg_20,fake,True,28,35,fake,0.7037037037037037,0.7352941176470589,0.6285714285714286,0.6134297315563474,1.1420164732006997,0.962478654725211,0.09578307313281298
test/000185.mp4,000185,resnet50,jpeg_30,fake,True,28,35,fake,0.7777777777777778,0.7352941176470589,0.6285714285714286,0.6309628497276988,1.1200012245622757,0.962478654725211,0.09578307313281298
test/000185.mp4,000185,resnet50,jpeg_40,fake,True,28,35,fake,0.7037037037037037,0.7352941176470589,0.6571428571428571,0.6098509164793151,1.1726662029345813,0.962478654725211,0.09578307313281298
test/000185.mp4,000185,resnet50,jpeg_50,fake,True,28,35,fake,0.5925925925925926,0.7352941176470589,0.6571428571428571,0.607374522302832,1.1696970399028068,0.962478654725211,0.09578307313281298
test/000185.mp4,000185,resnet50,jpeg_60,fake,True,28,35,fake,0.6296296296296297,0.7352941176470589,0.6285714285714286,0.5939086622425488,1.1842143249147732,0.962478654725211,0.09578307313281298
test/000185.mp4,000185,resnet50,jpeg_70,fake,True,28,35,fake,0.7777777777777778,0.7352941176470589,0.6571428571428571,0.6084029078483582,1.1812625773148984,0.962478654725211,0.09578307313281298
test/000185.mp4,000185,resnet50,jpeg_80,fake,True,28,35,fake,0.6666666666666666,0.7352941176470589,0.6857142857142857,0.6079448887280056,1.1795817092005443,0.962478654725211,0.09578307313281298
test/000185.mp4,000185,resnet50,jpeg_90,fake,True,28,35,fake,0.6666666666666666,0.7352941176470589,0.6571428571428571,0.5756723550813538,1.230533420710163,0.962478654725211,0.09578307313281298
test/000185.mp4,000185,resnet50,jpeg_95,fake,True,28,35,fake,0.7407407407407407,0.7352941176470589,0.6285714285714286,0.5755281512226377,1.2237882657146406,0.962478654725211,0.09578307313281298
test/000185.mp4,000185,resnet50,h264_18_keepaudio,fake,True,28,35,fake,0.6296296296296297,0.7352941176470589,0.6285714285714286,0.5838783979415894,1.2142635901611156,0.962478654725211,0.09578307313281298
test/000185.mp4,000185,resnet50,h264_23_keepaudio,fake,True,28,35,fake,0.5185185185185185,0.7352941176470589,0.7142857142857143,0.5464246762650353,1.2635265683089163,0.962478654725211,0.09578307313281298
test/000185.mp4,000185,resnet50,h264_28_keepaudio,fake,True,29,35,fake,0.5714285714285714,0.7352941176470589,0.7142857142857143,0.5498464467196629,1.2844999537451005,0.962478654725211,0.09578307313281298
test/000185.mp4,000185,resnet50,h264_33_keepaudio,fake,True,28,35,fake,0.5555555555555556,0.7352941176470589,0.7142857142857143,0.5016413384250232,1.3690288478163914,0.962478654725211,0.09578307313281298
test/000185.mp4,000185,resnet50,h264_38_keepaudio,fake,True,28,35,fake,0.8518518518518519,0.7352941176470589,0.8,0.6194212223802295,1.1005359805707722,0.962478654725211,0.09578307313281298
test/000185.mp4,000185,resnet50,h264_43_keepaudio,fake,True,28,35,fake,0.4074074074074074,0.7352941176470589,0.7714285714285715,0.5563856538917337,1.225045859833038,0.962478654725211,0.09578307313281298
test/000186.mp4,000186,resnet50,clean,real,True,28,34,fake,0.4444444444444444,0.5757575757575758,0.7647058823529411,0.6060278873358454,1.1261780018512357,0.9119268042199752,0.2161296671461409
test/000186.mp4,000186,resnet50,jpeg_10,real,True,28,34,fake,0.6666666666666666,0.5757575757575758,0.6176470588235294,0.675070267702852,0.9657802096879678,0.9119268042199752,0.2161296671461409
test/000186.mp4,000186,resnet50,jpeg_20,real,True,28,34,fake,0.7777777777777778,0.5757575757575758,0.6764705882352942,0.6341296253459794,1.0566012316014706,0.9119268042199752,0.2161296671461409
test/000186.mp4,000186,resnet50,jpeg_30,real,True,28,34,fake,0.48148148148148145,0.5757575757575758,0.7647058823529411,0.5783979488270623,1.1519238900916289,0.9119268042199752,0.2161296671461409
test/000186.mp4,000186,resnet50,jpeg_40,real,True,28,34,fake,0.2962962962962963,0.5757575757575758,0.7941176470588235,0.6023183326636042,1.1434183494470838,0.9119268042199752,0.2161296671461409
test/000186.mp4,000186,resnet50,jpeg_50,real,True,28,34,fake,0.4074074074074074,0.5757575757575758,0.7352941176470589,0.5766198188066483,1.183964059795956,0.9119268042199752,0.2161296671461409
test/000186.mp4,000186,resnet50,jpeg_60,real,True,28,34,fake,0.4074074074074074,0.5757575757575758,0.7941176470588235,0.5718244782515934,1.1947708101156915,0.9119268042199752,0.2161296671461409
test/000186.mp4,000186,resnet50,jpeg_70,real,True,28,34,fake,0.48148148148148145,0.5757575757575758,0.7941176470588235,0.6370266005396843,1.0871556173159358,0.9119268042199752,0.2161296671461409
test/000186.mp4,000186,resnet50,jpeg_80,real,True,28,34,fake,0.5925925925925926,0.5757575757575758,0.7941176470588235,0.6334358698555401,1.0757516978004031,0.9119268042199752,0.2161296671461409
test/000186.mp4,000186,resnet50,jpeg_90,real,True,28,34,fake,0.5185185185185185,0.5757575757575758,0.7647058823529411,0.5803284847310611,1.1817956376062757,0.9119268042199752,0.2161296671461409
test/000186.mp4,000186,resnet50,jpeg_95,real,True,28,34,fake,0.5185185185185185,0.5757575757575758,0.6764705882352942,0.6028873728854316,1.1284144616561236,0.9119268042199752,0.2161296671461409
test/000186.mp4,000186,resnet50,h264_18_keepaudio,real,True,28,34,fake,0.5185185185185185,0.5757575757575758,0.8235294117647058,0.5677128455468586,1.1987376778298124,0.9119268042199752,0.2161296671461409
test/000186.mp4,000186,resnet50,h264_23_keepaudio,real,True,28,34,fake,0.6296296296296297,0.5757575757575758,0.7941176470588235,0.6182811930775642,1.0826027412940276,0.9119268042199752,0.2161296671461409
test/000186.mp4,000186,resnet50,h264_28_keepaudio,real,True,28,34,fake,0.5555555555555556,0.5757575757575758,0.6764705882352942,0.6040311881474086,1.1077561867827894,0.9119268042199752,0.2161296671461409
test/000186.mp4,000186,resnet50,h264_33_keepaudio,real,True,28,34,fake,0.7777777777777778,0.5757575757575758,0.8235294117647058,0.6242037106837545,1.0714959450290125,0.9119268042199752,0.2161296671461409
test/000186.mp4,000186,resnet50,h264_38_keepaudio,real,True,28,34,fake,0.6666666666666666,0.5757575757575758,0.7352941176470589,0.6268644705414772,1.1150018591106752,0.9119268042199752,0.2161296671461409
test/000186.mp4,000186,resnet50,h264_43_keepaudio,real,True,28,34,fake,0.5555555555555556,0.5757575757575758,0.8235294117647058,0.6506870442203113,1.0544435293922108,0.9119268042199752,0.2161296671461409
test/000187.mp4,000187,resnet50,clean,real,True,40,49,fake,0.717948717948718,0.5625,0.7755102040816326,0.635909915715456,1.0624129939707292,0.9559583475395125,0.12444336400000941
test/000187.mp4,000187,resnet50,jpeg_10,real,True,40,49,fake,0.7435897435897436,0.5625,0.7346938775510204,0.6605966754257679,0.9544867682911302,0.9559583475395125,0.12444336400000941
test/000187.mp4,000187,resnet50,jpeg_20,real,True,40,49,fake,0.717948717948718,0.5625,0.8367346938775511,0.6498450495302677,1.0232328731423297,0.9559583475395125,0.12444336400000941
test/000187.mp4,000187,resnet50,jpeg_30,real,True,40,49,fake,0.7692307692307693,0.5625,0.7755102040816326,0.6121604040265083,1.071900090519194,0.9559583475395125,0.12444336400000941
test/000187.mp4,000187,resnet50,jpeg_40,real,True,40,49,fake,0.6153846153846154,0.5625,0.7142857142857143,0.6251713037490845,1.06432402183929,0.9559583475395125,0.12444336400000941
test/000187.mp4,000187,resnet50,jpeg_50,real,True,40,49,fake,0.7692307692307693,0.5625,0.8571428571428571,0.644466758519411,1.0586716418906084,0.9559583475395125,0.12444336400000941
test/000187.mp4,000187,resnet50,jpeg_60,real,True,40,49,fake,0.7435897435897436,0.5625,0.8367346938775511,0.6322252094745636,1.074214456027556,0.9559583475395125,0.12444336400000941
test/000187.mp4,000187,resnet50,jpeg_70,real,True,40,49,fake,0.6153846153846154,0.5625,0.7346938775510204,0.6184056010097265,1.1047855893501695,0.9559583475395125,0.12444336400000941
test/000187.mp4,000187,resnet50,jpeg_80,real,True,40,49,fake,0.7692307692307693,0.5625,0.7959183673469388,0.6504942331463098,1.0487938096506357,0.9559583475395125,0.12444336400000941
test/000187.mp4,000187,resnet50,jpeg_90,real,True,40,49,fake,0.7435897435897436,0.5625,0.7755102040816326,0.6343913108110428,1.0674811626778329,0.9559583475395125,0.12444336400000941
test/000187.mp4,000187,resnet50,jpeg_95,real,True,40,49,fake,0.717948717948718,0.5625,0.8163265306122449,0.6168717999011278,1.0898453967782566,0.9559583475395125,0.12444336400000941
test/000187.mp4,000187,resnet50,h264_18_keepaudio,real,True,40,49,fake,0.6410256410256411,0.5625,0.7959183673469388,0.6036687716841698,1.1310137540189489,0.9559583475395125,0.12444336400000941
test/000187.mp4,000187,resnet50,h264_23_keepaudio,real,True,40,49,fake,0.7435897435897436,0.5625,0.7551020408163265,0.6496059529483318,1.061979454333716,0.9559583475395125,0.12444336400000941
test/000187.mp4,000187,resnet50,h264_28_keepaudio,real,True,40,49,fake,0.8205128205128205,0.5625,0.7346938775510204,0.6550873056054115,1.0440330336259815,0.9559583475395125,0.12444336400000941
test/000187.mp4,000187,resnet50,h264_33_keepaudio,real,True,40,49,fake,0.7948717948717948,0.5625,0.7959183673469388,0.623695369809866,1.066889562071891,0.9559583475395125,0.12444336400000941
test/000187.mp4,000187,resnet50,h264_38_keepaudio,real,True,40,49,fake,0.4358974358974359,0.5625,0.7959183673469388,0.5986764695495367,1.13872945277778,0.9559583475395125,0.12444336400000941
test/000187.mp4,000187,resnet50,h264_43_keepaudio,real,True,40,49,fake,0.5897435897435898,0.5625,0.7346938775510204,0.6223021440207959,1.0908771657942435,0.9559583475395125,0.12444336400000941
test/000188.mp4,000188,resnet50,clean,fake,True,44,54,fake,0.7906976744186046,0.49056603773584906,0.8518518518518519,0.6336691989140077,1.0805188443006157,0.922328198397601,0.2097137104110086
test/000188.mp4,000188,resnet50,jpeg_10,fake,True,44,54,fake,0.8372093023255814,0.49056603773584906,0.7962962962962963,0.6625047976320441,0.96150534020795,0.922328198397601,0.2097137104110086
test/000188.mp4,000188,resnet50,jpeg_20,fake,True,44,54,fake,0.7209302325581395,0.49056603773584906,0.7592592592592593,0.6537102169611237,1.01852337272122,0.922328198397601,0.2097137104110086
test/000188.mp4,000188,resnet50,jpeg_30,fake,True,44,54,fake,0.8372093023255814,0.49056603773584906,0.8518518518518519,0.5965446447106925,1.1259951918117994,0.922328198397601,0.2097137104110086
test/000188.mp4,000188,resnet50,jpeg_40,fake,True,44,54,fake,0.8604651162790697,0.49056603773584906,0.7592592592592593,0.6553612188859419,1.033327133691065,0.922328198397601,0.2097137104110086
test/000188.mp4,000188,resnet50,jpeg_50,fake,True,44,54,fake,0.7674418604651163,0.49056603773584906,0.8333333333333334,0.6280753341588107,1.0848260748658078,0.922328198397601,0.2097137104110086
test/000188.mp4,000188,resnet50,jpeg_60,fake,True,44,54,fake,0.813953488372093,0.49056603773584906,0.8148148148148148,0.648533008992672,1.0616858270105778,0.922328198397601,0.2097137104110086
test/000188.mp4,000188,resnet50,jpeg_70,fake,True,44,54,fake,0.813953488372093,0.49056603773584906,0.8333333333333334,0.6079671023921533,1.1170935781013591,0.922328198397601,0.2097137104110086
test/000188.mp4,000188,resnet50,jpeg_80,fake,True,44,54,fake,0.8604651162790697,0.49056603773584906,0.8518518518518519,0.631831440735947,1.084901438103728,0.922328198397601,0.2097137104110086
test/000188.mp4,000188,resnet50,jpeg_90,fake,True,44,54,fake,0.7441860465116279,0.49056603773584906,0.8518518518518519,0.6275394450534474,1.0912853518790575,0.922328198397601,0.2097137104110086
test/000188.mp4,000188,resnet50,jpeg_95,fake,True,44,54,fake,0.9069767441860465,0.49056603773584906,0.8148148148148148,0.6526659083637324,1.0472520978244007,0.922328198397601,0.2097137104110086
test/000188.mp4,000188,resnet50,h264_18_keepaudio,fake,True,44,54,fake,0.7441860465116279,0.49056603773584906,0.8703703703703703,0.6112243052233349,1.1126840060560355,0.922328198397601,0.2097137104110086
test/000188.mp4,000188,resnet50,h264_23_keepaudio,fake,True,44,54,fake,0.7209302325581395,0.49056603773584906,0.7592592592592593,0.6324158331209963,1.1089922719175278,0.922328198397601,0.2097137104110086
test/000188.mp4,000188,resnet50,h264_28_keepaudio,fake,True,44,54,fake,0.6511627906976745,0.49056603773584906,0.8518518518518519,0.6246287097985094,1.0954175949706373,0.922328198397601,0.2097137104110086
test/000188.mp4,000188,resnet50,h264_33_keepaudio,fake,True,44,54,fake,0.6511627906976745,0.49056603773584906,0.8703703703703703,0.666732903231274,1.0046879684075172,0.922328198397601,0.2097137104110086
test/000188.mp4,000188,resnet50,h264_38_keepaudio,fake,True,44,54,fake,0.6976744186046512,0.49056603773584906,0.8333333333333334,0.6526884782043371,1.0291113771872267,0.922328198397601,0.2097137104110086
test/000188.mp4,000188,resnet50,h264_43_keepaudio,fake,True,44,54,fake,0.6744186046511628,0.49056603773584906,0.8148148148148148,0.5531508204611865,1.2083610853550388,0.922328198397601,0.2097137104110086
test/000189.mp4,000189,resnet50,clean,fake,True,41,50,fake,0.725,0.6122448979591837,0.74,0.617694773325106,1.099619029704047,0.9183628296852112,0.2103026849922609
test/000189.mp4,000189,resnet50,jpeg_10,fake,True,41,50,fake,0.825,0.6122448979591837,0.72,0.6760940093819688,0.9381254755679331,0.9183628296852112,0.2103026849922609
test/000189.mp4,000189,resnet50,jpeg_20,fake,True,41,50,fake,0.7,0.6122448979591837,0.68,0.6393060015469063,1.0334997332385312,0.9183628296852112,0.2103026849922609
test/000189.mp4,000189,resnet50,jpeg_30,fake,True,41,50,fake,0.7,0.6122448979591837,0.8,0.604154876819471,1.0948966758687435,0.9183628296852112,0.2103026849922609
test/000189.mp4,000189,resnet50,jpeg_40,fake,True,41,50,fake,0.75,0.6122448979591837,0.72,0.645818491171046,1.039454060856239,0.9183628296852112,0.2103026849922609
test/000189.mp4,000189,resnet50,jpeg_50,fake,True,41,50,fake,0.775,0.6122448979591837,0.8,0.6061720593673426,1.1144689963595225,0.9183628296852112,0.2103026849922609
test/000189.mp4,000189,resnet50,jpeg_60,fake,True,41,50,fake,0.7,0.6122448979591837,0.74,0.6205285914787432,1.0706443762097582,0.9183628296852112,0.2103026849922609
test/000189.mp4,000189,resnet50,jpeg_70,fake,True,41,50,fake,0.825,0.6122448979591837,0.74,0.6168458447223757,1.078539628365463,0.9183628296852112,0.2103026849922609
test/000189.mp4,000189,resnet50,jpeg_80,fake,True,41,50,fake,0.775,0.6122448979591837,0.7,0.6351088394479054,1.0707902780525351,0.9183628296852112,0.2103026849922609
test/000189.mp4,000189,resnet50,jpeg_90,fake,True,41,50,fake,0.675,0.6122448979591837,0.74,0.6182974228044835,1.0849325931831422,0.9183628296852112,0.2103026849922609
test/000189.mp4,000189,resnet50,jpeg_95,fake,True,41,50,fake,0.775,0.6122448979591837,0.7,0.6230697152091236,1.08350214447117,0.9183628296852112,0.2103026849922609
test/000189.mp4,000189,resnet50,h264_18_keepaudio,fake,True,41,50,fake,0.7,0.6122448979591837,0.74,0.6267936375082993,1.0850078366486267,0.9183628296852112,0.2103026849922609
test/000189.mp4,000189,resnet50,h264_23_keepaudio,fake,True,41,50,fake,0.7,0.6122448979591837,0.72,0.6384754776954651,1.0600923391178472,0.9183628296852112,0.2103026849922609
test/000189.mp4,000189,resnet50,h264_28_keepaudio,fake,True,41,50,fake,0.675,0.6122448979591837,0.8,0.6156855639888019,1.1298804971582401,0.9183628296852112,0.2103026849922609
test/000189.mp4,000189,resnet50,h264_33_keepaudio,fake,True,41,50,fake,0.625,0.6122448979591837,0.84,0.6263055714165292,1.0733384005858533,0.9183628296852112,0.2103026849922609
test/000189.mp4,000189,resnet50,h264_38_keepaudio,fake,True,41,50,fake,0.625,0.6122448979591837,0.82,0.662177769149222,1.011758803484284,0.9183628296852112,0.2103026849922609
test/000189.mp4,000189,resnet50,h264_43_keepaudio,fake,True,41,50,fake,0.725,0.6122448979591837,0.74,0.5565223861031416,1.1981913365919874,0.9183628296852112,0.2103026849922609
test/000190.mp4,000190,resnet50,clean,fake,True,43,53,fake,0.7142857142857143,0.5384615384615384,0.7735849056603774,0.6510772621908854,1.0367320367476984,0.9270285559150407,0.1962763591983104
test/000190.mp4,000190,resnet50,jpeg_10,fake,True,43,53,fake,0.7619047619047619,0.5384615384615384,0.7735849056603774,0.6866323109283003,0.9298244742439038,0.9270285559150407,0.1962763591983104
test/000190.mp4,000190,resnet50,jpeg_20,fake,True,43,53,fake,0.7857142857142857,0.5384615384615384,0.7547169811320755,0.6641515126061994,0.9909683419971501,0.9270285559150407,0.1962763591983104
test/000190.mp4,000190,resnet50,jpeg_30,fake,True,43,53,fake,0.8571428571428571,0.5384615384615384,0.8301886792452831,0.62354169127553,1.0579836018243356,0.9270285559150407,0.1962763591983104
test/000190.mp4,000190,resnet50,jpeg_40,fake,True,43,53,fake,0.8095238095238095,0.5384615384615384,0.7547169811320755,0.6754095921682757,0.984806728627772,0.9270285559150407,0.1962763591983104
test/000190.mp4,000190,resnet50,jpeg_50,fake,True,43,53,fake,0.7619047619047619,0.5384615384615384,0.7924528301886793,0.6410370309685551,1.053064972185789,0.9270285559150407,0.1962763591983104
test/000190.mp4,000190,resnet50,jpeg_60,fake,True,43,53,fake,0.7857142857142857,0.5384615384615384,0.7358490566037735,0.6457491724990135,1.047061959680334,0.9270285559150407,0.1962763591983104
test/000190.mp4,000190,resnet50,jpeg_70,fake,True,43,53,fake,0.7857142857142857,0.5384615384615384,0.7735849056603774,0.6365529922551887,1.0560410580857185,0.9270285559150407,0.1962763591983104
test/000190.mp4,000190,resnet50,jpeg_80,fake,True,43,53,fake,0.8095238095238095,0.5384615384615384,0.7735849056603774,0.6552342682383782,1.0232481433991087,0.9270285559150407,0.1962763591983104
test/000190.mp4,000190,resnet50,jpeg_90,fake,True,43,53,fake,0.7142857142857143,0.5384615384615384,0.7547169811320755,0.6378352101459059,1.0673998281587729,0.9270285559150407,0.1962763591983104
test/000190.mp4,000190,resnet50,jpeg_95,fake,True,43,53,fake,0.7380952380952381,0.5384615384615384,0.7547169811320755,0.6438727593699167,1.0585663114152315,0.9270285559150407,0.1962763591983104
test/000190.mp4,000190,resnet50,h264_18_keepaudio,fake,True,43,53,fake,0.6190476190476191,0.5384615384615384,0.7924528301886793,0.6284471694813218,1.073096258467931,0.9270285559150407,0.1962763591983104
test/000190.mp4,000190,resnet50,h264_23_keepaudio,fake,True,43,53,fake,0.5952380952380952,0.5384615384615384,0.6981132075471698,0.6098281013411145,1.129067585753728,0.9270285559150407,0.1962763591983104
test/000190.mp4,000190,resnet50,h264_28_keepaudio,fake,True,43,53,fake,0.6190476190476191,0.5384615384615384,0.8490566037735849,0.620167926993481,1.1224437603415731,0.9270285559150407,0.1962763591983104
test/000190.mp4,000190,resnet50,h264_33_keepaudio,fake,True,43,53,fake,0.5952380952380952,0.5384615384615384,0.8867924528301887,0.6439637105132259,1.066935709936778,0.9270285559150407,0.1962763591983104
test/000190.mp4,000190,resnet50,h264_38_keepaudio,fake,True,43,53,fake,0.5714285714285714,0.5384615384615384,0.8679245283018868,0.6181261380051457,1.1146272476651917,0.9270285559150407,0.1962763591983104
test/000190.mp4,000190,resnet50,h264_43_keepaudio,fake,True,43,53,fake,0.6904761904761905,0.5384615384615384,0.8113207547169812,0.5570164794145629,1.2279380140773213,0.9270285559150407,0.1962763591983104
test/000191.mp4,000191,resnet50,clean,fake,True,42,52,fake,0.7073170731707317,0.5686274509803921,0.7884615384615384,0.6279179021006539,1.0924469888227664,0.9125486251253349,0.21319854224953516
test/000191.mp4,000191,resnet50,jpeg_10,fake,True,42,52,fake,0.8048780487804879,0.5686274509803921,0.8269230769230769,0.6703557514009022,0.9561202906269128,0.9125486251253349,0.21319854224953516
test/000191.mp4,000191,resnet50,jpeg_20,fake,True,42,52,fake,0.8048780487804879,0.5686274509803921,0.7692307692307693,0.6766539634693236,0.9598332324222754,0.9125486251253349,0.21319854224953516
test/000191.mp4,000191,resnet50,jpeg_30,fake,True,42,52,fake,0.7560975609756098,0.5686274509803921,0.7692307692307693,0.6166236826351711,1.0860031404689305,0.9125486251253349,0.21319854224953516
test/000191.mp4,000191,resnet50,jpeg_40,fake,True,42,52,fake,0.7560975609756098,0.5686274509803921,0.75,0.6751265000729334,1.0123861850099414,0.9125486251253349,0.21319854224953516
test/000191.mp4,000191,resnet50,jpeg_50,fake,True,42,52,fake,0.7073170731707317,0.5686274509803921,0.7884615384615384,0.6421752962328139,1.0719923231700628,0.9125486251253349,0.21319854224953516
test/000191.mp4,000191,resnet50,jpeg_60,fake,True,42,52,fake,0.7073170731707317,0.5686274509803921,0.7307692307692307,0.6514678292331242,1.0552456081579242,0.9125486251253349,0.21319854224953516
test/000191.mp4,000191,resnet50,jpeg_70,fake,True,42,52,fake,0.8048780487804879,0.5686274509803921,0.7884615384615384,0.6309319940351305,1.0658215612539539,0.9125486251253349,0.21319854224953516
test/000191.mp4,000191,resnet50,jpeg_80,fake,True,42,52,fake,0.8048780487804879,0.5686274509803921,0.75,0.6350330007927758,1.0826652222446111,0.9125486251253349,0.21319854224953516
test/000191.mp4,000191,resnet50,jpeg_90,fake,True,42,52,fake,0.6585365853658537,0.5686274509803921,0.7692307692307693,0.6271782992851167,1.0961206749492112,0.9125486251253349,0.21319854224953516
test/000191.mp4,000191,resnet50,jpeg_95,fake,True,42,52,fake,0.7804878048780488,0.5686274509803921,0.75,0.6423290315128508,1.0545074949504618,0.9125486251253349,0.21319854224953516
test/000191.mp4,000191,resnet50,h264_18_keepaudio,fake,True,42,52,fake,0.6341463414634146,0.5686274509803921,0.8076923076923077,0.656118033897309,1.0408202935926831,0.9125486251253349,0.21319854224953516
test/000191.mp4,000191,resnet50,h264_23_keepaudio,fake,True,42,52,fake,0.6829268292682927,0.5686274509803921,0.7307692307692307,0.6548691668680736,1.053015625257511,0.9125486251253349,0.21319854224953516
test/000191.mp4,000191,resnet50,h264_28_keepaudio,fake,True,42,52,fake,0.7073170731707317,0.5686274509803921,0.8269230769230769,0.6325044277168456,1.08788411331464,0.9125486251253349,0.21319854224953516
test/000191.mp4,000191,resnet50,h264_33_keepaudio,fake,True,42,52,fake,0.5365853658536586,0.5686274509803921,0.8076923076923077,0.6277755328587123,1.0718598698948694,0.9125486251253349,0.21319854224953516
test/000191.mp4,000191,resnet50,h264_38_keepaudio,fake,True,42,52,fake,0.5853658536585366,0.5686274509803921,0.8076923076923077,0.6550292784259433,1.0360956849076393,0.9125486251253349,0.21319854224953516
test/000191.mp4,000191,resnet50,h264_43_keepaudio,fake,True,42,52,fake,0.6097560975609756,0.5686274509803921,0.8461538461538461,0.5585706276553017,1.2038716379099046,0.9125486251253349,0.21319854224953516
test/000192.mp4,000192,resnet50,clean,fake,True,41,50,fake,0.75,0.5714285714285714,0.8,0.6099638888021794,1.102604338081745,0.9002041649818421,0.252814743833619
test/000192.mp4,000192,resnet50,jpeg_10,fake,True,41,50,fake,0.65,0.5714285714285714,0.8,0.6625980204198418,0.9437080255592674,0.9002041649818421,0.252814743833619
test/000192.mp4,000192,resnet50,jpeg_20,fake,True,41,50,fake,0.7,0.5714285714285714,0.78,0.6747353185967702,0.9782443827363615,0.9002041649818421,0.252814743833619
test/000192.mp4,000192,resnet50,jpeg_30,fake,True,41,50,fake,0.875,0.5714285714285714,0.78,0.6226856570418288,1.0636967272170255,0.9002041649818421,0.252814743833619
test/000192.mp4,000192,resnet50,jpeg_40,fake,True,41,50,fake,0.825,0.5714285714285714,0.76,0.6574903646620308,1.032951284284784,0.9002041649818421,0.252814743833619
test/000192.mp4,000192,resnet50,jpeg_50,fake,True,41,50,fake,0.775,0.5714285714285714,0.8,0.6119431406259537,1.0953384096579295,0.9002041649818421,0.252814743833619
test/000192.mp4,000192,resnet50,jpeg_60,fake,True,41,50,fake,0.75,0.5714285714285714,0.76,0.6040452653315009,1.105778279532465,0.9002041649818421,0.252814743833619
test/000192.mp4,000192,resnet50,jpeg_70,fake,True,41,50,fake,0.775,0.5714285714285714,0.8,0.616320203717162,1.0752202709766565,0.9002041649818421,0.252814743833619
test/000192.mp4,000192,resnet50,jpeg_80,fake,True,41,50,fake,0.725,0.5714285714285714,0.8,0.6176268850884786,1.093987460354986,0.9002041649818421,0.252814743833619
test/000192.mp4,000192,resnet50,jpeg_90,fake,True,41,50,fake,0.725,0.5714285714285714,0.78,0.5951193011388546,1.1452210961336096,0.9002041649818421,0.252814743833619
test/000192.mp4,000192,resnet50,jpeg_95,fake,True,41,50,fake,0.8,0.5714285714285714,0.76,0.6194029959236703,1.0945233823588292,0.9002041649818421,0.252814743833619
test/000192.mp4,000192,resnet50,h264_18_keepaudio,fake,True,41,50,fake,0.6,0.5714285714285714,0.76,0.6075250877112877,1.1230019449795725,0.9002041649818421,0.252814743833619
test/000192.mp4,000192,resnet50,h264_23_keepaudio,fake,True,41,50,fake,0.7,0.5714285714285714,0.74,0.5986746789478674,1.1491923661754182,0.9002041649818421,0.252814743833619
test/000192.mp4,000192,resnet50,h264_28_keepaudio,fake,True,41,50,fake,0.7,0.5714285714285714,0.8,0.5954064196202813,1.1471518779184127,0.9002041649818421,0.252814743833619
test/000192.mp4,000192,resnet50,h264_33_keepaudio,fake,True,41,50,fake,0.625,0.5714285714285714,0.9,0.607546658777609,1.1183222425310224,0.9002041649818421,0.252814743833619
test/000192.mp4,000192,resnet50,h264_38_keepaudio,fake,True,41,50,fake,0.675,0.5714285714285714,0.72,0.6208987468626441,1.111856908133237,0.9002041649818421,0.252814743833619
test/000192.mp4,000192,resnet50,h264_43_keepaudio,fake,True,41,50,fake,0.6,0.5714285714285714,0.72,0.6093779111780772,1.0971822908855262,0.9002041649818421,0.252814743833619
test/000193.mp4,000193,resnet50,clean,fake,True,41,50,fake,0.725,0.5510204081632653,0.84,0.6413463812048842,1.0621596277577596,0.9382553386688233,0.15778404045056754
test/000193.mp4,000193,resnet50,jpeg_10,fake,True,41,50,fake,0.775,0.5510204081632653,0.76,0.6715307846301939,0.9566488303800769,0.9382553386688233,0.15778404045056754
test/000193.mp4,000193,resnet50,jpeg_20,fake,True,41,50,fake,0.8,0.5510204081632653,0.74,0.6768377059843482,0.9721694259443314,0.9382553386688233,0.15778404045056754
test/000193.mp4,000193,resnet50,jpeg_30,fake,True,41,50,fake,0.8,0.5510204081632653,0.84,0.6250834624941756,1.0643726936405504,0.9382553386688233,0.15778404045056754
test/000193.mp4,000193,resnet50,jpeg_40,fake,True,41,50,fake,0.85,0.5510204081632653,0.8,0.6681410931959385,1.0037073237816674,0.9382553386688233,0.15778404045056754
test/000193.mp4,000193,resnet50,jpeg_50,fake,True,41,50,fake,0.775,0.5510204081632653,0.84,0.6370406463378813,1.0648883461551992,0.9382553386688233,0.15778404045056754
test/000193.mp4,000193,resnet50,jpeg_60,fake,True,41,50,fake,0.8,0.5510204081632653,0.78,0.6307751092968917,1.0936691273800032,0.9382553386688233,0.15778404045056754
test/000193.mp4,000193,resnet50,jpeg_70,fake,True,41,50,fake,0.825,0.5510204081632653,0.84,0.6313348826838703,1.0836797199306238,0.9382553386688233,0.15778404045056754
test/000193.mp4,000193,resnet50,jpeg_80,fake,True,41,50,fake,0.75,0.5510204081632653,0.84,0.6295435290511061,1.0847548022901337,0.9382553386688233,0.15778404045056754
test/000193.mp4,000193,resnet50,jpeg_90,fake,True,41,50,fake,0.675,0.5510204081632653,0.82,0.6268348126876645,1.098670388896859,0.9382553386688233,0.15778404045056754
test/000193.mp4,000193,resnet50,jpeg_95,fake,True,41,50,fake,0.675,0.5510204081632653,0.82,0.6256112129223056,1.0915517564483903,0.9382553386688233,0.15778404045056754
test/000193.mp4,000193,resnet50,h264_18_keepaudio,fake,True,41,50,fake,0.675,0.5510204081632653,0.88,0.6389504198620959,1.0688176256031463,0.9382553386688233,0.15778404045056754
test/000193.mp4,000193,resnet50,h264_23_keepaudio,fake,True,41,50,fake,0.65,0.5510204081632653,0.76,0.6464675984731535,1.0485297101198099,0.9382553386688233,0.15778404045056754
test/000193.mp4,000193,resnet50,h264_28_keepaudio,fake,True,41,50,fake,0.625,0.5510204081632653,0.8,0.6326107440925226,1.0981984322382934,0.9382553386688233,0.15778404045056754
test/000193.mp4,000193,resnet50,h264_33_keepaudio,fake,True,41,50,fake,0.55,0.5510204081632653,0.86,0.6389688100756669,1.0640748839166172,0.9382553386688233,0.15778404045056754
test/000193.mp4,000193,resnet50,h264_38_keepaudio,fake,True,41,50,fake,0.7,0.5510204081632653,0.78,0.6418909386890691,1.052947922354001,0.9382553386688233,0.15778404045056754
test/000193.mp4,000193,resnet50,h264_43_keepaudio,fake,True,41,50,fake,0.75,0.5510204081632653,0.78,0.6112188333418311,1.1037673188568526,0.9382553386688233,0.15778404045056754
test/000194.mp4,000194,resnet50,clean,real,True,17,20,fake,0.9375,0.42105263157894735,0.85,0.6951663231148439,0.948171786295354,0.9461652904748916,0.14494675537285634
test/000194.mp4,000194,resnet50,jpeg_10,real,True,17,20,fake,1.0,0.42105263157894735,0.85,0.7019678669817307,0.85206691398946,0.9461652904748916,0.14494675537285634
test/000194.mp4,000194,resnet50,jpeg_20,real,True,17,20,fake,0.875,0.42105263157894735,0.85,0.7380341536858502,0.8809360250275174,0.9461652904748916,0.14494675537285634
test/000194.mp4,000194,resnet50,jpeg_30,real,True,17,20,fake,0.75,0.42105263157894735,0.85,0.7086323008817785,0.9036085774742559,0.9461652904748916,0.14494675537285634
test/000194.mp4,000194,resnet50,jpeg_40,real,True,17,20,fake,0.75,0.42105263157894735,0.85,0.689564576920341,1.0043932710269103,0.9461652904748916,0.14494675537285634
test/000194.mp4,000194,resnet50,jpeg_50,real,True,17,20,fake,0.9375,0.42105263157894735,0.8,0.6910185726249919,0.9668229526311984,0.9461652904748916,0.14494675537285634
test/000194.mp4,000194,resnet50,jpeg_60,real,True,17,20,fake,0.875,0.42105263157894735,0.85,0.7121673419195063,0.9342271708454833,0.9461652904748916,0.14494675537285634
test/000194.mp4,000194,resnet50,jpeg_70,real,True,17,20,fake,0.9375,0.42105263157894735,0.85,0.7123670963680043,0.9477373471396426,0.9461652904748916,0.14494675537285634
test/000194.mp4,000194,resnet50,jpeg_80,real,True,17,20,fake,0.8125,0.42105263157894735,0.85,0.6885569305980906,0.9901816242133838,0.9461652904748916,0.14494675537285634
test/000194.mp4,000194,resnet50,jpeg_90,real,True,17,20,fake,0.875,0.42105263157894735,0.85,0.7108253521077773,0.9474953135826527,0.9461652904748916,0.14494675537285634
test/000194.mp4,000194,resnet50,jpeg_95,real,True,17,20,fake,0.9375,0.42105263157894735,0.85,0.7129415150950936,0.9185184679664978,0.9461652904748916,0.14494675537285634
test/000194.mp4,000194,resnet50,h264_18_keepaudio,real,True,17,20,fake,0.9375,0.42105263157894735,0.85,0.7322531587937299,0.9007628804256117,0.9461652904748916,0.14494675537285634
test/000194.mp4,000194,resnet50,h264_23_keepaudio,real,True,17,20,fake,0.6875,0.42105263157894735,0.85,0.6786920323091394,0.9914721521601516,0.9461652904748916,0.14494675537285634
test/000194.mp4,000194,resnet50,h264_28_keepaudio,real,True,17,20,fake,1.0,0.42105263157894735,0.85,0.651964496163761,1.0823623572301988,0.9461652904748916,0.14494675537285634
test/000194.mp4,000194,resnet50,h264_33_keepaudio,real,True,17,20,fake,1.0,0.42105263157894735,0.85,0.7568770997664508,0.8722907601500287,0.9461652904748916,0.14494675537285634
test/000194.mp4,000194,resnet50,h264_38_keepaudio,real,True,17,20,fake,0.875,0.42105263157894735,0.75,0.6167871285887325,1.1754338932814423,0.9461652904748916,0.14494675537285634
test/000194.mp4,000194,resnet50,h264_43_keepaudio,real,True,17,20,fake,0.5,0.42105263157894735,0.9,0.5537334084510803,1.2430030502419325,0.9461652904748916,0.14494675537285634
test/000195.mp4,000195,resnet50,clean,real,True,38,46,fake,0.972972972972973,0.8444444444444444,0.41304347826086957,0.654263110537278,1.0369431331135985,0.9927244691745095,0.022816525144846483
test/000195.mp4,000195,resnet50,jpeg_10,real,True,38,46,fake,0.918918918918919,0.8444444444444444,0.3695652173913043,0.7074204534292221,0.8928620160118307,0.9927244691745095,0.022816525144846483
test/000195.mp4,000195,resnet50,jpeg_20,real,True,38,46,fake,0.8918918918918919,0.8444444444444444,0.43478260869565216,0.7104455240462956,0.9167669165871947,0.9927244691745095,0.022816525144846483
test/000195.mp4,000195,resnet50,jpeg_30,real,True,38,46,fake,0.918918918918919,0.8444444444444444,0.41304347826086957,0.6725005648638073,0.9687825809699258,0.9927244691745095,0.022816525144846483
test/000195.mp4,000195,resnet50,jpeg_40,real,True,38,46,fake,0.918918918918919,0.8444444444444444,0.391304347826087,0.6879893870730149,0.9586708830101828,0.9927244691745095,0.022816525144846483
test/000195.mp4,000195,resnet50,jpeg_50,real,True,38,46,fake,0.918918918918919,0.8444444444444444,0.391304347826087,0.6655752329449904,0.997198487437941,0.9927244691745095,0.022816525144846483
test/000195.mp4,000195,resnet50,jpeg_60,real,True,38,46,fake,0.9459459459459459,0.8444444444444444,0.41304347826086957,0.6962361712204782,0.964205982768578,0.9927244691745095,0.022816525144846483
test/000195.mp4,000195,resnet50,jpeg_70,real,True,38,46,fake,0.918918918918919,0.8444444444444444,0.391304347826087,0.6808689558192303,0.9997551058278192,0.9927244691745095,0.022816525144846483
test/000195.mp4,000195,resnet50,jpeg_80,real,True,38,46,fake,0.918918918918919,0.8444444444444444,0.41304347826086957,0.6568885539707384,1.032826355644933,0.9927244691745095,0.022816525144846483
test/000195.mp4,000195,resnet50,jpeg_90,real,True,38,46,fake,0.918918918918919,0.8444444444444444,0.391304347826087,0.667134837884652,1.0133736890431833,0.9927244691745095,0.022816525144846483
test/000195.mp4,000195,resnet50,jpeg_95,real,True,38,46,fake,0.918918918918919,0.8444444444444444,0.43478260869565216,0.6560123547127372,1.0343908977125114,0.9927244691745095,0.022816525144846483
test/000195.mp4,000195,resnet50,h264_18_keepaudio,real,True,38,46,fake,0.918918918918919,0.8444444444444444,0.391304347826087,0.6693289679916281,1.0243411479463596,0.9927244691745095,0.022816525144846483
test/000195.mp4,000195,resnet50,h264_23_keepaudio,real,True,38,46,fake,0.9459459459459459,0.8444444444444444,0.41304347826086957,0.6573206994094347,1.0408426367143078,0.9927244691745095,0.022816525144846483
test/000195.mp4,000195,resnet50,h264_28_keepaudio,real,True,38,46,fake,0.8918918918918919,0.8444444444444444,0.41304347826086957,0.6651896544192967,1.029843120250242,0.9927244691745095,0.022816525144846483
test/000195.mp4,000195,resnet50,h264_33_keepaudio,real,True,38,46,fake,0.918918918918919,0.8444444444444444,0.41304347826086957,0.595500606455301,1.1543476949800426,0.9927244691745095,0.022816525144846483
test/000195.mp4,000195,resnet50,h264_38_keepaudio,real,True,38,46,fake,0.918918918918919,0.8444444444444444,0.41304347826086957,0.6600108236858719,1.0432156853650925,0.9927244691745095,0.022816525144846483
test/000195.mp4,000195,resnet50,h264_43_keepaudio,real,True,38,46,fake,0.8918918918918919,0.8444444444444444,0.45652173913043476,0.6827311398167359,0.9246444289955248,0.9927244691745095,0.022816525144846483
test/000196.mp4,000196,resnet50,clean,fake,True,41,50,fake,0.925,0.7346938775510204,0.42,0.6455611506613289,1.0645545600174393,0.9915950810909271,0.02339442637525703
test/000196.mp4,000196,resnet50,jpeg_10,fake,True,41,50,fake,0.95,0.7346938775510204,0.38,0.7204101961560365,0.8500351307950144,0.9915950810909271,0.02339442637525703
test/000196.mp4,000196,resnet50,jpeg_20,fake,True,41,50,fake,0.85,0.7346938775510204,0.42,0.6947560048684841,0.9460624792226756,0.9915950810909271,0.02339442637525703
test/000196.mp4,000196,resnet50,jpeg_30,fake,True,41,50,fake,0.9,0.7346938775510204,0.42,0.6889742627376463,0.9562287977470856,0.9915950810909271,0.02339442637525703
test/000196.mp4,000196,resnet50,jpeg_40,fake,True,41,50,fake,0.925,0.7346938775510204,0.42,0.6879889274515757,0.9652856828533927,0.9915950810909271,0.02339442637525703
test/000196.mp4,000196,resnet50,jpeg_50,fake,True,41,50,fake,0.9,0.7346938775510204,0.4,0.6743298354672222,0.9911482072115265,0.9915950810909271,0.02339442637525703
test/000196.mp4,000196,resnet50,jpeg_60,fake,True,41,50,fake,0.95,0.7346938775510204,0.44,0.6614085835654561,1.0405718191168392,0.9915950810909271,0.02339442637525703
test/000196.mp4,000196,resnet50,jpeg_70,fake,True,41,50,fake,0.925,0.7346938775510204,0.42,0.6643067038640743,1.0210716859966684,0.9915950810909271,0.02339442637525703
test/000196.mp4,000196,resnet50,jpeg_80,fake,True,41,50,fake,0.925,0.7346938775510204,0.42,0.6601633465871578,1.037841138323536,0.9915950810909271,0.02339442637525703
test/000196.mp4,000196,resnet50,jpeg_90,fake,True,41,50,fake,0.95,0.7346938775510204,0.42,0.6537990373809163,1.0467659440057784,0.9915950810909271,0.02339442637525703
test/000196.mp4,000196,resnet50,jpeg_95,fake,True,41,50,fake,0.95,0.7346938775510204,0.42,0.6583888399891737,1.0430902579262213,0.9915950810909271,0.02339442637525703
test/000196.mp4,000196,resnet50,h264_18_keepaudio,fake,True,41,50,fake,0.95,0.7346938775510204,0.42,0.6621454081884245,1.0226285036357479,0.9915950810909271,0.02339442637525703
test/000196.mp4,000196,resnet50,h264_23_keepaudio,fake,True,41,50,fake,0.9,0.7346938775510204,0.42,0.6585745840537839,1.0377606576296248,0.9915950810909271,0.02339442637525703
test/000196.mp4,000196,resnet50,h264_28_keepaudio,fake,True,41,50,fake,0.925,0.7346938775510204,0.42,0.6813188195228577,0.9673153712251076,0.9915950810909271,0.02339442637525703
test/000196.mp4,000196,resnet50,h264_33_keepaudio,fake,True,41,50,fake,0.875,0.7346938775510204,0.42,0.6363126642820311,1.1067940219070485,0.9915950810909271,0.02339442637525703
test/000196.mp4,000196,resnet50,h264_38_keepaudio,fake,True,41,50,fake,0.925,0.7346938775510204,0.42,0.6546070982770222,1.0598420367408161,0.9915950810909271,0.02339442637525703
test/000196.mp4,000196,resnet50,h264_43_keepaudio,fake,True,41,50,fake,0.925,0.7346938775510204,0.42,0.675171987312596,0.9845027752214416,0.9915950810909271,0.02339442637525703
test/000197.mp4,000197,resnet50,clean,fake,True,38,47,fake,0.9459459459459459,0.8478260869565217,0.40425531914893614,0.6202249550505688,1.0936030049353596,0.9778448343276978,0.05247454969999899
test/000197.mp4,000197,resnet50,jpeg_10,fake,True,38,47,fake,0.7837837837837838,0.8478260869565217,0.3617021276595745,0.7198607694161566,0.8753617575996748,0.9778448343276978,0.05247454969999899
test/000197.mp4,000197,resnet50,jpeg_20,fake,True,38,47,fake,0.8648648648648649,0.8478260869565217,0.3829787234042553,0.7042385018185565,0.9157156622006124,0.9778448343276978,0.05247454969999899
test/000197.mp4,000197,resnet50,jpeg_30,fake,True,38,47,fake,0.918918918918919,0.8478260869565217,0.3404255319148936,0.6520632301506243,1.0101761220082093,0.9778448343276978,0.05247454969999899
test/000197.mp4,000197,resnet50,jpeg_40,fake,True,38,47,fake,0.918918918918919,0.8478260869565217,0.3404255319148936,0.6732116945480046,0.9933118274035874,0.9778448343276978,0.05247454969999899
test/000197.mp4,000197,resnet50,jpeg_50,fake,True,38,47,fake,0.918918918918919,0.8478260869565217,0.3617021276595745,0.6358054288123783,1.0496359065821874,0.9778448343276978,0.05247454969999899
test/000197.mp4,000197,resnet50,jpeg_60,fake,True,38,47,fake,0.972972972972973,0.8478260869565217,0.3404255319148936,0.6160716437979749,1.082461157128804,0.9778448343276978,0.05247454969999899
test/000197.mp4,000197,resnet50,jpeg_70,fake,True,38,47,fake,0.918918918918919,0.8478260869565217,0.40425531914893614,0.6115055045014933,1.0947705691219365,0.9778448343276978,0.05247454969999899
test/000197.mp4,000197,resnet50,jpeg_80,fake,True,38,47,fake,0.8648648648648649,0.8478260869565217,0.3617021276595745,0.6221383527705544,1.0737108850719392,0.9778448343276978,0.05247454969999899
test/000197.mp4,000197,resnet50,jpeg_90,fake,True,38,47,fake,0.8918918918918919,0.8478260869565217,0.3617021276595745,0.6140178308675164,1.1004401429853001,0.9778448343276978,0.05247454969999899
test/000197.mp4,000197,resnet50,jpeg_95,fake,True,38,47,fake,0.9459459459459459,0.8478260869565217,0.3404255319148936,0.6086460885248686,1.0999811258258354,0.9778448343276978,0.05247454969999899
test/000197.mp4,000197,resnet50,h264_18_keepaudio,fake,True,38,47,fake,0.9459459459459459,0.8478260869565217,0.3404255319148936,0.6241520698133268,1.078159823531989,0.9778448343276978,0.05247454969999899
test/000197.mp4,000197,resnet50,h264_23_keepaudio,fake,True,38,47,fake,0.972972972972973,0.8478260869565217,0.40425531914893614,0.643477411646592,1.0726191750334835,0.9778448343276978,0.05247454969999899
test/000197.mp4,000197,resnet50,h264_28_keepaudio,fake,True,38,47,fake,0.8918918918918919,0.8478260869565217,0.40425531914893614,0.6285599187800759,1.0958492146582561,0.9778448343276978,0.05247454969999899
test/000197.mp4,000197,resnet50,h264_33_keepaudio,fake,True,38,47,fake,0.8378378378378378,0.8478260869565217,0.3829787234042553,0.6596092291568455,1.0720289482181904,0.9778448343276978,0.05247454969999899
test/000197.mp4,000197,resnet50,h264_38_keepaudio,fake,True,38,47,fake,0.7567567567567568,0.8478260869565217,0.48936170212765956,0.5709700113848636,1.2412357949310828,0.9778448343276978,0.05247454969999899
test/000197.mp4,000197,resnet50,h264_43_keepaudio,fake,True,38,47,fake,0.7567567567567568,0.8478260869565217,0.46808510638297873,0.619981409687745,1.1277085295943505,0.9778448343276978,0.05247454969999899
test/000198.mp4,000198,resnet50,clean,fake,True,41,50,fake,0.875,0.7755102040816326,0.42,0.6379744737613492,1.0524290080570058,0.9904507219791412,0.025791496351771595
test/000198.mp4,000198,resnet50,jpeg_10,fake,True,41,50,fake,0.875,0.7755102040816326,0.32,0.7454240438414783,0.81533773029565,0.9904507219791412,0.025791496351771595
test/000198.mp4,000198,resnet50,jpeg_20,fake,True,41,50,fake,0.925,0.7755102040816326,0.36,0.6995468321369915,0.923853331133698,0.9904507219791412,0.025791496351771595
test/000198.mp4,000198,resnet50,jpeg_30,fake,True,41,50,fake,0.95,0.7755102040816326,0.4,0.6870828670699421,0.9594572618667749,0.9904507219791412,0.025791496351771595
test/000198.mp4,000198,resnet50,jpeg_40,fake,True,41,50,fake,0.875,0.7755102040816326,0.4,0.6583429996560259,1.0088721396793443,0.9904507219791412,0.025791496351771595
test/000198.mp4,000198,resnet50,jpeg_50,fake,True,41,50,fake,0.825,0.7755102040816326,0.4,0.6556769529493843,0.9986470315463065,0.9904507219791412,0.025791496351771595
test/000198.mp4,000198,resnet50,jpeg_60,fake,True,41,50,fake,0.85,0.7755102040816326,0.4,0.6777464383985938,0.9950228803455494,0.9904507219791412,0.025791496351771595
test/000198.mp4,000198,resnet50,jpeg_70,fake,True,41,50,fake,0.9,0.7755102040816326,0.4,0.6543253587513436,1.0150577633005173,0.9904507219791412,0.025791496351771595
test/000198.mp4,000198,resnet50,jpeg_80,fake,True,41,50,fake,0.85,0.7755102040816326,0.4,0.6270248722739336,1.0771807093543635,0.9904507219791412,0.025791496351771595
test/000198.mp4,000198,resnet50,jpeg_90,fake,True,41,50,fake,0.8,0.7755102040816326,0.4,0.6336501829507875,1.048990157706472,0.9904507219791412,0.025791496351771595
test/000198.mp4,000198,resnet50,jpeg_95,fake,True,41,50,fake,0.95,0.7755102040816326,0.4,0.650264239892727,1.037428805687603,0.9904507219791412,0.025791496351771595
test/000198.mp4,000198,resnet50,h264_18_keepaudio,fake,True,41,50,fake,0.9,0.7755102040816326,0.36,0.6648612436724872,1.0039749632656159,0.9904507219791412,0.025791496351771595
test/000198.mp4,000198,resnet50,h264_23_keepaudio,fake,True,41,50,fake,0.875,0.7755102040816326,0.4,0.6526519190974351,1.0642697696512802,0.9904507219791412,0.025791496351771595
test/000198.mp4,000198,resnet50,h264_28_keepaudio,fake,True,41,50,fake,0.875,0.7755102040816326,0.4,0.6773620131539135,1.000107074548476,0.9904507219791412,0.025791496351771595
test/000198.mp4,000198,resnet50,h264_33_keepaudio,fake,True,41,50,fake,0.875,0.7755102040816326,0.38,0.7032256373545018,0.9814002768205049,0.9904507219791412,0.025791496351771595
test/000198.mp4,000198,resnet50,h264_38_keepaudio,fake,True,41,50,fake,0.825,0.7755102040816326,0.44,0.5786838262546353,1.2132329602314909,0.9904507219791412,0.025791496351771595
test/000198.mp4,000198,resnet50,h264_43_keepaudio,fake,True,41,50,fake,0.675,0.7755102040816326,0.42,0.5776585558565651,1.1007335804256515,0.9904507219791412,0.025791496351771595
test/000199.mp4,000199,resnet50,clean,real,True,28,34,fake,0.8518518518518519,0.696969696969697,0.35294117647058826,0.6887652650475502,0.9490557184932165,0.995773921994602,0.01291041424736238
test/000199.mp4,000199,resnet50,jpeg_10,real,True,28,34,fake,0.9259259259259259,0.696969696969697,0.29411764705882354,0.7151345280664307,0.806461934115093,0.995773921994602,0.01291041424736238
test/000199.mp4,000199,resnet50,jpeg_20,real,True,28,34,fake,0.8888888888888888,0.696969696969697,0.29411764705882354,0.6923069613320487,0.9053535960403989,0.995773921994602,0.01291041424736238
test/000199.mp4,000199,resnet50,jpeg_30,real,True,28,34,fake,0.8888888888888888,0.696969696969697,0.35294117647058826,0.7289413277591977,0.8505700120633651,0.995773921994602,0.01291041424736238
test/000199.mp4,000199,resnet50,jpeg_40,real,True,28,34,fake,0.7037037037037037,0.696969696969697,0.35294117647058826,0.6742378920316696,0.94333375104141,0.995773921994602,0.01291041424736238
test/000199.mp4,000199,resnet50,jpeg_50,real,True,28,34,fake,0.9259259259259259,0.696969696969697,0.35294117647058826,0.6983430023704257,0.9225200363432423,0.995773921994602,0.01291041424736238
test/000199.mp4,000199,resnet50,jpeg_60,real,True,28,34,fake,0.8888888888888888,0.696969696969697,0.4117647058823529,0.7279038269604955,0.8909195963442686,0.995773921994602,0.01291041424736238
test/000199.mp4,000199,resnet50,jpeg_70,real,True,28,34,fake,0.9259259259259259,0.696969696969697,0.3235294117647059,0.6758298799395561,0.9609695825796561,0.995773921994602,0.01291041424736238
test/000199.mp4,000199,resnet50,jpeg_80,real,True,28,34,fake,0.8888888888888888,0.696969696969697,0.4117647058823529,0.6761212306363242,0.9539804771162411,0.995773921994602,0.01291041424736238
test/000199.mp4,000199,resnet50,jpeg_90,real,True,28,34,fake,0.8518518518518519,0.696969696969697,0.35294117647058826,0.6907742640801838,0.9460868194683586,0.995773921994602,0.01291041424736238
test/000199.mp4,000199,resnet50,jpeg_95,real,True,28,34,fake,0.8518518518518519,0.696969696969697,0.35294117647058826,0.6801042024578366,0.9719489413980932,0.995773921994602,0.01291041424736238
test/000199.mp4,000199,resnet50,h264_18_keepaudio,real,True,28,34,fake,0.9259259259259259,0.696969696969697,0.38235294117647056,0.6755548726235118,0.9667128123109725,0.995773921994602,0.01291041424736238
test/000199.mp4,000199,resnet50,h264_23_keepaudio,real,True,28,34,fake,0.8518518518518519,0.696969696969697,0.3235294117647059,0.6928139052220753,0.9250705912989824,0.995773921994602,0.01291041424736238
test/000199.mp4,000199,resnet50,h264_28_keepaudio,real,True,28,34,fake,0.8518518518518519,0.696969696969697,0.4117647058823529,0.7194981127977371,0.8970070646192326,0.995773921994602,0.01291041424736238
test/000199.mp4,000199,resnet50,h264_33_keepaudio,real,True,28,34,fake,0.8888888888888888,0.696969696969697,0.4117647058823529,0.6896163235817637,0.9647340619514074,0.995773921994602,0.01291041424736238
test/000199.mp4,000199,resnet50,h264_38_keepaudio,real,True,28,34,fake,0.8148148148148148,0.696969696969697,0.38235294117647056,0.7006740953241076,0.9005799816818476,0.995773921994602,0.01291041424736238
test/000199.mp4,000199,resnet50,h264_43_keepaudio,real,True,28,34,fake,0.7037037037037037,0.696969696969697,0.4117647058823529,0.635626780135291,1.0412000287333472,0.995773921994602,0.01291041424736238
test/000200.mp4,000200,resnet50,clean,fake,True,31,38,fake,0.9,0.7837837837837838,0.3684210526315789,0.6938892497170356,0.923541398657051,0.9999980079500299,2.2335368198751147e-05
test/000200.mp4,000200,resnet50,jpeg_10,fake,True,31,38,fake,0.8666666666666667,0.7837837837837838,0.2631578947368421,0.7380992251057779,0.7852904218857285,0.9999980079500299,2.2335368198751147e-05
test/000200.mp4,000200,resnet50,jpeg_20,fake,True,31,38,fake,0.8666666666666667,0.7837837837837838,0.2631578947368421,0.7034363746643066,0.9012080900417323,0.9999980079500299,2.2335368198751147e-05
test/000200.mp4,000200,resnet50,jpeg_30,fake,True,31,38,fake,0.9,0.7837837837837838,0.2631578947368421,0.6353689595576255,1.0293500125921173,0.9999980079500299,2.2335368198751147e-05
test/000200.mp4,000200,resnet50,jpeg_40,fake,True,31,38,fake,0.9333333333333333,0.7837837837837838,0.3684210526315789,0.6846454403092784,0.9388304572257875,0.9999980079500299,2.2335368198751147e-05
test/000200.mp4,000200,resnet50,jpeg_50,fake,True,31,38,fake,0.8666666666666667,0.7837837837837838,0.2631578947368421,0.711288780935349,0.8978894492996028,0.9999980079500299,2.2335368198751147e-05
test/000200.mp4,000200,resnet50,jpeg_60,fake,True,31,38,fake,0.8,0.7837837837837838,0.2631578947368421,0.707869722958534,0.9160545346412028,0.9999980079500299,2.2335368198751147e-05
test/000200.mp4,000200,resnet50,jpeg_70,fake,True,31,38,fake,0.9,0.7837837837837838,0.3684210526315789,0.6702875792980194,0.9575075684849587,0.9999980079500299,2.2335368198751147e-05
test/000200.mp4,000200,resnet50,jpeg_80,fake,True,31,38,fake,0.9,0.7837837837837838,0.2894736842105263,0.7103908754164173,0.8930642013207376,0.9999980079500299,2.2335368198751147e-05
test/000200.mp4,000200,resnet50,jpeg_90,fake,True,31,38,fake,0.9,0.7837837837837838,0.34210526315789475,0.6804942834761835,0.9546969384967162,0.9999980079500299,2.2335368198751147e-05
test/000200.mp4,000200,resnet50,jpeg_95,fake,True,31,38,fake,0.9333333333333333,0.7837837837837838,0.3157894736842105,0.6808115984162977,0.9547795509337405,0.9999980079500299,2.2335368198751147e-05
test/000200.mp4,000200,resnet50,h264_18_keepaudio,fake,True,31,38,fake,0.8666666666666667,0.7837837837837838,0.2631578947368421,0.7027388426565355,0.9284518828414573,0.9999980079500299,2.2335368198751147e-05
test/000200.mp4,000200,resnet50,h264_23_keepaudio,fake,True,31,38,fake,0.9,0.7837837837837838,0.3157894736842105,0.6635032084680372,0.9971215498164347,0.9999980079500299,2.2335368198751147e-05
test/000200.mp4,000200,resnet50,h264_28_keepaudio,fake,True,31,38,fake,0.9333333333333333,0.7837837837837838,0.3684210526315789,0.6908796554611575,0.9469140143495958,0.9999980079500299,2.2335368198751147e-05
test/000200.mp4,000200,resnet50,h264_33_keepaudio,fake,True,31,38,fake,0.8333333333333334,0.7837837837837838,0.34210526315789475,0.6516077653054269,1.0229220254803013,0.9999980079500299,2.2335368198751147e-05
test/000200.mp4,000200,resnet50,h264_38_keepaudio,fake,True,31,38,fake,0.8333333333333334,0.7837837837837838,0.3684210526315789,0.6862486754694292,0.9381701313985632,0.9999980079500299,2.2335368198751147e-05
test/000200.mp4,000200,resnet50,h264_43_keepaudio,fake,True,31,38,fake,0.5333333333333333,0.7837837837837838,0.2894736842105263,0.5850067864502629,1.1017349581118636,0.9999980079500299,2.2335368198751147e-05
