rel_path,video_id,model_type,condition,ground_truth,ok,n_faces,n_seg,prediction,VT,AT,IM,fer_conf,fer_entropy,ser_conf,ser_entropy
test/000000.mp4,000000,vgg19,clean,real,True,14,17,fake,0.6153846153846154,0.5625,0.8823529411764706,0.7427427130086082,0.5919399196371395,0.864629806841121,0.3334303962454916
test/000000.mp4,000000,vgg19,jpeg_10,real,True,13,17,fake,0.75,0.5625,0.8235294117647058,0.7381768501721896,0.618229776922182,0.864629806841121,0.3334303962454916
test/000000.mp4,000000,vgg19,jpeg_20,real,True,14,17,fake,0.5384615384615384,0.5625,0.8235294117647058,0.790673920086452,0.5014674825904942,0.864629806841121,0.3334303962454916
test/000000.mp4,000000,vgg19,jpeg_30,real,True,13,17,fake,0.5833333333333334,0.5625,0.8823529411764706,0.7789645699354318,0.5199335694169629,0.864629806841121,0.3334303962454916
test/000000.mp4,000000,vgg19,jpeg_40,real,True,14,17,fake,0.6923076923076923,0.5625,0.8823529411764706,0.7227826224906104,0.6068764237167571,0.864629806841121,0.3334303962454916
test/000000.mp4,000000,vgg19,jpeg_50,real,True,13,17,fake,0.6666666666666666,0.5625,0.8823529411764706,0.7755458309100225,0.5213855260534449,0.864629806841121,0.3334303962454916
test/000000.mp4,000000,vgg19,jpeg_60,real,True,13,17,fake,0.5833333333333334,0.5625,0.8823529411764706,0.7742236783871284,0.526241170156525,0.864629806841121,0.3334303962454916
test/000000.mp4,000000,vgg19,jpeg_70,real,True,13,17,fake,0.5833333333333334,0.5625,0.8823529411764706,0.7760643500548142,0.5435374139550514,0.864629806841121,0.3334303962454916
test/000000.mp4,000000,vgg19,jpeg_80,real,True,13,17,fake,0.6666666666666666,0.5625,0.8823529411764706,0.7641715223972614,0.5480395792649916,0.864629806841121,0.3334303962454916
test/000000.mp4,000000,vgg19,jpeg_90,real,True,14,17,fake,0.6923076923076923,0.5625,0.8823529411764706,0.7806766671793801,0.5338044549655956,0.864629806841121,0.3334303962454916
test/000000.mp4,000000,vgg19,jpeg_95,real,True,13,17,fake,0.5,0.5625,0.8823529411764706,0.7481596676202921,0.5990429419205106,0.864629806841121,0.3334303962454916
test/000000.mp4,000000,vgg19,h264_18_keepaudio,real,True,13,17,fake,0.5,0.5625,0.8823529411764706,0.791108468404183,0.5182334630331978,0.864629806841121,0.3334303962454916
test/000000.mp4,000000,vgg19,h264_23_keepaudio,real,True,13,17,fake,0.5833333333333334,0.5625,0.8235294117647058,0.7716244138204135,0.5326637676568962,0.864629806841121,0.3334303962454916
test/000000.mp4,000000,vgg19,h264_28_keepaudio,real,True,14,17,fake,0.5384615384615384,0.5625,0.8823529411764706,0.8080333513872964,0.5266445673927753,0.864629806841121,0.3334303962454916
test/000000.mp4,000000,vgg19,h264_33_keepaudio,real,True,13,17,fake,0.75,0.5625,0.8235294117647058,0.6980458727249732,0.706936593506674,0.864629806841121,0.3334303962454916
test/000000.mp4,000000,vgg19,h264_38_keepaudio,real,True,13,17,fake,0.16666666666666666,0.5625,0.8235294117647058,0.82656130194664,0.47297675547187296,0.864629806841121,0.3334303962454916
test/000000.mp4,000000,vgg19,h264_43_keepaudio,real,True,13,17,fake,0.16666666666666666,0.5625,0.8235294117647058,0.7830294049703158,0.5850996778590649,0.864629806841121,0.3334303962454916
test/000001.mp4,000001,vgg19,clean,real,True,13,15,fake,0.6666666666666666,0.21428571428571427,0.6666666666666666,0.7556461347983434,0.533413586430401,0.8829591671625773,0.2830094194185668
test/000001.mp4,000001,vgg19,jpeg_10,real,True,10,15,fake,0.3333333333333333,0.21428571428571427,0.8666666666666667,0.7942028522491456,0.47171029844627704,0.8829591671625773,0.2830094194185668
test/000001.mp4,000001,vgg19,jpeg_20,real,True,13,15,fake,0.3333333333333333,0.21428571428571427,0.6666666666666666,0.8349606348918035,0.44810350567716123,0.8829591671625773,0.2830094194185668
test/000001.mp4,000001,vgg19,jpeg_30,real,True,13,15,fake,0.3333333333333333,0.21428571428571427,0.6,0.8328591310060941,0.43791413895979897,0.8829591671625773,0.2830094194185668
test/000001.mp4,000001,vgg19,jpeg_40,real,True,13,15,fake,0.3333333333333333,0.21428571428571427,0.6666666666666666,0.8050043170268719,0.4599795352818201,0.8829591671625773,0.2830094194185668
test/000001.mp4,000001,vgg19,jpeg_50,real,True,13,15,fake,0.4166666666666667,0.21428571428571427,0.8,0.8441321941522452,0.4152100405963315,0.8829591671625773,0.2830094194185668
test/000001.mp4,000001,vgg19,jpeg_60,real,True,13,15,fake,0.5833333333333334,0.21428571428571427,0.6666666666666666,0.8091479723270123,0.4851942702312453,0.8829591671625773,0.2830094194185668
test/000001.mp4,000001,vgg19,jpeg_70,real,True,13,15,fake,0.4166666666666667,0.21428571428571427,0.7333333333333333,0.784492566035344,0.518933976799375,0.8829591671625773,0.2830094194185668
test/000001.mp4,000001,vgg19,jpeg_80,real,True,13,15,fake,0.5833333333333334,0.21428571428571427,0.7333333333333333,0.8197061052689185,0.4589937315541732,0.8829591671625773,0.2830094194185668
test/000001.mp4,000001,vgg19,jpeg_90,real,True,13,15,fake,0.5833333333333334,0.21428571428571427,0.8,0.8499827086925507,0.42100737976766134,0.8829591671625773,0.2830094194185668
test/000001.mp4,000001,vgg19,jpeg_95,real,True,13,15,fake,0.5,0.21428571428571427,0.6666666666666666,0.764314415363165,0.5286036446172717,0.8829591671625773,0.2830094194185668
test/000001.mp4,000001,vgg19,h264_18_keepaudio,real,True,13,15,fake,0.5833333333333334,0.21428571428571427,0.8666666666666667,0.8158227938872117,0.4681406625667836,0.8829591671625773,0.2830094194185668
test/000001.mp4,000001,vgg19,h264_23_keepaudio,real,True,13,15,fake,0.16666666666666666,0.21428571428571427,0.7333333333333333,0.7527777804778173,0.5519730325893035,0.8829591671625773,0.2830094194185668
test/000001.mp4,000001,vgg19,h264_28_keepaudio,real,True,12,15,fake,0.09090909090909091,0.21428571428571427,0.6666666666666666,0.8306680942575136,0.49522888109486535,0.8829591671625773,0.2830094194185668
test/000001.mp4,000001,vgg19,h264_33_keepaudio,real,True,12,15,fake,0.09090909090909091,0.21428571428571427,0.8,0.8941241006056467,0.33950533565333657,0.8829591671625773,0.2830094194185668
test/000001.mp4,000001,vgg19,h264_38_keepaudio,real,True,13,15,fake,0.08333333333333333,0.21428571428571427,0.7333333333333333,0.8566875870411212,0.38949482254371587,0.8829591671625773,0.2830094194185668
test/000001.mp4,000001,vgg19,h264_43_keepaudio,real,True,13,15,fake,0.16666666666666666,0.21428571428571427,0.8666666666666667,0.9242677046702459,0.2845099612645248,0.8829591671625773,0.2830094194185668
test/000002.mp4,000002,vgg19,clean,fake,True,15,17,fake,0.35714285714285715,0.375,0.7647058823529411,0.8437464376290639,0.42337456445144916,0.8336106573834139,0.3520750602761284
test/000002.mp4,000002,vgg19,jpeg_10,fake,True,13,17,fake,0.5,0.375,0.7647058823529411,0.8420563408961663,0.4357091700455652,0.8336106573834139,0.3520750602761284
test/000002.mp4,000002,vgg19,jpeg_20,fake,True,15,17,fake,0.2857142857142857,0.375,0.6470588235294118,0.7610945065816244,0.5954176269623194,0.8336106573834139,0.3520750602761284
test/000002.mp4,000002,vgg19,jpeg_30,fake,True,15,17,fake,0.42857142857142855,0.375,0.6470588235294118,0.8261677424112955,0.4817783980680479,0.8336106573834139,0.3520750602761284
test/000002.mp4,000002,vgg19,jpeg_40,fake,True,15,17,fake,0.5714285714285714,0.375,0.7647058823529411,0.8142988721529643,0.4673757533519092,0.8336106573834139,0.3520750602761284
test/000002.mp4,000002,vgg19,jpeg_50,fake,True,15,17,fake,0.42857142857142855,0.375,0.7647058823529411,0.8644115924835205,0.3774873933041477,0.8336106573834139,0.3520750602761284
test/000002.mp4,000002,vgg19,jpeg_60,fake,True,15,17,fake,0.5714285714285714,0.375,0.7647058823529411,0.8190398017565409,0.4915991039284165,0.8336106573834139,0.3520750602761284
test/000002.mp4,000002,vgg19,jpeg_70,fake,True,15,17,fake,0.35714285714285715,0.375,0.7647058823529411,0.7986962974071503,0.49020590306684475,0.8336106573834139,0.3520750602761284
test/000002.mp4,000002,vgg19,jpeg_80,fake,True,15,17,fake,0.42857142857142855,0.375,0.7647058823529411,0.8059395909309387,0.49725314929821535,0.8336106573834139,0.3520750602761284
test/000002.mp4,000002,vgg19,jpeg_90,fake,True,15,17,fake,0.5,0.375,0.7647058823529411,0.8171979626019795,0.4751455104829098,0.8336106573834139,0.3520750602761284
test/000002.mp4,000002,vgg19,jpeg_95,fake,True,15,17,fake,0.2857142857142857,0.375,0.6470588235294118,0.8097813665866852,0.4812630566234339,0.8336106573834139,0.3520750602761284
test/000002.mp4,000002,vgg19,h264_18_keepaudio,fake,True,14,17,fake,0.38461538461538464,0.375,0.7647058823529411,0.844416903597968,0.42620726108084667,0.8336106573834139,0.3520750602761284
test/000002.mp4,000002,vgg19,h264_23_keepaudio,fake,True,15,17,fake,0.42857142857142855,0.375,0.7647058823529411,0.8179283440113068,0.4800516952991023,0.8336106573834139,0.3520750602761284
test/000002.mp4,000002,vgg19,h264_28_keepaudio,fake,True,15,17,fake,0.21428571428571427,0.375,0.6470588235294118,0.8696624676386515,0.39527130425178103,0.8336106573834139,0.3520750602761284
test/000002.mp4,000002,vgg19,h264_33_keepaudio,fake,True,15,17,fake,0.35714285714285715,0.375,0.5882352941176471,0.8249245166778565,0.4478251373020676,0.8336106573834139,0.3520750602761284
test/000002.mp4,000002,vgg19,h264_38_keepaudio,fake,True,15,17,fake,0.07142857142857142,0.375,0.8235294117647058,0.8657220284144084,0.41035049604976287,0.8336106573834139,0.3520750602761284
test/000002.mp4,000002,vgg19,h264_43_keepaudio,fake,True,15,17,fake,0.07142857142857142,0.375,0.8235294117647058,0.9010072509447734,0.33465930635826846,0.8336106573834139,0.3520750602761284
test/000003.mp4,000003,vgg19,clean,fake,True,13,16,fake,0.4166666666666667,0.26666666666666666,0.8125,0.8132810546801641,0.49761463097072267,0.8813353348523378,0.261840389172834
test/000003.mp4,000003,vgg19,jpeg_10,fake,True,12,16,fake,0.5454545454545454,0.26666666666666666,0.75,0.8079756697018942,0.5270168742005971,0.8813353348523378,0.261840389172834
test/000003.mp4,000003,vgg19,jpeg_20,fake,True,13,16,fake,0.4166666666666667,0.26666666666666666,0.6875,0.800682430083935,0.579803134683733,0.8813353348523378,0.261840389172834
test/000003.mp4,000003,vgg19,jpeg_30,fake,True,14,16,fake,0.5384615384615384,0.26666666666666666,0.6875,0.81112859078816,0.492501186366676,0.8813353348523378,0.261840389172834
test/000003.mp4,000003,vgg19,jpeg_40,fake,True,14,16,fake,0.5384615384615384,0.26666666666666666,0.8125,0.834647319146565,0.4251445769811015,0.8813353348523378,0.261840389172834
test/000003.mp4,000003,vgg19,jpeg_50,fake,True,14,16,fake,0.46153846153846156,0.26666666666666666,0.8125,0.8103258822645459,0.4893933437302455,0.8813353348523378,0.261840389172834
test/000003.mp4,000003,vgg19,jpeg_60,fake,True,14,16,fake,0.38461538461538464,0.26666666666666666,0.6875,0.7865731801305499,0.5033066331583546,0.8813353348523378,0.261840389172834
test/000003.mp4,000003,vgg19,jpeg_70,fake,True,13,16,fake,0.16666666666666666,0.26666666666666666,0.8125,0.8040682329581335,0.5076211807979074,0.8813353348523378,0.261840389172834
test/000003.mp4,000003,vgg19,jpeg_80,fake,True,13,16,fake,0.4166666666666667,0.26666666666666666,0.8125,0.8137982304279621,0.5197446023402563,0.8813353348523378,0.261840389172834
test/000003.mp4,000003,vgg19,jpeg_90,fake,True,13,16,fake,0.4166666666666667,0.26666666666666666,0.8125,0.8157590352571927,0.49981196883460044,0.8813353348523378,0.261840389172834
test/000003.mp4,000003,vgg19,jpeg_95,fake,True,13,16,fake,0.3333333333333333,0.26666666666666666,0.8125,0.8038603296646705,0.4994089730616765,0.8813353348523378,0.261840389172834
test/000003.mp4,000003,vgg19,h264_18_keepaudio,fake,True,13,16,fake,0.3333333333333333,0.26666666666666666,0.8125,0.8523476765705988,0.451376940668915,0.8813353348523378,0.261840389172834
test/000003.mp4,000003,vgg19,h264_23_keepaudio,fake,True,14,16,fake,0.38461538461538464,0.26666666666666666,0.6875,0.8468877289976392,0.4408037504962324,0.8813353348523378,0.261840389172834
test/000003.mp4,000003,vgg19,h264_28_keepaudio,fake,True,14,16,fake,0.23076923076923078,0.26666666666666666,0.6875,0.8427432945796421,0.43241204754808393,0.8813353348523378,0.261840389172834
test/000003.mp4,000003,vgg19,h264_33_keepaudio,fake,True,13,16,fake,0.16666666666666666,0.26666666666666666,0.6875,0.8534167959139898,0.4041222866554388,0.8813353348523378,0.261840389172834
test/000003.mp4,000003,vgg19,h264_38_keepaudio,fake,True,14,16,fake,0.3076923076923077,0.26666666666666666,0.6875,0.820047391312463,0.5310175713875699,0.8813353348523378,0.261840389172834
test/000003.mp4,000003,vgg19,h264_43_keepaudio,fake,True,14,16,fake,0.3076923076923077,0.26666666666666666,0.75,0.7940984900508609,0.5964215702623329,0.8813353348523378,0.261840389172834
test/000004.mp4,000004,vgg19,clean,fake,True,15,17,fake,0.35714285714285715,0.25,0.7647058823529411,0.8527849594751994,0.4087762056640569,0.8968018538811627,0.21676200556583844
test/000004.mp4,000004,vgg19,jpeg_10,fake,True,14,17,fake,0.3076923076923077,0.25,0.7647058823529411,0.7810732168810708,0.5536648874168207,0.8968018538811627,0.21676200556583844
test/000004.mp4,000004,vgg19,jpeg_20,fake,True,15,17,fake,0.42857142857142855,0.25,0.7058823529411765,0.7859786212444305,0.5323413299409024,0.8968018538811627,0.21676200556583844
test/000004.mp4,000004,vgg19,jpeg_30,fake,True,15,17,fake,0.2857142857142857,0.25,0.6470588235294118,0.8698479175567627,0.4063748231796123,0.8968018538811627,0.21676200556583844
test/000004.mp4,000004,vgg19,jpeg_40,fake,True,15,17,fake,0.35714285714285715,0.25,0.7647058823529411,0.8824957728385925,0.35535984674723525,0.8968018538811627,0.21676200556583844
test/000004.mp4,000004,vgg19,jpeg_50,fake,True,15,17,fake,0.35714285714285715,0.25,0.7647058823529411,0.8701328992843628,0.37436050235600343,0.8968018538811627,0.21676200556583844
test/000004.mp4,000004,vgg19,jpeg_60,fake,True,15,17,fake,0.5714285714285714,0.25,0.7647058823529411,0.8327358404795329,0.4473658548639736,0.8968018538811627,0.21676200556583844
test/000004.mp4,000004,vgg19,jpeg_70,fake,True,15,17,fake,0.35714285714285715,0.25,0.7647058823529411,0.8503511826197306,0.4205947806401902,0.8968018538811627,0.21676200556583844
test/000004.mp4,000004,vgg19,jpeg_80,fake,True,15,17,fake,0.35714285714285715,0.25,0.7647058823529411,0.8815328915913899,0.3757997772057357,0.8968018538811627,0.21676200556583844
test/000004.mp4,000004,vgg19,jpeg_90,fake,True,15,17,fake,0.35714285714285715,0.25,0.7647058823529411,0.8590495169162751,0.4004728430782047,0.8968018538811627,0.21676200556583844
test/000004.mp4,000004,vgg19,jpeg_95,fake,True,15,17,fake,0.5714285714285714,0.25,0.7647058823529411,0.8789105296134949,0.3581081720110429,0.8968018538811627,0.21676200556583844
test/000004.mp4,000004,vgg19,h264_18_keepaudio,fake,True,15,17,fake,0.5,0.25,0.7647058823529411,0.8639428814252218,0.3848150068508372,0.8968018538811627,0.21676200556583844
test/000004.mp4,000004,vgg19,h264_23_keepaudio,fake,True,15,17,fake,0.2857142857142857,0.25,0.7647058823529411,0.8834627588589986,0.3419768182859028,0.8968018538811627,0.21676200556583844
test/000004.mp4,000004,vgg19,h264_28_keepaudio,fake,True,15,17,fake,0.2857142857142857,0.25,0.7647058823529411,0.854607896010081,0.4211857819072486,0.8968018538811627,0.21676200556583844
test/000004.mp4,000004,vgg19,h264_33_keepaudio,fake,True,15,17,fake,0.07142857142857142,0.25,0.6470588235294118,0.9100668509801229,0.288555285024679,0.8968018538811627,0.21676200556583844
test/000004.mp4,000004,vgg19,h264_38_keepaudio,fake,True,14,17,fake,0.23076923076923078,0.25,0.7647058823529411,0.8262292870453426,0.499365221707939,0.8968018538811627,0.21676200556583844
test/000004.mp4,000004,vgg19,h264_43_keepaudio,fake,True,15,17,fake,0.14285714285714285,0.25,0.8235294117647058,0.8418742537498474,0.45288374840329915,0.8968018538811627,0.21676200556583844
test/000005.mp4,000005,vgg19,clean,real,True,44,54,fake,0.6976744186046512,0.8490566037735849,0.7777777777777778,0.8531215339899063,0.33457791567617323,0.9818348619672987,0.04857161623650249
test/000005.mp4,000005,vgg19,jpeg_10,real,True,44,54,fake,0.6046511627906976,0.8490566037735849,0.8333333333333334,0.8662594333291054,0.3444205432382442,0.9818348619672987,0.04857161623650249
test/000005.mp4,000005,vgg19,jpeg_20,real,True,44,54,fake,0.6976744186046512,0.8490566037735849,0.8333333333333334,0.8756535154852,0.3071954937397434,0.9818348619672987,0.04857161623650249
test/000005.mp4,000005,vgg19,jpeg_30,real,True,44,54,fake,0.7441860465116279,0.8490566037735849,0.7962962962962963,0.8592993034557863,0.3402230582968906,0.9818348619672987,0.04857161623650249
test/000005.mp4,000005,vgg19,jpeg_40,real,True,44,54,fake,0.7906976744186046,0.8490566037735849,0.7962962962962963,0.8994986401362852,0.28907356952503765,0.9818348619672987,0.04857161623650249
test/000005.mp4,000005,vgg19,jpeg_50,real,True,44,54,fake,0.7674418604651163,0.8490566037735849,0.8148148148148148,0.8933810476552356,0.2747677686597498,0.9818348619672987,0.04857161623650249
test/000005.mp4,000005,vgg19,jpeg_60,real,True,44,54,fake,0.813953488372093,0.8490566037735849,0.8148148148148148,0.8758421655405652,0.32856706902448507,0.9818348619672987,0.04857161623650249
test/000005.mp4,000005,vgg19,jpeg_70,real,True,44,54,fake,0.8372093023255814,0.8490566037735849,0.8333333333333334,0.8712792213667523,0.31637329264721764,0.9818348619672987,0.04857161623650249
test/000005.mp4,000005,vgg19,jpeg_80,real,True,44,54,fake,0.6976744186046512,0.8490566037735849,0.8148148148148148,0.857681732963432,0.3268842709430626,0.9818348619672987,0.04857161623650249
test/000005.mp4,000005,vgg19,jpeg_90,real,True,44,54,fake,0.7209302325581395,0.8490566037735849,0.8148148148148148,0.8773914582350038,0.3045445432784389,0.9818348619672987,0.04857161623650249
test/000005.mp4,000005,vgg19,jpeg_95,real,True,44,54,fake,0.7441860465116279,0.8490566037735849,0.8148148148148148,0.8792696866122159,0.314088218561272,0.9818348619672987,0.04857161623650249
test/000005.mp4,000005,vgg19,h264_18_keepaudio,real,True,44,54,fake,0.7674418604651163,0.8490566037735849,0.8148148148148148,0.8683745495297692,0.33577431870483987,0.9818348619672987,0.04857161623650249
test/000005.mp4,000005,vgg19,h264_23_keepaudio,real,True,44,54,fake,0.7674418604651163,0.8490566037735849,0.8148148148148148,0.8892700543457811,0.28668709448761875,0.9818348619672987,0.04857161623650249
test/000005.mp4,000005,vgg19,h264_28_keepaudio,real,True,44,54,fake,0.8372093023255814,0.8490566037735849,0.7407407407407407,0.8723211491649802,0.3297838142327082,0.9818348619672987,0.04857161623650249
test/000005.mp4,000005,vgg19,h264_33_keepaudio,real,True,44,54,fake,0.7906976744186046,0.8490566037735849,0.8148148148148148,0.8975522741675377,0.2555783861532428,0.9818348619672987,0.04857161623650249
test/000005.mp4,000005,vgg19,h264_38_keepaudio,real,True,44,54,fake,0.6976744186046512,0.8490566037735849,0.7407407407407407,0.8312503451650793,0.41969711005303767,0.9818348619672987,0.04857161623650249
test/000005.mp4,000005,vgg19,h264_43_keepaudio,real,True,44,54,fake,0.6976744186046512,0.8490566037735849,0.6481481481481481,0.8987897702238776,0.2811235510285099,0.9818348619672987,0.04857161623650249
test/000006.mp4,000006,vgg19,clean,fake,True,43,53,fake,0.7619047619047619,0.8076923076923077,0.8301886792452831,0.8583040861196296,0.36215709767103454,0.966550739306324,0.07484020359550131
test/000006.mp4,000006,vgg19,jpeg_10,fake,True,43,53,fake,0.5952380952380952,0.8076923076923077,0.8679245283018868,0.8926532892293708,0.3207518851475851,0.966550739306324,0.07484020359550131
test/000006.mp4,000006,vgg19,jpeg_20,fake,True,43,53,fake,0.7619047619047619,0.8076923076923077,0.8490566037735849,0.8752763846585917,0.3368954426911934,0.966550739306324,0.07484020359550131
test/000006.mp4,000006,vgg19,jpeg_30,fake,True,43,53,fake,0.7380952380952381,0.8076923076923077,0.7924528301886793,0.8606348287227542,0.34992570655208616,0.966550739306324,0.07484020359550131
test/000006.mp4,000006,vgg19,jpeg_40,fake,True,43,53,fake,0.9047619047619048,0.8076923076923077,0.8113207547169812,0.8507342581139055,0.36978205255962987,0.966550739306324,0.07484020359550131
test/000006.mp4,000006,vgg19,jpeg_50,fake,True,43,53,fake,0.7142857142857143,0.8076923076923077,0.8301886792452831,0.8441748133925504,0.3851073850724738,0.966550739306324,0.07484020359550131
test/000006.mp4,000006,vgg19,jpeg_60,fake,True,43,53,fake,0.7380952380952381,0.8076923076923077,0.8113207547169812,0.8518114110758138,0.3911869971568471,0.966550739306324,0.07484020359550131
test/000006.mp4,000006,vgg19,jpeg_70,fake,True,43,53,fake,0.8333333333333334,0.8076923076923077,0.8301886792452831,0.8719080402407535,0.32687135679654955,0.966550739306324,0.07484020359550131
test/000006.mp4,000006,vgg19,jpeg_80,fake,True,43,53,fake,0.7142857142857143,0.8076923076923077,0.7924528301886793,0.8628689119982165,0.3527612013052522,0.966550739306324,0.07484020359550131
test/000006.mp4,000006,vgg19,jpeg_90,fake,True,43,53,fake,0.6904761904761905,0.8076923076923077,0.8113207547169812,0.8630553830501645,0.35293537735930053,0.966550739306324,0.07484020359550131
test/000006.mp4,000006,vgg19,jpeg_95,fake,True,43,53,fake,0.8095238095238095,0.8076923076923077,0.8301886792452831,0.8677349291568579,0.3344321273694762,0.966550739306324,0.07484020359550131
test/000006.mp4,000006,vgg19,h264_18_keepaudio,fake,True,43,53,fake,0.7619047619047619,0.8076923076923077,0.8113207547169812,0.8591707071592641,0.372407989714759,0.966550739306324,0.07484020359550131
test/000006.mp4,000006,vgg19,h264_23_keepaudio,fake,True,43,53,fake,0.7142857142857143,0.8076923076923077,0.8301886792452831,0.8396156686683034,0.40297437861853597,0.966550739306324,0.07484020359550131
test/000006.mp4,000006,vgg19,h264_28_keepaudio,fake,True,43,53,fake,0.7857142857142857,0.8076923076923077,0.7735849056603774,0.8760212112304776,0.31912672425932337,0.966550739306324,0.07484020359550131
test/000006.mp4,000006,vgg19,h264_33_keepaudio,fake,True,43,53,fake,0.6904761904761905,0.8076923076923077,0.7735849056603774,0.8300975997780644,0.4404722222621247,0.966550739306324,0.07484020359550131
test/000006.mp4,000006,vgg19,h264_38_keepaudio,fake,True,43,53,fake,0.7619047619047619,0.8076923076923077,0.6415094339622641,0.8859485630379167,0.3042948722361448,0.966550739306324,0.07484020359550131
test/000006.mp4,000006,vgg19,h264_43_keepaudio,fake,True,43,53,fake,0.5952380952380952,0.8076923076923077,0.6415094339622641,0.8711018596970758,0.3494055170029989,0.966550739306324,0.07484020359550131
test/000008.mp4,000008,vgg19,clean,fake,True,43,53,fake,0.7380952380952381,0.7692307692307693,0.8490566037735849,0.8426756269710008,0.3837182500634997,0.9679763429569748,0.06519766308889371
test/000008.mp4,000008,vgg19,jpeg_10,fake,True,43,53,fake,0.6666666666666666,0.7692307692307693,0.7358490566037735,0.8830203171386275,0.31978668071976085,0.9679763429569748,0.06519766308889371
test/000008.mp4,000008,vgg19,jpeg_20,fake,True,43,53,fake,0.6904761904761905,0.7692307692307693,0.8113207547169812,0.898081383039785,0.27233281572816354,0.9679763429569748,0.06519766308889371
test/000008.mp4,000008,vgg19,jpeg_30,fake,True,43,53,fake,0.6666666666666666,0.7692307692307693,0.8301886792452831,0.8775674853213998,0.3171803007040697,0.9679763429569748,0.06519766308889371
test/000008.mp4,000008,vgg19,jpeg_40,fake,True,43,53,fake,0.6904761904761905,0.7692307692307693,0.8301886792452831,0.8946785601072533,0.2902921972752601,0.9679763429569748,0.06519766308889371
test/000008.mp4,000008,vgg19,jpeg_50,fake,True,43,53,fake,0.7619047619047619,0.7692307692307693,0.8113207547169812,0.8919297747833784,0.2865738628757031,0.9679763429569748,0.06519766308889371
test/000008.mp4,000008,vgg19,jpeg_60,fake,True,43,53,fake,0.7619047619047619,0.7692307692307693,0.7547169811320755,0.8991479035033736,0.2860192665740691,0.9679763429569748,0.06519766308889371
test/000008.mp4,000008,vgg19,jpeg_70,fake,True,43,53,fake,0.7380952380952381,0.7692307692307693,0.8490566037735849,0.8626630569613257,0.3539162330806995,0.9679763429569748,0.06519766308889371
test/000008.mp4,000008,vgg19,jpeg_80,fake,True,43,53,fake,0.7857142857142857,0.7692307692307693,0.7735849056603774,0.8755990516307742,0.32341998247606274,0.9679763429569748,0.06519766308889371
test/000008.mp4,000008,vgg19,jpeg_90,fake,True,43,53,fake,0.7619047619047619,0.7692307692307693,0.8113207547169812,0.8793675670790118,0.33438913132275744,0.9679763429569748,0.06519766308889371
test/000008.mp4,000008,vgg19,jpeg_95,fake,True,43,53,fake,0.7619047619047619,0.7692307692307693,0.7924528301886793,0.8729446024395698,0.3279545361729993,0.9679763429569748,0.06519766308889371
test/000008.mp4,000008,vgg19,h264_18_keepaudio,fake,True,43,53,fake,0.7857142857142857,0.7692307692307693,0.8490566037735849,0.8639314334059871,0.3405789243044382,0.9679763429569748,0.06519766308889371
test/000008.mp4,000008,vgg19,h264_23_keepaudio,fake,True,43,53,fake,0.7380952380952381,0.7692307692307693,0.8679245283018868,0.8975661854411281,0.2943871479527992,0.9679763429569748,0.06519766308889371
test/000008.mp4,000008,vgg19,h264_28_keepaudio,fake,True,43,53,fake,0.6904761904761905,0.7692307692307693,0.8113207547169812,0.882411168065182,0.3185005079290376,0.9679763429569748,0.06519766308889371
test/000008.mp4,000008,vgg19,h264_33_keepaudio,fake,True,43,53,fake,0.7619047619047619,0.7692307692307693,0.8301886792452831,0.8671422198761342,0.3194384349337011,0.9679763429569748,0.06519766308889371
test/000008.mp4,000008,vgg19,h264_38_keepaudio,fake,True,43,53,fake,0.5952380952380952,0.7692307692307693,0.6415094339622641,0.8302998972493548,0.4478873552009329,0.9679763429569748,0.06519766308889371
test/000008.mp4,000008,vgg19,h264_43_keepaudio,fake,True,43,53,fake,0.5952380952380952,0.7692307692307693,0.660377358490566,0.8274603527645732,0.4358762049033705,0.9679763429569748,0.06519766308889371
test/000009.mp4,000009,vgg19,clean,fake,True,45,56,fake,0.7954545454545454,0.8181818181818182,0.75,0.8953609281116062,0.25835463360637423,0.9592130833438465,0.09361614180829163
test/000009.mp4,000009,vgg19,jpeg_10,fake,True,45,56,fake,0.7045454545454546,0.8181818181818182,0.7678571428571429,0.8374728984302945,0.4064052875461882,0.9592130833438465,0.09361614180829163
test/000009.mp4,000009,vgg19,jpeg_20,fake,True,45,56,fake,0.6590909090909091,0.8181818181818182,0.7142857142857143,0.8863253394762675,0.3021694347076323,0.9592130833438465,0.09361614180829163
test/000009.mp4,000009,vgg19,jpeg_30,fake,True,45,56,fake,0.6818181818181818,0.8181818181818182,0.6785714285714286,0.9180007576942444,0.23639769420709203,0.9592130833438465,0.09361614180829163
test/000009.mp4,000009,vgg19,jpeg_40,fake,True,45,56,fake,0.7727272727272727,0.8181818181818182,0.75,0.8861790312661065,0.27588701246444597,0.9592130833438465,0.09361614180829163
test/000009.mp4,000009,vgg19,jpeg_50,fake,True,45,56,fake,0.6590909090909091,0.8181818181818182,0.7142857142857143,0.8941362546549902,0.2787481880523366,0.9592130833438465,0.09361614180829163
test/000009.mp4,000009,vgg19,jpeg_60,fake,True,45,56,fake,0.75,0.8181818181818182,0.7857142857142857,0.8878651274575128,0.27015968256684736,0.9592130833438465,0.09361614180829163
test/000009.mp4,000009,vgg19,jpeg_70,fake,True,45,56,fake,0.7727272727272727,0.8181818181818182,0.7321428571428571,0.8946801450517442,0.26580361858338686,0.9592130833438465,0.09361614180829163
test/000009.mp4,000009,vgg19,jpeg_80,fake,True,45,56,fake,0.75,0.8181818181818182,0.75,0.8948863817585839,0.24930987654445053,0.9592130833438465,0.09361614180829163
test/000009.mp4,000009,vgg19,jpeg_90,fake,True,45,56,fake,0.7954545454545454,0.8181818181818182,0.7857142857142857,0.8979374024603102,0.25899240009882407,0.9592130833438465,0.09361614180829163
test/000009.mp4,000009,vgg19,jpeg_95,fake,True,45,56,fake,0.7727272727272727,0.8181818181818182,0.7678571428571429,0.8915722098615434,0.2732934908949968,0.9592130833438465,0.09361614180829163
test/000009.mp4,000009,vgg19,h264_18_keepaudio,fake,True,45,56,fake,0.8181818181818182,0.8181818181818182,0.8035714285714286,0.8878213047981263,0.2803862064806658,0.9592130833438465,0.09361614180829163
test/000009.mp4,000009,vgg19,h264_23_keepaudio,fake,True,45,56,fake,0.7272727272727273,0.8181818181818182,0.7321428571428571,0.9007667091157702,0.2552482355009654,0.9592130833438465,0.09361614180829163
test/000009.mp4,000009,vgg19,h264_28_keepaudio,fake,True,45,56,fake,0.7954545454545454,0.8181818181818182,0.7321428571428571,0.8899440599812402,0.278562665035965,0.9592130833438465,0.09361614180829163
test/000009.mp4,000009,vgg19,h264_33_keepaudio,fake,True,45,56,fake,0.75,0.8181818181818182,0.75,0.9288025312953525,0.22496908374480573,0.9592130833438465,0.09361614180829163
test/000009.mp4,000009,vgg19,h264_38_keepaudio,fake,True,45,56,fake,0.7727272727272727,0.8181818181818182,0.7142857142857143,0.8473137305842505,0.38623529212116786,0.9592130833438465,0.09361614180829163
test/000009.mp4,000009,vgg19,h264_43_keepaudio,fake,True,45,56,fake,0.6818181818181818,0.8181818181818182,0.5535714285714286,0.8822805358303918,0.32032654045891196,0.9592130833438465,0.09361614180829163
test/000010.mp4,000010,vgg19,clean,fake,True,44,55,fake,0.8372093023255814,0.8518518518518519,0.8,0.9133091873743318,0.25099260547320784,0.9848857933824713,0.04429898754289998
test/000010.mp4,000010,vgg19,jpeg_10,fake,True,44,55,fake,0.6744186046511628,0.8518518518518519,0.7272727272727273,0.8425651958042925,0.3956266426838321,0.9848857933824713,0.04429898754289998
test/000010.mp4,000010,vgg19,jpeg_20,fake,True,44,55,fake,0.6976744186046512,0.8518518518518519,0.8181818181818182,0.8639411425048654,0.3399902981273074,0.9848857933824713,0.04429898754289998
test/000010.mp4,000010,vgg19,jpeg_30,fake,True,44,55,fake,0.8604651162790697,0.8518518518518519,0.8,0.9115088527852838,0.2531250629956992,0.9848857933824713,0.04429898754289998
test/000010.mp4,000010,vgg19,jpeg_40,fake,True,44,55,fake,0.8372093023255814,0.8518518518518519,0.7272727272727273,0.9168408201499418,0.22460809864946676,0.9848857933824713,0.04429898754289998
test/000010.mp4,000010,vgg19,jpeg_50,fake,True,44,55,fake,0.8837209302325582,0.8518518518518519,0.7454545454545455,0.9050901139324362,0.25199395351533166,0.9848857933824713,0.04429898754289998
test/000010.mp4,000010,vgg19,jpeg_60,fake,True,44,55,fake,0.8372093023255814,0.8518518518518519,0.7636363636363637,0.908673420548439,0.25507268908255265,0.9848857933824713,0.04429898754289998
test/000010.mp4,000010,vgg19,jpeg_70,fake,True,44,55,fake,0.813953488372093,0.8518518518518519,0.8,0.9022646316073157,0.27562604988365563,0.9848857933824713,0.04429898754289998
test/000010.mp4,000010,vgg19,jpeg_80,fake,True,44,55,fake,0.813953488372093,0.8518518518518519,0.7818181818181819,0.8821744390509345,0.28089419701009316,0.9848857933824713,0.04429898754289998
test/000010.mp4,000010,vgg19,jpeg_90,fake,True,44,55,fake,0.8604651162790697,0.8518518518518519,0.7818181818181819,0.9185247536409985,0.24281499985927446,0.9848857933824713,0.04429898754289998
test/000010.mp4,000010,vgg19,jpeg_95,fake,True,44,55,fake,0.8604651162790697,0.8518518518518519,0.7454545454545455,0.9028972028331324,0.2662434169928693,0.9848857933824713,0.04429898754289998
test/000010.mp4,000010,vgg19,h264_18_keepaudio,fake,True,44,55,fake,0.8372093023255814,0.8518518518518519,0.7818181818181819,0.8936805142597719,0.302479428896039,0.9848857933824713,0.04429898754289998
test/000010.mp4,000010,vgg19,h264_23_keepaudio,fake,True,44,55,fake,0.8837209302325582,0.8518518518518519,0.7636363636363637,0.8925533999096263,0.2879375624395207,0.9848857933824713,0.04429898754289998
test/000010.mp4,000010,vgg19,h264_28_keepaudio,fake,True,44,55,fake,0.8837209302325582,0.8518518518518519,0.8,0.8954811895435507,0.27369162348575266,0.9848857933824713,0.04429898754289998
test/000010.mp4,000010,vgg19,h264_33_keepaudio,fake,True,44,55,fake,0.7906976744186046,0.8518518518518519,0.6545454545454545,0.9071427786892111,0.2447819244731507,0.9848857933824713,0.04429898754289998
test/000010.mp4,000010,vgg19,h264_38_keepaudio,fake,True,44,55,fake,0.7441860465116279,0.8518518518518519,0.6,0.8703980621966448,0.3439793528355773,0.9848857933824713,0.04429898754289998
test/000010.mp4,000010,vgg19,h264_43_keepaudio,fake,True,44,55,fake,0.627906976744186,0.8518518518518519,0.5636363636363636,0.8655110123482618,0.37797062188126057,0.9848857933824713,0.04429898754289998
test/000011.mp4,000011,vgg19,clean,fake,True,45,56,fake,0.8409090909090909,0.8727272727272727,0.7678571428571429,0.8698006285561456,0.32245148414320596,0.9809603265353611,0.049533627160934936
test/000011.mp4,000011,vgg19,jpeg_10,fake,True,45,56,fake,0.75,0.8727272727272727,0.6785714285714286,0.8632022374206119,0.35797482606052555,0.9809603265353611,0.049533627160934936
test/000011.mp4,000011,vgg19,jpeg_20,fake,True,45,56,fake,0.8181818181818182,0.8727272727272727,0.7142857142857143,0.887356060743332,0.30529726512394006,0.9809603265353611,0.049533627160934936
test/000011.mp4,000011,vgg19,jpeg_30,fake,True,45,56,fake,0.8863636363636364,0.8727272727272727,0.75,0.8655775288740793,0.32065952486105764,0.9809603265353611,0.049533627160934936
test/000011.mp4,000011,vgg19,jpeg_40,fake,True,45,56,fake,0.8409090909090909,0.8727272727272727,0.7678571428571429,0.875581239329444,0.315013064490004,0.9809603265353611,0.049533627160934936
test/000011.mp4,000011,vgg19,jpeg_50,fake,True,45,56,fake,0.8636363636363636,0.8727272727272727,0.75,0.8877136018541124,0.3101629386114425,0.9809603265353611,0.049533627160934936
test/000011.mp4,000011,vgg19,jpeg_60,fake,True,45,56,fake,0.8181818181818182,0.8727272727272727,0.7678571428571429,0.8729725884066688,0.33033804883436463,0.9809603265353611,0.049533627160934936
test/000011.mp4,000011,vgg19,jpeg_70,fake,True,45,56,fake,0.8409090909090909,0.8727272727272727,0.7678571428571429,0.8718701971901788,0.3400038066698294,0.9809603265353611,0.049533627160934936
test/000011.mp4,000011,vgg19,jpeg_80,fake,True,45,56,fake,0.8409090909090909,0.8727272727272727,0.7678571428571429,0.8883032792144352,0.30864202080519687,0.9809603265353611,0.049533627160934936
test/000011.mp4,000011,vgg19,jpeg_90,fake,True,45,56,fake,0.7954545454545454,0.8727272727272727,0.7857142857142857,0.8835087398687999,0.2993061987376839,0.9809603265353611,0.049533627160934936
test/000011.mp4,000011,vgg19,jpeg_95,fake,True,45,56,fake,0.8636363636363636,0.8727272727272727,0.7678571428571429,0.8736658215522766,0.32496253118138674,0.9809603265353611,0.049533627160934936
test/000011.mp4,000011,vgg19,h264_18_keepaudio,fake,True,45,56,fake,0.8409090909090909,0.8727272727272727,0.75,0.8713191562228733,0.3108134098999694,0.9809603265353611,0.049533627160934936
test/000011.mp4,000011,vgg19,h264_23_keepaudio,fake,True,45,56,fake,0.7727272727272727,0.8727272727272727,0.7321428571428571,0.8550731784767575,0.35611418898823133,0.9809603265353611,0.049533627160934936
test/000011.mp4,000011,vgg19,h264_28_keepaudio,fake,True,45,56,fake,0.8409090909090909,0.8727272727272727,0.7321428571428571,0.8691844377252791,0.33579535220091233,0.9809603265353611,0.049533627160934936
test/000011.mp4,000011,vgg19,h264_33_keepaudio,fake,True,45,56,fake,0.8181818181818182,0.8727272727272727,0.6964285714285714,0.8762161069446139,0.33711745182902214,0.9809603265353611,0.049533627160934936
test/000011.mp4,000011,vgg19,h264_38_keepaudio,fake,True,45,56,fake,0.8181818181818182,0.8727272727272727,0.75,0.8744813111093309,0.30614587200543913,0.9809603265353611,0.049533627160934936
test/000011.mp4,000011,vgg19,h264_43_keepaudio,fake,True,45,56,fake,0.5681818181818182,0.8727272727272727,0.5178571428571429,0.8263420840104421,0.42836821127945257,0.9809603265353611,0.049533627160934936
test/000012.mp4,000012,vgg19,clean,real,True,24,29,fake,0.782608695652174,0.5,0.6551724137931034,0.8449069447815418,0.3875001987666569,0.9705224674323509,0.09015588615416494
test/000012.mp4,000012,vgg19,jpeg_10,real,True,24,29,fake,0.5217391304347826,0.5,0.7241379310344828,0.8469087940951189,0.4150655971254474,0.9705224674323509,0.09015588615416494
test/000012.mp4,000012,vgg19,jpeg_20,real,True,24,29,fake,0.5652173913043478,0.5,0.6896551724137931,0.8260219966371855,0.42937436955004066,0.9705224674323509,0.09015588615416494
test/000012.mp4,000012,vgg19,jpeg_30,real,True,24,29,fake,0.7391304347826086,0.5,0.6551724137931034,0.8484182494382063,0.35371823615991776,0.9705224674323509,0.09015588615416494
test/000012.mp4,000012,vgg19,jpeg_40,real,True,24,29,fake,0.6086956521739131,0.5,0.7241379310344828,0.8598819797237715,0.3392598304641165,0.9705224674323509,0.09015588615416494
test/000012.mp4,000012,vgg19,jpeg_50,real,True,24,29,fake,0.7391304347826086,0.5,0.6551724137931034,0.7983561977744102,0.4559504256461069,0.9705224674323509,0.09015588615416494
test/000012.mp4,000012,vgg19,jpeg_60,real,True,24,29,fake,0.7391304347826086,0.5,0.6551724137931034,0.8916549757122993,0.28016192228183273,0.9705224674323509,0.09015588615416494
test/000012.mp4,000012,vgg19,jpeg_70,real,True,24,29,fake,0.6956521739130435,0.5,0.6896551724137931,0.8503409773111343,0.3786644788519052,0.9705224674323509,0.09015588615416494
test/000012.mp4,000012,vgg19,jpeg_80,real,True,24,29,fake,0.6956521739130435,0.5,0.6551724137931034,0.8333005346357822,0.38353047472193635,0.9705224674323509,0.09015588615416494
test/000012.mp4,000012,vgg19,jpeg_90,real,True,24,29,fake,0.6956521739130435,0.5,0.6551724137931034,0.863577572007974,0.3669021064453797,0.9705224674323509,0.09015588615416494
test/000012.mp4,000012,vgg19,jpeg_95,real,True,24,29,fake,0.782608695652174,0.5,0.6206896551724138,0.8681837941209475,0.32261642581496947,0.9705224674323509,0.09015588615416494
test/000012.mp4,000012,vgg19,h264_18_keepaudio,real,True,24,29,fake,0.6956521739130435,0.5,0.6206896551724138,0.8684383531411489,0.3351465053697633,0.9705224674323509,0.09015588615416494
test/000012.mp4,000012,vgg19,h264_23_keepaudio,real,True,24,29,fake,0.782608695652174,0.5,0.6896551724137931,0.830780158440272,0.39335675638882633,0.9705224674323509,0.09015588615416494
test/000012.mp4,000012,vgg19,h264_28_keepaudio,real,True,24,29,fake,0.782608695652174,0.5,0.6896551724137931,0.8690688572824001,0.34251487701997146,0.9705224674323509,0.09015588615416494
test/000012.mp4,000012,vgg19,h264_33_keepaudio,real,True,24,29,fake,0.6521739130434783,0.5,0.6896551724137931,0.8989004890124003,0.2921153123898188,0.9705224674323509,0.09015588615416494
test/000012.mp4,000012,vgg19,h264_38_keepaudio,real,True,24,29,fake,0.5217391304347826,0.5,0.7586206896551724,0.8553574830293655,0.4217449167651961,0.9705224674323509,0.09015588615416494
test/000012.mp4,000012,vgg19,h264_43_keepaudio,real,True,24,29,fake,0.4782608695652174,0.5,0.6551724137931034,0.8798147042592367,0.3305717259524807,0.9705224674323509,0.09015588615416494
test/000013.mp4,000013,vgg19,clean,fake,True,26,31,fake,0.72,0.6333333333333333,0.6451612903225806,0.8938895120070531,0.2708976429508931,0.9487629436677502,0.13172521425053257
test/000013.mp4,000013,vgg19,jpeg_10,fake,True,26,31,fake,0.6,0.6333333333333333,0.6129032258064516,0.8678257350738232,0.29956544891800835,0.9487629436677502,0.13172521425053257
test/000013.mp4,000013,vgg19,jpeg_20,fake,True,26,31,fake,0.84,0.6333333333333333,0.5483870967741935,0.9157196627213404,0.24091108489629975,0.9487629436677502,0.13172521425053257
test/000013.mp4,000013,vgg19,jpeg_30,fake,True,26,31,fake,0.72,0.6333333333333333,0.6129032258064516,0.8643951817200735,0.30403177609528487,0.9487629436677502,0.13172521425053257
test/000013.mp4,000013,vgg19,jpeg_40,fake,True,26,31,fake,0.72,0.6333333333333333,0.6129032258064516,0.9192793231744033,0.24642352961619426,0.9487629436677502,0.13172521425053257
test/000013.mp4,000013,vgg19,jpeg_50,fake,True,26,31,fake,0.72,0.6333333333333333,0.6451612903225806,0.8990461081266403,0.27469266072358606,0.9487629436677502,0.13172521425053257
test/000013.mp4,000013,vgg19,jpeg_60,fake,True,26,31,fake,0.72,0.6333333333333333,0.6451612903225806,0.8746933730748984,0.3068755274452348,0.9487629436677502,0.13172521425053257
test/000013.mp4,000013,vgg19,jpeg_70,fake,True,26,31,fake,0.8,0.6333333333333333,0.6451612903225806,0.9054920524358749,0.26554042316818904,0.9487629436677502,0.13172521425053257
test/000013.mp4,000013,vgg19,jpeg_80,fake,True,26,31,fake,0.72,0.6333333333333333,0.6774193548387096,0.895470611177958,0.2842340606754019,0.9487629436677502,0.13172521425053257
test/000013.mp4,000013,vgg19,jpeg_90,fake,True,26,31,fake,0.72,0.6333333333333333,0.6451612903225806,0.9029225237094439,0.26999597635419204,0.9487629436677502,0.13172521425053257
test/000013.mp4,000013,vgg19,jpeg_95,fake,True,26,31,fake,0.72,0.6333333333333333,0.6129032258064516,0.9073530045839456,0.27115996854161256,0.9487629436677502,0.13172521425053257
test/000013.mp4,000013,vgg19,h264_18_keepaudio,fake,True,26,31,fake,0.72,0.6333333333333333,0.6129032258064516,0.8987127634195181,0.29667311693112847,0.9487629436677502,0.13172521425053257
test/000013.mp4,000013,vgg19,h264_23_keepaudio,fake,True,26,31,fake,0.72,0.6333333333333333,0.6129032258064516,0.9029640234433688,0.265388505076681,0.9487629436677502,0.13172521425053257
test/000013.mp4,000013,vgg19,h264_28_keepaudio,fake,True,26,31,fake,0.72,0.6333333333333333,0.6129032258064516,0.9091449356996096,0.26342385871902735,0.9487629436677502,0.13172521425053257
test/000013.mp4,000013,vgg19,h264_33_keepaudio,fake,True,26,31,fake,0.64,0.6333333333333333,0.5806451612903226,0.853219951574619,0.3522068209332024,0.9487629436677502,0.13172521425053257
test/000013.mp4,000013,vgg19,h264_38_keepaudio,fake,True,26,31,fake,0.6,0.6333333333333333,0.6129032258064516,0.871436405640382,0.36161745732422423,0.9487629436677502,0.13172521425053257
test/000013.mp4,000013,vgg19,h264_43_keepaudio,fake,True,26,31,fake,0.68,0.6333333333333333,0.6451612903225806,0.8242756403409518,0.40235166817592216,0.9487629436677502,0.13172521425053257
test/000014.mp4,000014,vgg19,clean,fake,True,24,29,fake,0.8260869565217391,0.6071428571428571,0.6206896551724138,0.875444463143746,0.3262447696033747,0.9445925375510906,0.14054334822487505
test/000014.mp4,000014,vgg19,jpeg_10,fake,True,24,29,fake,0.6521739130434783,0.6071428571428571,0.5862068965517241,0.8336836770176888,0.387675435287751,0.9445925375510906,0.14054334822487505
test/000014.mp4,000014,vgg19,jpeg_20,fake,True,24,29,fake,1.0,0.6071428571428571,0.5517241379310345,0.9036606575051943,0.28153278087044703,0.9445925375510906,0.14054334822487505
test/000014.mp4,000014,vgg19,jpeg_30,fake,True,24,29,fake,0.782608695652174,0.6071428571428571,0.6206896551724138,0.8604537670811018,0.3155035982573292,0.9445925375510906,0.14054334822487505
test/000014.mp4,000014,vgg19,jpeg_40,fake,True,24,29,fake,0.8260869565217391,0.6071428571428571,0.5862068965517241,0.86587426563104,0.31967606326197295,0.9445925375510906,0.14054334822487505
test/000014.mp4,000014,vgg19,jpeg_50,fake,True,24,29,fake,0.8260869565217391,0.6071428571428571,0.6206896551724138,0.8552435822784901,0.35204814546145985,0.9445925375510906,0.14054334822487505
test/000014.mp4,000014,vgg19,jpeg_60,fake,True,24,29,fake,0.8260869565217391,0.6071428571428571,0.6206896551724138,0.8502671048045158,0.3581655416845342,0.9445925375510906,0.14054334822487505
test/000014.mp4,000014,vgg19,jpeg_70,fake,True,24,29,fake,0.8260869565217391,0.6071428571428571,0.6206896551724138,0.8730927258729935,0.34779637252785783,0.9445925375510906,0.14054334822487505
test/000014.mp4,000014,vgg19,jpeg_80,fake,True,24,29,fake,0.8260869565217391,0.6071428571428571,0.6551724137931034,0.8943018640081087,0.2862374305654538,0.9445925375510906,0.14054334822487505
test/000014.mp4,000014,vgg19,jpeg_90,fake,True,24,29,fake,0.8260869565217391,0.6071428571428571,0.6206896551724138,0.8747280202805996,0.3374335804041226,0.9445925375510906,0.14054334822487505
test/000014.mp4,000014,vgg19,jpeg_95,fake,True,24,29,fake,0.8260869565217391,0.6071428571428571,0.5862068965517241,0.910250132282575,0.27166662125663976,0.9445925375510906,0.14054334822487505
test/000014.mp4,000014,vgg19,h264_18_keepaudio,fake,True,24,29,fake,0.8260869565217391,0.6071428571428571,0.5862068965517241,0.8709721490740776,0.3544505745597523,0.9445925375510906,0.14054334822487505
test/000014.mp4,000014,vgg19,h264_23_keepaudio,fake,True,24,29,fake,0.6956521739130435,0.6071428571428571,0.5862068965517241,0.8657326387862364,0.34717311747907525,0.9445925375510906,0.14054334822487505
test/000014.mp4,000014,vgg19,h264_28_keepaudio,fake,True,24,29,fake,0.6956521739130435,0.6071428571428571,0.6551724137931034,0.8667708064119021,0.3500031370829431,0.9445925375510906,0.14054334822487505
test/000014.mp4,000014,vgg19,h264_33_keepaudio,fake,True,24,29,fake,0.6086956521739131,0.6071428571428571,0.5517241379310345,0.8569346604247888,0.3865331888235917,0.9445925375510906,0.14054334822487505
test/000014.mp4,000014,vgg19,h264_38_keepaudio,fake,True,24,29,fake,0.6956521739130435,0.6071428571428571,0.6896551724137931,0.8644213080406189,0.36963041764637444,0.9445925375510906,0.14054334822487505
test/000014.mp4,000014,vgg19,h264_43_keepaudio,fake,True,24,29,fake,0.6521739130434783,0.6071428571428571,0.6551724137931034,0.8775311609109243,0.28255726613090376,0.9445925375510906,0.14054334822487505
test/000015.mp4,000015,vgg19,clean,fake,True,25,31,fake,0.7916666666666666,0.6333333333333333,0.6774193548387096,0.8599756860733032,0.34104738394396905,0.9311805636652054,0.16428500920992298
test/000015.mp4,000015,vgg19,jpeg_10,fake,True,25,31,fake,0.5833333333333334,0.6333333333333333,0.6451612903225806,0.8405326652526856,0.389202673434083,0.9311805636652054,0.16428500920992298
test/000015.mp4,000015,vgg19,jpeg_20,fake,True,25,31,fake,0.875,0.6333333333333333,0.6129032258064516,0.8834478771686554,0.3111376866352165,0.9311805636652054,0.16428500920992298
test/000015.mp4,000015,vgg19,jpeg_30,fake,True,25,31,fake,0.8333333333333334,0.6333333333333333,0.6451612903225806,0.8278427517414093,0.3993097004957594,0.9311805636652054,0.16428500920992298
test/000015.mp4,000015,vgg19,jpeg_40,fake,True,25,31,fake,0.8333333333333334,0.6333333333333333,0.6129032258064516,0.8535895776748658,0.35553308267199424,0.9311805636652054,0.16428500920992298
test/000015.mp4,000015,vgg19,jpeg_50,fake,True,25,31,fake,0.9166666666666666,0.6333333333333333,0.6451612903225806,0.8499212634563446,0.36872102267800294,0.9311805636652054,0.16428500920992298
test/000015.mp4,000015,vgg19,jpeg_60,fake,True,25,31,fake,0.875,0.6333333333333333,0.6451612903225806,0.8072013413906097,0.43755095108969116,0.9311805636652054,0.16428500920992298
test/000015.mp4,000015,vgg19,jpeg_70,fake,True,25,31,fake,0.7916666666666666,0.6333333333333333,0.6774193548387096,0.8553219616413117,0.360704721943914,0.9311805636652054,0.16428500920992298
test/000015.mp4,000015,vgg19,jpeg_80,fake,True,25,31,fake,0.7916666666666666,0.6333333333333333,0.7096774193548387,0.8607533371448517,0.3394107665942851,0.9311805636652054,0.16428500920992298
test/000015.mp4,000015,vgg19,jpeg_90,fake,True,25,31,fake,0.8333333333333334,0.6333333333333333,0.6774193548387096,0.8742429375648498,0.33003929760674106,0.9311805636652054,0.16428500920992298
test/000015.mp4,000015,vgg19,jpeg_95,fake,True,25,31,fake,0.7916666666666666,0.6333333333333333,0.6451612903225806,0.8733621311187744,0.3177501598606056,0.9311805636652054,0.16428500920992298
test/000015.mp4,000015,vgg19,h264_18_keepaudio,fake,True,25,31,fake,0.7916666666666666,0.6333333333333333,0.6451612903225806,0.8593396711349487,0.3706128532199401,0.9311805636652054,0.16428500920992298
test/000015.mp4,000015,vgg19,h264_23_keepaudio,fake,True,25,31,fake,0.8333333333333334,0.6333333333333333,0.6451612903225806,0.8704713702201843,0.3404398882490653,0.9311805636652054,0.16428500920992298
test/000015.mp4,000015,vgg19,h264_28_keepaudio,fake,True,25,31,fake,0.75,0.6333333333333333,0.6129032258064516,0.9034313583374023,0.2643861633045629,0.9311805636652054,0.16428500920992298
test/000015.mp4,000015,vgg19,h264_33_keepaudio,fake,True,25,31,fake,0.5833333333333334,0.6333333333333333,0.5806451612903226,0.8182190036773682,0.42627448704634974,0.9311805636652054,0.16428500920992298
test/000015.mp4,000015,vgg19,h264_38_keepaudio,fake,True,25,31,fake,0.75,0.6333333333333333,0.6774193548387096,0.905366085767746,0.2547699473974114,0.9311805636652054,0.16428500920992298
test/000015.mp4,000015,vgg19,h264_43_keepaudio,fake,True,25,31,fake,0.625,0.6333333333333333,0.6129032258064516,0.8482968306541443,0.3897350062210731,0.9311805636652054,0.16428500920992298
test/000016.mp4,000016,vgg19,clean,real,True,20,25,fake,0.5789473684210527,0.625,0.84,0.8216734886169433,0.479408417557856,0.9822560691833496,0.057045373774411504
test/000016.mp4,000016,vgg19,jpeg_10,real,True,20,25,fake,0.6842105263157895,0.625,0.84,0.8621722161769867,0.35993491682520734,0.9822560691833496,0.057045373774411504
test/000016.mp4,000016,vgg19,jpeg_20,real,True,20,25,fake,0.5789473684210527,0.625,0.92,0.7721902087330819,0.5412471562706294,0.9822560691833496,0.057045373774411504
test/000016.mp4,000016,vgg19,jpeg_30,real,True,20,25,fake,0.631578947368421,0.625,0.84,0.7677764385938645,0.5383812985270281,0.9822560691833496,0.057045373774411504
test/000016.mp4,000016,vgg19,jpeg_40,real,True,20,25,fake,0.42105263157894735,0.625,0.92,0.8063946545124054,0.4914277231898675,0.9822560691833496,0.057045373774411504
test/000016.mp4,000016,vgg19,jpeg_50,real,True,20,25,fake,0.5789473684210527,0.625,0.84,0.7400703191757202,0.6022820449869849,0.9822560691833496,0.057045373774411504
test/000016.mp4,000016,vgg19,jpeg_60,real,True,20,25,fake,0.631578947368421,0.625,0.84,0.8332786679267883,0.4632151991713812,0.9822560691833496,0.057045373774411504
test/000016.mp4,000016,vgg19,jpeg_70,real,True,20,25,fake,0.5263157894736842,0.625,0.84,0.8131908670067787,0.4915608448832499,0.9822560691833496,0.057045373774411504
test/000016.mp4,000016,vgg19,jpeg_80,real,True,20,25,fake,0.5263157894736842,0.625,0.84,0.7748655676841736,0.5010090643284133,0.9822560691833496,0.057045373774411504
test/000016.mp4,000016,vgg19,jpeg_90,real,True,20,25,fake,0.5789473684210527,0.625,0.84,0.8286037281155586,0.46924071444443605,0.9822560691833496,0.057045373774411504
test/000016.mp4,000016,vgg19,jpeg_95,real,True,20,25,fake,0.42105263157894735,0.625,0.92,0.8145348787307739,0.46779408101749914,0.9822560691833496,0.057045373774411504
test/000016.mp4,000016,vgg19,h264_18_keepaudio,real,True,20,25,fake,0.5263157894736842,0.625,0.84,0.8330026924610138,0.47116901777410397,0.9822560691833496,0.057045373774411504
test/000016.mp4,000016,vgg19,h264_23_keepaudio,real,True,20,25,fake,0.42105263157894735,0.625,0.92,0.8647498369216919,0.34628844540948256,0.9822560691833496,0.057045373774411504
test/000016.mp4,000016,vgg19,h264_28_keepaudio,real,True,20,25,fake,0.47368421052631576,0.625,0.92,0.7855689406394959,0.4864818750116113,0.9822560691833496,0.057045373774411504
test/000016.mp4,000016,vgg19,h264_33_keepaudio,real,True,20,25,fake,0.5263157894736842,0.625,0.96,0.8654335528612137,0.33812705867273807,0.9822560691833496,0.057045373774411504
test/000016.mp4,000016,vgg19,h264_38_keepaudio,real,True,20,25,fake,0.6842105263157895,0.625,0.92,0.8701399862766266,0.3172808228797625,0.9822560691833496,0.057045373774411504
test/000016.mp4,000016,vgg19,h264_43_keepaudio,real,True,21,25,fake,0.65,0.625,0.76,0.9156702331134251,0.2133633959476301,0.9822560691833496,0.057045373774411504
test/000017.mp4,000017,vgg19,clean,fake,True,23,28,fake,0.6363636363636364,0.6296296296296297,0.7142857142857143,0.8807022701139036,0.35930163427229206,0.9546926277024406,0.12390547954883242
test/000017.mp4,000017,vgg19,jpeg_10,fake,True,23,28,fake,0.5454545454545454,0.6296296296296297,0.8214285714285714,0.8501106422880421,0.4015187067508381,0.9546926277024406,0.12390547954883242
test/000017.mp4,000017,vgg19,jpeg_20,fake,True,24,28,fake,0.6521739130434783,0.6296296296296297,0.6785714285714286,0.8937667707602183,0.3068098649941307,0.9546926277024406,0.12390547954883242
test/000017.mp4,000017,vgg19,jpeg_30,fake,True,24,28,fake,0.7391304347826086,0.6296296296296297,0.7142857142857143,0.8553193112214407,0.3794730650947041,0.9546926277024406,0.12390547954883242
test/000017.mp4,000017,vgg19,jpeg_40,fake,True,24,28,fake,0.5652173913043478,0.6296296296296297,0.6785714285714286,0.8340126052498817,0.42457687672158856,0.9546926277024406,0.12390547954883242
test/000017.mp4,000017,vgg19,jpeg_50,fake,True,24,28,fake,0.6521739130434783,0.6296296296296297,0.7142857142857143,0.8560774102807045,0.4233827503895052,0.9546926277024406,0.12390547954883242
test/000017.mp4,000017,vgg19,jpeg_60,fake,True,24,28,fake,0.6521739130434783,0.6296296296296297,0.7142857142857143,0.8860625301798185,0.35748846256346817,0.9546926277024406,0.12390547954883242
test/000017.mp4,000017,vgg19,jpeg_70,fake,True,24,28,fake,0.5652173913043478,0.6296296296296297,0.7142857142857143,0.8024400609234968,0.47186376108085853,0.9546926277024406,0.12390547954883242
test/000017.mp4,000017,vgg19,jpeg_80,fake,True,24,28,fake,0.6521739130434783,0.6296296296296297,0.75,0.857568750778834,0.4255601108236158,0.9546926277024406,0.12390547954883242
test/000017.mp4,000017,vgg19,jpeg_90,fake,True,23,28,fake,0.5454545454545454,0.6296296296296297,0.7857142857142857,0.8324942251910334,0.474196433237319,0.9546926277024406,0.12390547954883242
test/000017.mp4,000017,vgg19,jpeg_95,fake,True,24,28,fake,0.4782608695652174,0.6296296296296297,0.8571428571428571,0.8022584766149521,0.4813290633711387,0.9546926277024406,0.12390547954883242
test/000017.mp4,000017,vgg19,h264_18_keepaudio,fake,True,24,28,fake,0.4782608695652174,0.6296296296296297,0.75,0.8549253046512604,0.3979777622625233,0.9546926277024406,0.12390547954883242
test/000017.mp4,000017,vgg19,h264_23_keepaudio,fake,True,24,28,fake,0.6521739130434783,0.6296296296296297,0.7142857142857143,0.8795590524872144,0.35102175700773247,0.9546926277024406,0.12390547954883242
test/000017.mp4,000017,vgg19,h264_28_keepaudio,fake,True,23,28,fake,0.5454545454545454,0.6296296296296297,0.75,0.8447215297947759,0.41731150244612025,0.9546926277024406,0.12390547954883242
test/000017.mp4,000017,vgg19,h264_33_keepaudio,fake,True,23,28,fake,0.5454545454545454,0.6296296296296297,0.7142857142857143,0.9070355503455453,0.30579184490944766,0.9546926277024406,0.12390547954883242
test/000017.mp4,000017,vgg19,h264_38_keepaudio,fake,True,24,28,fake,0.5217391304347826,0.6296296296296297,0.8214285714285714,0.8848938047885895,0.2917805271497207,0.9546926277024406,0.12390547954883242
test/000017.mp4,000017,vgg19,h264_43_keepaudio,fake,True,24,28,fake,0.6086956521739131,0.6296296296296297,0.7857142857142857,0.8574317954480648,0.3421304659906583,0.9546926277024406,0.12390547954883242
test/000018.mp4,000018,vgg19,clean,fake,True,20,25,fake,0.631578947368421,0.5833333333333334,0.76,0.8721146509051323,0.35715069538008176,0.9574730849266052,0.12608404074156374
test/000018.mp4,000018,vgg19,jpeg_10,fake,True,20,25,fake,0.5789473684210527,0.5833333333333334,0.72,0.8688684850931168,0.3409317364483963,0.9574730849266052,0.12608404074156374
test/000018.mp4,000018,vgg19,jpeg_20,fake,True,21,25,fake,0.6,0.5833333333333334,0.68,0.9059743171646482,0.2620183141695754,0.9574730849266052,0.12608404074156374
test/000018.mp4,000018,vgg19,jpeg_30,fake,True,20,25,fake,0.631578947368421,0.5833333333333334,0.76,0.8272699639201164,0.40472328386736844,0.9574730849266052,0.12608404074156374
test/000018.mp4,000018,vgg19,jpeg_40,fake,True,21,25,fake,0.8,0.5833333333333334,0.8,0.8504936751865205,0.3593976142713032,0.9574730849266052,0.12608404074156374
test/000018.mp4,000018,vgg19,jpeg_50,fake,True,20,25,fake,0.6842105263157895,0.5833333333333334,0.76,0.9094639599323273,0.278008128993384,0.9574730849266052,0.12608404074156374
test/000018.mp4,000018,vgg19,jpeg_60,fake,True,21,25,fake,0.8,0.5833333333333334,0.8,0.8864355725901467,0.3096787463444911,0.9574730849266052,0.12608404074156374
test/000018.mp4,000018,vgg19,jpeg_70,fake,True,19,25,fake,0.6666666666666666,0.5833333333333334,0.76,0.8904329632457934,0.29911274951390415,0.9574730849266052,0.12608404074156374
test/000018.mp4,000018,vgg19,jpeg_80,fake,True,20,25,fake,0.5789473684210527,0.5833333333333334,0.72,0.8460616558790207,0.4059326014568564,0.9574730849266052,0.12608404074156374
test/000018.mp4,000018,vgg19,jpeg_90,fake,True,19,25,fake,0.7222222222222222,0.5833333333333334,0.64,0.8608311446089494,0.38905566840713773,0.9574730849266052,0.12608404074156374
test/000018.mp4,000018,vgg19,jpeg_95,fake,True,20,25,fake,0.6842105263157895,0.5833333333333334,0.72,0.8595218360424042,0.3859135175310025,0.9574730849266052,0.12608404074156374
test/000018.mp4,000018,vgg19,h264_18_keepaudio,fake,True,20,25,fake,0.6842105263157895,0.5833333333333334,0.72,0.8876895725727081,0.30798920455463336,0.9574730849266052,0.12608404074156374
test/000018.mp4,000018,vgg19,h264_23_keepaudio,fake,True,20,25,fake,0.5263157894736842,0.5833333333333334,0.72,0.8286749005317688,0.4072064765406173,0.9574730849266052,0.12608404074156374
test/000018.mp4,000018,vgg19,h264_28_keepaudio,fake,True,20,25,fake,0.7894736842105263,0.5833333333333334,0.88,0.8209260851144791,0.4395009234058004,0.9574730849266052,0.12608404074156374
test/000018.mp4,000018,vgg19,h264_33_keepaudio,fake,True,21,25,fake,0.8,0.5833333333333334,0.76,0.9217101789656139,0.2325784470722787,0.9574730849266052,0.12608404074156374
test/000018.mp4,000018,vgg19,h264_38_keepaudio,fake,True,21,25,fake,0.65,0.5833333333333334,0.68,0.9363197059858412,0.17558690813061947,0.9574730849266052,0.12608404074156374
test/000018.mp4,000018,vgg19,h264_43_keepaudio,fake,True,20,25,fake,0.631578947368421,0.5833333333333334,0.72,0.9051093399524689,0.2794831038678756,0.9574730849266052,0.12608404074156374
test/000019.mp4,000019,vgg19,clean,fake,True,21,26,fake,0.45,0.64,0.7692307692307693,0.8722323463076637,0.35741595556020184,0.9805116790991563,0.06279744588158861
test/000019.mp4,000019,vgg19,jpeg_10,fake,True,21,26,fake,0.55,0.64,0.9230769230769231,0.863098627045041,0.3434981785088726,0.9805116790991563,0.06279744588158861
test/000019.mp4,000019,vgg19,jpeg_20,fake,True,20,26,fake,0.5789473684210527,0.64,0.6153846153846154,0.9176965743303299,0.25177470877795555,0.9805116790991563,0.06279744588158861
test/000019.mp4,000019,vgg19,jpeg_30,fake,True,21,26,fake,0.5,0.64,0.7692307692307693,0.8404212054752168,0.4147635791720127,0.9805116790991563,0.06279744588158861
test/000019.mp4,000019,vgg19,jpeg_40,fake,True,21,26,fake,0.4,0.64,0.7692307692307693,0.8604176839192709,0.34582186563142353,0.9805116790991563,0.06279744588158861
test/000019.mp4,000019,vgg19,jpeg_50,fake,True,22,26,fake,0.38095238095238093,0.64,0.7692307692307693,0.9027838110923767,0.2945555807901215,0.9805116790991563,0.06279744588158861
test/000019.mp4,000019,vgg19,jpeg_60,fake,True,21,26,fake,0.5,0.64,0.7307692307692307,0.8454758780343192,0.3605695633438756,0.9805116790991563,0.06279744588158861
test/000019.mp4,000019,vgg19,jpeg_70,fake,True,21,26,fake,0.55,0.64,0.8076923076923077,0.8772563678877694,0.3345044097415356,0.9805116790991563,0.06279744588158861
test/000019.mp4,000019,vgg19,jpeg_80,fake,True,21,26,fake,0.55,0.64,0.7692307692307693,0.8603829486029488,0.36462942279398947,0.9805116790991563,0.06279744588158861
test/000019.mp4,000019,vgg19,jpeg_90,fake,True,21,26,fake,0.4,0.64,0.7307692307692307,0.8802514899344671,0.3590362085322433,0.9805116790991563,0.06279744588158861
test/000019.mp4,000019,vgg19,jpeg_95,fake,True,21,26,fake,0.4,0.64,0.7307692307692307,0.9003049191974458,0.32146822546475234,0.9805116790991563,0.06279744588158861
test/000019.mp4,000019,vgg19,h264_18_keepaudio,fake,True,21,26,fake,0.35,0.64,0.7307692307692307,0.8988270504134042,0.2949969697276757,0.9805116790991563,0.06279744588158861
test/000019.mp4,000019,vgg19,h264_23_keepaudio,fake,True,21,26,fake,0.5,0.64,0.6923076923076923,0.815049892380124,0.4334817441036643,0.9805116790991563,0.06279744588158861
test/000019.mp4,000019,vgg19,h264_28_keepaudio,fake,True,20,26,fake,0.631578947368421,0.64,0.6153846153846154,0.8470258623361587,0.38305384803226783,0.9805116790991563,0.06279744588158861
test/000019.mp4,000019,vgg19,h264_33_keepaudio,fake,True,22,26,fake,0.5238095238095238,0.64,0.6153846153846154,0.8913413936441595,0.30224801594316913,0.9805116790991563,0.06279744588158861
test/000019.mp4,000019,vgg19,h264_38_keepaudio,fake,True,22,26,fake,0.5714285714285714,0.64,0.7307692307692307,0.929106129841371,0.24379396828980304,0.9805116790991563,0.06279744588158861
test/000019.mp4,000019,vgg19,h264_43_keepaudio,fake,True,22,26,fake,0.6190476190476191,0.64,0.8461538461538461,0.9005438197742809,0.29902465756745883,0.9805116790991563,0.06279744588158861
test/000020.mp4,000020,vgg19,clean,real,True,24,29,fake,0.391304347826087,0.5357142857142857,0.7241379310344828,0.8090734879175822,0.4579125017426082,0.9248692804369433,0.17929274862286781
test/000020.mp4,000020,vgg19,jpeg_10,real,True,24,29,fake,0.391304347826087,0.5357142857142857,0.8620689655172413,0.8951083185772101,0.28470038949525195,0.9248692804369433,0.17929274862286781
test/000020.mp4,000020,vgg19,jpeg_20,real,True,24,29,fake,0.6521739130434783,0.5357142857142857,0.7931034482758621,0.8353119368354479,0.418885847857974,0.9248692804369433,0.17929274862286781
test/000020.mp4,000020,vgg19,jpeg_30,real,True,24,29,fake,0.30434782608695654,0.5357142857142857,0.7241379310344828,0.897631806631883,0.27276390092212943,0.9248692804369433,0.17929274862286781
test/000020.mp4,000020,vgg19,jpeg_40,real,True,24,29,fake,0.34782608695652173,0.5357142857142857,0.6896551724137931,0.8763282323877016,0.32725234250509594,0.9248692804369433,0.17929274862286781
test/000020.mp4,000020,vgg19,jpeg_50,real,True,24,29,fake,0.391304347826087,0.5357142857142857,0.6206896551724138,0.86456431945165,0.32340626092232766,0.9248692804369433,0.17929274862286781
test/000020.mp4,000020,vgg19,jpeg_60,real,True,24,29,fake,0.30434782608695654,0.5357142857142857,0.6551724137931034,0.8641409774621328,0.3581824415348483,0.9248692804369433,0.17929274862286781
test/000020.mp4,000020,vgg19,jpeg_70,real,True,24,29,fake,0.43478260869565216,0.5357142857142857,0.7241379310344828,0.8594809646407763,0.3584152149690705,0.9248692804369433,0.17929274862286781
test/000020.mp4,000020,vgg19,jpeg_80,real,True,24,29,fake,0.34782608695652173,0.5357142857142857,0.6551724137931034,0.7820113152265549,0.4724087597195414,0.9248692804369433,0.17929274862286781
test/000020.mp4,000020,vgg19,jpeg_90,real,True,24,29,fake,0.30434782608695654,0.5357142857142857,0.7241379310344828,0.8339066244661808,0.403952341656189,0.9248692804369433,0.17929274862286781
test/000020.mp4,000020,vgg19,jpeg_95,real,True,24,29,fake,0.43478260869565216,0.5357142857142857,0.7241379310344828,0.8348630542556444,0.3928629313272664,0.9248692804369433,0.17929274862286781
test/000020.mp4,000020,vgg19,h264_18_keepaudio,real,True,24,29,fake,0.30434782608695654,0.5357142857142857,0.7241379310344828,0.860695673773686,0.36546830333428715,0.9248692804369433,0.17929274862286781
test/000020.mp4,000020,vgg19,h264_23_keepaudio,real,True,24,29,fake,0.34782608695652173,0.5357142857142857,0.6896551724137931,0.8764629773795605,0.35198663305431815,0.9248692804369433,0.17929274862286781
test/000020.mp4,000020,vgg19,h264_28_keepaudio,real,True,24,29,fake,0.6086956521739131,0.5357142857142857,0.7931034482758621,0.8624573064347109,0.36332145697744106,0.9248692804369433,0.17929274862286781
test/000020.mp4,000020,vgg19,h264_33_keepaudio,real,True,24,29,fake,0.6086956521739131,0.5357142857142857,0.8275862068965517,0.9038460155328115,0.28670979830105686,0.9248692804369433,0.17929274862286781
test/000020.mp4,000020,vgg19,h264_38_keepaudio,real,True,24,29,fake,0.43478260869565216,0.5357142857142857,0.7241379310344828,0.8660415646930536,0.35807416033006084,0.9248692804369433,0.17929274862286781
test/000020.mp4,000020,vgg19,h264_43_keepaudio,real,True,24,29,fake,0.6086956521739131,0.5357142857142857,0.7241379310344828,0.9008215467135111,0.29076466211931734,0.9248692804369433,0.17929274862286781
test/000021.mp4,000021,vgg19,clean,fake,True,26,32,fake,0.4,0.5161290322580645,0.84375,0.8161562749972711,0.4658084095598121,0.9437425974756479,0.1453543151006676
test/000021.mp4,000021,vgg19,jpeg_10,fake,True,26,32,fake,0.52,0.5161290322580645,0.90625,0.8837296206217545,0.33205328545076906,0.9437425974756479,0.1453543151006676
test/000021.mp4,000021,vgg19,jpeg_20,fake,True,26,32,fake,0.52,0.5161290322580645,0.875,0.8326520484227401,0.3999842042248456,0.9437425974756479,0.1453543151006676
test/000021.mp4,000021,vgg19,jpeg_30,fake,True,26,32,fake,0.48,0.5161290322580645,0.875,0.8544408254898511,0.3749686543099144,0.9437425974756479,0.1453543151006676
test/000021.mp4,000021,vgg19,jpeg_40,fake,True,26,32,fake,0.36,0.5161290322580645,0.78125,0.8861801612835664,0.3424093881135842,0.9437425974756479,0.1453543151006676
test/000021.mp4,000021,vgg19,jpeg_50,fake,True,26,32,fake,0.36,0.5161290322580645,0.84375,0.8600605783554224,0.36544072958242074,0.9437425974756479,0.1453543151006676
test/000021.mp4,000021,vgg19,jpeg_60,fake,True,26,32,fake,0.44,0.5161290322580645,0.8125,0.8466241279473672,0.3769824355095117,0.9437425974756479,0.1453543151006676
test/000021.mp4,000021,vgg19,jpeg_70,fake,True,26,32,fake,0.32,0.5161290322580645,0.8125,0.9130460023880005,0.29281601881409436,0.9437425974756479,0.1453543151006676
test/000021.mp4,000021,vgg19,jpeg_80,fake,True,26,32,fake,0.52,0.5161290322580645,0.875,0.8159042665591607,0.44772093503047944,0.9437425974756479,0.1453543151006676
test/000021.mp4,000021,vgg19,jpeg_90,fake,True,26,32,fake,0.48,0.5161290322580645,0.84375,0.8398538541335326,0.39484782509212957,0.9437425974756479,0.1453543151006676
test/000021.mp4,000021,vgg19,jpeg_95,fake,True,26,32,fake,0.52,0.5161290322580645,0.84375,0.8343457166965191,0.43230681422016853,0.9437425974756479,0.1453543151006676
test/000021.mp4,000021,vgg19,h264_18_keepaudio,fake,True,26,32,fake,0.48,0.5161290322580645,0.8125,0.8336696441356952,0.42717655160130935,0.9437425974756479,0.1453543151006676
test/000021.mp4,000021,vgg19,h264_23_keepaudio,fake,True,26,32,fake,0.4,0.5161290322580645,0.8125,0.8670745285657736,0.3842349697990937,0.9437425974756479,0.1453543151006676
test/000021.mp4,000021,vgg19,h264_28_keepaudio,fake,True,26,32,fake,0.44,0.5161290322580645,0.84375,0.8936531325945487,0.2970299992490139,0.9437425974756479,0.1453543151006676
test/000021.mp4,000021,vgg19,h264_33_keepaudio,fake,True,26,32,fake,0.48,0.5161290322580645,0.8125,0.9152143368354211,0.27574901899900817,0.9437425974756479,0.1453543151006676
test/000021.mp4,000021,vgg19,h264_38_keepaudio,fake,True,26,32,fake,0.48,0.5161290322580645,0.78125,0.8685349386471969,0.34034474651861807,0.9437425974756479,0.1453543151006676
test/000021.mp4,000021,vgg19,h264_43_keepaudio,fake,True,26,32,fake,0.44,0.5161290322580645,0.75,0.8395212625081723,0.388644629835289,0.9437425974756479,0.1453543151006676
test/000022.mp4,000022,vgg19,clean,fake,True,25,30,fake,0.4166666666666667,0.5862068965517241,0.8,0.8484373223781586,0.3968283355115921,0.951372520128886,0.12557205262939636
test/000022.mp4,000022,vgg19,jpeg_10,fake,True,25,30,fake,0.5833333333333334,0.5862068965517241,0.8,0.8543895816802979,0.3617335387612878,0.951372520128886,0.12557205262939636
test/000022.mp4,000022,vgg19,jpeg_20,fake,True,25,30,fake,0.5416666666666666,0.5862068965517241,0.8,0.8474086856842041,0.34325286685099554,0.951372520128886,0.12557205262939636
test/000022.mp4,000022,vgg19,jpeg_30,fake,True,25,30,fake,0.3333333333333333,0.5862068965517241,0.8,0.8720288288593292,0.3354443416968744,0.951372520128886,0.12557205262939636
test/000022.mp4,000022,vgg19,jpeg_40,fake,True,25,30,fake,0.3333333333333333,0.5862068965517241,0.7333333333333333,0.8926886093616485,0.2906629234331561,0.951372520128886,0.12557205262939636
test/000022.mp4,000022,vgg19,jpeg_50,fake,True,25,30,fake,0.3333333333333333,0.5862068965517241,0.7666666666666667,0.9056680119037628,0.2787271929479552,0.951372520128886,0.12557205262939636
test/000022.mp4,000022,vgg19,jpeg_60,fake,True,25,30,fake,0.375,0.5862068965517241,0.7333333333333333,0.8778624224662781,0.31958318308913897,0.951372520128886,0.12557205262939636
test/000022.mp4,000022,vgg19,jpeg_70,fake,True,25,30,fake,0.2916666666666667,0.5862068965517241,0.7333333333333333,0.9185815954208374,0.2704510862891622,0.951372520128886,0.12557205262939636
test/000022.mp4,000022,vgg19,jpeg_80,fake,True,25,30,fake,0.4583333333333333,0.5862068965517241,0.7666666666666667,0.8656433320045471,0.3487844265039146,0.951372520128886,0.12557205262939636
test/000022.mp4,000022,vgg19,jpeg_90,fake,True,25,30,fake,0.375,0.5862068965517241,0.7333333333333333,0.8706580054759979,0.35171094784895723,0.951372520128886,0.12557205262939636
test/000022.mp4,000022,vgg19,jpeg_95,fake,True,25,30,fake,0.3333333333333333,0.5862068965517241,0.8,0.8756183648109436,0.36582563353409947,0.951372520128886,0.12557205262939636
test/000022.mp4,000022,vgg19,h264_18_keepaudio,fake,True,25,30,fake,0.4583333333333333,0.5862068965517241,0.7666666666666667,0.8847905731201172,0.30597781058756746,0.951372520128886,0.12557205262939636
test/000022.mp4,000022,vgg19,h264_23_keepaudio,fake,True,25,30,fake,0.4583333333333333,0.5862068965517241,0.8,0.8988899207115173,0.31271239131703,0.951372520128886,0.12557205262939636
test/000022.mp4,000022,vgg19,h264_28_keepaudio,fake,True,25,30,fake,0.5,0.5862068965517241,0.8333333333333334,0.8568431413173676,0.3591095406681442,0.951372520128886,0.12557205262939636
test/000022.mp4,000022,vgg19,h264_33_keepaudio,fake,True,25,30,fake,0.5416666666666666,0.5862068965517241,0.7666666666666667,0.875114221572876,0.3503252488735989,0.951372520128886,0.12557205262939636
test/000022.mp4,000022,vgg19,h264_38_keepaudio,fake,True,25,30,fake,0.5,0.5862068965517241,0.6666666666666666,0.8515388774871826,0.36337902736269667,0.951372520128886,0.12557205262939636
test/000022.mp4,000022,vgg19,h264_43_keepaudio,fake,True,25,30,fake,0.3333333333333333,0.5862068965517241,0.7,0.8340694880485535,0.41936852736217856,0.951372520128886,0.12557205262939636
test/000023.mp4,000023,vgg19,clean,fake,True,26,32,fake,0.4,0.5161290322580645,0.84375,0.8223017740708131,0.440167469344565,0.9437425974756479,0.1453543151006676
test/000023.mp4,000023,vgg19,jpeg_10,fake,True,26,32,fake,0.52,0.5161290322580645,0.875,0.8447763873980596,0.3727324987833015,0.9437425974756479,0.1453543151006676
test/000023.mp4,000023,vgg19,jpeg_20,fake,True,26,32,fake,0.4,0.5161290322580645,0.78125,0.8323281246882218,0.3813004318662105,0.9437425974756479,0.1453543151006676
test/000023.mp4,000023,vgg19,jpeg_30,fake,True,26,32,fake,0.48,0.5161290322580645,0.875,0.8329226970672607,0.4437470840123894,0.9437425974756479,0.1453543151006676
test/000023.mp4,000023,vgg19,jpeg_40,fake,True,26,32,fake,0.44,0.5161290322580645,0.78125,0.8996611741872934,0.27799125433883876,0.9437425974756479,0.1453543151006676
test/000023.mp4,000023,vgg19,jpeg_50,fake,True,26,32,fake,0.32,0.5161290322580645,0.8125,0.8627593276592401,0.36754145639168956,0.9437425974756479,0.1453543151006676
test/000023.mp4,000023,vgg19,jpeg_60,fake,True,26,32,fake,0.4,0.5161290322580645,0.78125,0.8337549051413169,0.39925103294519304,0.9437425974756479,0.1453543151006676
test/000023.mp4,000023,vgg19,jpeg_70,fake,True,26,32,fake,0.36,0.5161290322580645,0.8125,0.8838987831885998,0.3365368320734005,0.9437425974756479,0.1453543151006676
test/000023.mp4,000023,vgg19,jpeg_80,fake,True,26,32,fake,0.48,0.5161290322580645,0.84375,0.8538367862884815,0.38542418281293744,0.9437425974756479,0.1453543151006676
test/000023.mp4,000023,vgg19,jpeg_90,fake,True,26,32,fake,0.4,0.5161290322580645,0.84375,0.8436407527098289,0.39245727486319304,0.9437425974756479,0.1453543151006676
test/000023.mp4,000023,vgg19,jpeg_95,fake,True,26,32,fake,0.32,0.5161290322580645,0.8125,0.8560702181779422,0.3919611636078205,0.9437425974756479,0.1453543151006676
test/000023.mp4,000023,vgg19,h264_18_keepaudio,fake,True,26,32,fake,0.48,0.5161290322580645,0.78125,0.852062871822944,0.3692400137801621,0.9437425974756479,0.1453543151006676
test/000023.mp4,000023,vgg19,h264_23_keepaudio,fake,True,26,32,fake,0.32,0.5161290322580645,0.8125,0.8886937132248511,0.33592858984005464,0.9437425974756479,0.1453543151006676
test/000023.mp4,000023,vgg19,h264_28_keepaudio,fake,True,26,32,fake,0.4,0.5161290322580645,0.875,0.8573739929841115,0.35049482276413835,0.9437425974756479,0.1453543151006676
test/000023.mp4,000023,vgg19,h264_33_keepaudio,fake,True,26,32,fake,0.56,0.5161290322580645,0.8125,0.9000510229514196,0.3290825517180077,0.9437425974756479,0.1453543151006676
test/000023.mp4,000023,vgg19,h264_38_keepaudio,fake,True,26,32,fake,0.48,0.5161290322580645,0.78125,0.8975374446465418,0.2790746412009298,0.9437425974756479,0.1453543151006676
test/000023.mp4,000023,vgg19,h264_43_keepaudio,fake,True,26,32,fake,0.44,0.5161290322580645,0.65625,0.8071892708539963,0.46271103262503477,0.9437425974756479,0.1453543151006676
test/000024.mp4,000024,vgg19,clean,real,True,24,35,fake,0.6521739130434783,0.8823529411764706,0.42857142857142855,0.866527813176314,0.36803922792348914,0.9811105983597892,0.06645420046492902
test/000024.mp4,000024,vgg19,jpeg_10,real,True,24,35,fake,0.43478260869565216,0.8823529411764706,0.6285714285714286,0.841017097234726,0.3973283987709342,0.9811105983597892,0.06645420046492902
test/000024.mp4,000024,vgg19,jpeg_20,real,True,25,35,fake,0.75,0.8823529411764706,0.5142857142857142,0.8385281431674957,0.38842277235661216,0.9811105983597892,0.06645420046492902
test/000024.mp4,000024,vgg19,jpeg_30,real,True,24,35,fake,0.6956521739130435,0.8823529411764706,0.6,0.8701802628735701,0.3238032657302214,0.9811105983597892,0.06645420046492902
test/000024.mp4,000024,vgg19,jpeg_40,real,True,25,35,fake,0.7083333333333334,0.8823529411764706,0.5428571428571428,0.8138166999816895,0.40746237534293334,0.9811105983597892,0.06645420046492902
test/000024.mp4,000024,vgg19,jpeg_50,real,True,24,35,fake,0.6956521739130435,0.8823529411764706,0.5428571428571428,0.8365974575281143,0.42157734042463413,0.9811105983597892,0.06645420046492902
test/000024.mp4,000024,vgg19,jpeg_60,real,True,24,35,fake,0.6956521739130435,0.8823529411764706,0.4857142857142857,0.8343472070991993,0.4158347735927486,0.9811105983597892,0.06645420046492902
test/000024.mp4,000024,vgg19,jpeg_70,real,True,25,35,fake,0.7916666666666666,0.8823529411764706,0.5428571428571428,0.8592356526851654,0.3557989995388378,0.9811105983597892,0.06645420046492902
test/000024.mp4,000024,vgg19,jpeg_80,real,True,24,35,fake,0.6521739130434783,0.8823529411764706,0.4857142857142857,0.89138413220644,0.3147114317610665,0.9811105983597892,0.06645420046492902
test/000024.mp4,000024,vgg19,jpeg_90,real,True,24,35,fake,0.6956521739130435,0.8823529411764706,0.5428571428571428,0.8432315550744534,0.38533173198467846,0.9811105983597892,0.06645420046492902
test/000024.mp4,000024,vgg19,jpeg_95,real,True,25,35,fake,0.6666666666666666,0.8823529411764706,0.4857142857142857,0.8502110028266907,0.38157137861952,0.9811105983597892,0.06645420046492902
test/000024.mp4,000024,vgg19,h264_18_keepaudio,real,True,24,35,fake,0.6956521739130435,0.8823529411764706,0.6,0.8546417579054832,0.37152732686050555,0.9811105983597892,0.06645420046492902
test/000024.mp4,000024,vgg19,h264_23_keepaudio,real,True,24,35,fake,0.6956521739130435,0.8823529411764706,0.5428571428571428,0.8695156276226044,0.33466345504948186,0.9811105983597892,0.06645420046492902
test/000024.mp4,000024,vgg19,h264_28_keepaudio,real,True,25,35,fake,0.6666666666666666,0.8823529411764706,0.5142857142857142,0.917305383682251,0.2579290282123926,0.9811105983597892,0.06645420046492902
test/000024.mp4,000024,vgg19,h264_33_keepaudio,real,True,24,35,fake,0.6086956521739131,0.8823529411764706,0.5428571428571428,0.9031891425450643,0.28751662988970744,0.9811105983597892,0.06645420046492902
test/000024.mp4,000024,vgg19,h264_38_keepaudio,real,True,24,35,fake,0.5652173913043478,0.8823529411764706,0.5714285714285714,0.9142992918690046,0.25443913893691006,0.9811105983597892,0.06645420046492902
test/000024.mp4,000024,vgg19,h264_43_keepaudio,real,True,26,35,fake,0.68,0.8823529411764706,0.42857142857142855,0.9196459880241981,0.228129564991889,0.9811105983597892,0.06645420046492902
test/000025.mp4,000025,vgg19,clean,fake,True,27,38,fake,0.6923076923076923,0.7297297297297297,0.631578947368421,0.9017692362820661,0.312741185420015,0.9656042362514295,0.08530854033444674
test/000025.mp4,000025,vgg19,jpeg_10,fake,True,27,38,fake,0.6538461538461539,0.7297297297297297,0.7105263157894737,0.8736706530606305,0.3718559514790352,0.9656042362514295,0.08530854033444674
test/000025.mp4,000025,vgg19,jpeg_20,fake,True,26,38,fake,0.76,0.7297297297297297,0.5789473684210527,0.8324642926454544,0.3984607717624679,0.9656042362514295,0.08530854033444674
test/000025.mp4,000025,vgg19,jpeg_30,fake,True,26,38,fake,0.68,0.7297297297297297,0.631578947368421,0.8822347567631648,0.36742193196904527,0.9656042362514295,0.08530854033444674
test/000025.mp4,000025,vgg19,jpeg_40,fake,True,26,38,fake,0.56,0.7297297297297297,0.631578947368421,0.8900934847501608,0.29372437070357404,0.9656042362514295,0.08530854033444674
test/000025.mp4,000025,vgg19,jpeg_50,fake,True,26,38,fake,0.6,0.7297297297297297,0.6578947368421053,0.9052096857474401,0.28786848935114084,0.9656042362514295,0.08530854033444674
test/000025.mp4,000025,vgg19,jpeg_60,fake,True,26,38,fake,0.68,0.7297297297297297,0.6052631578947368,0.8784142526296469,0.33092856199997417,0.9656042362514295,0.08530854033444674
test/000025.mp4,000025,vgg19,jpeg_70,fake,True,26,38,fake,0.64,0.7297297297297297,0.6578947368421053,0.883167367715102,0.3441168274156204,0.9656042362514295,0.08530854033444674
test/000025.mp4,000025,vgg19,jpeg_80,fake,True,26,38,fake,0.64,0.7297297297297297,0.631578947368421,0.8929801755226575,0.3111620645896169,0.9656042362514295,0.08530854033444674
test/000025.mp4,000025,vgg19,jpeg_90,fake,True,26,38,fake,0.64,0.7297297297297297,0.631578947368421,0.8945247760185828,0.3203474105706279,0.9656042362514295,0.08530854033444674
test/000025.mp4,000025,vgg19,jpeg_95,fake,True,26,38,fake,0.68,0.7297297297297297,0.6052631578947368,0.8937584757804871,0.3254356323163125,0.9656042362514295,0.08530854033444674
test/000025.mp4,000025,vgg19,h264_18_keepaudio,fake,True,26,38,fake,0.64,0.7297297297297297,0.631578947368421,0.8681030216125342,0.3563975692356245,0.9656042362514295,0.08530854033444674
test/000025.mp4,000025,vgg19,h264_23_keepaudio,fake,True,26,38,fake,0.64,0.7297297297297297,0.6052631578947368,0.827579317184595,0.383744305855824,0.9656042362514295,0.08530854033444674
test/000025.mp4,000025,vgg19,h264_28_keepaudio,fake,True,27,38,fake,0.8076923076923077,0.7297297297297297,0.7105263157894737,0.8606882735534951,0.3416945092698783,0.9656042362514295,0.08530854033444674
test/000025.mp4,000025,vgg19,h264_33_keepaudio,fake,True,27,38,fake,0.6923076923076923,0.7297297297297297,0.6052631578947368,0.8932795303839224,0.2932692235268034,0.9656042362514295,0.08530854033444674
test/000025.mp4,000025,vgg19,h264_38_keepaudio,fake,True,26,38,fake,0.72,0.7297297297297297,0.7105263157894737,0.9262945858331827,0.23716448461253964,0.9656042362514295,0.08530854033444674
test/000025.mp4,000025,vgg19,h264_43_keepaudio,fake,True,31,38,fake,0.6666666666666666,0.7297297297297297,0.5,0.9007874035066173,0.22334568405880287,0.9656042362514295,0.08530854033444674
test/000026.mp4,000026,vgg19,clean,fake,True,25,36,fake,0.75,0.7714285714285715,0.5833333333333334,0.9154923510551453,0.2677113051042696,0.95726820660962,0.09683162117608417
test/000026.mp4,000026,vgg19,jpeg_10,fake,True,25,36,fake,0.5833333333333334,0.7714285714285715,0.6666666666666666,0.8533804821968078,0.39715187585058376,0.95726820660962,0.09683162117608417
test/000026.mp4,000026,vgg19,jpeg_20,fake,True,24,36,fake,0.782608695652174,0.7714285714285715,0.5277777777777778,0.8794792083402475,0.31421767045025634,0.95726820660962,0.09683162117608417
test/000026.mp4,000026,vgg19,jpeg_30,fake,True,24,36,fake,0.6521739130434783,0.7714285714285715,0.5833333333333334,0.895514465868473,0.3275408926471947,0.95726820660962,0.09683162117608417
test/000026.mp4,000026,vgg19,jpeg_40,fake,True,24,36,fake,0.6956521739130435,0.7714285714285715,0.5833333333333334,0.8964210636913776,0.2733055891008351,0.95726820660962,0.09683162117608417
test/000026.mp4,000026,vgg19,jpeg_50,fake,True,24,36,fake,0.7391304347826086,0.7714285714285715,0.6111111111111112,0.9039322758714358,0.2926886055468042,0.95726820660962,0.09683162117608417
test/000026.mp4,000026,vgg19,jpeg_60,fake,True,24,36,fake,0.7391304347826086,0.7714285714285715,0.5555555555555556,0.8967981413006783,0.28460886509341715,0.95726820660962,0.09683162117608417
test/000026.mp4,000026,vgg19,jpeg_70,fake,True,24,36,fake,0.6956521739130435,0.7714285714285715,0.6111111111111112,0.9082307865222295,0.27359170156057533,0.95726820660962,0.09683162117608417
test/000026.mp4,000026,vgg19,jpeg_80,fake,True,24,36,fake,0.6956521739130435,0.7714285714285715,0.5833333333333334,0.9109725492695967,0.2630919766249893,0.95726820660962,0.09683162117608417
test/000026.mp4,000026,vgg19,jpeg_90,fake,True,24,36,fake,0.6956521739130435,0.7714285714285715,0.5833333333333334,0.9161178171634674,0.268541524440296,0.95726820660962,0.09683162117608417
test/000026.mp4,000026,vgg19,jpeg_95,fake,True,24,36,fake,0.7391304347826086,0.7714285714285715,0.5555555555555556,0.887461024026076,0.3138760214153668,0.95726820660962,0.09683162117608417
test/000026.mp4,000026,vgg19,h264_18_keepaudio,fake,True,24,36,fake,0.7391304347826086,0.7714285714285715,0.5833333333333334,0.8755882245798906,0.3112913592014443,0.95726820660962,0.09683162117608417
test/000026.mp4,000026,vgg19,h264_23_keepaudio,fake,True,24,36,fake,0.7391304347826086,0.7714285714285715,0.5555555555555556,0.8800313795606295,0.3185286905229719,0.95726820660962,0.09683162117608417
test/000026.mp4,000026,vgg19,h264_28_keepaudio,fake,True,25,36,fake,0.7083333333333334,0.7714285714285715,0.6666666666666666,0.8645843505859375,0.3297522681978065,0.95726820660962,0.09683162117608417
test/000026.mp4,000026,vgg19,h264_33_keepaudio,fake,True,25,36,fake,0.625,0.7714285714285715,0.5555555555555556,0.8677219414710998,0.3222418380278019,0.95726820660962,0.09683162117608417
test/000026.mp4,000026,vgg19,h264_38_keepaudio,fake,True,24,36,fake,0.8260869565217391,0.7714285714285715,0.6666666666666666,0.8967851400375366,0.286500596085801,0.95726820660962,0.09683162117608417
test/000026.mp4,000026,vgg19,h264_43_keepaudio,fake,True,29,36,fake,0.6785714285714286,0.7714285714285715,0.6666666666666666,0.8942321282008598,0.2431616376617709,0.95726820660962,0.09683162117608417
test/000027.mp4,000027,vgg19,clean,fake,True,27,38,fake,0.7307692307692307,0.7567567567567568,0.5526315789473685,0.8658068389804275,0.3754034228817823,0.9548098154758152,0.10050878843721478
test/000027.mp4,000027,vgg19,jpeg_10,fake,True,27,38,fake,0.5384615384615384,0.7567567567567568,0.6052631578947368,0.8673537307315402,0.3904881476880148,0.9548098154758152,0.10050878843721478
test/000027.mp4,000027,vgg19,jpeg_20,fake,True,26,38,fake,0.68,0.7567567567567568,0.5263157894736842,0.8353007240937307,0.41183199039637974,0.9548098154758152,0.10050878843721478
test/000027.mp4,000027,vgg19,jpeg_30,fake,True,26,38,fake,0.56,0.7567567567567568,0.6052631578947368,0.8705488214126,0.3939659150129716,0.9548098154758152,0.10050878843721478
test/000027.mp4,000027,vgg19,jpeg_40,fake,True,26,38,fake,0.68,0.7567567567567568,0.6052631578947368,0.8695794733671042,0.3423193344547705,0.9548098154758152,0.10050878843721478
test/000027.mp4,000027,vgg19,jpeg_50,fake,True,26,38,fake,0.56,0.7567567567567568,0.5789473684210527,0.835278712786161,0.41369857863188375,0.9548098154758152,0.10050878843721478
test/000027.mp4,000027,vgg19,jpeg_60,fake,True,26,38,fake,0.76,0.7567567567567568,0.5263157894736842,0.8292740228084418,0.4069876701509928,0.9548098154758152,0.10050878843721478
test/000027.mp4,000027,vgg19,jpeg_70,fake,True,26,38,fake,0.64,0.7567567567567568,0.5789473684210527,0.8435107102760901,0.40883061279419575,0.9548098154758152,0.10050878843721478
test/000027.mp4,000027,vgg19,jpeg_80,fake,True,26,38,fake,0.6,0.7567567567567568,0.6052631578947368,0.8342396639860593,0.41143903472050447,0.9548098154758152,0.10050878843721478
test/000027.mp4,000027,vgg19,jpeg_90,fake,True,26,38,fake,0.56,0.7567567567567568,0.5789473684210527,0.8576443183880585,0.39261606253548886,0.9548098154758152,0.10050878843721478
test/000027.mp4,000027,vgg19,jpeg_95,fake,True,26,38,fake,0.68,0.7567567567567568,0.5263157894736842,0.8575495045918685,0.37832428521240513,0.9548098154758152,0.10050878843721478
test/000027.mp4,000027,vgg19,h264_18_keepaudio,fake,True,26,38,fake,0.6,0.7567567567567568,0.6052631578947368,0.8349607621247952,0.41832631131943876,0.9548098154758152,0.10050878843721478
test/000027.mp4,000027,vgg19,h264_23_keepaudio,fake,True,26,38,fake,0.64,0.7567567567567568,0.5,0.8383591278241231,0.3993008649128272,0.9548098154758152,0.10050878843721478
test/000027.mp4,000027,vgg19,h264_28_keepaudio,fake,True,27,38,fake,0.7692307692307693,0.7567567567567568,0.7105263157894737,0.8590181050477205,0.3662835162909681,0.9548098154758152,0.10050878843721478
test/000027.mp4,000027,vgg19,h264_33_keepaudio,fake,True,27,38,fake,0.6923076923076923,0.7567567567567568,0.5789473684210527,0.8356194562382169,0.3955986503619688,0.9548098154758152,0.10050878843721478
test/000027.mp4,000027,vgg19,h264_38_keepaudio,fake,True,26,38,fake,0.68,0.7567567567567568,0.7105263157894737,0.8520951190820107,0.38556184606266997,0.9548098154758152,0.10050878843721478
test/000027.mp4,000027,vgg19,h264_43_keepaudio,fake,True,31,38,fake,0.8,0.7567567567567568,0.5263157894736842,0.8881051002010223,0.26485050058606585,0.9548098154758152,0.10050878843721478
test/000028.mp4,000028,vgg19,clean,real,True,23,27,fake,0.7272727272727273,0.6538461538461539,0.7037037037037037,0.8960676219152368,0.27815859401272175,0.9544407438348841,0.118926351437686
test/000028.mp4,000028,vgg19,jpeg_10,real,True,23,27,fake,0.7272727272727273,0.6538461538461539,0.7407407407407407,0.895491554685261,0.30030027552616245,0.9544407438348841,0.118926351437686
test/000028.mp4,000028,vgg19,jpeg_20,real,True,23,27,fake,0.6363636363636364,0.6538461538461539,0.7407407407407407,0.8496820952581323,0.3750088468237696,0.9544407438348841,0.118926351437686
test/000028.mp4,000028,vgg19,jpeg_30,real,True,23,27,fake,0.6363636363636364,0.6538461538461539,0.8518518518518519,0.9195608133855073,0.22748905132708536,0.9544407438348841,0.118926351437686
test/000028.mp4,000028,vgg19,jpeg_40,real,True,23,27,fake,0.7272727272727273,0.6538461538461539,0.7777777777777778,0.900787309460018,0.2691317291436447,0.9544407438348841,0.118926351437686
test/000028.mp4,000028,vgg19,jpeg_50,real,True,23,27,fake,0.6818181818181818,0.6538461538461539,0.7407407407407407,0.8781018529249274,0.32135940696052384,0.9544407438348841,0.118926351437686
test/000028.mp4,000028,vgg19,jpeg_60,real,True,23,27,fake,0.7272727272727273,0.6538461538461539,0.7777777777777778,0.896562054105427,0.2737869887966499,0.9544407438348841,0.118926351437686
test/000028.mp4,000028,vgg19,jpeg_70,real,True,23,27,fake,0.7272727272727273,0.6538461538461539,0.7037037037037037,0.8862587187601172,0.3217413692711434,0.9544407438348841,0.118926351437686
test/000028.mp4,000028,vgg19,jpeg_80,real,True,23,27,fake,0.5909090909090909,0.6538461538461539,0.7777777777777778,0.8809054908545121,0.3381975865373947,0.9544407438348841,0.118926351437686
test/000028.mp4,000028,vgg19,jpeg_90,real,True,23,27,fake,0.7272727272727273,0.6538461538461539,0.7037037037037037,0.9086194414159526,0.26494671680122417,0.9544407438348841,0.118926351437686
test/000028.mp4,000028,vgg19,jpeg_95,real,True,23,27,fake,0.7272727272727273,0.6538461538461539,0.7037037037037037,0.8902117609977722,0.29755053482184934,0.9544407438348841,0.118926351437686
test/000028.mp4,000028,vgg19,h264_18_keepaudio,real,True,23,27,fake,0.6363636363636364,0.6538461538461539,0.8518518518518519,0.9115406093390092,0.22739679361979115,0.9544407438348841,0.118926351437686
test/000028.mp4,000028,vgg19,h264_23_keepaudio,real,True,23,27,fake,0.7272727272727273,0.6538461538461539,0.7037037037037037,0.842028302990872,0.38629109870946915,0.9544407438348841,0.118926351437686
test/000028.mp4,000028,vgg19,h264_28_keepaudio,real,True,23,27,fake,0.7272727272727273,0.6538461538461539,0.6666666666666666,0.9141607180885647,0.22789922273385568,0.9544407438348841,0.118926351437686
test/000028.mp4,000028,vgg19,h264_33_keepaudio,real,True,23,27,fake,0.7727272727272727,0.6538461538461539,0.8518518518518519,0.8956078381642051,0.25571599420046265,0.9544407438348841,0.118926351437686
test/000028.mp4,000028,vgg19,h264_38_keepaudio,real,True,23,27,fake,0.8636363636363636,0.6538461538461539,0.8888888888888888,0.8915280932965486,0.25899965370450373,0.9544407438348841,0.118926351437686
test/000028.mp4,000028,vgg19,h264_43_keepaudio,real,True,23,27,fake,0.6363636363636364,0.6538461538461539,0.6666666666666666,0.8473786530287369,0.438670835219136,0.9544407438348841,0.118926351437686
test/000029.mp4,000029,vgg19,clean,fake,True,25,31,fake,0.75,0.6333333333333333,0.7419354838709677,0.9327491652965546,0.18546882716182256,0.9466612896611614,0.1311551928700923
test/000029.mp4,000029,vgg19,jpeg_10,fake,True,25,31,fake,0.7083333333333334,0.6333333333333333,0.8064516129032258,0.8691684436798096,0.3523386743316237,0.9466612896611614,0.1311551928700923
test/000029.mp4,000029,vgg19,jpeg_20,fake,True,25,31,fake,0.7083333333333334,0.6333333333333333,0.8709677419354839,0.9693088698387146,0.10776922288241036,0.9466612896611614,0.1311551928700923
test/000029.mp4,000029,vgg19,jpeg_30,fake,True,25,31,fake,0.5833333333333334,0.6333333333333333,0.8064516129032258,0.9219401502609252,0.18805301896531693,0.9466612896611614,0.1311551928700923
test/000029.mp4,000029,vgg19,jpeg_40,fake,True,25,31,fake,0.6666666666666666,0.6333333333333333,0.8064516129032258,0.9532375812530518,0.16474946094218862,0.9466612896611614,0.1311551928700923
test/000029.mp4,000029,vgg19,jpeg_50,fake,True,25,31,fake,0.625,0.6333333333333333,0.8709677419354839,0.9523599696159363,0.16248515641020933,0.9466612896611614,0.1311551928700923
test/000029.mp4,000029,vgg19,jpeg_60,fake,True,25,31,fake,0.75,0.6333333333333333,0.7741935483870968,0.9471626210212708,0.1560833322632818,0.9466612896611614,0.1311551928700923
test/000029.mp4,000029,vgg19,jpeg_70,fake,True,25,31,fake,0.7083333333333334,0.6333333333333333,0.8709677419354839,0.966894223690033,0.1129446499716895,0.9466612896611614,0.1311551928700923
test/000029.mp4,000029,vgg19,jpeg_80,fake,True,25,31,fake,0.7083333333333334,0.6333333333333333,0.8709677419354839,0.9215690839290619,0.20468375555317647,0.9466612896611614,0.1311551928700923
test/000029.mp4,000029,vgg19,jpeg_90,fake,True,25,31,fake,0.6666666666666666,0.6333333333333333,0.8064516129032258,0.9471141242980957,0.16989543195878032,0.9466612896611614,0.1311551928700923
test/000029.mp4,000029,vgg19,jpeg_95,fake,True,25,31,fake,0.625,0.6333333333333333,0.8064516129032258,0.9243061232566834,0.2034105764631091,0.9466612896611614,0.1311551928700923
test/000029.mp4,000029,vgg19,h264_18_keepaudio,fake,True,25,31,fake,0.75,0.6333333333333333,0.7741935483870968,0.9477092838287353,0.161713244272428,0.9466612896611614,0.1311551928700923
test/000029.mp4,000029,vgg19,h264_23_keepaudio,fake,True,25,31,fake,0.7083333333333334,0.6333333333333333,0.8709677419354839,0.9584184050559997,0.1485719676650428,0.9466612896611614,0.1311551928700923
test/000029.mp4,000029,vgg19,h264_28_keepaudio,fake,True,25,31,fake,0.7083333333333334,0.6333333333333333,0.9354838709677419,0.9389130806922913,0.19968297755885783,0.9466612896611614,0.1311551928700923
test/000029.mp4,000029,vgg19,h264_33_keepaudio,fake,True,25,31,fake,0.7916666666666666,0.6333333333333333,0.9032258064516129,0.9279000270366669,0.1975695764407818,0.9466612896611614,0.1311551928700923
test/000029.mp4,000029,vgg19,h264_38_keepaudio,fake,True,25,31,fake,0.8333333333333334,0.6333333333333333,0.7741935483870968,0.9400911092758178,0.1564834952770841,0.9466612896611614,0.1311551928700923
test/000029.mp4,000029,vgg19,h264_43_keepaudio,fake,True,25,31,fake,0.8333333333333334,0.6333333333333333,0.6774193548387096,0.8927274823188782,0.30057504376903343,0.9466612896611614,0.1311551928700923
test/000030.mp4,000030,vgg19,clean,fake,True,23,28,fake,0.7727272727272727,0.7037037037037037,0.7857142857142857,0.9251327125922494,0.22882901118187227,0.9606656687600272,0.10408164606848688
test/000030.mp4,000030,vgg19,jpeg_10,fake,True,23,28,fake,0.6363636363636364,0.7037037037037037,0.75,0.854733381582343,0.3935562366086326,0.9606656687600272,0.10408164606848688
test/000030.mp4,000030,vgg19,jpeg_20,fake,True,23,28,fake,0.6818181818181818,0.7037037037037037,0.8571428571428571,0.9547832841458528,0.13884132259825221,0.9606656687600272,0.10408164606848688
test/000030.mp4,000030,vgg19,jpeg_30,fake,True,23,28,fake,0.5454545454545454,0.7037037037037037,0.7857142857142857,0.9043850173120913,0.22605565798962995,0.9606656687600272,0.10408164606848688
test/000030.mp4,000030,vgg19,jpeg_40,fake,True,23,28,fake,0.6363636363636364,0.7037037037037037,0.7857142857142857,0.9389491910519807,0.2039026368726881,0.9606656687600272,0.10408164606848688
test/000030.mp4,000030,vgg19,jpeg_50,fake,True,23,28,fake,0.5454545454545454,0.7037037037037037,0.7857142857142857,0.93738475571508,0.20395401112797462,0.9606656687600272,0.10408164606848688
test/000030.mp4,000030,vgg19,jpeg_60,fake,True,23,28,fake,0.7272727272727273,0.7037037037037037,0.75,0.9270307032958321,0.20336741952505835,0.9606656687600272,0.10408164606848688
test/000030.mp4,000030,vgg19,jpeg_70,fake,True,23,28,fake,0.6363636363636364,0.7037037037037037,0.7857142857142857,0.9554488296094148,0.13418070339233584,0.9606656687600272,0.10408164606848688
test/000030.mp4,000030,vgg19,jpeg_80,fake,True,23,28,fake,0.6818181818181818,0.7037037037037037,0.8571428571428571,0.9188978697942651,0.21429451938430646,0.9606656687600272,0.10408164606848688
test/000030.mp4,000030,vgg19,jpeg_90,fake,True,23,28,fake,0.6818181818181818,0.7037037037037037,0.7857142857142857,0.9278507491816645,0.2210616136307852,0.9606656687600272,0.10408164606848688
test/000030.mp4,000030,vgg19,jpeg_95,fake,True,23,28,fake,0.6818181818181818,0.7037037037037037,0.8571428571428571,0.9280522051064864,0.2123500503250367,0.9606656687600272,0.10408164606848688
test/000030.mp4,000030,vgg19,h264_18_keepaudio,fake,True,23,28,fake,0.8181818181818182,0.7037037037037037,0.8214285714285714,0.9292674038721167,0.2092622309039229,0.9606656687600272,0.10408164606848688
test/000030.mp4,000030,vgg19,h264_23_keepaudio,fake,True,23,28,fake,0.6818181818181818,0.7037037037037037,0.8571428571428571,0.9532609892928082,0.1556869467030001,0.9606656687600272,0.10408164606848688
test/000030.mp4,000030,vgg19,h264_28_keepaudio,fake,True,23,28,fake,0.6818181818181818,0.7037037037037037,0.9285714285714286,0.9233262642570164,0.24064741823850727,0.9606656687600272,0.10408164606848688
test/000030.mp4,000030,vgg19,h264_33_keepaudio,fake,True,23,28,fake,0.8181818181818182,0.7037037037037037,0.9642857142857143,0.9276158084040103,0.1961208091012584,0.9606656687600272,0.10408164606848688
test/000030.mp4,000030,vgg19,h264_38_keepaudio,fake,True,23,28,fake,0.7272727272727273,0.7037037037037037,0.8214285714285714,0.9086980612381644,0.23938563122154105,0.9606656687600272,0.10408164606848688
test/000030.mp4,000030,vgg19,h264_43_keepaudio,fake,True,23,28,fake,0.8636363636363636,0.7037037037037037,0.6428571428571429,0.9227146907992985,0.2242678637264364,0.9606656687600272,0.10408164606848688
test/000031.mp4,000031,vgg19,clean,fake,True,25,31,fake,0.75,0.6333333333333333,0.7419354838709677,0.9299215567111969,0.2161394680758039,0.9466612896611614,0.1311551928700923
test/000031.mp4,000031,vgg19,jpeg_10,fake,True,25,31,fake,0.7916666666666666,0.6333333333333333,0.7419354838709677,0.8936302185058593,0.3027043799746105,0.9466612896611614,0.1311551928700923
test/000031.mp4,000031,vgg19,jpeg_20,fake,True,25,31,fake,0.6666666666666666,0.6333333333333333,0.8064516129032258,0.9456710934638977,0.14574733069618867,0.9466612896611614,0.1311551928700923
test/000031.mp4,000031,vgg19,jpeg_30,fake,True,25,31,fake,0.5833333333333334,0.6333333333333333,0.8064516129032258,0.9169295144081115,0.20509006027244234,0.9466612896611614,0.1311551928700923
test/000031.mp4,000031,vgg19,jpeg_40,fake,True,25,31,fake,0.625,0.6333333333333333,0.8064516129032258,0.9206217360496521,0.2204186745106216,0.9466612896611614,0.1311551928700923
test/000031.mp4,000031,vgg19,jpeg_50,fake,True,25,31,fake,0.5833333333333334,0.6333333333333333,0.8064516129032258,0.9218409514427185,0.22573448467031476,0.9466612896611614,0.1311551928700923
test/000031.mp4,000031,vgg19,jpeg_60,fake,True,25,31,fake,0.75,0.6333333333333333,0.7741935483870968,0.9511790156364441,0.15083860301697455,0.9466612896611614,0.1311551928700923
test/000031.mp4,000031,vgg19,jpeg_70,fake,True,25,31,fake,0.6666666666666666,0.6333333333333333,0.8064516129032258,0.9510347318649292,0.15101419455236054,0.9466612896611614,0.1311551928700923
test/000031.mp4,000031,vgg19,jpeg_80,fake,True,25,31,fake,0.625,0.6333333333333333,0.8064516129032258,0.9266105163097381,0.21130736094184915,0.9466612896611614,0.1311551928700923
test/000031.mp4,000031,vgg19,jpeg_90,fake,True,25,31,fake,0.625,0.6333333333333333,0.8064516129032258,0.9405044102668763,0.2039526165034186,0.9466612896611614,0.1311551928700923
test/000031.mp4,000031,vgg19,jpeg_95,fake,True,25,31,fake,0.6666666666666666,0.6333333333333333,0.8064516129032258,0.9366648364067077,0.20990690425465958,0.9466612896611614,0.1311551928700923
test/000031.mp4,000031,vgg19,h264_18_keepaudio,fake,True,25,31,fake,0.7083333333333334,0.6333333333333333,0.7741935483870968,0.9217234134674073,0.21135021763953385,0.9466612896611614,0.1311551928700923
test/000031.mp4,000031,vgg19,h264_23_keepaudio,fake,True,25,31,fake,0.7083333333333334,0.6333333333333333,0.8709677419354839,0.9394850289821625,0.17732667171084798,0.9466612896611614,0.1311551928700923
test/000031.mp4,000031,vgg19,h264_28_keepaudio,fake,True,25,31,fake,0.6666666666666666,0.6333333333333333,0.9354838709677419,0.9325453925132752,0.21359937748659039,0.9466612896611614,0.1311551928700923
test/000031.mp4,000031,vgg19,h264_33_keepaudio,fake,True,25,31,fake,0.8333333333333334,0.6333333333333333,0.967741935483871,0.9201261866092681,0.2167627227897326,0.9466612896611614,0.1311551928700923
test/000031.mp4,000031,vgg19,h264_38_keepaudio,fake,True,25,31,fake,0.7916666666666666,0.6333333333333333,0.8387096774193549,0.93642498254776,0.15214802330564958,0.9466612896611614,0.1311551928700923
test/000031.mp4,000031,vgg19,h264_43_keepaudio,fake,True,25,31,fake,0.9166666666666666,0.6333333333333333,0.7419354838709677,0.9543107676506043,0.15233658403396894,0.9466612896611614,0.1311551928700923
test/000032.mp4,000032,vgg19,clean,real,True,17,20,fake,0.8125,0.7368421052631579,0.7,0.8891432074939504,0.2484763738975199,0.9356144011020661,0.13757465560053456
test/000032.mp4,000032,vgg19,jpeg_10,real,True,17,20,fake,0.625,0.7368421052631579,0.7,0.9116278816671932,0.2681098920328393,0.9356144011020661,0.13757465560053456
test/000032.mp4,000032,vgg19,jpeg_20,real,True,17,20,fake,0.875,0.7368421052631579,0.65,0.9073023007196539,0.25679940413360774,0.9356144011020661,0.13757465560053456
test/000032.mp4,000032,vgg19,jpeg_30,real,True,17,20,fake,0.8125,0.7368421052631579,0.75,0.8724025295061224,0.2969015768831747,0.9356144011020661,0.13757465560053456
test/000032.mp4,000032,vgg19,jpeg_40,real,True,17,20,fake,0.875,0.7368421052631579,0.65,0.9103073828360614,0.23994348189401052,0.9356144011020661,0.13757465560053456
test/000032.mp4,000032,vgg19,jpeg_50,real,True,17,20,fake,0.8125,0.7368421052631579,0.7,0.9058189129128176,0.22869294554740965,0.9356144011020661,0.13757465560053456
test/000032.mp4,000032,vgg19,jpeg_60,real,True,17,20,fake,0.9375,0.7368421052631579,0.6,0.8938054635244257,0.2674838271629567,0.9356144011020661,0.13757465560053456
test/000032.mp4,000032,vgg19,jpeg_70,real,True,17,20,fake,0.9375,0.7368421052631579,0.6,0.9108649334486794,0.21912648748450744,0.9356144011020661,0.13757465560053456
test/000032.mp4,000032,vgg19,jpeg_80,real,True,17,20,fake,0.9375,0.7368421052631579,0.6,0.8859263342969558,0.28651695382305137,0.9356144011020661,0.13757465560053456
test/000032.mp4,000032,vgg19,jpeg_90,real,True,17,20,fake,0.875,0.7368421052631579,0.65,0.8880743103868821,0.2698522866490317,0.9356144011020661,0.13757465560053456
test/000032.mp4,000032,vgg19,jpeg_95,real,True,17,20,fake,0.875,0.7368421052631579,0.65,0.9090359421337352,0.2382171796672417,0.9356144011020661,0.13757465560053456
test/000032.mp4,000032,vgg19,h264_18_keepaudio,real,True,17,20,fake,0.875,0.7368421052631579,0.65,0.8946160849402932,0.29163419749565017,0.9356144011020661,0.13757465560053456
test/000032.mp4,000032,vgg19,h264_23_keepaudio,real,True,17,20,fake,0.9375,0.7368421052631579,0.6,0.9259740534950706,0.22953663765014487,0.9356144011020661,0.13757465560053456
test/000032.mp4,000032,vgg19,h264_28_keepaudio,real,True,17,20,fake,0.9375,0.7368421052631579,0.6,0.9609969328431522,0.1416492975472157,0.9356144011020661,0.13757465560053456
test/000032.mp4,000032,vgg19,h264_33_keepaudio,real,True,17,20,fake,0.75,0.7368421052631579,0.7,0.890655096839456,0.31564972697920884,0.9356144011020661,0.13757465560053456
test/000032.mp4,000032,vgg19,h264_38_keepaudio,real,True,17,20,fake,0.625,0.7368421052631579,0.75,0.8019512926830965,0.4882836950472042,0.9356144011020661,0.13757465560053456
test/000032.mp4,000032,vgg19,h264_43_keepaudio,real,True,17,20,fake,0.375,0.7368421052631579,0.55,0.7734555181335,0.5792184782543905,0.9356144011020661,0.13757465560053456
test/000033.mp4,000033,vgg19,clean,fake,True,20,24,fake,0.8421052631578947,0.782608695652174,0.7083333333333334,0.8736234396696091,0.29622634190612956,0.9367781952023506,0.15025431924610913
test/000033.mp4,000033,vgg19,jpeg_10,fake,True,20,24,fake,0.7894736842105263,0.782608695652174,0.7083333333333334,0.8691898047924042,0.3508186789408048,0.9367781952023506,0.15025431924610913
test/000033.mp4,000033,vgg19,jpeg_20,fake,True,20,24,fake,0.8947368421052632,0.782608695652174,0.625,0.8690660983324051,0.3315365296851384,0.9367781952023506,0.15025431924610913
test/000033.mp4,000033,vgg19,jpeg_30,fake,True,20,24,fake,0.8421052631578947,0.782608695652174,0.6666666666666666,0.8794933557510376,0.3243475088543476,0.9367781952023506,0.15025431924610913
test/000033.mp4,000033,vgg19,jpeg_40,fake,True,20,24,fake,0.8947368421052632,0.782608695652174,0.7083333333333334,0.8745282560586929,0.32199820922075156,0.9367781952023506,0.15025431924610913
test/000033.mp4,000033,vgg19,jpeg_50,fake,True,20,24,fake,0.8421052631578947,0.782608695652174,0.625,0.8370184168219567,0.37329302871385445,0.9367781952023506,0.15025431924610913
test/000033.mp4,000033,vgg19,jpeg_60,fake,True,20,24,fake,0.8947368421052632,0.782608695652174,0.6666666666666666,0.8713523566722869,0.3325302452367208,0.9367781952023506,0.15025431924610913
test/000033.mp4,000033,vgg19,jpeg_70,fake,True,20,24,fake,0.8421052631578947,0.782608695652174,0.6666666666666666,0.8629446983337402,0.3231722398206982,0.9367781952023506,0.15025431924610913
test/000033.mp4,000033,vgg19,jpeg_80,fake,True,20,24,fake,0.8947368421052632,0.782608695652174,0.625,0.8957430928945541,0.27170129647776364,0.9367781952023506,0.15025431924610913
test/000033.mp4,000033,vgg19,jpeg_90,fake,True,20,24,fake,0.8947368421052632,0.782608695652174,0.6666666666666666,0.8828930646181107,0.3043788113474112,0.9367781952023506,0.15025431924610913
test/000033.mp4,000033,vgg19,jpeg_95,fake,True,20,24,fake,0.7894736842105263,0.782608695652174,0.6666666666666666,0.8815688356757164,0.27385654651116353,0.9367781952023506,0.15025431924610913
test/000033.mp4,000033,vgg19,h264_18_keepaudio,fake,True,20,24,fake,0.8947368421052632,0.782608695652174,0.6666666666666666,0.8937487185001374,0.2769610351802004,0.9367781952023506,0.15025431924610913
test/000033.mp4,000033,vgg19,h264_23_keepaudio,fake,True,20,24,fake,0.9473684210526315,0.782608695652174,0.625,0.8531377762556076,0.36884142626041766,0.9367781952023506,0.15025431924610913
test/000033.mp4,000033,vgg19,h264_28_keepaudio,fake,True,20,24,fake,0.8947368421052632,0.782608695652174,0.625,0.8952702015638352,0.2880286541493412,0.9367781952023506,0.15025431924610913
test/000033.mp4,000033,vgg19,h264_33_keepaudio,fake,True,20,24,fake,0.8947368421052632,0.782608695652174,0.6666666666666666,0.918501329421997,0.27196391419553423,0.9367781952023506,0.15025431924610913
test/000033.mp4,000033,vgg19,h264_38_keepaudio,fake,True,20,24,fake,0.8947368421052632,0.782608695652174,0.625,0.8428971260786057,0.44708309681857505,0.9367781952023506,0.15025431924610913
test/000033.mp4,000033,vgg19,h264_43_keepaudio,fake,True,20,24,fake,0.9473684210526315,0.782608695652174,0.5833333333333334,0.8758244484663009,0.3424032743455137,0.9367781952023506,0.15025431924610913
test/000034.mp4,000034,vgg19,clean,fake,True,17,21,fake,0.6875,0.8,0.6666666666666666,0.8488535477834589,0.35228000978585156,0.9544776848384312,0.10720117684839602
test/000034.mp4,000034,vgg19,jpeg_10,fake,True,17,21,fake,0.8125,0.8,0.6666666666666666,0.843064110068714,0.4285502270530812,0.9544776848384312,0.10720117684839602
test/000034.mp4,000034,vgg19,jpeg_20,fake,True,17,21,fake,0.8125,0.8,0.6666666666666666,0.9174301694421207,0.24739977902320043,0.9544776848384312,0.10720117684839602
test/000034.mp4,000034,vgg19,jpeg_30,fake,True,17,21,fake,0.8125,0.8,0.6666666666666666,0.9003200776436749,0.28391346656428196,0.9544776848384312,0.10720117684839602
test/000034.mp4,000034,vgg19,jpeg_40,fake,True,17,21,fake,0.8125,0.8,0.6666666666666666,0.856171562391169,0.3743126325208013,0.9544776848384312,0.10720117684839602
test/000034.mp4,000034,vgg19,jpeg_50,fake,True,17,21,fake,0.6875,0.8,0.6666666666666666,0.8756440001375535,0.28852474924340193,0.9544776848384312,0.10720117684839602
test/000034.mp4,000034,vgg19,jpeg_60,fake,True,17,21,fake,0.875,0.8,0.6190476190476191,0.8842780835488263,0.3045008614417127,0.9544776848384312,0.10720117684839602
test/000034.mp4,000034,vgg19,jpeg_70,fake,True,17,21,fake,0.8125,0.8,0.6190476190476191,0.8798712807543138,0.30449071123477983,0.9544776848384312,0.10720117684839602
test/000034.mp4,000034,vgg19,jpeg_80,fake,True,17,21,fake,0.8125,0.8,0.6190476190476191,0.8660663191009971,0.3537026864302523,0.9544776848384312,0.10720117684839602
test/000034.mp4,000034,vgg19,jpeg_90,fake,True,17,21,fake,0.75,0.8,0.6666666666666666,0.8619834044400383,0.33291318900643757,0.9544776848384312,0.10720117684839602
test/000034.mp4,000034,vgg19,jpeg_95,fake,True,17,21,fake,0.6875,0.8,0.6666666666666666,0.8447987700209898,0.37946397309586277,0.9544776848384312,0.10720117684839602
test/000034.mp4,000034,vgg19,h264_18_keepaudio,fake,True,17,21,fake,0.875,0.8,0.6190476190476191,0.8519725308698767,0.35590323409860974,0.9544776848384312,0.10720117684839602
test/000034.mp4,000034,vgg19,h264_23_keepaudio,fake,True,17,21,fake,0.8125,0.8,0.6666666666666666,0.8677375386742985,0.3375826561503394,0.9544776848384312,0.10720117684839602
test/000034.mp4,000034,vgg19,h264_28_keepaudio,fake,True,17,21,fake,0.8125,0.8,0.6666666666666666,0.8923517150037429,0.3118988111908103,0.9544776848384312,0.10720117684839602
test/000034.mp4,000034,vgg19,h264_33_keepaudio,fake,True,17,21,fake,0.875,0.8,0.6190476190476191,0.8850037315312553,0.35566694992495435,0.9544776848384312,0.10720117684839602
test/000034.mp4,000034,vgg19,h264_38_keepaudio,fake,True,17,21,fake,0.75,0.8,0.6190476190476191,0.8808551991687101,0.3262156199586594,0.9544776848384312,0.10720117684839602
test/000034.mp4,000034,vgg19,h264_43_keepaudio,fake,True,17,21,fake,1.0,0.8,0.5714285714285714,0.7653815132730147,0.5054839655013337,0.9544776848384312,0.10720117684839602
test/000035.mp4,000035,vgg19,clean,fake,True,20,24,fake,0.7368421052631579,0.8695652173913043,0.7083333333333334,0.8668790280818939,0.3155222110928825,0.9469427714745203,0.12681887625742974
test/000035.mp4,000035,vgg19,jpeg_10,fake,True,20,24,fake,0.631578947368421,0.8695652173913043,0.6666666666666666,0.8661488398909569,0.34621342007223616,0.9469427714745203,0.12681887625742974
test/000035.mp4,000035,vgg19,jpeg_20,fake,True,20,24,fake,0.8947368421052632,0.8695652173913043,0.6666666666666666,0.9252267867326737,0.25043717154365946,0.9469427714745203,0.12681887625742974
test/000035.mp4,000035,vgg19,jpeg_30,fake,True,20,24,fake,0.9473684210526315,0.8695652173913043,0.6666666666666666,0.8869200885295868,0.2977719106361376,0.9469427714745203,0.12681887625742974
test/000035.mp4,000035,vgg19,jpeg_40,fake,True,20,24,fake,0.8421052631578947,0.8695652173913043,0.7083333333333334,0.8716291472315788,0.3129796361349828,0.9469427714745203,0.12681887625742974
test/000035.mp4,000035,vgg19,jpeg_50,fake,True,20,24,fake,0.8421052631578947,0.8695652173913043,0.7916666666666666,0.8615290567278862,0.3339038008446048,0.9469427714745203,0.12681887625742974
test/000035.mp4,000035,vgg19,jpeg_60,fake,True,20,24,fake,0.7894736842105263,0.8695652173913043,0.7083333333333334,0.8832107201218605,0.3176917293244061,0.9469427714745203,0.12681887625742974
test/000035.mp4,000035,vgg19,jpeg_70,fake,True,20,24,fake,0.8421052631578947,0.8695652173913043,0.7083333333333334,0.8552852466702461,0.3361938498781311,0.9469427714745203,0.12681887625742974
test/000035.mp4,000035,vgg19,jpeg_80,fake,True,20,24,fake,0.8421052631578947,0.8695652173913043,0.7083333333333334,0.8603627234697342,0.3347239860472115,0.9469427714745203,0.12681887625742974
test/000035.mp4,000035,vgg19,jpeg_90,fake,True,20,24,fake,0.7894736842105263,0.8695652173913043,0.6666666666666666,0.8344814106822014,0.35769859770319,0.9469427714745203,0.12681887625742974
test/000035.mp4,000035,vgg19,jpeg_95,fake,True,20,24,fake,0.7368421052631579,0.8695652173913043,0.75,0.8493965074419976,0.32355025846416036,0.9469427714745203,0.12681887625742974
test/000035.mp4,000035,vgg19,h264_18_keepaudio,fake,True,20,24,fake,0.7894736842105263,0.8695652173913043,0.7083333333333334,0.8928081810474395,0.2742011777589338,0.9469427714745203,0.12681887625742974
test/000035.mp4,000035,vgg19,h264_23_keepaudio,fake,True,20,24,fake,0.8421052631578947,0.8695652173913043,0.7083333333333334,0.874412801861763,0.2992731362579746,0.9469427714745203,0.12681887625742974
test/000035.mp4,000035,vgg19,h264_28_keepaudio,fake,True,20,24,fake,0.8947368421052632,0.8695652173913043,0.7083333333333334,0.8704418927431107,0.3567340019615325,0.9469427714745203,0.12681887625742974
test/000035.mp4,000035,vgg19,h264_33_keepaudio,fake,True,20,24,fake,0.8947368421052632,0.8695652173913043,0.7083333333333334,0.8950570940971374,0.30349212130172104,0.9469427714745203,0.12681887625742974
test/000035.mp4,000035,vgg19,h264_38_keepaudio,fake,True,20,24,fake,0.8947368421052632,0.8695652173913043,0.6666666666666666,0.902701273560524,0.29001913664734436,0.9469427714745203,0.12681887625742974
test/000035.mp4,000035,vgg19,h264_43_keepaudio,fake,True,20,24,fake,0.9473684210526315,0.8695652173913043,0.6666666666666666,0.8658732026815414,0.35130211392898436,0.9469427714745203,0.12681887625742974
test/000036.mp4,000036,vgg19,clean,real,True,9,18,fake,0.75,0.7058823529411765,0.6666666666666666,0.8632823361290826,0.3246387925449963,0.9834733870294359,0.05666698191572561
test/000036.mp4,000036,vgg19,jpeg_10,real,True,8,18,fake,0.7142857142857143,0.7058823529411765,0.6666666666666666,0.8653253018856049,0.3184124584159132,0.9834733870294359,0.05666698191572561
test/000036.mp4,000036,vgg19,jpeg_20,real,True,10,18,fake,0.7777777777777778,0.7058823529411765,0.6666666666666666,0.8446549564599991,0.34330471433332216,0.9834733870294359,0.05666698191572561
test/000036.mp4,000036,vgg19,jpeg_30,real,True,10,18,fake,0.6666666666666666,0.7058823529411765,0.6666666666666666,0.8953848361968995,0.2901597477380523,0.9834733870294359,0.05666698191572561
test/000036.mp4,000036,vgg19,jpeg_40,real,True,10,18,fake,0.6666666666666666,0.7058823529411765,0.6666666666666666,0.906735110282898,0.26007395699963165,0.9834733870294359,0.05666698191572561
test/000036.mp4,000036,vgg19,jpeg_50,real,True,9,18,fake,0.75,0.7058823529411765,0.6666666666666666,0.8312804301579794,0.35632751194276413,0.9834733870294359,0.05666698191572561
test/000036.mp4,000036,vgg19,jpeg_60,real,True,11,18,fake,0.7,0.7058823529411765,0.6666666666666666,0.9011563171039928,0.2860277943302987,0.9834733870294359,0.05666698191572561
test/000036.mp4,000036,vgg19,jpeg_70,real,True,9,18,fake,0.875,0.7058823529411765,0.6666666666666666,0.9407423933347067,0.16537480861096085,0.9834733870294359,0.05666698191572561
test/000036.mp4,000036,vgg19,jpeg_80,real,True,10,18,fake,0.7777777777777778,0.7058823529411765,0.6666666666666666,0.8972637712955475,0.2466900706446385,0.9834733870294359,0.05666698191572561
test/000036.mp4,000036,vgg19,jpeg_90,real,True,11,18,fake,0.8,0.7058823529411765,0.6666666666666666,0.849785793911327,0.3323535549290621,0.9834733870294359,0.05666698191572561
test/000036.mp4,000036,vgg19,jpeg_95,real,True,7,18,fake,0.6666666666666666,0.7058823529411765,0.6666666666666666,0.872568164552961,0.31900804971683744,0.9834733870294359,0.05666698191572561
test/000036.mp4,000036,vgg19,h264_18_keepaudio,real,True,7,18,fake,0.8333333333333334,0.7058823529411765,0.6666666666666666,0.9662542513438633,0.12994304213971236,0.9834733870294359,0.05666698191572561
test/000036.mp4,000036,vgg19,h264_23_keepaudio,real,True,9,18,fake,0.875,0.7058823529411765,0.6666666666666666,0.900183187590705,0.2643137231450337,0.9834733870294359,0.05666698191572561
test/000036.mp4,000036,vgg19,h264_28_keepaudio,real,True,7,18,fake,0.8333333333333334,0.7058823529411765,0.6666666666666666,0.8837297643933978,0.2603582015537273,0.9834733870294359,0.05666698191572561
test/000036.mp4,000036,vgg19,h264_33_keepaudio,real,True,7,18,fake,0.8333333333333334,0.7058823529411765,0.6666666666666666,0.9093808702060154,0.26567993247088245,0.9834733870294359,0.05666698191572561
test/000036.mp4,000036,vgg19,h264_38_keepaudio,real,True,2,18,fake,1.0,0.7058823529411765,0.8888888888888888,0.7881539762020111,0.462706134635247,0.9834733870294359,0.05666698191572561
test/000036.mp4,000036,vgg19,h264_43_keepaudio,real,True,5,18,fake,0.75,0.7058823529411765,0.6111111111111112,0.8130178570747375,0.3997653546003383,0.9834733870294359,0.05666698191572561
test/000037.mp4,000037,vgg19,clean,fake,True,10,19,fake,0.7777777777777778,0.6666666666666666,0.631578947368421,0.8660697698593139,0.35654759055946095,0.9734455284319425,0.07057201794076016
test/000037.mp4,000037,vgg19,jpeg_10,fake,True,8,19,fake,0.7142857142857143,0.6666666666666666,0.631578947368421,0.7945825904607773,0.5051632099893815,0.9734455284319425,0.07057201794076016
test/000037.mp4,000037,vgg19,jpeg_20,fake,True,10,19,fake,0.7777777777777778,0.6666666666666666,0.6842105263157895,0.8153884053230286,0.3716924982226284,0.9734455284319425,0.07057201794076016
test/000037.mp4,000037,vgg19,jpeg_30,fake,True,8,19,fake,0.5714285714285714,0.6666666666666666,0.631578947368421,0.8172135055065155,0.42367682936798085,0.9734455284319425,0.07057201794076016
test/000037.mp4,000037,vgg19,jpeg_40,fake,True,9,19,fake,0.875,0.6666666666666666,0.631578947368421,0.8230652345551385,0.3652684503859807,0.9734455284319425,0.07057201794076016
test/000037.mp4,000037,vgg19,jpeg_50,fake,True,12,19,fake,0.7272727272727273,0.6666666666666666,0.631578947368421,0.8073740154504776,0.4345679505526531,0.9734455284319425,0.07057201794076016
test/000037.mp4,000037,vgg19,jpeg_60,fake,True,11,19,fake,0.8,0.6666666666666666,0.631578947368421,0.8496684540401805,0.36384953843004963,0.9734455284319425,0.07057201794076016
test/000037.mp4,000037,vgg19,jpeg_70,fake,True,10,19,fake,0.8888888888888888,0.6666666666666666,0.631578947368421,0.8725582838058472,0.3254235188253676,0.9734455284319425,0.07057201794076016
test/000037.mp4,000037,vgg19,jpeg_80,fake,True,10,19,fake,0.7777777777777778,0.6666666666666666,0.631578947368421,0.8605226457118988,0.3760931900192035,0.9734455284319425,0.07057201794076016
test/000037.mp4,000037,vgg19,jpeg_90,fake,True,10,19,fake,0.8888888888888888,0.6666666666666666,0.631578947368421,0.8512879431247711,0.3584906860476696,0.9734455284319425,0.07057201794076016
test/000037.mp4,000037,vgg19,jpeg_95,fake,True,10,19,fake,0.8888888888888888,0.6666666666666666,0.631578947368421,0.8622990131378174,0.3373500836910597,0.9734455284319425,0.07057201794076016
test/000037.mp4,000037,vgg19,h264_18_keepaudio,fake,True,9,19,fake,0.875,0.6666666666666666,0.631578947368421,0.8680267400211759,0.3504519600289424,0.9734455284319425,0.07057201794076016
test/000037.mp4,000037,vgg19,h264_23_keepaudio,fake,True,10,19,fake,0.8888888888888888,0.6666666666666666,0.631578947368421,0.8863835215568543,0.2846161938766786,0.9734455284319425,0.07057201794076016
test/000037.mp4,000037,vgg19,h264_28_keepaudio,fake,True,9,19,fake,0.875,0.6666666666666666,0.631578947368421,0.845702158080207,0.3265189322753896,0.9734455284319425,0.07057201794076016
test/000037.mp4,000037,vgg19,h264_33_keepaudio,fake,True,9,19,fake,0.625,0.6666666666666666,0.631578947368421,0.8571494023005167,0.3279937302756106,0.9734455284319425,0.07057201794076016
test/000037.mp4,000037,vgg19,h264_38_keepaudio,fake,True,10,19,fake,0.6666666666666666,0.6666666666666666,0.631578947368421,0.8506539583206176,0.3318912366945743,0.9734455284319425,0.07057201794076016
test/000037.mp4,000037,vgg19,h264_43_keepaudio,fake,True,8,19,fake,0.7142857142857143,0.6666666666666666,0.8421052631578947,0.8900145590305328,0.23143450483736153,0.9734455284319425,0.07057201794076016
test/000038.mp4,000038,vgg19,clean,fake,True,12,18,fake,0.9090909090909091,0.6470588235294118,0.7777777777777778,0.9109588712453842,0.22749818330290547,0.9679690831237369,0.08399438122053225
test/000038.mp4,000038,vgg19,jpeg_10,fake,True,9,18,fake,0.875,0.6470588235294118,0.8333333333333334,0.836981455485026,0.32673592171409177,0.9679690831237369,0.08399438122053225
test/000038.mp4,000038,vgg19,jpeg_20,fake,True,13,18,fake,0.75,0.6470588235294118,0.7222222222222222,0.8892029477999761,0.3069221166731092,0.9679690831237369,0.08399438122053225
test/000038.mp4,000038,vgg19,jpeg_30,fake,True,11,18,fake,1.0,0.6470588235294118,0.8333333333333334,0.916855351491408,0.18599577765991462,0.9679690831237369,0.08399438122053225
test/000038.mp4,000038,vgg19,jpeg_40,fake,True,10,18,fake,0.8888888888888888,0.6470588235294118,0.6666666666666666,0.8929429411888122,0.28147840368263216,0.9679690831237369,0.08399438122053225
test/000038.mp4,000038,vgg19,jpeg_50,fake,True,10,18,fake,0.7777777777777778,0.6470588235294118,0.8333333333333334,0.8762449502944947,0.30078955965369897,0.9679690831237369,0.08399438122053225
test/000038.mp4,000038,vgg19,jpeg_60,fake,True,12,18,fake,0.9090909090909091,0.6470588235294118,0.7222222222222222,0.8924525181452433,0.2731548351699377,0.9679690831237369,0.08399438122053225
test/000038.mp4,000038,vgg19,jpeg_70,fake,True,11,18,fake,0.8,0.6470588235294118,0.7222222222222222,0.8900250792503357,0.282767163989727,0.9679690831237369,0.08399438122053225
test/000038.mp4,000038,vgg19,jpeg_80,fake,True,10,18,fake,0.8888888888888888,0.6470588235294118,0.7222222222222222,0.8313243389129639,0.352268083437073,0.9679690831237369,0.08399438122053225
test/000038.mp4,000038,vgg19,jpeg_90,fake,True,11,18,fake,0.9,0.6470588235294118,0.7777777777777778,0.8706748485565186,0.2769430906769081,0.9679690831237369,0.08399438122053225
test/000038.mp4,000038,vgg19,jpeg_95,fake,True,10,18,fake,0.8888888888888888,0.6470588235294118,0.7777777777777778,0.871957540512085,0.3028022981398389,0.9679690831237369,0.08399438122053225
test/000038.mp4,000038,vgg19,h264_18_keepaudio,fake,True,13,18,fake,0.9166666666666666,0.6470588235294118,0.8333333333333334,0.8949107390183669,0.2540558389915143,0.9679690831237369,0.08399438122053225
test/000038.mp4,000038,vgg19,h264_23_keepaudio,fake,True,12,18,fake,0.8181818181818182,0.6470588235294118,0.7222222222222222,0.888657808303833,0.30291399270105773,0.9679690831237369,0.08399438122053225
test/000038.mp4,000038,vgg19,h264_28_keepaudio,fake,True,13,18,fake,0.8333333333333334,0.6470588235294118,0.8333333333333334,0.8818465310793656,0.2810927667046662,0.9679690831237369,0.08399438122053225
test/000038.mp4,000038,vgg19,h264_33_keepaudio,fake,True,9,18,fake,0.875,0.6470588235294118,0.8333333333333334,0.839281333817376,0.36675029691080857,0.9679690831237369,0.08399438122053225
test/000038.mp4,000038,vgg19,h264_38_keepaudio,fake,True,11,18,fake,0.9,0.6470588235294118,0.8333333333333334,0.876596060666171,0.28983845650026524,0.9679690831237369,0.08399438122053225
test/000038.mp4,000038,vgg19,h264_43_keepaudio,fake,True,4,18,fake,0.6666666666666666,0.6470588235294118,0.8333333333333334,0.9738288521766663,0.11274224700109628,0.9679690831237369,0.08399438122053225
test/000039.mp4,000039,vgg19,clean,fake,True,9,19,fake,0.875,0.6666666666666666,0.631578947368421,0.8381893104977078,0.3645632366441262,0.9689365782235798,0.07562091726453819
test/000039.mp4,000039,vgg19,jpeg_10,fake,True,7,19,fake,0.5,0.6666666666666666,0.6842105263157895,0.8140714083399091,0.44803970599042325,0.9689365782235798,0.07562091726453819
test/000039.mp4,000039,vgg19,jpeg_20,fake,True,9,19,fake,0.875,0.6666666666666666,0.631578947368421,0.8378218445512984,0.3981654245524952,0.9689365782235798,0.07562091726453819
test/000039.mp4,000039,vgg19,jpeg_30,fake,True,9,19,fake,0.875,0.6666666666666666,0.631578947368421,0.8167257176505195,0.3812596825563088,0.9689365782235798,0.07562091726453819
test/000039.mp4,000039,vgg19,jpeg_40,fake,True,7,19,fake,0.8333333333333334,0.6666666666666666,0.631578947368421,0.9005720019340515,0.2857976274198228,0.9689365782235798,0.07562091726453819
test/000039.mp4,000039,vgg19,jpeg_50,fake,True,11,19,fake,0.9,0.6666666666666666,0.631578947368421,0.8522297577424482,0.3378081472234762,0.9689365782235798,0.07562091726453819
test/000039.mp4,000039,vgg19,jpeg_60,fake,True,11,19,fake,0.8,0.6666666666666666,0.631578947368421,0.8328108895908702,0.38567572268672207,0.9689365782235798,0.07562091726453819
test/000039.mp4,000039,vgg19,jpeg_70,fake,True,8,19,fake,0.8571428571428571,0.6666666666666666,0.631578947368421,0.8651999458670616,0.32961761580626264,0.9689365782235798,0.07562091726453819
test/000039.mp4,000039,vgg19,jpeg_80,fake,True,9,19,fake,0.875,0.6666666666666666,0.631578947368421,0.9102848304642571,0.2563421116009614,0.9689365782235798,0.07562091726453819
test/000039.mp4,000039,vgg19,jpeg_90,fake,True,9,19,fake,0.75,0.6666666666666666,0.631578947368421,0.831989069779714,0.3670400770055377,0.9689365782235798,0.07562091726453819
test/000039.mp4,000039,vgg19,jpeg_95,fake,True,9,19,fake,0.875,0.6666666666666666,0.631578947368421,0.8359957138697306,0.34949892261763066,0.9689365782235798,0.07562091726453819
test/000039.mp4,000039,vgg19,h264_18_keepaudio,fake,True,9,19,fake,0.875,0.6666666666666666,0.631578947368421,0.8705480297406515,0.32646492115189085,0.9689365782235798,0.07562091726453819
test/000039.mp4,000039,vgg19,h264_23_keepaudio,fake,True,11,19,fake,0.9,0.6666666666666666,0.631578947368421,0.8922997713088989,0.26642634294991885,0.9689365782235798,0.07562091726453819
test/000039.mp4,000039,vgg19,h264_28_keepaudio,fake,True,10,19,fake,0.8888888888888888,0.6666666666666666,0.7368421052631579,0.8291102945804596,0.3785980426269059,0.9689365782235798,0.07562091726453819
test/000039.mp4,000039,vgg19,h264_33_keepaudio,fake,True,8,19,fake,0.8571428571428571,0.6666666666666666,0.631578947368421,0.911602258682251,0.18173272116482692,0.9689365782235798,0.07562091726453819
test/000039.mp4,000039,vgg19,h264_38_keepaudio,fake,True,4,19,fake,1.0,0.6666666666666666,0.8421052631578947,0.994687020778656,0.02904641456884845,0.9689365782235798,0.07562091726453819
test/000039.mp4,000039,vgg19,h264_43_keepaudio,fake,True,4,19,fake,0.6666666666666666,0.6666666666666666,0.6842105263157895,0.808729350566864,0.41363812309188674,0.9689365782235798,0.07562091726453819
test/000040.mp4,000040,vgg19,clean,real,True,13,14,fake,0.75,0.7692307692307693,0.5,0.9078154242955722,0.2845334281375144,0.9746351625238147,0.05246952118766585
test/000040.mp4,000040,vgg19,jpeg_10,real,True,13,14,fake,0.75,0.7692307692307693,0.5714285714285714,0.8551106773889982,0.37907347619153825,0.9746351625238147,0.05246952118766585
test/000040.mp4,000040,vgg19,jpeg_20,real,True,13,14,fake,0.4166666666666667,0.7692307692307693,0.42857142857142855,0.839366628573491,0.3867561424372456,0.9746351625238147,0.05246952118766585
test/000040.mp4,000040,vgg19,jpeg_30,real,True,13,14,fake,0.75,0.7692307692307693,0.42857142857142855,0.8652618389863235,0.33821596650554137,0.9746351625238147,0.05246952118766585
test/000040.mp4,000040,vgg19,jpeg_40,real,True,13,14,fake,0.75,0.7692307692307693,0.35714285714285715,0.9128885727662307,0.2760113730887932,0.9746351625238147,0.05246952118766585
test/000040.mp4,000040,vgg19,jpeg_50,real,True,13,14,fake,0.75,0.7692307692307693,0.5,0.8823960240070636,0.31923668672517647,0.9746351625238147,0.05246952118766585
test/000040.mp4,000040,vgg19,jpeg_60,real,True,13,14,fake,0.75,0.7692307692307693,0.35714285714285715,0.8781826862922082,0.32710682460571483,0.9746351625238147,0.05246952118766585
test/000040.mp4,000040,vgg19,jpeg_70,real,True,13,14,fake,0.75,0.7692307692307693,0.5,0.8916996350655189,0.29874411506964366,0.9746351625238147,0.05246952118766585
test/000040.mp4,000040,vgg19,jpeg_80,real,True,13,14,fake,0.75,0.7692307692307693,0.5,0.9201679413135235,0.26769119328555474,0.9746351625238147,0.05246952118766585
test/000040.mp4,000040,vgg19,jpeg_90,real,True,13,14,fake,0.75,0.7692307692307693,0.35714285714285715,0.8879837347910955,0.2960137839479669,0.9746351625238147,0.05246952118766585
test/000040.mp4,000040,vgg19,jpeg_95,real,True,13,14,fake,0.75,0.7692307692307693,0.5,0.8921313194128183,0.2972656120937608,0.9746351625238147,0.05246952118766585
test/000040.mp4,000040,vgg19,h264_18_keepaudio,real,True,13,14,fake,0.75,0.7692307692307693,0.35714285714285715,0.9095305662888747,0.27520274121490446,0.9746351625238147,0.05246952118766585
test/000040.mp4,000040,vgg19,h264_23_keepaudio,real,True,13,14,fake,0.5833333333333334,0.7692307692307693,0.35714285714285715,0.8692575372182406,0.31420959563940853,0.9746351625238147,0.05246952118766585
test/000040.mp4,000040,vgg19,h264_28_keepaudio,real,True,13,14,fake,0.5833333333333334,0.7692307692307693,0.35714285714285715,0.9097505395229046,0.274033569417509,0.9746351625238147,0.05246952118766585
test/000040.mp4,000040,vgg19,h264_33_keepaudio,real,True,13,14,fake,0.6666666666666666,0.7692307692307693,0.5,0.8248957418478452,0.43624019691939847,0.9746351625238147,0.05246952118766585
test/000040.mp4,000040,vgg19,h264_38_keepaudio,real,True,13,14,fake,0.5833333333333334,0.7692307692307693,0.42857142857142855,0.858624511040174,0.4227117608513347,0.9746351625238147,0.05246952118766585
test/000040.mp4,000040,vgg19,h264_43_keepaudio,real,True,13,14,fake,0.5833333333333334,0.7692307692307693,0.42857142857142855,0.9010877173680526,0.26760078055357217,0.9746351625238147,0.05246952118766585
test/000041.mp4,000041,vgg19,clean,fake,True,14,15,fake,0.5384615384615384,0.7142857142857143,0.6666666666666666,0.89687209044184,0.3589735329268365,0.9592937270800272,0.08524110716188477
test/000041.mp4,000041,vgg19,jpeg_10,fake,True,14,15,fake,0.46153846153846156,0.7142857142857143,0.6,0.8656481717314038,0.3530097847026727,0.9592937270800272,0.08524110716188477
test/000041.mp4,000041,vgg19,jpeg_20,fake,True,14,15,fake,0.38461538461538464,0.7142857142857143,0.6666666666666666,0.8345006704330444,0.4357392302240207,0.9592937270800272,0.08524110716188477
test/000041.mp4,000041,vgg19,jpeg_30,fake,True,14,15,fake,0.46153846153846156,0.7142857142857143,0.7333333333333333,0.8721095642873219,0.3534134552506103,0.9592937270800272,0.08524110716188477
test/000041.mp4,000041,vgg19,jpeg_40,fake,True,14,15,fake,0.5384615384615384,0.7142857142857143,0.6,0.860731731568064,0.3940168764225719,0.9592937270800272,0.08524110716188477
test/000041.mp4,000041,vgg19,jpeg_50,fake,True,14,15,fake,0.6153846153846154,0.7142857142857143,0.6,0.8586066024644035,0.41914185684991845,0.9592937270800272,0.08524110716188477
test/000041.mp4,000041,vgg19,jpeg_60,fake,True,14,15,fake,0.46153846153846156,0.7142857142857143,0.6666666666666666,0.8321212189538139,0.4282287230078186,0.9592937270800272,0.08524110716188477
test/000041.mp4,000041,vgg19,jpeg_70,fake,True,14,15,fake,0.5384615384615384,0.7142857142857143,0.6,0.8950650947434562,0.3440623851681869,0.9592937270800272,0.08524110716188477
test/000041.mp4,000041,vgg19,jpeg_80,fake,True,14,15,fake,0.5384615384615384,0.7142857142857143,0.6,0.8318103551864624,0.4736606351391046,0.9592937270800272,0.08524110716188477
test/000041.mp4,000041,vgg19,jpeg_90,fake,True,14,15,fake,0.5384615384615384,0.7142857142857143,0.6666666666666666,0.8900783168418067,0.354823741626137,0.9592937270800272,0.08524110716188477
test/000041.mp4,000041,vgg19,jpeg_95,fake,True,14,15,fake,0.38461538461538464,0.7142857142857143,0.6666666666666666,0.8651723435946873,0.4041093574480901,0.9592937270800272,0.08524110716188477
test/000041.mp4,000041,vgg19,h264_18_keepaudio,fake,True,14,15,fake,0.5384615384615384,0.7142857142857143,0.6666666666666666,0.8706423384802682,0.39184931539938417,0.9592937270800272,0.08524110716188477
test/000041.mp4,000041,vgg19,h264_23_keepaudio,fake,True,14,15,fake,0.6923076923076923,0.7142857142857143,0.6,0.8438845787729535,0.43641017241914665,0.9592937270800272,0.08524110716188477
test/000041.mp4,000041,vgg19,h264_28_keepaudio,fake,True,14,15,fake,0.5384615384615384,0.7142857142857143,0.6666666666666666,0.8416403446878705,0.4350499423404255,0.9592937270800272,0.08524110716188477
test/000041.mp4,000041,vgg19,h264_33_keepaudio,fake,True,14,15,fake,0.46153846153846156,0.7142857142857143,0.6666666666666666,0.8571149493966784,0.419099086906848,0.9592937270800272,0.08524110716188477
test/000041.mp4,000041,vgg19,h264_38_keepaudio,fake,True,14,15,fake,0.6923076923076923,0.7142857142857143,0.6666666666666666,0.9155045236860003,0.24609935790540652,0.9592937270800272,0.08524110716188477
test/000041.mp4,000041,vgg19,h264_43_keepaudio,fake,True,14,15,fake,0.38461538461538464,0.7142857142857143,0.7333333333333333,0.849730121237891,0.3574235672544053,0.9592937270800272,0.08524110716188477
test/000042.mp4,000042,vgg19,clean,fake,True,13,15,fake,0.5833333333333334,0.7857142857142857,0.4666666666666667,0.916652995806474,0.27242341628461425,0.9217088381449382,0.16682090048081838
test/000042.mp4,000042,vgg19,jpeg_10,fake,True,13,15,fake,0.5833333333333334,0.7857142857142857,0.5333333333333333,0.8961270497395442,0.365711632425643,0.9217088381449382,0.16682090048081838
test/000042.mp4,000042,vgg19,jpeg_20,fake,True,13,15,fake,0.4166666666666667,0.7857142857142857,0.4666666666666667,0.8809680434373709,0.3388680214446265,0.9217088381449382,0.16682090048081838
test/000042.mp4,000042,vgg19,jpeg_30,fake,True,13,15,fake,0.5,0.7857142857142857,0.5333333333333333,0.9012407201987046,0.30154478067762186,0.9217088381449382,0.16682090048081838
test/000042.mp4,000042,vgg19,jpeg_40,fake,True,13,15,fake,0.5833333333333334,0.7857142857142857,0.4666666666666667,0.917036446241232,0.2657947929761415,0.9217088381449382,0.16682090048081838
test/000042.mp4,000042,vgg19,jpeg_50,fake,True,13,15,fake,0.5833333333333334,0.7857142857142857,0.4666666666666667,0.9234811250980084,0.21004300435871281,0.9217088381449382,0.16682090048081838
test/000042.mp4,000042,vgg19,jpeg_60,fake,True,13,15,fake,0.5833333333333334,0.7857142857142857,0.4666666666666667,0.8509585307194636,0.3902056507068362,0.9217088381449382,0.16682090048081838
test/000042.mp4,000042,vgg19,jpeg_70,fake,True,13,15,fake,0.4166666666666667,0.7857142857142857,0.4666666666666667,0.8291905705745404,0.4727704726232779,0.9217088381449382,0.16682090048081838
test/000042.mp4,000042,vgg19,jpeg_80,fake,True,13,15,fake,0.5833333333333334,0.7857142857142857,0.4,0.8579715811289274,0.3806694013980754,0.9217088381449382,0.16682090048081838
test/000042.mp4,000042,vgg19,jpeg_90,fake,True,13,15,fake,0.5833333333333334,0.7857142857142857,0.4666666666666667,0.8791363055889423,0.31173461070985853,0.9217088381449382,0.16682090048081838
test/000042.mp4,000042,vgg19,jpeg_95,fake,True,13,15,fake,0.5833333333333334,0.7857142857142857,0.4666666666666667,0.9006557602148789,0.30893681697836334,0.9217088381449382,0.16682090048081838
test/000042.mp4,000042,vgg19,h264_18_keepaudio,fake,True,13,15,fake,0.5833333333333334,0.7857142857142857,0.4666666666666667,0.8839272673313434,0.33825494045936544,0.9217088381449382,0.16682090048081838
test/000042.mp4,000042,vgg19,h264_23_keepaudio,fake,True,13,15,fake,0.5833333333333334,0.7857142857142857,0.4,0.8731387028327355,0.33543609684382925,0.9217088381449382,0.16682090048081838
test/000042.mp4,000042,vgg19,h264_28_keepaudio,fake,True,13,15,fake,0.4166666666666667,0.7857142857142857,0.4666666666666667,0.8694947109772608,0.3535082022420315,0.9217088381449382,0.16682090048081838
test/000042.mp4,000042,vgg19,h264_33_keepaudio,fake,True,13,15,fake,0.5833333333333334,0.7857142857142857,0.4,0.8016621149503268,0.4816850477124639,0.9217088381449382,0.16682090048081838
test/000042.mp4,000042,vgg19,h264_38_keepaudio,fake,True,13,15,fake,0.5833333333333334,0.7857142857142857,0.4666666666666667,0.8786880649053134,0.35835058451191887,0.9217088381449382,0.16682090048081838
test/000042.mp4,000042,vgg19,h264_43_keepaudio,fake,True,13,15,fake,0.5833333333333334,0.7857142857142857,0.8,0.8731308556520022,0.3270689216053996,0.9217088381449382,0.16682090048081838
test/000043.mp4,000043,vgg19,clean,fake,True,13,15,fake,0.5833333333333334,0.5714285714285714,0.7333333333333333,0.8483524437134082,0.39215191356141166,0.9458533366521199,0.15015123565460264
test/000043.mp4,000043,vgg19,jpeg_10,fake,True,13,15,fake,0.6666666666666666,0.5714285714285714,0.8666666666666667,0.8808736846997187,0.3132659700591333,0.9458533366521199,0.15015123565460264
test/000043.mp4,000043,vgg19,jpeg_20,fake,True,13,15,fake,0.75,0.5714285714285714,0.6666666666666666,0.8551489000137036,0.35356456850576995,0.9458533366521199,0.15015123565460264
test/000043.mp4,000043,vgg19,jpeg_30,fake,True,13,15,fake,0.75,0.5714285714285714,0.6666666666666666,0.8783746040784396,0.34938427555372137,0.9458533366521199,0.15015123565460264
test/000043.mp4,000043,vgg19,jpeg_40,fake,True,13,15,fake,0.8333333333333334,0.5714285714285714,0.6666666666666666,0.8488842707413894,0.41645803261572206,0.9458533366521199,0.15015123565460264
test/000043.mp4,000043,vgg19,jpeg_50,fake,True,13,15,fake,0.5833333333333334,0.5714285714285714,0.6666666666666666,0.838787331030919,0.4322628926314982,0.9458533366521199,0.15015123565460264
test/000043.mp4,000043,vgg19,jpeg_60,fake,True,13,15,fake,0.75,0.5714285714285714,0.6666666666666666,0.8433340948361617,0.42903506524810536,0.9458533366521199,0.15015123565460264
test/000043.mp4,000043,vgg19,jpeg_70,fake,True,13,15,fake,0.5833333333333334,0.5714285714285714,0.6666666666666666,0.8240318160790664,0.4564108222476576,0.9458533366521199,0.15015123565460264
test/000043.mp4,000043,vgg19,jpeg_80,fake,True,13,15,fake,0.5833333333333334,0.5714285714285714,0.6666666666666666,0.8396558165550232,0.43179591079861335,0.9458533366521199,0.15015123565460264
test/000043.mp4,000043,vgg19,jpeg_90,fake,True,13,15,fake,0.75,0.5714285714285714,0.6666666666666666,0.8415691118973953,0.4260316104405128,0.9458533366521199,0.15015123565460264
test/000043.mp4,000043,vgg19,jpeg_95,fake,True,13,15,fake,0.4166666666666667,0.5714285714285714,0.7333333333333333,0.816356367789782,0.4650572111420284,0.9458533366521199,0.15015123565460264
test/000043.mp4,000043,vgg19,h264_18_keepaudio,fake,True,13,15,fake,0.5833333333333334,0.5714285714285714,0.7333333333333333,0.8633288672337165,0.36897824742440116,0.9458533366521199,0.15015123565460264
test/000043.mp4,000043,vgg19,h264_23_keepaudio,fake,True,13,15,fake,0.5833333333333334,0.5714285714285714,0.6666666666666666,0.8792751660713782,0.34583412843689576,0.9458533366521199,0.15015123565460264
test/000043.mp4,000043,vgg19,h264_28_keepaudio,fake,True,13,15,fake,0.75,0.5714285714285714,0.6666666666666666,0.8992112737435561,0.33549604120027127,0.9458533366521199,0.15015123565460264
test/000043.mp4,000043,vgg19,h264_33_keepaudio,fake,True,13,15,fake,0.5833333333333334,0.5714285714285714,0.6666666666666666,0.8804563192220834,0.34328496152528143,0.9458533366521199,0.15015123565460264
test/000043.mp4,000043,vgg19,h264_38_keepaudio,fake,True,13,15,fake,0.5833333333333334,0.5714285714285714,0.6666666666666666,0.8243300639666044,0.47476186595950204,0.9458533366521199,0.15015123565460264
test/000043.mp4,000043,vgg19,h264_43_keepaudio,fake,True,13,15,fake,0.25,0.5714285714285714,0.8,0.8570829904996432,0.3912211828100122,0.9458533366521199,0.15015123565460264
test/000044.mp4,000044,vgg19,clean,real,True,24,29,fake,0.782608695652174,0.6071428571428571,0.6551724137931034,0.7841145197550455,0.5659550505885261,0.9392184512368564,0.14330972233626604
test/000044.mp4,000044,vgg19,jpeg_10,real,True,24,29,fake,0.6086956521739131,0.6071428571428571,0.6206896551724138,0.8312264668444792,0.46128815916076743,0.9392184512368564,0.14330972233626604
test/000044.mp4,000044,vgg19,jpeg_20,real,True,24,29,fake,0.8260869565217391,0.6071428571428571,0.6551724137931034,0.842075432340304,0.44376326695663587,0.9392184512368564,0.14330972233626604
test/000044.mp4,000044,vgg19,jpeg_30,real,True,24,29,fake,0.6521739130434783,0.6071428571428571,0.6206896551724138,0.7862267208596071,0.5781092148684029,0.9392184512368564,0.14330972233626604
test/000044.mp4,000044,vgg19,jpeg_40,real,True,24,29,fake,0.7391304347826086,0.6071428571428571,0.7241379310344828,0.8257903282841047,0.49739227801560243,0.9392184512368564,0.14330972233626604
test/000044.mp4,000044,vgg19,jpeg_50,real,True,24,29,fake,0.7391304347826086,0.6071428571428571,0.6551724137931034,0.8079449894527594,0.5119568273551107,0.9392184512368564,0.14330972233626604
test/000044.mp4,000044,vgg19,jpeg_60,real,True,24,29,fake,0.6521739130434783,0.6071428571428571,0.6206896551724138,0.776647761464119,0.5850715340961424,0.9392184512368564,0.14330972233626604
test/000044.mp4,000044,vgg19,jpeg_70,real,True,24,29,fake,0.6521739130434783,0.6071428571428571,0.6551724137931034,0.7698195055127144,0.6203580249484858,0.9392184512368564,0.14330972233626604
test/000044.mp4,000044,vgg19,jpeg_80,real,True,24,29,fake,0.7391304347826086,0.6071428571428571,0.6551724137931034,0.7622556500136852,0.5941726034252528,0.9392184512368564,0.14330972233626604
test/000044.mp4,000044,vgg19,jpeg_90,real,True,24,29,fake,0.6956521739130435,0.6071428571428571,0.6206896551724138,0.8184680057068666,0.5097586628792583,0.9392184512368564,0.14330972233626604
test/000044.mp4,000044,vgg19,jpeg_95,real,True,24,29,fake,0.782608695652174,0.6071428571428571,0.6551724137931034,0.8075636588037014,0.5545884935977169,0.9392184512368564,0.14330972233626604
test/000044.mp4,000044,vgg19,h264_18_keepaudio,real,True,24,29,fake,0.782608695652174,0.6071428571428571,0.6206896551724138,0.7565072650710741,0.5997093220136342,0.9392184512368564,0.14330972233626604
test/000044.mp4,000044,vgg19,h264_23_keepaudio,real,True,24,29,fake,0.782608695652174,0.6071428571428571,0.6551724137931034,0.7556637972593307,0.6303185961247287,0.9392184512368564,0.14330972233626604
test/000044.mp4,000044,vgg19,h264_28_keepaudio,real,True,24,29,fake,0.6956521739130435,0.6071428571428571,0.7241379310344828,0.8129968754947186,0.5044853681360623,0.9392184512368564,0.14330972233626604
test/000044.mp4,000044,vgg19,h264_33_keepaudio,real,True,24,29,fake,0.5652173913043478,0.6071428571428571,0.7241379310344828,0.7654904797673225,0.5853293624235434,0.9392184512368564,0.14330972233626604
test/000044.mp4,000044,vgg19,h264_38_keepaudio,real,True,24,29,fake,0.7391304347826086,0.6071428571428571,0.6896551724137931,0.8562024856607119,0.4135443534047863,0.9392184512368564,0.14330972233626604
test/000044.mp4,000044,vgg19,h264_43_keepaudio,real,True,24,29,fake,0.6521739130434783,0.6071428571428571,0.8275862068965517,0.8138734375437101,0.480590966860923,0.9392184512368564,0.14330972233626604
test/000045.mp4,000045,vgg19,clean,fake,True,25,30,fake,0.6666666666666666,0.6206896551724138,0.7333333333333333,0.7884660303592682,0.530116017029471,0.9509476085503896,0.1454168688037046
test/000045.mp4,000045,vgg19,jpeg_10,fake,True,25,30,fake,0.5416666666666666,0.6206896551724138,0.7,0.8074653744697571,0.5064734821236972,0.9509476085503896,0.1454168688037046
test/000045.mp4,000045,vgg19,jpeg_20,fake,True,25,30,fake,0.7083333333333334,0.6206896551724138,0.7666666666666667,0.7658334708213806,0.5734697913478507,0.9509476085503896,0.1454168688037046
test/000045.mp4,000045,vgg19,jpeg_30,fake,True,25,30,fake,0.7083333333333334,0.6206896551724138,0.8333333333333334,0.8017689430713654,0.5204598790889005,0.9509476085503896,0.1454168688037046
test/000045.mp4,000045,vgg19,jpeg_40,fake,True,25,30,fake,0.6666666666666666,0.6206896551724138,0.8,0.7810302782058716,0.5588976868736117,0.9509476085503896,0.1454168688037046
test/000045.mp4,000045,vgg19,jpeg_50,fake,True,25,30,fake,0.625,0.6206896551724138,0.7,0.7810030245780945,0.5713825898711644,0.9509476085503896,0.1454168688037046
test/000045.mp4,000045,vgg19,jpeg_60,fake,True,25,30,fake,0.625,0.6206896551724138,0.7333333333333333,0.7510039985179902,0.6019496404660094,0.9509476085503896,0.1454168688037046
test/000045.mp4,000045,vgg19,jpeg_70,fake,True,25,30,fake,0.625,0.6206896551724138,0.7,0.7255300283432007,0.6445671870462699,0.9509476085503896,0.1454168688037046
test/000045.mp4,000045,vgg19,jpeg_80,fake,True,25,30,fake,0.7083333333333334,0.6206896551724138,0.7333333333333333,0.7675874042510986,0.5711592294922816,0.9509476085503896,0.1454168688037046
test/000045.mp4,000045,vgg19,jpeg_90,fake,True,25,30,fake,0.625,0.6206896551724138,0.7,0.7713852250576019,0.6044653398586224,0.9509476085503896,0.1454168688037046
test/000045.mp4,000045,vgg19,jpeg_95,fake,True,25,30,fake,0.6666666666666666,0.6206896551724138,0.7,0.7241948997974396,0.6475035406305061,0.9509476085503896,0.1454168688037046
test/000045.mp4,000045,vgg19,h264_18_keepaudio,fake,True,25,30,fake,0.6666666666666666,0.6206896551724138,0.7,0.8014045464992523,0.5074313455443495,0.9509476085503896,0.1454168688037046
test/000045.mp4,000045,vgg19,h264_23_keepaudio,fake,True,25,30,fake,0.7083333333333334,0.6206896551724138,0.7,0.7083076775074005,0.6855172776777013,0.9509476085503896,0.1454168688037046
test/000045.mp4,000045,vgg19,h264_28_keepaudio,fake,True,25,30,fake,0.75,0.6206896551724138,0.7333333333333333,0.8147049558162689,0.4842609451340831,0.9509476085503896,0.1454168688037046
test/000045.mp4,000045,vgg19,h264_33_keepaudio,fake,True,25,30,fake,0.4583333333333333,0.6206896551724138,0.7333333333333333,0.8010900342464446,0.5234922742635004,0.9509476085503896,0.1454168688037046
test/000045.mp4,000045,vgg19,h264_38_keepaudio,fake,True,25,30,fake,0.6666666666666666,0.6206896551724138,0.6,0.8647939157485962,0.3447589673323538,0.9509476085503896,0.1454168688037046
test/000045.mp4,000045,vgg19,h264_43_keepaudio,fake,True,25,30,fake,0.3333333333333333,0.6206896551724138,0.6333333333333333,0.757494375705719,0.6204077592227277,0.9509476085503896,0.1454168688037046
test/000046.mp4,000046,vgg19,clean,fake,True,24,29,fake,0.6956521739130435,0.5714285714285714,0.7931034482758621,0.7743708578248819,0.5745945219196958,0.9490752220153809,0.11768700291692771
test/000046.mp4,000046,vgg19,jpeg_10,fake,True,24,29,fake,0.5652173913043478,0.5714285714285714,0.7241379310344828,0.8700017742812634,0.357428607658413,0.9490752220153809,0.11768700291692771
test/000046.mp4,000046,vgg19,jpeg_20,fake,True,24,29,fake,0.6086956521739131,0.5714285714285714,0.7241379310344828,0.8203942676385244,0.4608504056668992,0.9490752220153809,0.11768700291692771
test/000046.mp4,000046,vgg19,jpeg_30,fake,True,24,29,fake,0.6521739130434783,0.5714285714285714,0.7241379310344828,0.7895111838976542,0.5332534703046506,0.9490752220153809,0.11768700291692771
test/000046.mp4,000046,vgg19,jpeg_40,fake,True,24,29,fake,0.6956521739130435,0.5714285714285714,0.7241379310344828,0.7953942169745764,0.5553557896475565,0.9490752220153809,0.11768700291692771
test/000046.mp4,000046,vgg19,jpeg_50,fake,True,24,29,fake,0.6086956521739131,0.5714285714285714,0.7931034482758621,0.7292689296106497,0.6726603560577816,0.9490752220153809,0.11768700291692771
test/000046.mp4,000046,vgg19,jpeg_60,fake,True,24,29,fake,0.6956521739130435,0.5714285714285714,0.6896551724137931,0.7597746811807156,0.6204337463655736,0.9490752220153809,0.11768700291692771
test/000046.mp4,000046,vgg19,jpeg_70,fake,True,24,29,fake,0.6956521739130435,0.5714285714285714,0.7241379310344828,0.7967524317403635,0.5486083826633337,0.9490752220153809,0.11768700291692771
test/000046.mp4,000046,vgg19,jpeg_80,fake,True,24,29,fake,0.782608695652174,0.5714285714285714,0.7241379310344828,0.7690311794479688,0.5713781650400985,0.9490752220153809,0.11768700291692771
test/000046.mp4,000046,vgg19,jpeg_90,fake,True,24,29,fake,0.7391304347826086,0.5714285714285714,0.6896551724137931,0.7828571001688639,0.5936863589787007,0.9490752220153809,0.11768700291692771
test/000046.mp4,000046,vgg19,jpeg_95,fake,True,24,29,fake,0.6521739130434783,0.5714285714285714,0.7241379310344828,0.7806022216876348,0.6024647738420467,0.9490752220153809,0.11768700291692771
test/000046.mp4,000046,vgg19,h264_18_keepaudio,fake,True,24,29,fake,0.5217391304347826,0.5714285714285714,0.8275862068965517,0.7788693433006605,0.59548714984401,0.9490752220153809,0.11768700291692771
test/000046.mp4,000046,vgg19,h264_23_keepaudio,fake,True,24,29,fake,0.782608695652174,0.5714285714285714,0.7586206896551724,0.7505926390488943,0.6423208873737162,0.9490752220153809,0.11768700291692771
test/000046.mp4,000046,vgg19,h264_28_keepaudio,fake,True,24,29,fake,0.6086956521739131,0.5714285714285714,0.6896551724137931,0.7912759818136692,0.5610879127085023,0.9490752220153809,0.11768700291692771
test/000046.mp4,000046,vgg19,h264_33_keepaudio,fake,True,24,29,fake,0.782608695652174,0.5714285714285714,0.7931034482758621,0.8035352565348148,0.5209247597032708,0.9490752220153809,0.11768700291692771
test/000046.mp4,000046,vgg19,h264_38_keepaudio,fake,True,24,29,fake,0.6956521739130435,0.5714285714285714,0.6896551724137931,0.8161931894719601,0.4417878715375858,0.9490752220153809,0.11768700291692771
test/000046.mp4,000046,vgg19,h264_43_keepaudio,fake,True,24,29,fake,0.5217391304347826,0.5714285714285714,0.5862068965517241,0.7813667257626852,0.5229946192761717,0.9490752220153809,0.11768700291692771
test/000047.mp4,000047,vgg19,clean,fake,True,25,30,fake,0.6666666666666666,0.6206896551724138,0.7333333333333333,0.7668559038639069,0.5784807758285584,0.9509476085503896,0.1454168688037046
test/000047.mp4,000047,vgg19,jpeg_10,fake,True,25,30,fake,0.5416666666666666,0.6206896551724138,0.8,0.8124290597438812,0.45376364095362876,0.9509476085503896,0.1454168688037046
test/000047.mp4,000047,vgg19,jpeg_20,fake,True,25,30,fake,0.6666666666666666,0.6206896551724138,0.8333333333333334,0.7767866849899292,0.5930414509058255,0.9509476085503896,0.1454168688037046
test/000047.mp4,000047,vgg19,jpeg_30,fake,True,25,30,fake,0.8333333333333334,0.6206896551724138,0.7666666666666667,0.7752397549152374,0.5590901980109068,0.9509476085503896,0.1454168688037046
test/000047.mp4,000047,vgg19,jpeg_40,fake,True,25,30,fake,0.6666666666666666,0.6206896551724138,0.7,0.7440401005744934,0.6137346143575922,0.9509476085503896,0.1454168688037046
test/000047.mp4,000047,vgg19,jpeg_50,fake,True,25,30,fake,0.5833333333333334,0.6206896551724138,0.7333333333333333,0.7657975232601166,0.5988056740689784,0.9509476085503896,0.1454168688037046
test/000047.mp4,000047,vgg19,jpeg_60,fake,True,25,30,fake,0.7083333333333334,0.6206896551724138,0.7666666666666667,0.7660061180591583,0.565068366321873,0.9509476085503896,0.1454168688037046
test/000047.mp4,000047,vgg19,jpeg_70,fake,True,25,30,fake,0.6666666666666666,0.6206896551724138,0.7666666666666667,0.7744386672973633,0.5640055197253759,0.9509476085503896,0.1454168688037046
test/000047.mp4,000047,vgg19,jpeg_80,fake,True,25,30,fake,0.625,0.6206896551724138,0.7,0.8022940051555634,0.5202076895485493,0.9509476085503896,0.1454168688037046
test/000047.mp4,000047,vgg19,jpeg_90,fake,True,25,30,fake,0.625,0.6206896551724138,0.7333333333333333,0.7799873220920562,0.5573042789494712,0.9509476085503896,0.1454168688037046
test/000047.mp4,000047,vgg19,jpeg_95,fake,True,25,30,fake,0.5833333333333334,0.6206896551724138,0.7,0.7628245091438294,0.5701282382592597,0.9509476085503896,0.1454168688037046
test/000047.mp4,000047,vgg19,h264_18_keepaudio,fake,True,25,30,fake,0.5416666666666666,0.6206896551724138,0.6666666666666666,0.716500118970871,0.6377206463812708,0.9509476085503896,0.1454168688037046
test/000047.mp4,000047,vgg19,h264_23_keepaudio,fake,True,25,30,fake,0.6666666666666666,0.6206896551724138,0.7,0.7899323725700378,0.5640488533219272,0.9509476085503896,0.1454168688037046
test/000047.mp4,000047,vgg19,h264_28_keepaudio,fake,True,25,30,fake,0.7083333333333334,0.6206896551724138,0.6333333333333333,0.7637585484981537,0.5850538840315133,0.9509476085503896,0.1454168688037046
test/000047.mp4,000047,vgg19,h264_33_keepaudio,fake,True,25,30,fake,0.7916666666666666,0.6206896551724138,0.6666666666666666,0.8296853744983673,0.43192622347226634,0.9509476085503896,0.1454168688037046
test/000047.mp4,000047,vgg19,h264_38_keepaudio,fake,True,25,30,fake,0.5833333333333334,0.6206896551724138,0.6666666666666666,0.7198074460029602,0.6966040539381406,0.9509476085503896,0.1454168688037046
test/000047.mp4,000047,vgg19,h264_43_keepaudio,fake,True,25,30,fake,0.5416666666666666,0.6206896551724138,0.7,0.8698431420326233,0.34903012662127864,0.9509476085503896,0.1454168688037046
test/000048.mp4,000048,vgg19,clean,real,True,26,32,fake,0.52,0.7741935483870968,0.84375,0.8483611792325974,0.42148951250928923,0.9152024248614907,0.17064058992432482
test/000048.mp4,000048,vgg19,jpeg_10,real,True,26,32,fake,0.48,0.7741935483870968,0.71875,0.8257147486393268,0.42467776939658114,0.9152024248614907,0.17064058992432482
test/000048.mp4,000048,vgg19,jpeg_20,real,True,26,32,fake,0.48,0.7741935483870968,0.875,0.8429974489487134,0.3764378246407246,0.9152024248614907,0.17064058992432482
test/000048.mp4,000048,vgg19,jpeg_30,real,True,26,32,fake,0.6,0.7741935483870968,0.84375,0.8776907095542321,0.34581125910569477,0.9152024248614907,0.17064058992432482
test/000048.mp4,000048,vgg19,jpeg_40,real,True,26,32,fake,0.64,0.7741935483870968,0.875,0.8905153435010177,0.3245661843640335,0.9152024248614907,0.17064058992432482
test/000048.mp4,000048,vgg19,jpeg_50,real,True,26,32,fake,0.48,0.7741935483870968,0.84375,0.89399481851321,0.32796299428647696,0.9152024248614907,0.17064058992432482
test/000048.mp4,000048,vgg19,jpeg_60,real,True,26,32,fake,0.48,0.7741935483870968,0.8125,0.8473353993434173,0.4038953466123823,0.9152024248614907,0.17064058992432482
test/000048.mp4,000048,vgg19,jpeg_70,real,True,26,32,fake,0.52,0.7741935483870968,0.84375,0.8502384962943884,0.42100999702372854,0.9152024248614907,0.17064058992432482
test/000048.mp4,000048,vgg19,jpeg_80,real,True,26,32,fake,0.6,0.7741935483870968,0.84375,0.8586466816755441,0.42817238512217365,0.9152024248614907,0.17064058992432482
test/000048.mp4,000048,vgg19,jpeg_90,real,True,26,32,fake,0.48,0.7741935483870968,0.8125,0.8096578774543909,0.48016213620837667,0.9152024248614907,0.17064058992432482
test/000048.mp4,000048,vgg19,jpeg_95,real,True,26,32,fake,0.52,0.7741935483870968,0.8125,0.8922025847893494,0.34180344225191317,0.9152024248614907,0.17064058992432482
test/000048.mp4,000048,vgg19,h264_18_keepaudio,real,True,26,32,fake,0.64,0.7741935483870968,0.84375,0.8837929723354486,0.3553893133572351,0.9152024248614907,0.17064058992432482
test/000048.mp4,000048,vgg19,h264_23_keepaudio,real,True,26,32,fake,0.68,0.7741935483870968,0.84375,0.8548312680079386,0.41051707063723697,0.9152024248614907,0.17064058992432482
test/000048.mp4,000048,vgg19,h264_28_keepaudio,real,True,26,32,fake,0.52,0.7741935483870968,0.84375,0.8709737933599032,0.3838507263137381,0.9152024248614907,0.17064058992432482
test/000048.mp4,000048,vgg19,h264_33_keepaudio,real,True,26,32,fake,0.68,0.7741935483870968,0.84375,0.8550548392992753,0.3878876170540276,0.9152024248614907,0.17064058992432482
test/000048.mp4,000048,vgg19,h264_38_keepaudio,real,True,26,32,fake,0.72,0.7741935483870968,0.90625,0.784940935098208,0.565448647421719,0.9152024248614907,0.17064058992432482
test/000048.mp4,000048,vgg19,h264_43_keepaudio,real,True,26,32,fake,0.64,0.7741935483870968,0.8125,0.8316088834634194,0.40435278794501694,0.9152024248614907,0.17064058992432482
test/000049.mp4,000049,vgg19,clean,fake,True,28,34,fake,0.5555555555555556,0.8484848484848485,0.7352941176470589,0.7539513260126114,0.5773396293871846,0.9465272899936227,0.13412228665899695
test/000049.mp4,000049,vgg19,jpeg_10,fake,True,28,34,fake,0.4074074074074074,0.8484848484848485,0.6764705882352942,0.8486608554209981,0.43374035250748383,0.9465272899936227,0.13412228665899695
test/000049.mp4,000049,vgg19,jpeg_20,fake,True,28,34,fake,0.48148148148148145,0.8484848484848485,0.6764705882352942,0.7954888875995364,0.5266640814135205,0.9465272899936227,0.13412228665899695
test/000049.mp4,000049,vgg19,jpeg_30,fake,True,28,34,fake,0.5925925925925926,0.8484848484848485,0.7352941176470589,0.8452252468892506,0.40320832153945946,0.9465272899936227,0.13412228665899695
test/000049.mp4,000049,vgg19,jpeg_40,fake,True,28,34,fake,0.4444444444444444,0.8484848484848485,0.6764705882352942,0.7832656704953739,0.5181441525148516,0.9465272899936227,0.13412228665899695
test/000049.mp4,000049,vgg19,jpeg_50,fake,True,28,34,fake,0.5555555555555556,0.8484848484848485,0.7941176470588235,0.7874324406896319,0.5071048089520803,0.9465272899936227,0.13412228665899695
test/000049.mp4,000049,vgg19,jpeg_60,fake,True,28,34,fake,0.7407407407407407,0.8484848484848485,0.7941176470588235,0.8748181057827813,0.36111572644365736,0.9465272899936227,0.13412228665899695
test/000049.mp4,000049,vgg19,jpeg_70,fake,True,28,34,fake,0.6296296296296297,0.8484848484848485,0.7352941176470589,0.8125936154808316,0.4538678817930661,0.9465272899936227,0.13412228665899695
test/000049.mp4,000049,vgg19,jpeg_80,fake,True,28,34,fake,0.6666666666666666,0.8484848484848485,0.7058823529411765,0.7762247760381017,0.5396268980843699,0.9465272899936227,0.13412228665899695
test/000049.mp4,000049,vgg19,jpeg_90,fake,True,28,34,fake,0.6296296296296297,0.8484848484848485,0.8235294117647058,0.8067450672388077,0.4692703461560468,0.9465272899936227,0.13412228665899695
test/000049.mp4,000049,vgg19,jpeg_95,fake,True,28,34,fake,0.5185185185185185,0.8484848484848485,0.7058823529411765,0.8500036607895579,0.41415674205884573,0.9465272899936227,0.13412228665899695
test/000049.mp4,000049,vgg19,h264_18_keepaudio,fake,True,28,34,fake,0.48148148148148145,0.8484848484848485,0.7352941176470589,0.820928308580603,0.4656245542752074,0.9465272899936227,0.13412228665899695
test/000049.mp4,000049,vgg19,h264_23_keepaudio,fake,True,28,34,fake,0.5555555555555556,0.8484848484848485,0.7647058823529411,0.8357992683138166,0.43280772028222725,0.9465272899936227,0.13412228665899695
test/000049.mp4,000049,vgg19,h264_28_keepaudio,fake,True,28,34,fake,0.5555555555555556,0.8484848484848485,0.7647058823529411,0.8511444085410663,0.4146434316526024,0.9465272899936227,0.13412228665899695
test/000049.mp4,000049,vgg19,h264_33_keepaudio,fake,True,28,34,fake,0.7407407407407407,0.8484848484848485,0.7647058823529411,0.8433406512652125,0.42498995466943057,0.9465272899936227,0.13412228665899695
test/000049.mp4,000049,vgg19,h264_38_keepaudio,fake,True,28,34,fake,0.7777777777777778,0.8484848484848485,0.7647058823529411,0.8381566650101117,0.4276024505128314,0.9465272899936227,0.13412228665899695
test/000049.mp4,000049,vgg19,h264_43_keepaudio,fake,True,28,34,fake,0.37037037037037035,0.8484848484848485,0.6176470588235294,0.73883875140122,0.6357823205500486,0.9465272899936227,0.13412228665899695
test/000050.mp4,000050,vgg19,clean,fake,True,27,32,fake,0.5384615384615384,0.9032258064516129,0.71875,0.8203505752263246,0.4451652052402032,0.949019031599164,0.12753648093526967
test/000050.mp4,000050,vgg19,jpeg_10,fake,True,27,32,fake,0.6923076923076923,0.9032258064516129,0.75,0.8339548883614717,0.41596157554866714,0.949019031599164,0.12753648093526967
test/000050.mp4,000050,vgg19,jpeg_20,fake,True,27,32,fake,0.5769230769230769,0.9032258064516129,0.6875,0.7902525243935762,0.5219367824276764,0.949019031599164,0.12753648093526967
test/000050.mp4,000050,vgg19,jpeg_30,fake,True,27,32,fake,0.6153846153846154,0.9032258064516129,0.71875,0.8332676379768936,0.42384249590803946,0.949019031599164,0.12753648093526967
test/000050.mp4,000050,vgg19,jpeg_40,fake,True,27,32,fake,0.6153846153846154,0.9032258064516129,0.71875,0.8467268027641155,0.39022358809945934,0.949019031599164,0.12753648093526967
test/000050.mp4,000050,vgg19,jpeg_50,fake,True,27,32,fake,0.5769230769230769,0.9032258064516129,0.71875,0.8636426859431796,0.34491076138374455,0.949019031599164,0.12753648093526967
test/000050.mp4,000050,vgg19,jpeg_60,fake,True,27,32,fake,0.6153846153846154,0.9032258064516129,0.71875,0.9083041018909879,0.27403891482322545,0.949019031599164,0.12753648093526967
test/000050.mp4,000050,vgg19,jpeg_70,fake,True,27,32,fake,0.5769230769230769,0.9032258064516129,0.65625,0.857276016915286,0.3873106488422825,0.949019031599164,0.12753648093526967
test/000050.mp4,000050,vgg19,jpeg_80,fake,True,27,32,fake,0.6538461538461539,0.9032258064516129,0.75,0.8119512078938661,0.4604882436511647,0.949019031599164,0.12753648093526967
test/000050.mp4,000050,vgg19,jpeg_90,fake,True,27,32,fake,0.5769230769230769,0.9032258064516129,0.78125,0.8064343167675866,0.47908331775932067,0.949019031599164,0.12753648093526967
test/000050.mp4,000050,vgg19,jpeg_95,fake,True,27,32,fake,0.5384615384615384,0.9032258064516129,0.6875,0.8209376765622033,0.4354197149969724,0.949019031599164,0.12753648093526967
test/000050.mp4,000050,vgg19,h264_18_keepaudio,fake,True,27,32,fake,0.5,0.9032258064516129,0.6875,0.8435453077157339,0.40665002008593154,0.949019031599164,0.12753648093526967
test/000050.mp4,000050,vgg19,h264_23_keepaudio,fake,True,27,32,fake,0.5384615384615384,0.9032258064516129,0.6875,0.853427564656293,0.3887649398042131,0.949019031599164,0.12753648093526967
test/000050.mp4,000050,vgg19,h264_28_keepaudio,fake,True,27,32,fake,0.5,0.9032258064516129,0.6875,0.8131415082348717,0.47866569703509887,0.949019031599164,0.12753648093526967
test/000050.mp4,000050,vgg19,h264_33_keepaudio,fake,True,27,32,fake,0.6923076923076923,0.9032258064516129,0.75,0.8999982410007052,0.29556425999988456,0.949019031599164,0.12753648093526967
test/000050.mp4,000050,vgg19,h264_38_keepaudio,fake,True,27,32,fake,0.5769230769230769,0.9032258064516129,0.75,0.8604172998004489,0.41990857698177586,0.949019031599164,0.12753648093526967
test/000050.mp4,000050,vgg19,h264_43_keepaudio,fake,True,27,32,fake,0.2692307692307692,0.9032258064516129,0.65625,0.8116477451942585,0.49321229306285913,0.949019031599164,0.12753648093526967
test/000051.mp4,000051,vgg19,clean,fake,True,27,33,fake,0.5,0.78125,0.7878787878787878,0.7927076308815567,0.4867579837727653,0.9472693060383652,0.13727532728748137
test/000051.mp4,000051,vgg19,jpeg_10,fake,True,27,33,fake,0.5384615384615384,0.78125,0.7575757575757576,0.8727942109107971,0.37500021476815487,0.9472693060383652,0.13727532728748137
test/000051.mp4,000051,vgg19,jpeg_20,fake,True,27,33,fake,0.5,0.78125,0.7878787878787878,0.8276109805813542,0.4494491470080365,0.9472693060383652,0.13727532728748137
test/000051.mp4,000051,vgg19,jpeg_30,fake,True,27,33,fake,0.5384615384615384,0.78125,0.8181818181818182,0.8618740439414978,0.3814908446419089,0.9472693060383652,0.13727532728748137
test/000051.mp4,000051,vgg19,jpeg_40,fake,True,27,33,fake,0.6153846153846154,0.78125,0.7575757575757576,0.8242107629776001,0.45363143145309726,0.9472693060383652,0.13727532728748137
test/000051.mp4,000051,vgg19,jpeg_50,fake,True,27,33,fake,0.6153846153846154,0.78125,0.7575757575757576,0.8663163317574395,0.348425899211906,0.9472693060383652,0.13727532728748137
test/000051.mp4,000051,vgg19,jpeg_60,fake,True,27,33,fake,0.5769230769230769,0.78125,0.7878787878787878,0.843736226911898,0.43185478341607453,0.9472693060383652,0.13727532728748137
test/000051.mp4,000051,vgg19,jpeg_70,fake,True,27,33,fake,0.5769230769230769,0.78125,0.7272727272727273,0.819297581911087,0.43692267016754516,0.9472693060383652,0.13727532728748137
test/000051.mp4,000051,vgg19,jpeg_80,fake,True,27,33,fake,0.6538461538461539,0.78125,0.8181818181818182,0.8483230648217378,0.38795218753246075,0.9472693060383652,0.13727532728748137
test/000051.mp4,000051,vgg19,jpeg_90,fake,True,27,33,fake,0.5,0.78125,0.7878787878787878,0.8411463366614448,0.3750210465073349,0.9472693060383652,0.13727532728748137
test/000051.mp4,000051,vgg19,jpeg_95,fake,True,27,33,fake,0.5,0.78125,0.8181818181818182,0.8301920427216424,0.4327202828197037,0.9472693060383652,0.13727532728748137
test/000051.mp4,000051,vgg19,h264_18_keepaudio,fake,True,27,33,fake,0.5,0.78125,0.7575757575757576,0.8345211302792584,0.42933612810699284,0.9472693060383652,0.13727532728748137
test/000051.mp4,000051,vgg19,h264_23_keepaudio,fake,True,27,33,fake,0.4230769230769231,0.78125,0.7878787878787878,0.8308453615064975,0.44699189371484466,0.9472693060383652,0.13727532728748137
test/000051.mp4,000051,vgg19,h264_28_keepaudio,fake,True,27,33,fake,0.6538461538461539,0.78125,0.8181818181818182,0.8055878270555425,0.45520547081027457,0.9472693060383652,0.13727532728748137
test/000051.mp4,000051,vgg19,h264_33_keepaudio,fake,True,27,33,fake,0.7307692307692307,0.78125,0.8787878787878788,0.9302263855934143,0.24301471581329312,0.9472693060383652,0.13727532728748137
test/000051.mp4,000051,vgg19,h264_38_keepaudio,fake,True,27,33,fake,0.6923076923076923,0.78125,0.8484848484848485,0.8684024269934054,0.3304508457246922,0.9472693060383652,0.13727532728748137
test/000051.mp4,000051,vgg19,h264_43_keepaudio,fake,True,27,33,fake,0.5384615384615384,0.78125,0.7575757575757576,0.7751928899023268,0.6020761620833698,0.9472693060383652,0.13727532728748137
test/000052.mp4,000052,vgg19,clean,real,True,24,30,fake,0.7391304347826086,0.5862068965517241,0.8,0.9250951521098614,0.2060587019244731,0.9118627200524012,0.20121636249547373
test/000052.mp4,000052,vgg19,jpeg_10,real,True,23,30,fake,0.5454545454545454,0.5862068965517241,0.7,0.9322412921034772,0.17903692123500645,0.9118627200524012,0.20121636249547373
test/000052.mp4,000052,vgg19,jpeg_20,real,True,23,30,fake,0.5,0.5862068965517241,0.7333333333333333,0.8937694054582844,0.23925986511162203,0.9118627200524012,0.20121636249547373
test/000052.mp4,000052,vgg19,jpeg_30,real,True,23,30,fake,0.7727272727272727,0.5862068965517241,0.8,0.9076652578685594,0.22104041316510298,0.9118627200524012,0.20121636249547373
test/000052.mp4,000052,vgg19,jpeg_40,real,True,23,30,fake,0.8181818181818182,0.5862068965517241,0.8,0.9085346434427344,0.2315277267784191,0.9118627200524012,0.20121636249547373
test/000052.mp4,000052,vgg19,jpeg_50,real,True,23,30,fake,0.9090909090909091,0.5862068965517241,0.8,0.9334499524987262,0.17184168387568485,0.9118627200524012,0.20121636249547373
test/000052.mp4,000052,vgg19,jpeg_60,real,True,23,30,fake,0.6818181818181818,0.5862068965517241,0.8333333333333334,0.9122735508110212,0.21035416997711504,0.9118627200524012,0.20121636249547373
test/000052.mp4,000052,vgg19,jpeg_70,real,True,24,30,fake,0.7391304347826086,0.5862068965517241,0.8666666666666667,0.8975353787342707,0.2211960733570005,0.9118627200524012,0.20121636249547373
test/000052.mp4,000052,vgg19,jpeg_80,real,True,24,30,fake,0.6521739130434783,0.5862068965517241,0.7333333333333333,0.9262873095770677,0.1971227617792346,0.9118627200524012,0.20121636249547373
test/000052.mp4,000052,vgg19,jpeg_90,real,True,23,30,fake,0.7272727272727273,0.5862068965517241,0.8,0.9269710584827091,0.19163084231447555,0.9118627200524012,0.20121636249547373
test/000052.mp4,000052,vgg19,jpeg_95,real,True,23,30,fake,0.8636363636363636,0.5862068965517241,0.8,0.9195569118727809,0.19832583244827026,0.9118627200524012,0.20121636249547373
test/000052.mp4,000052,vgg19,h264_18_keepaudio,real,True,23,30,fake,0.7272727272727273,0.5862068965517241,0.8,0.9136437125827955,0.21337022139006526,0.9118627200524012,0.20121636249547373
test/000052.mp4,000052,vgg19,h264_23_keepaudio,real,True,23,30,fake,0.6363636363636364,0.5862068965517241,0.7,0.9516750003980554,0.1483370321032835,0.9118627200524012,0.20121636249547373
test/000052.mp4,000052,vgg19,h264_28_keepaudio,real,True,22,30,fake,0.6666666666666666,0.5862068965517241,0.7666666666666667,0.93102888898416,0.17680280594990233,0.9118627200524012,0.20121636249547373
test/000052.mp4,000052,vgg19,h264_33_keepaudio,real,True,24,30,fake,0.7391304347826086,0.5862068965517241,0.7666666666666667,0.9251510525743166,0.1803919629676813,0.9118627200524012,0.20121636249547373
test/000052.mp4,000052,vgg19,h264_38_keepaudio,real,True,22,30,fake,0.8571428571428571,0.5862068965517241,0.8666666666666667,0.9809577465057373,0.0645581752135418,0.9118627200524012,0.20121636249547373
test/000052.mp4,000052,vgg19,h264_43_keepaudio,real,True,21,30,fake,0.7,0.5862068965517241,0.6666666666666666,0.8926280353750501,0.3017828906344592,0.9118627200524012,0.20121636249547373
test/000053.mp4,000053,vgg19,clean,fake,True,26,32,fake,0.72,0.5483870967741935,0.75,0.9244524767765632,0.20846258545652968,0.9508349783718586,0.15189584946974866
test/000053.mp4,000053,vgg19,jpeg_10,fake,True,25,32,fake,0.5833333333333334,0.5483870967741935,0.71875,0.9468637108802795,0.15353165261286955,0.9508349783718586,0.15189584946974866
test/000053.mp4,000053,vgg19,jpeg_20,fake,True,24,32,fake,0.7391304347826086,0.5483870967741935,0.84375,0.9294601281483968,0.21710523425131134,0.9508349783718586,0.15189584946974866
test/000053.mp4,000053,vgg19,jpeg_30,fake,True,25,32,fake,0.7916666666666666,0.5483870967741935,0.75,0.9155252313613892,0.2114166045599393,0.9508349783718586,0.15189584946974866
test/000053.mp4,000053,vgg19,jpeg_40,fake,True,24,32,fake,0.6956521739130435,0.5483870967741935,0.84375,0.8997388544181982,0.2464253435500651,0.9508349783718586,0.15189584946974866
test/000053.mp4,000053,vgg19,jpeg_50,fake,True,26,32,fake,0.8,0.5483870967741935,0.8125,0.911047793351687,0.2379640197325535,0.9508349783718586,0.15189584946974866
test/000053.mp4,000053,vgg19,jpeg_60,fake,True,25,32,fake,0.7916666666666666,0.5483870967741935,0.78125,0.9012546551227569,0.26716619973743405,0.9508349783718586,0.15189584946974866
test/000053.mp4,000053,vgg19,jpeg_70,fake,True,25,32,fake,0.7083333333333334,0.5483870967741935,0.8125,0.89035551071167,0.29426524289231554,0.9508349783718586,0.15189584946974866
test/000053.mp4,000053,vgg19,jpeg_80,fake,True,26,32,fake,0.88,0.5483870967741935,0.8125,0.909273807819073,0.23279655073985792,0.9508349783718586,0.15189584946974866
test/000053.mp4,000053,vgg19,jpeg_90,fake,True,25,32,fake,0.8333333333333334,0.5483870967741935,0.78125,0.9333296775817871,0.19111524387645432,0.9508349783718586,0.15189584946974866
test/000053.mp4,000053,vgg19,jpeg_95,fake,True,25,32,fake,0.7083333333333334,0.5483870967741935,0.78125,0.9166527700424194,0.2292688207647322,0.9508349783718586,0.15189584946974866
test/000053.mp4,000053,vgg19,h264_18_keepaudio,fake,True,25,32,fake,0.8333333333333334,0.5483870967741935,0.84375,0.9077343928813935,0.2703001113837831,0.9508349783718586,0.15189584946974866
test/000053.mp4,000053,vgg19,h264_23_keepaudio,fake,True,25,32,fake,0.75,0.5483870967741935,0.8125,0.9211220669746399,0.21574936379090917,0.9508349783718586,0.15189584946974866
test/000053.mp4,000053,vgg19,h264_28_keepaudio,fake,True,25,32,fake,0.875,0.5483870967741935,0.90625,0.9217974185943604,0.19381211634055784,0.9508349783718586,0.15189584946974866
test/000053.mp4,000053,vgg19,h264_33_keepaudio,fake,True,24,32,fake,0.7391304347826086,0.5483870967741935,0.6875,0.8928431843717893,0.2726988468388251,0.9508349783718586,0.15189584946974866
test/000053.mp4,000053,vgg19,h264_38_keepaudio,fake,True,23,32,fake,0.8181818181818182,0.5483870967741935,0.875,0.9265698427739351,0.20453952357092417,0.9508349783718586,0.15189584946974866
test/000053.mp4,000053,vgg19,h264_43_keepaudio,fake,True,25,32,fake,0.625,0.5483870967741935,0.75,0.8923592126369476,0.2560329665276957,0.9508349783718586,0.15189584946974866
test/000054.mp4,000054,vgg19,clean,fake,True,24,31,fake,0.6956521739130435,0.6,0.8064516129032258,0.9005385537942251,0.24527583164135336,0.9486035973794998,0.16511311863765765
test/000054.mp4,000054,vgg19,jpeg_10,fake,True,24,31,fake,0.782608695652174,0.6,0.8709677419354839,0.9210230012734731,0.21760480013569716,0.9486035973794998,0.16511311863765765
test/000054.mp4,000054,vgg19,jpeg_20,fake,True,24,31,fake,0.6956521739130435,0.6,0.7741935483870968,0.9406690895557404,0.18945844796795222,0.9486035973794998,0.16511311863765765
test/000054.mp4,000054,vgg19,jpeg_30,fake,True,25,31,fake,0.875,0.6,0.8387096774193549,0.8515038824081421,0.34152519433540307,0.9486035973794998,0.16511311863765765
test/000054.mp4,000054,vgg19,jpeg_40,fake,True,24,31,fake,0.8260869565217391,0.6,0.8064516129032258,0.8886117339134216,0.29098888962751535,0.9486035973794998,0.16511311863765765
test/000054.mp4,000054,vgg19,jpeg_50,fake,True,25,31,fake,0.7083333333333334,0.6,0.8064516129032258,0.891154168844223,0.26405767248539175,0.9486035973794998,0.16511311863765765
test/000054.mp4,000054,vgg19,jpeg_60,fake,True,25,31,fake,0.75,0.6,0.8387096774193549,0.9088682603836059,0.2462371192729166,0.9486035973794998,0.16511311863765765
test/000054.mp4,000054,vgg19,jpeg_70,fake,True,24,31,fake,0.8260869565217391,0.6,0.8709677419354839,0.8984645046293736,0.2505892550282858,0.9486035973794998,0.16511311863765765
test/000054.mp4,000054,vgg19,jpeg_80,fake,True,24,31,fake,0.8695652173913043,0.6,0.9032258064516129,0.8974966133634249,0.25164989124112963,0.9486035973794998,0.16511311863765765
test/000054.mp4,000054,vgg19,jpeg_90,fake,True,23,31,fake,0.9090909090909091,0.6,0.8709677419354839,0.9020558854807978,0.25477957244557653,0.9486035973794998,0.16511311863765765
test/000054.mp4,000054,vgg19,jpeg_95,fake,True,24,31,fake,0.6956521739130435,0.6,0.8064516129032258,0.901701300094525,0.24760633370710042,0.9486035973794998,0.16511311863765765
test/000054.mp4,000054,vgg19,h264_18_keepaudio,fake,True,23,31,fake,0.6363636363636364,0.6,0.8387096774193549,0.8780750632286072,0.2878325130971237,0.9486035973794998,0.16511311863765765
test/000054.mp4,000054,vgg19,h264_23_keepaudio,fake,True,24,31,fake,0.8695652173913043,0.6,0.8064516129032258,0.9140429745117823,0.22337829542545765,0.9486035973794998,0.16511311863765765
test/000054.mp4,000054,vgg19,h264_28_keepaudio,fake,True,24,31,fake,0.6521739130434783,0.6,0.8064516129032258,0.9244990050792694,0.20329097486012607,0.9486035973794998,0.16511311863765765
test/000054.mp4,000054,vgg19,h264_33_keepaudio,fake,True,24,31,fake,0.7391304347826086,0.6,0.8387096774193549,0.9469576726357142,0.16189238448172827,0.9486035973794998,0.16511311863765765
test/000054.mp4,000054,vgg19,h264_38_keepaudio,fake,True,23,31,fake,0.8636363636363636,0.6,0.8387096774193549,0.9633500550104224,0.10614328446593413,0.9486035973794998,0.16511311863765765
test/000054.mp4,000054,vgg19,h264_43_keepaudio,fake,True,25,31,fake,0.625,0.6,0.7419354838709677,0.8685651886463165,0.30941888673353085,0.9486035973794998,0.16511311863765765
test/000055.mp4,000055,vgg19,clean,fake,True,24,32,fake,0.7391304347826086,0.6451612903225806,0.75,0.9302116855978966,0.1974163391383418,0.9346179533749819,0.17785447091279807
test/000055.mp4,000055,vgg19,jpeg_10,fake,True,24,32,fake,0.7391304347826086,0.6451612903225806,0.78125,0.9372320820887884,0.16103635690785353,0.9346179533749819,0.17785447091279807
test/000055.mp4,000055,vgg19,jpeg_20,fake,True,24,32,fake,0.6086956521739131,0.6451612903225806,0.71875,0.9209533755977949,0.20216311412413235,0.9346179533749819,0.17785447091279807
test/000055.mp4,000055,vgg19,jpeg_30,fake,True,24,32,fake,0.6956521739130435,0.6451612903225806,0.84375,0.9429526664316654,0.1451060009511968,0.9346179533749819,0.17785447091279807
test/000055.mp4,000055,vgg19,jpeg_40,fake,True,25,32,fake,0.875,0.6451612903225806,0.78125,0.9369506680965424,0.16480968384251374,0.9346179533749819,0.17785447091279807
test/000055.mp4,000055,vgg19,jpeg_50,fake,True,24,32,fake,0.6521739130434783,0.6451612903225806,0.71875,0.9305568064252535,0.1880591564351429,0.9346179533749819,0.17785447091279807
test/000055.mp4,000055,vgg19,jpeg_60,fake,True,24,32,fake,0.6521739130434783,0.6451612903225806,0.71875,0.9235111971696218,0.20563340529525384,0.9346179533749819,0.17785447091279807
test/000055.mp4,000055,vgg19,jpeg_70,fake,True,24,32,fake,0.782608695652174,0.6451612903225806,0.84375,0.9411932167907556,0.18451601060113124,0.9346179533749819,0.17785447091279807
test/000055.mp4,000055,vgg19,jpeg_80,fake,True,24,32,fake,0.8695652173913043,0.6451612903225806,0.84375,0.9192981744805971,0.22194521302514295,0.9346179533749819,0.17785447091279807
test/000055.mp4,000055,vgg19,jpeg_90,fake,True,25,32,fake,0.8333333333333334,0.6451612903225806,0.8125,0.9341161513328552,0.18362041006141525,0.9346179533749819,0.17785447091279807
test/000055.mp4,000055,vgg19,jpeg_95,fake,True,24,32,fake,0.8260869565217391,0.6451612903225806,0.84375,0.9314999530712763,0.19479956059370349,0.9346179533749819,0.17785447091279807
test/000055.mp4,000055,vgg19,h264_18_keepaudio,fake,True,25,32,fake,0.8333333333333334,0.6451612903225806,0.8125,0.9471425974369049,0.15967653623174732,0.9346179533749819,0.17785447091279807
test/000055.mp4,000055,vgg19,h264_23_keepaudio,fake,True,26,32,fake,0.84,0.6451612903225806,0.8125,0.9428990987630991,0.16266789746570204,0.9346179533749819,0.17785447091279807
test/000055.mp4,000055,vgg19,h264_28_keepaudio,fake,True,24,32,fake,0.8260869565217391,0.6451612903225806,0.8125,0.9447463726003965,0.15974093308915174,0.9346179533749819,0.17785447091279807
test/000055.mp4,000055,vgg19,h264_33_keepaudio,fake,True,25,32,fake,0.875,0.6451612903225806,0.84375,0.9493675684928894,0.13816096271736703,0.9346179533749819,0.17785447091279807
test/000055.mp4,000055,vgg19,h264_38_keepaudio,fake,True,24,32,fake,0.9130434782608695,0.6451612903225806,0.84375,0.9747716064254442,0.08811218008242626,0.9346179533749819,0.17785447091279807
test/000055.mp4,000055,vgg19,h264_43_keepaudio,fake,True,23,32,fake,0.7272727272727273,0.6451612903225806,0.75,0.9116348533526711,0.19869533590437874,0.9346179533749819,0.17785447091279807
test/000056.mp4,000056,vgg19,clean,real,True,28,34,fake,0.6666666666666666,0.6060606060606061,0.7647058823529411,0.8279554482017245,0.44649902637082467,0.9358165369314306,0.1781457617233316
test/000056.mp4,000056,vgg19,jpeg_10,real,True,28,34,fake,0.48148148148148145,0.6060606060606061,0.7352941176470589,0.879875293799809,0.32385955734282273,0.9358165369314306,0.1781457617233316
test/000056.mp4,000056,vgg19,jpeg_20,real,True,28,34,fake,0.6666666666666666,0.6060606060606061,0.7647058823529411,0.8482630529573986,0.3940958972276067,0.9358165369314306,0.1781457617233316
test/000056.mp4,000056,vgg19,jpeg_30,real,True,28,34,fake,0.8518518518518519,0.6060606060606061,0.7352941176470589,0.800421050616673,0.4712525145013094,0.9358165369314306,0.1781457617233316
test/000056.mp4,000056,vgg19,jpeg_40,real,True,28,34,fake,0.8148148148148148,0.6060606060606061,0.7058823529411765,0.8193333936589104,0.439344738452283,0.9358165369314306,0.1781457617233316
test/000056.mp4,000056,vgg19,jpeg_50,real,True,28,34,fake,0.7407407407407407,0.6060606060606061,0.7352941176470589,0.894998277936663,0.31500057639939094,0.9358165369314306,0.1781457617233316
test/000056.mp4,000056,vgg19,jpeg_60,real,True,28,34,fake,0.7777777777777778,0.6060606060606061,0.7941176470588235,0.8007513582706451,0.4828131771769218,0.9358165369314306,0.1781457617233316
test/000056.mp4,000056,vgg19,jpeg_70,real,True,28,34,fake,0.7777777777777778,0.6060606060606061,0.7647058823529411,0.8028973266482353,0.4749125047376224,0.9358165369314306,0.1781457617233316
test/000056.mp4,000056,vgg19,jpeg_80,real,True,28,34,fake,0.7037037037037037,0.6060606060606061,0.7647058823529411,0.8202862814068794,0.44246469339512584,0.9358165369314306,0.1781457617233316
test/000056.mp4,000056,vgg19,jpeg_90,real,True,28,34,fake,0.7407407407407407,0.6060606060606061,0.7941176470588235,0.8419944941997528,0.4183530131653948,0.9358165369314306,0.1781457617233316
test/000056.mp4,000056,vgg19,jpeg_95,real,True,28,34,fake,0.7407407407407407,0.6060606060606061,0.7647058823529411,0.8481700590678624,0.40965243540330637,0.9358165369314306,0.1781457617233316
test/000056.mp4,000056,vgg19,h264_18_keepaudio,real,True,28,34,fake,0.8148148148148148,0.6060606060606061,0.7647058823529411,0.8057547403233392,0.46475680555083443,0.9358165369314306,0.1781457617233316
test/000056.mp4,000056,vgg19,h264_23_keepaudio,real,True,28,34,fake,0.8148148148148148,0.6060606060606061,0.7647058823529411,0.7859639834080424,0.48387096372655364,0.9358165369314306,0.1781457617233316
test/000056.mp4,000056,vgg19,h264_28_keepaudio,real,True,28,34,fake,0.5555555555555556,0.6060606060606061,0.7352941176470589,0.8063245234744889,0.4663078285222077,0.9358165369314306,0.1781457617233316
test/000056.mp4,000056,vgg19,h264_33_keepaudio,real,True,28,34,fake,0.6666666666666666,0.6060606060606061,0.7941176470588235,0.8822351949555534,0.3047450184314218,0.9358165369314306,0.1781457617233316
test/000056.mp4,000056,vgg19,h264_38_keepaudio,real,True,28,34,fake,0.5555555555555556,0.6060606060606061,0.8235294117647058,0.8733641132712364,0.3498952590222748,0.9358165369314306,0.1781457617233316
test/000056.mp4,000056,vgg19,h264_43_keepaudio,real,True,28,34,fake,0.6296296296296297,0.6060606060606061,0.7058823529411765,0.7157818036420005,0.6775386888855719,0.9358165369314306,0.1781457617233316
test/000057.mp4,000057,vgg19,clean,real,True,18,21,fake,0.8235294117647058,0.65,0.7619047619047619,0.8614658547772301,0.41677104900297224,0.9748841509932563,0.0565261253324279
test/000057.mp4,000057,vgg19,jpeg_10,real,True,18,21,fake,0.5882352941176471,0.65,0.6190476190476191,0.818592349688212,0.45542199959898455,0.9748841509932563,0.0565261253324279
test/000057.mp4,000057,vgg19,jpeg_20,real,True,18,21,fake,0.7647058823529411,0.65,0.7142857142857143,0.8847669925954607,0.35252980150698726,0.9748841509932563,0.0565261253324279
test/000057.mp4,000057,vgg19,jpeg_30,real,True,18,21,fake,0.7647058823529411,0.65,0.7619047619047619,0.8633013765017191,0.40575639979352573,0.9748841509932563,0.0565261253324279
test/000057.mp4,000057,vgg19,jpeg_40,real,True,18,21,fake,0.7058823529411765,0.65,0.7142857142857143,0.8345419665177664,0.4055767345768627,0.9748841509932563,0.0565261253324279
test/000057.mp4,000057,vgg19,jpeg_50,real,True,18,21,fake,0.7647058823529411,0.65,0.7142857142857143,0.8776160842842526,0.3911231876324978,0.9748841509932563,0.0565261253324279
test/000057.mp4,000057,vgg19,jpeg_60,real,True,18,21,fake,0.7058823529411765,0.65,0.7142857142857143,0.8608054717381796,0.3997788898644925,0.9748841509932563,0.0565261253324279
test/000057.mp4,000057,vgg19,jpeg_70,real,True,18,21,fake,0.7647058823529411,0.65,0.7619047619047619,0.8405507985088561,0.426652985294771,0.9748841509932563,0.0565261253324279
test/000057.mp4,000057,vgg19,jpeg_80,real,True,18,21,fake,0.7647058823529411,0.65,0.7142857142857143,0.8753542866971757,0.4021490377155703,0.9748841509932563,0.0565261253324279
test/000057.mp4,000057,vgg19,jpeg_90,real,True,18,21,fake,0.8235294117647058,0.65,0.7619047619047619,0.8814899656507704,0.36618492459699636,0.9748841509932563,0.0565261253324279
test/000057.mp4,000057,vgg19,jpeg_95,real,True,18,21,fake,0.8235294117647058,0.65,0.7619047619047619,0.8770516316095988,0.3609807737720781,0.9748841509932563,0.0565261253324279
test/000057.mp4,000057,vgg19,h264_18_keepaudio,real,True,18,21,fake,0.7647058823529411,0.65,0.7142857142857143,0.8639830003182093,0.3807446290466279,0.9748841509932563,0.0565261253324279
test/000057.mp4,000057,vgg19,h264_23_keepaudio,real,True,18,21,fake,0.8823529411764706,0.65,0.7619047619047619,0.9207632905907102,0.2970437901591575,0.9748841509932563,0.0565261253324279
test/000057.mp4,000057,vgg19,h264_28_keepaudio,real,True,18,21,fake,0.8823529411764706,0.65,0.7142857142857143,0.8666858126719793,0.39496772042182715,0.9748841509932563,0.0565261253324279
test/000057.mp4,000057,vgg19,h264_33_keepaudio,real,True,18,21,fake,0.7058823529411765,0.65,0.7142857142857143,0.873604127102428,0.3403773093324775,0.9748841509932563,0.0565261253324279
test/000057.mp4,000057,vgg19,h264_38_keepaudio,real,True,18,21,fake,0.8235294117647058,0.65,0.6666666666666666,0.8881407082080841,0.28018348243068913,0.9748841509932563,0.0565261253324279
test/000057.mp4,000057,vgg19,h264_43_keepaudio,real,True,18,21,fake,0.8235294117647058,0.65,0.7142857142857143,0.7705331179830763,0.5303868141230086,0.9748841509932563,0.0565261253324279
test/000058.mp4,000058,vgg19,clean,fake,True,18,22,fake,0.7647058823529411,0.6190476190476191,0.6818181818181818,0.8580893476804098,0.42259963481151863,0.9641210057518699,0.07828900740942456
test/000058.mp4,000058,vgg19,jpeg_10,fake,True,18,22,fake,0.6470588235294118,0.6190476190476191,0.7727272727272727,0.8445779399739372,0.39781600443511983,0.9641210057518699,0.07828900740942456
test/000058.mp4,000058,vgg19,jpeg_20,fake,True,18,22,fake,0.7647058823529411,0.6190476190476191,0.7727272727272727,0.8154585858186086,0.4426006999850163,0.9641210057518699,0.07828900740942456
test/000058.mp4,000058,vgg19,jpeg_30,fake,True,18,22,fake,0.7647058823529411,0.6190476190476191,0.6818181818181818,0.8484934767087301,0.4286215079523917,0.9641210057518699,0.07828900740942456
test/000058.mp4,000058,vgg19,jpeg_40,fake,True,18,22,fake,0.7647058823529411,0.6190476190476191,0.7272727272727273,0.8532159378131231,0.3755232819562496,0.9641210057518699,0.07828900740942456
test/000058.mp4,000058,vgg19,jpeg_50,fake,True,18,22,fake,0.8235294117647058,0.6190476190476191,0.7272727272727273,0.8625973761081696,0.43425164595929877,0.9641210057518699,0.07828900740942456
test/000058.mp4,000058,vgg19,jpeg_60,fake,True,18,22,fake,0.7647058823529411,0.6190476190476191,0.6818181818181818,0.7833703408638636,0.5061808763877456,0.9641210057518699,0.07828900740942456
test/000058.mp4,000058,vgg19,jpeg_70,fake,True,18,22,fake,0.7647058823529411,0.6190476190476191,0.6818181818181818,0.8558462262153625,0.43678785562873157,0.9641210057518699,0.07828900740942456
test/000058.mp4,000058,vgg19,jpeg_80,fake,True,18,22,fake,0.6470588235294118,0.6190476190476191,0.7272727272727273,0.8656725784142812,0.3958970710182188,0.9641210057518699,0.07828900740942456
test/000058.mp4,000058,vgg19,jpeg_90,fake,True,18,22,fake,0.8235294117647058,0.6190476190476191,0.7272727272727273,0.814869675371382,0.4691722560923293,0.9641210057518699,0.07828900740942456
test/000058.mp4,000058,vgg19,jpeg_95,fake,True,18,22,fake,0.7647058823529411,0.6190476190476191,0.6818181818181818,0.8401450481679704,0.4324262831925504,0.9641210057518699,0.07828900740942456
test/000058.mp4,000058,vgg19,h264_18_keepaudio,fake,True,18,22,fake,0.6470588235294118,0.6190476190476191,0.7272727272727273,0.8523877296182845,0.41801478058099295,0.9641210057518699,0.07828900740942456
test/000058.mp4,000058,vgg19,h264_23_keepaudio,fake,True,18,22,fake,0.8235294117647058,0.6190476190476191,0.7272727272727273,0.8370472457673814,0.4232092333478941,0.9641210057518699,0.07828900740942456
test/000058.mp4,000058,vgg19,h264_28_keepaudio,fake,True,18,22,fake,0.7058823529411765,0.6190476190476191,0.6818181818181818,0.7991932001378801,0.5276324057618917,0.9641210057518699,0.07828900740942456
test/000058.mp4,000058,vgg19,h264_33_keepaudio,fake,True,18,22,fake,0.6470588235294118,0.6190476190476191,0.6818181818181818,0.8109860916932424,0.43397488650201255,0.9641210057518699,0.07828900740942456
test/000058.mp4,000058,vgg19,h264_38_keepaudio,fake,True,18,22,fake,0.7058823529411765,0.6190476190476191,0.7272727272727273,0.8091622822814517,0.49209366915666153,0.9641210057518699,0.07828900740942456
test/000058.mp4,000058,vgg19,h264_43_keepaudio,fake,True,18,22,fake,0.5294117647058824,0.6190476190476191,0.7727272727272727,0.8313670555750529,0.4388412079743925,0.9641210057518699,0.07828900740942456
test/000059.mp4,000059,vgg19,clean,fake,True,18,21,fake,0.7058823529411765,0.65,0.6666666666666666,0.8621192938751645,0.4150035774283787,0.9698684953507923,0.06137163007234446
test/000059.mp4,000059,vgg19,jpeg_10,fake,True,18,21,fake,0.5882352941176471,0.65,0.8095238095238095,0.8535846306218041,0.40577128202989776,0.9698684953507923,0.06137163007234446
test/000059.mp4,000059,vgg19,jpeg_20,fake,True,18,21,fake,0.7058823529411765,0.65,0.7619047619047619,0.8255408704280853,0.4468692676941971,0.9698684953507923,0.06137163007234446
test/000059.mp4,000059,vgg19,jpeg_30,fake,True,18,21,fake,0.7058823529411765,0.65,0.6666666666666666,0.8527251813146803,0.415258982060152,0.9698684953507923,0.06137163007234446
test/000059.mp4,000059,vgg19,jpeg_40,fake,True,18,21,fake,0.6470588235294118,0.65,0.7142857142857143,0.8996639533175362,0.32516585395011416,0.9698684953507923,0.06137163007234446
test/000059.mp4,000059,vgg19,jpeg_50,fake,True,18,21,fake,0.8235294117647058,0.65,0.7619047619047619,0.8658593247334162,0.40173333182139925,0.9698684953507923,0.06137163007234446
test/000059.mp4,000059,vgg19,jpeg_60,fake,True,18,21,fake,0.7058823529411765,0.65,0.6666666666666666,0.8359037588040034,0.4185175347135789,0.9698684953507923,0.06137163007234446
test/000059.mp4,000059,vgg19,jpeg_70,fake,True,18,21,fake,0.7058823529411765,0.65,0.6666666666666666,0.8669003049532572,0.3935983196775683,0.9698684953507923,0.06137163007234446
test/000059.mp4,000059,vgg19,jpeg_80,fake,True,18,21,fake,0.7058823529411765,0.65,0.6666666666666666,0.8899504144986471,0.3625104530331572,0.9698684953507923,0.06137163007234446
test/000059.mp4,000059,vgg19,jpeg_90,fake,True,18,21,fake,0.7647058823529411,0.65,0.7142857142857143,0.8257652488019731,0.4587597353847126,0.9698684953507923,0.06137163007234446
test/000059.mp4,000059,vgg19,jpeg_95,fake,True,18,21,fake,0.7058823529411765,0.65,0.6666666666666666,0.8271476493941413,0.46251644782904955,0.9698684953507923,0.06137163007234446
test/000059.mp4,000059,vgg19,h264_18_keepaudio,fake,True,18,21,fake,0.5882352941176471,0.65,0.7142857142857143,0.8272871673107147,0.475993679942487,0.9698684953507923,0.06137163007234446
test/000059.mp4,000059,vgg19,h264_23_keepaudio,fake,True,18,21,fake,0.7647058823529411,0.65,0.7142857142857143,0.8520950608783298,0.4016955055165681,0.9698684953507923,0.06137163007234446
test/000059.mp4,000059,vgg19,h264_28_keepaudio,fake,True,18,21,fake,0.5882352941176471,0.65,0.6666666666666666,0.7966384126080407,0.5263916487196642,0.9698684953507923,0.06137163007234446
test/000059.mp4,000059,vgg19,h264_33_keepaudio,fake,True,18,21,fake,0.7647058823529411,0.65,0.5714285714285714,0.856105794509252,0.3750919867677407,0.9698684953507923,0.06137163007234446
test/000059.mp4,000059,vgg19,h264_38_keepaudio,fake,True,18,21,fake,0.5294117647058824,0.65,0.7619047619047619,0.8245264490445455,0.45679702289897584,0.9698684953507923,0.06137163007234446
test/000059.mp4,000059,vgg19,h264_43_keepaudio,fake,True,18,21,fake,0.5294117647058824,0.65,0.7619047619047619,0.8696186641852061,0.3646919970178277,0.9698684953507923,0.06137163007234446
test/000060.mp4,000060,vgg19,clean,fake,True,18,22,fake,0.7058823529411765,0.6190476190476191,0.7272727272727273,0.8669803573025597,0.4002634110738714,0.9641210328448903,0.07828865896434224
test/000060.mp4,000060,vgg19,jpeg_10,fake,True,18,22,fake,0.6470588235294118,0.6190476190476191,0.7727272727272727,0.8096294750769933,0.4649258865040411,0.9641210328448903,0.07828865896434224
test/000060.mp4,000060,vgg19,jpeg_20,fake,True,18,22,fake,0.7058823529411765,0.6190476190476191,0.8636363636363636,0.8195277320014106,0.44569655305042377,0.9641210328448903,0.07828865896434224
test/000060.mp4,000060,vgg19,jpeg_30,fake,True,18,22,fake,0.6470588235294118,0.6190476190476191,0.7272727272727273,0.857018917798996,0.4399899952229711,0.9641210328448903,0.07828865896434224
test/000060.mp4,000060,vgg19,jpeg_40,fake,True,18,22,fake,0.7058823529411765,0.6190476190476191,0.7272727272727273,0.8850850578811433,0.3412940940537107,0.9641210328448903,0.07828865896434224
test/000060.mp4,000060,vgg19,jpeg_50,fake,True,18,22,fake,0.7058823529411765,0.6190476190476191,0.7727272727272727,0.8409088253974915,0.4399946849882314,0.9641210328448903,0.07828865896434224
test/000060.mp4,000060,vgg19,jpeg_60,fake,True,18,22,fake,0.7058823529411765,0.6190476190476191,0.7272727272727273,0.84238919781314,0.43097271733719056,0.9641210328448903,0.07828865896434224
test/000060.mp4,000060,vgg19,jpeg_70,fake,True,18,22,fake,0.7058823529411765,0.6190476190476191,0.7272727272727273,0.8677324718899198,0.3982003665782476,0.9641210328448903,0.07828865896434224
test/000060.mp4,000060,vgg19,jpeg_80,fake,True,18,22,fake,0.7058823529411765,0.6190476190476191,0.7272727272727273,0.871590342786577,0.38247808160753516,0.9641210328448903,0.07828865896434224
test/000060.mp4,000060,vgg19,jpeg_90,fake,True,18,22,fake,0.6470588235294118,0.6190476190476191,0.8181818181818182,0.8295346564716763,0.4509401685547593,0.9641210328448903,0.07828865896434224
test/000060.mp4,000060,vgg19,jpeg_95,fake,True,18,22,fake,0.7058823529411765,0.6190476190476191,0.7272727272727273,0.8447819517718421,0.43405978607166584,0.9641210328448903,0.07828865896434224
test/000060.mp4,000060,vgg19,h264_18_keepaudio,fake,True,18,22,fake,0.6470588235294118,0.6190476190476191,0.7272727272727273,0.8377578854560852,0.41912054087656647,0.9641210328448903,0.07828865896434224
test/000060.mp4,000060,vgg19,h264_23_keepaudio,fake,True,18,22,fake,0.7647058823529411,0.6190476190476191,0.7727272727272727,0.8481912844710879,0.4199938644017154,0.9641210328448903,0.07828865896434224
test/000060.mp4,000060,vgg19,h264_28_keepaudio,fake,True,18,22,fake,0.6470588235294118,0.6190476190476191,0.6818181818181818,0.7948456605275472,0.5370061928645687,0.9641210328448903,0.07828865896434224
test/000060.mp4,000060,vgg19,h264_33_keepaudio,fake,True,18,22,fake,0.5882352941176471,0.6190476190476191,0.7272727272727273,0.8383490708139207,0.44813577656567105,0.9641210328448903,0.07828865896434224
test/000060.mp4,000060,vgg19,h264_38_keepaudio,fake,True,18,22,fake,0.5882352941176471,0.6190476190476191,0.7272727272727273,0.8677165177133348,0.36897897233570615,0.9641210328448903,0.07828865896434224
test/000060.mp4,000060,vgg19,h264_43_keepaudio,fake,True,18,22,fake,0.6470588235294118,0.6190476190476191,0.7727272727272727,0.8596009148491753,0.3936528088704452,0.9641210328448903,0.07828865896434224
test/000061.mp4,000061,vgg19,clean,real,True,16,18,fake,0.8,0.7058823529411765,0.5555555555555556,0.7747657708823681,0.5945406020034318,0.9855093525515662,0.03966246019093943
test/000061.mp4,000061,vgg19,jpeg_10,real,True,16,18,fake,0.9333333333333333,0.7058823529411765,0.5,0.7241817265748978,0.6609309326946263,0.9855093525515662,0.03966246019093943
test/000061.mp4,000061,vgg19,jpeg_20,real,True,16,18,fake,0.8666666666666667,0.7058823529411765,0.6111111111111112,0.7635228019207716,0.6228983777784094,0.9855093525515662,0.03966246019093943
test/000061.mp4,000061,vgg19,jpeg_30,real,True,16,18,fake,0.9333333333333333,0.7058823529411765,0.4444444444444444,0.7183151245117188,0.6419116461747864,0.9855093525515662,0.03966246019093943
test/000061.mp4,000061,vgg19,jpeg_40,real,True,16,18,fake,0.8666666666666667,0.7058823529411765,0.5,0.7572546117007732,0.6127282614846907,0.9855093525515662,0.03966246019093943
test/000061.mp4,000061,vgg19,jpeg_50,real,True,16,18,fake,0.8,0.7058823529411765,0.5,0.7274321392178535,0.6565353833882257,0.9855093525515662,0.03966246019093943
test/000061.mp4,000061,vgg19,jpeg_60,real,True,16,18,fake,0.8,0.7058823529411765,0.5555555555555556,0.7737415563315153,0.5930968060457746,0.9855093525515662,0.03966246019093943
test/000061.mp4,000061,vgg19,jpeg_70,real,True,16,18,fake,0.8,0.7058823529411765,0.5555555555555556,0.7670118045061827,0.6026661758773801,0.9855093525515662,0.03966246019093943
test/000061.mp4,000061,vgg19,jpeg_80,real,True,16,18,fake,0.9333333333333333,0.7058823529411765,0.4444444444444444,0.7143775019794703,0.6922857795618222,0.9855093525515662,0.03966246019093943
test/000061.mp4,000061,vgg19,jpeg_90,real,True,16,18,fake,0.8,0.7058823529411765,0.5555555555555556,0.7330549471080303,0.649697925237237,0.9855093525515662,0.03966246019093943
test/000061.mp4,000061,vgg19,jpeg_95,real,True,16,18,fake,0.9333333333333333,0.7058823529411765,0.4444444444444444,0.723627258092165,0.6479357049776798,0.9855093525515662,0.03966246019093943
test/000061.mp4,000061,vgg19,h264_18_keepaudio,real,True,16,18,fake,0.8666666666666667,0.7058823529411765,0.5,0.7586638107895851,0.5969654235035748,0.9855093525515662,0.03966246019093943
test/000061.mp4,000061,vgg19,h264_23_keepaudio,real,True,16,18,fake,0.9333333333333333,0.7058823529411765,0.4444444444444444,0.7712388299405575,0.5964185202718988,0.9855093525515662,0.03966246019093943
test/000061.mp4,000061,vgg19,h264_28_keepaudio,real,True,16,18,fake,0.9333333333333333,0.7058823529411765,0.3888888888888889,0.7329298686236143,0.6317758157187671,0.9855093525515662,0.03966246019093943
test/000061.mp4,000061,vgg19,h264_33_keepaudio,real,True,16,18,fake,0.6666666666666666,0.7058823529411765,0.7222222222222222,0.6892928518354893,0.7202981304907545,0.9855093525515662,0.03966246019093943
test/000061.mp4,000061,vgg19,h264_38_keepaudio,real,True,16,18,fake,0.4,0.7058823529411765,0.7222222222222222,0.6895580347627401,0.7418512549161028,0.9855093525515662,0.03966246019093943
test/000061.mp4,000061,vgg19,h264_43_keepaudio,real,True,16,18,fake,0.26666666666666666,0.7058823529411765,0.7777777777777778,0.7697390709072351,0.573728698801589,0.9855093525515662,0.03966246019093943
test/000062.mp4,000062,vgg19,clean,fake,True,18,21,fake,0.7647058823529411,0.75,0.5238095238095238,0.7313702073362138,0.6349690946322751,0.9982594847679138,0.007988896272814986
test/000062.mp4,000062,vgg19,jpeg_10,fake,True,18,21,fake,0.7058823529411765,0.75,0.47619047619047616,0.7213470571570926,0.6526536240370997,0.9982594847679138,0.007988896272814986
test/000062.mp4,000062,vgg19,jpeg_20,fake,True,18,21,fake,0.9411764705882353,0.75,0.38095238095238093,0.7666613310575485,0.5588595129739926,0.9982594847679138,0.007988896272814986
test/000062.mp4,000062,vgg19,jpeg_30,fake,True,18,21,fake,0.8823529411764706,0.75,0.42857142857142855,0.7585554437504874,0.598954996808743,0.9982594847679138,0.007988896272814986
test/000062.mp4,000062,vgg19,jpeg_40,fake,True,18,21,fake,0.8823529411764706,0.75,0.5714285714285714,0.7569656405184004,0.6013855051165738,0.9982594847679138,0.007988896272814986
test/000062.mp4,000062,vgg19,jpeg_50,fake,True,18,21,fake,0.9411764705882353,0.75,0.5238095238095238,0.6986293296019236,0.6705104574200862,0.9982594847679138,0.007988896272814986
test/000062.mp4,000062,vgg19,jpeg_60,fake,True,18,21,fake,0.6470588235294118,0.75,0.6190476190476191,0.7385614332225587,0.6416518020194099,0.9982594847679138,0.007988896272814986
test/000062.mp4,000062,vgg19,jpeg_70,fake,True,18,21,fake,0.7647058823529411,0.75,0.6190476190476191,0.7456709212727017,0.6264732865708413,0.9982594847679138,0.007988896272814986
test/000062.mp4,000062,vgg19,jpeg_80,fake,True,18,21,fake,0.8235294117647058,0.75,0.5238095238095238,0.778728852669398,0.5636170560900435,0.9982594847679138,0.007988896272814986
test/000062.mp4,000062,vgg19,jpeg_90,fake,True,18,21,fake,0.8235294117647058,0.75,0.5238095238095238,0.7477671570248074,0.6300187955579523,0.9982594847679138,0.007988896272814986
test/000062.mp4,000062,vgg19,jpeg_95,fake,True,18,21,fake,0.8235294117647058,0.75,0.5238095238095238,0.7439272784524493,0.6075354339292891,0.9982594847679138,0.007988896272814986
test/000062.mp4,000062,vgg19,h264_18_keepaudio,fake,True,18,21,fake,0.8235294117647058,0.75,0.5238095238095238,0.8000320527288649,0.5473928026219963,0.9982594847679138,0.007988896272814986
test/000062.mp4,000062,vgg19,h264_23_keepaudio,fake,True,18,21,fake,0.8235294117647058,0.75,0.47619047619047616,0.758755753437678,0.6357693270178266,0.9982594847679138,0.007988896272814986
test/000062.mp4,000062,vgg19,h264_28_keepaudio,fake,True,18,21,fake,0.9411764705882353,0.75,0.47619047619047616,0.7493745701180564,0.609483589792167,0.9982594847679138,0.007988896272814986
test/000062.mp4,000062,vgg19,h264_33_keepaudio,fake,True,18,21,fake,1.0,0.75,0.3333333333333333,0.7551727592945099,0.5842287553672025,0.9982594847679138,0.007988896272814986
test/000062.mp4,000062,vgg19,h264_38_keepaudio,fake,True,18,21,fake,0.8823529411764706,0.75,0.42857142857142855,0.8432352675331963,0.4986329206464213,0.9982594847679138,0.007988896272814986
test/000062.mp4,000062,vgg19,h264_43_keepaudio,fake,True,18,21,fake,0.47058823529411764,0.75,0.5714285714285714,0.7297910203536352,0.6417655737910097,0.9982594847679138,0.007988896272814986
test/000063.mp4,000063,vgg19,clean,fake,True,16,19,fake,0.7333333333333333,0.8333333333333334,0.7368421052631579,0.7520639039576054,0.6318560549512844,0.9999999309840956,1.0956850751031224e-06
test/000063.mp4,000063,vgg19,jpeg_10,fake,True,16,19,fake,0.7333333333333333,0.8333333333333334,0.5789473684210527,0.7429703529924154,0.6593992777539337,0.9999999309840956,1.0956850751031224e-06
test/000063.mp4,000063,vgg19,jpeg_20,fake,True,16,19,fake,0.8666666666666667,0.8333333333333334,0.6842105263157895,0.7745965737849474,0.5620964355401776,0.9999999309840956,1.0956850751031224e-06
test/000063.mp4,000063,vgg19,jpeg_30,fake,True,16,19,fake,0.6666666666666666,0.8333333333333334,0.6842105263157895,0.7316033393144608,0.6687191397856416,0.9999999309840956,1.0956850751031224e-06
test/000063.mp4,000063,vgg19,jpeg_40,fake,True,16,19,fake,0.6666666666666666,0.8333333333333334,0.7368421052631579,0.7397410403937101,0.6271817280255553,0.9999999309840956,1.0956850751031224e-06
test/000063.mp4,000063,vgg19,jpeg_50,fake,True,16,19,fake,0.8,0.8333333333333334,0.6842105263157895,0.7158426120877266,0.6652802976789032,0.9999999309840956,1.0956850751031224e-06
test/000063.mp4,000063,vgg19,jpeg_60,fake,True,16,19,fake,0.9333333333333333,0.8333333333333334,0.631578947368421,0.6675512138754129,0.7374495482919274,0.9999999309840956,1.0956850751031224e-06
test/000063.mp4,000063,vgg19,jpeg_70,fake,True,16,19,fake,0.8,0.8333333333333334,0.6842105263157895,0.7641888186335564,0.6183148131293827,0.9999999309840956,1.0956850751031224e-06
test/000063.mp4,000063,vgg19,jpeg_80,fake,True,16,19,fake,0.6666666666666666,0.8333333333333334,0.7894736842105263,0.7428748700767756,0.631721021193981,0.9999999309840956,1.0956850751031224e-06
test/000063.mp4,000063,vgg19,jpeg_90,fake,True,16,19,fake,0.8,0.8333333333333334,0.6842105263157895,0.7300509437918663,0.6627009893189351,0.9999999309840956,1.0956850751031224e-06
test/000063.mp4,000063,vgg19,jpeg_95,fake,True,16,19,fake,0.8666666666666667,0.8333333333333334,0.6842105263157895,0.7456148471683264,0.6072021468623846,0.9999999309840956,1.0956850751031224e-06
test/000063.mp4,000063,vgg19,h264_18_keepaudio,fake,True,16,19,fake,0.6666666666666666,0.8333333333333334,0.7368421052631579,0.7112067472189665,0.6276391282020328,0.9999999309840956,1.0956850751031224e-06
test/000063.mp4,000063,vgg19,h264_23_keepaudio,fake,True,16,19,fake,0.9333333333333333,0.8333333333333334,0.631578947368421,0.7313990239053965,0.6298361291181546,0.9999999309840956,1.0956850751031224e-06
test/000063.mp4,000063,vgg19,h264_28_keepaudio,fake,True,16,19,fake,1.0,0.8333333333333334,0.5263157894736842,0.7232487723231316,0.6499570245297758,0.9999999309840956,1.0956850751031224e-06
test/000063.mp4,000063,vgg19,h264_33_keepaudio,fake,True,16,19,fake,0.8,0.8333333333333334,0.5789473684210527,0.7140364460647106,0.6932974391930491,0.9999999309840956,1.0956850751031224e-06
test/000063.mp4,000063,vgg19,h264_38_keepaudio,fake,True,16,19,fake,1.0,0.8333333333333334,0.3684210526315789,0.7910669296979904,0.5734270641512899,0.9999999309840956,1.0956850751031224e-06
test/000063.mp4,000063,vgg19,h264_43_keepaudio,fake,True,16,19,fake,0.3333333333333333,0.8333333333333334,0.7894736842105263,0.7952278852462769,0.5353789217550498,0.9999999309840956,1.0956850751031224e-06
test/000064.mp4,000064,vgg19,clean,fake,True,18,22,fake,0.8823529411764706,0.6190476190476191,0.5909090909090909,0.8012563139200211,0.521864012194425,0.9998208744959398,0.0013301410478697964
test/000064.mp4,000064,vgg19,jpeg_10,fake,True,18,22,fake,0.6470588235294118,0.6190476190476191,0.6818181818181818,0.8179256518681844,0.48920066530408335,0.9998208744959398,0.0013301410478697964
test/000064.mp4,000064,vgg19,jpeg_20,fake,True,18,22,fake,0.8235294117647058,0.6190476190476191,0.5909090909090909,0.7712736195988126,0.5988053684605619,0.9998208744959398,0.0013301410478697964
test/000064.mp4,000064,vgg19,jpeg_30,fake,True,18,22,fake,0.8235294117647058,0.6190476190476191,0.6818181818181818,0.8176716417074203,0.48416970806191245,0.9998208744959398,0.0013301410478697964
test/000064.mp4,000064,vgg19,jpeg_40,fake,True,18,22,fake,0.8823529411764706,0.6190476190476191,0.5909090909090909,0.8020229289929072,0.5084448692195694,0.9998208744959398,0.0013301410478697964
test/000064.mp4,000064,vgg19,jpeg_50,fake,True,18,22,fake,0.7647058823529411,0.6190476190476191,0.6363636363636364,0.8100746273994446,0.5047544336324479,0.9998208744959398,0.0013301410478697964
test/000064.mp4,000064,vgg19,jpeg_60,fake,True,18,22,fake,0.7647058823529411,0.6190476190476191,0.6818181818181818,0.7863899072011312,0.5385741348089468,0.9998208744959398,0.0013301410478697964
test/000064.mp4,000064,vgg19,jpeg_70,fake,True,18,22,fake,0.7647058823529411,0.6190476190476191,0.6818181818181818,0.8126867496305041,0.4934972603042353,0.9998208744959398,0.0013301410478697964
test/000064.mp4,000064,vgg19,jpeg_80,fake,True,18,22,fake,0.8823529411764706,0.6190476190476191,0.5909090909090909,0.7978915274143219,0.5388311925960769,0.9998208744959398,0.0013301410478697964
test/000064.mp4,000064,vgg19,jpeg_90,fake,True,18,22,fake,0.7647058823529411,0.6190476190476191,0.6818181818181818,0.8108532329400381,0.5073200042405281,0.9998208744959398,0.0013301410478697964
test/000064.mp4,000064,vgg19,jpeg_95,fake,True,18,22,fake,0.8823529411764706,0.6190476190476191,0.5909090909090909,0.7999488496118121,0.522906094418876,0.9998208744959398,0.0013301410478697964
test/000064.mp4,000064,vgg19,h264_18_keepaudio,fake,True,18,22,fake,0.8235294117647058,0.6190476190476191,0.6818181818181818,0.7830200294653574,0.5395290714938167,0.9998208744959398,0.0013301410478697964
test/000064.mp4,000064,vgg19,h264_23_keepaudio,fake,True,18,22,fake,0.7647058823529411,0.6190476190476191,0.6818181818181818,0.763417535358005,0.590221574610275,0.9998208744959398,0.0013301410478697964
test/000064.mp4,000064,vgg19,h264_28_keepaudio,fake,True,18,22,fake,0.8235294117647058,0.6190476190476191,0.5,0.665057811472151,0.7612636319843112,0.9998208744959398,0.0013301410478697964
test/000064.mp4,000064,vgg19,h264_33_keepaudio,fake,True,18,22,fake,0.8235294117647058,0.6190476190476191,0.5,0.7427548054191802,0.623487421554712,0.9998208744959398,0.0013301410478697964
test/000064.mp4,000064,vgg19,h264_38_keepaudio,fake,True,18,22,fake,0.8235294117647058,0.6190476190476191,0.6363636363636364,0.7068069014284346,0.6554523554209164,0.9998208744959398,0.0013301410478697964
test/000064.mp4,000064,vgg19,h264_43_keepaudio,fake,True,18,22,fake,0.7647058823529411,0.6190476190476191,0.4090909090909091,0.810686018731859,0.5519482611610602,0.9998208744959398,0.0013301410478697964
test/000065.mp4,000065,vgg19,clean,real,True,16,18,fake,0.7333333333333333,0.5294117647058824,0.7777777777777778,0.841930229216814,0.43177077261269875,0.9999996953540378,4.0103434625370535e-06
test/000065.mp4,000065,vgg19,jpeg_10,real,True,16,18,fake,0.6666666666666666,0.5294117647058824,0.7777777777777778,0.8855767343193293,0.35961357173738906,0.9999996953540378,4.0103434625370535e-06
test/000065.mp4,000065,vgg19,jpeg_20,real,True,16,18,fake,0.8,0.5294117647058824,0.7777777777777778,0.878308180719614,0.35007359323670617,0.9999996953540378,4.0103434625370535e-06
test/000065.mp4,000065,vgg19,jpeg_30,real,True,16,18,fake,0.6666666666666666,0.5294117647058824,0.7222222222222222,0.8717991299927235,0.3763478447893662,0.9999996953540378,4.0103434625370535e-06
test/000065.mp4,000065,vgg19,jpeg_40,real,True,16,18,fake,0.7333333333333333,0.5294117647058824,0.7777777777777778,0.8637743443250656,0.3930808869755088,0.9999996953540378,4.0103434625370535e-06
test/000065.mp4,000065,vgg19,jpeg_50,real,True,16,18,fake,0.7333333333333333,0.5294117647058824,0.7777777777777778,0.8193240724503994,0.4507758788758779,0.9999996953540378,4.0103434625370535e-06
test/000065.mp4,000065,vgg19,jpeg_60,real,True,16,18,fake,0.8666666666666667,0.5294117647058824,0.7777777777777778,0.8458753302693367,0.36401497124744603,0.9999996953540378,4.0103434625370535e-06
test/000065.mp4,000065,vgg19,jpeg_70,real,True,16,18,fake,0.6666666666666666,0.5294117647058824,0.7222222222222222,0.8368768431246281,0.4539764894651816,0.9999996953540378,4.0103434625370535e-06
test/000065.mp4,000065,vgg19,jpeg_80,real,True,16,18,fake,0.7333333333333333,0.5294117647058824,0.7777777777777778,0.8682905100286007,0.38549640211945835,0.9999996953540378,4.0103434625370535e-06
test/000065.mp4,000065,vgg19,jpeg_90,real,True,16,18,fake,0.7333333333333333,0.5294117647058824,0.7777777777777778,0.8556187618523836,0.40240680513080496,0.9999996953540378,4.0103434625370535e-06
test/000065.mp4,000065,vgg19,jpeg_95,real,True,16,18,fake,0.7333333333333333,0.5294117647058824,0.7777777777777778,0.8336795382201672,0.42174033349179846,0.9999996953540378,4.0103434625370535e-06
test/000065.mp4,000065,vgg19,h264_18_keepaudio,real,True,16,18,fake,0.6666666666666666,0.5294117647058824,0.7777777777777778,0.831242086365819,0.4341428699445466,0.9999996953540378,4.0103434625370535e-06
test/000065.mp4,000065,vgg19,h264_23_keepaudio,real,True,16,18,fake,0.5333333333333333,0.5294117647058824,0.7222222222222222,0.786557462066412,0.503452012369112,0.9999996953540378,4.0103434625370535e-06
test/000065.mp4,000065,vgg19,h264_28_keepaudio,real,True,16,18,fake,0.6666666666666666,0.5294117647058824,0.7222222222222222,0.7399809304624796,0.6016017944057821,0.9999996953540378,4.0103434625370535e-06
test/000065.mp4,000065,vgg19,h264_33_keepaudio,real,True,16,18,fake,0.6666666666666666,0.5294117647058824,0.7777777777777778,0.7748275808990002,0.5859605888540526,0.9999996953540378,4.0103434625370535e-06
test/000065.mp4,000065,vgg19,h264_38_keepaudio,real,True,16,18,fake,0.5333333333333333,0.5294117647058824,0.7777777777777778,0.7602765336632729,0.6260416395333727,0.9999996953540378,4.0103434625370535e-06
test/000065.mp4,000065,vgg19,h264_43_keepaudio,real,True,16,18,fake,0.3333333333333333,0.5294117647058824,0.8333333333333334,0.7752133086323738,0.5970289177593043,0.9999996953540378,4.0103434625370535e-06
test/000066.mp4,000066,vgg19,clean,fake,True,18,21,fake,0.6470588235294118,0.5,0.7142857142857143,0.7794478883345922,0.5165800693942573,0.99993215856098,0.0005124120820008009
test/000066.mp4,000066,vgg19,jpeg_10,fake,True,18,21,fake,0.6470588235294118,0.5,0.7142857142857143,0.8946539958318075,0.35969868049550485,0.99993215856098,0.0005124120820008009
test/000066.mp4,000066,vgg19,jpeg_20,fake,True,18,21,fake,0.5294117647058824,0.5,0.7142857142857143,0.8074199689759148,0.46897791829922447,0.99993215856098,0.0005124120820008009
test/000066.mp4,000066,vgg19,jpeg_30,fake,True,18,21,fake,0.5294117647058824,0.5,0.7142857142857143,0.8529462979899513,0.4268926205578153,0.99993215856098,0.0005124120820008009
test/000066.mp4,000066,vgg19,jpeg_40,fake,True,18,21,fake,0.5882352941176471,0.5,0.7142857142857143,0.8202336960368686,0.47863693361507686,0.99993215856098,0.0005124120820008009
test/000066.mp4,000066,vgg19,jpeg_50,fake,True,18,21,fake,0.5882352941176471,0.5,0.7142857142857143,0.8148803777164884,0.4864894685639121,0.99993215856098,0.0005124120820008009
test/000066.mp4,000066,vgg19,jpeg_60,fake,True,18,21,fake,0.5882352941176471,0.5,0.7142857142857143,0.8289647897084554,0.4533498768366775,0.99993215856098,0.0005124120820008009
test/000066.mp4,000066,vgg19,jpeg_70,fake,True,18,21,fake,0.47058823529411764,0.5,0.7142857142857143,0.8294970922999911,0.4456026483864544,0.99993215856098,0.0005124120820008009
test/000066.mp4,000066,vgg19,jpeg_80,fake,True,18,21,fake,0.47058823529411764,0.5,0.7142857142857143,0.7967012607389026,0.5096519410208722,0.99993215856098,0.0005124120820008009
test/000066.mp4,000066,vgg19,jpeg_90,fake,True,18,21,fake,0.5882352941176471,0.5,0.7142857142857143,0.7893261561791102,0.5014746643892904,0.99993215856098,0.0005124120820008009
test/000066.mp4,000066,vgg19,jpeg_95,fake,True,18,21,fake,0.5882352941176471,0.5,0.7142857142857143,0.7946935329172347,0.49364805819732926,0.99993215856098,0.0005124120820008009
test/000066.mp4,000066,vgg19,h264_18_keepaudio,fake,True,18,21,fake,0.7058823529411765,0.5,0.7619047619047619,0.7650029708941778,0.5456259092925833,0.99993215856098,0.0005124120820008009
test/000066.mp4,000066,vgg19,h264_23_keepaudio,fake,True,18,21,fake,0.5882352941176471,0.5,0.7619047619047619,0.7828177875942655,0.5253611228869185,0.99993215856098,0.0005124120820008009
test/000066.mp4,000066,vgg19,h264_28_keepaudio,fake,True,18,21,fake,0.47058823529411764,0.5,0.7619047619047619,0.8043863193856345,0.5105270945727948,0.99993215856098,0.0005124120820008009
test/000066.mp4,000066,vgg19,h264_33_keepaudio,fake,True,18,21,fake,0.47058823529411764,0.5,0.7142857142857143,0.8192610194285711,0.4578445734097642,0.99993215856098,0.0005124120820008009
test/000066.mp4,000066,vgg19,h264_38_keepaudio,fake,True,18,21,fake,0.35294117647058826,0.5,0.7619047619047619,0.7687028530571196,0.5467382067266329,0.99993215856098,0.0005124120820008009
test/000066.mp4,000066,vgg19,h264_43_keepaudio,fake,True,18,21,fake,0.4117647058823529,0.5,0.5238095238095238,0.7859938972526126,0.5602204161710727,0.99993215856098,0.0005124120820008009
test/000067.mp4,000067,vgg19,clean,fake,True,16,19,fake,0.7333333333333333,0.6111111111111112,0.6842105263157895,0.7978626303374767,0.5387606368850687,0.9866442554875424,0.03360639949939476
test/000067.mp4,000067,vgg19,jpeg_10,fake,True,16,19,fake,0.7333333333333333,0.6111111111111112,0.631578947368421,0.8633973002433777,0.3779063827827439,0.9866442554875424,0.03360639949939476
test/000067.mp4,000067,vgg19,jpeg_20,fake,True,16,19,fake,0.7333333333333333,0.6111111111111112,0.6842105263157895,0.8180091604590416,0.47655849316207044,0.9866442554875424,0.03360639949939476
test/000067.mp4,000067,vgg19,jpeg_30,fake,True,16,19,fake,0.7333333333333333,0.6111111111111112,0.631578947368421,0.8135026469826698,0.47437346795445234,0.9866442554875424,0.03360639949939476
test/000067.mp4,000067,vgg19,jpeg_40,fake,True,16,19,fake,0.5333333333333333,0.6111111111111112,0.6842105263157895,0.8043245784938335,0.5084574897639682,0.9866442554875424,0.03360639949939476
test/000067.mp4,000067,vgg19,jpeg_50,fake,True,16,19,fake,0.6,0.6111111111111112,0.631578947368421,0.7912830077111721,0.5286314299664678,0.9866442554875424,0.03360639949939476
test/000067.mp4,000067,vgg19,jpeg_60,fake,True,16,19,fake,0.7333333333333333,0.6111111111111112,0.631578947368421,0.818047197535634,0.5029089485687468,0.9866442554875424,0.03360639949939476
test/000067.mp4,000067,vgg19,jpeg_70,fake,True,16,19,fake,0.6666666666666666,0.6111111111111112,0.631578947368421,0.7933438047766685,0.5160581370987847,0.9866442554875424,0.03360639949939476
test/000067.mp4,000067,vgg19,jpeg_80,fake,True,16,19,fake,0.7333333333333333,0.6111111111111112,0.631578947368421,0.8002102039754391,0.516005366079989,0.9866442554875424,0.03360639949939476
test/000067.mp4,000067,vgg19,jpeg_90,fake,True,16,19,fake,0.5333333333333333,0.6111111111111112,0.631578947368421,0.8032728508114815,0.5240965392441764,0.9866442554875424,0.03360639949939476
test/000067.mp4,000067,vgg19,jpeg_95,fake,True,16,19,fake,0.6666666666666666,0.6111111111111112,0.631578947368421,0.8008717447519302,0.5374260389168832,0.9866442554875424,0.03360639949939476
test/000067.mp4,000067,vgg19,h264_18_keepaudio,fake,True,16,19,fake,0.4666666666666667,0.6111111111111112,0.631578947368421,0.7897843047976494,0.5226209718543613,0.9866442554875424,0.03360639949939476
test/000067.mp4,000067,vgg19,h264_23_keepaudio,fake,True,16,19,fake,0.6,0.6111111111111112,0.631578947368421,0.795965138822794,0.5480640187298207,0.9866442554875424,0.03360639949939476
test/000067.mp4,000067,vgg19,h264_28_keepaudio,fake,True,16,19,fake,0.6666666666666666,0.6111111111111112,0.631578947368421,0.7874399181455374,0.5783700253477493,0.9866442554875424,0.03360639949939476
test/000067.mp4,000067,vgg19,h264_33_keepaudio,fake,True,16,19,fake,0.4,0.6111111111111112,0.631578947368421,0.7423918843269348,0.6189539720612246,0.9866442554875424,0.03360639949939476
test/000067.mp4,000067,vgg19,h264_38_keepaudio,fake,True,16,19,fake,0.6666666666666666,0.6111111111111112,0.631578947368421,0.8096351064741611,0.4024606797723568,0.9866442554875424,0.03360639949939476
test/000067.mp4,000067,vgg19,h264_43_keepaudio,fake,True,16,19,fake,0.4666666666666667,0.6111111111111112,0.631578947368421,0.6949036382138729,0.7224116233605282,0.9866442554875424,0.03360639949939476
test/000068.mp4,000068,vgg19,clean,fake,True,18,21,fake,0.7058823529411765,0.5,0.7142857142857143,0.7676378770007027,0.5459923880822289,0.99993215856098,0.0005124120820008009
test/000068.mp4,000068,vgg19,jpeg_10,fake,True,18,21,fake,0.6470588235294118,0.5,0.7619047619047619,0.8268416325251261,0.4616875110862559,0.99993215856098,0.0005124120820008009
test/000068.mp4,000068,vgg19,jpeg_20,fake,True,18,21,fake,0.7058823529411765,0.5,0.7142857142857143,0.7865364054838816,0.4905484439895176,0.99993215856098,0.0005124120820008009
test/000068.mp4,000068,vgg19,jpeg_30,fake,True,18,21,fake,0.5882352941176471,0.5,0.7619047619047619,0.7962387800216675,0.49446771741778356,0.99993215856098,0.0005124120820008009
test/000068.mp4,000068,vgg19,jpeg_40,fake,True,18,21,fake,0.5882352941176471,0.5,0.7142857142857143,0.7936011287901137,0.5223145530012882,0.99993215856098,0.0005124120820008009
test/000068.mp4,000068,vgg19,jpeg_50,fake,True,18,21,fake,0.7058823529411765,0.5,0.7619047619047619,0.781807714038425,0.5607908701396995,0.99993215856098,0.0005124120820008009
test/000068.mp4,000068,vgg19,jpeg_60,fake,True,18,21,fake,0.7058823529411765,0.5,0.7142857142857143,0.8432843685150146,0.4631023829118669,0.99993215856098,0.0005124120820008009
test/000068.mp4,000068,vgg19,jpeg_70,fake,True,18,21,fake,0.6470588235294118,0.5,0.7142857142857143,0.7832053171263801,0.5421653053259355,0.99993215856098,0.0005124120820008009
test/000068.mp4,000068,vgg19,jpeg_80,fake,True,18,21,fake,0.6470588235294118,0.5,0.7142857142857143,0.7586424267954297,0.5689605524944101,0.99993215856098,0.0005124120820008009
test/000068.mp4,000068,vgg19,jpeg_90,fake,True,18,21,fake,0.47058823529411764,0.5,0.8095238095238095,0.7423313740226958,0.5915487744843213,0.99993215856098,0.0005124120820008009
test/000068.mp4,000068,vgg19,jpeg_95,fake,True,18,21,fake,0.6470588235294118,0.5,0.7142857142857143,0.7819208304087321,0.5344360158418736,0.99993215856098,0.0005124120820008009
test/000068.mp4,000068,vgg19,h264_18_keepaudio,fake,True,18,21,fake,0.6470588235294118,0.5,0.8095238095238095,0.7544976340399848,0.5964011331031588,0.99993215856098,0.0005124120820008009
test/000068.mp4,000068,vgg19,h264_23_keepaudio,fake,True,18,21,fake,0.5294117647058824,0.5,0.7619047619047619,0.7372857795821296,0.6105189740713678,0.99993215856098,0.0005124120820008009
test/000068.mp4,000068,vgg19,h264_28_keepaudio,fake,True,18,21,fake,0.47058823529411764,0.5,0.7142857142857143,0.7549399865998162,0.5960533759577803,0.99993215856098,0.0005124120820008009
test/000068.mp4,000068,vgg19,h264_33_keepaudio,fake,True,18,21,fake,0.5294117647058824,0.5,0.7142857142857143,0.7502338290214539,0.594211455195792,0.99993215856098,0.0005124120820008009
test/000068.mp4,000068,vgg19,h264_38_keepaudio,fake,True,18,21,fake,0.6470588235294118,0.5,0.7619047619047619,0.8305974139107598,0.4271244465563504,0.99993215856098,0.0005124120820008009
test/000068.mp4,000068,vgg19,h264_43_keepaudio,fake,True,18,21,fake,0.47058823529411764,0.5,0.7142857142857143,0.7822639826271269,0.5635537103972508,0.99993215856098,0.0005124120820008009
test/000069.mp4,000069,vgg19,clean,real,True,37,46,fake,0.8888888888888888,0.7333333333333333,0.6086956521739131,0.7276999217432898,0.6713422024799912,0.9879110611003378,0.029574187553336656
test/000069.mp4,000069,vgg19,jpeg_10,real,True,37,46,fake,0.8333333333333334,0.7333333333333333,0.6086956521739131,0.8346151371259947,0.4709131981899963,0.9879110611003378,0.029574187553336656
test/000069.mp4,000069,vgg19,jpeg_20,real,True,37,46,fake,0.8888888888888888,0.7333333333333333,0.6086956521739131,0.8066587142042212,0.5178730858811044,0.9879110611003378,0.029574187553336656
test/000069.mp4,000069,vgg19,jpeg_30,real,True,37,46,fake,0.8055555555555556,0.7333333333333333,0.6521739130434783,0.7362991458660847,0.6096998644520385,0.9879110611003378,0.029574187553336656
test/000069.mp4,000069,vgg19,jpeg_40,real,True,37,46,fake,0.9444444444444444,0.7333333333333333,0.6304347826086957,0.757287967043954,0.599264658193525,0.9879110611003378,0.029574187553336656
test/000069.mp4,000069,vgg19,jpeg_50,real,True,37,46,fake,0.8611111111111112,0.7333333333333333,0.5869565217391305,0.6934118222545933,0.7295003816604815,0.9879110611003378,0.029574187553336656
test/000069.mp4,000069,vgg19,jpeg_60,real,True,37,46,fake,0.7222222222222222,0.7333333333333333,0.5869565217391305,0.7293579828094792,0.6785113634108372,0.9879110611003378,0.029574187553336656
test/000069.mp4,000069,vgg19,jpeg_70,real,True,37,46,fake,0.8611111111111112,0.7333333333333333,0.5869565217391305,0.7232658130091589,0.694839795174967,0.9879110611003378,0.029574187553336656
test/000069.mp4,000069,vgg19,jpeg_80,real,True,37,46,fake,0.8055555555555556,0.7333333333333333,0.5652173913043478,0.7178066598402487,0.7189831075066417,0.9879110611003378,0.029574187553336656
test/000069.mp4,000069,vgg19,jpeg_90,real,True,37,46,fake,0.8055555555555556,0.7333333333333333,0.6521739130434783,0.7231009256195378,0.6885972318869449,0.9879110611003378,0.029574187553336656
test/000069.mp4,000069,vgg19,jpeg_95,real,True,37,46,fake,0.8333333333333334,0.7333333333333333,0.5869565217391305,0.723962617887033,0.677627815566812,0.9879110611003378,0.029574187553336656
test/000069.mp4,000069,vgg19,h264_18_keepaudio,real,True,37,46,fake,0.8333333333333334,0.7333333333333333,0.5869565217391305,0.7301059284725705,0.6718109413473781,0.9879110611003378,0.029574187553336656
test/000069.mp4,000069,vgg19,h264_23_keepaudio,real,True,37,46,fake,0.8333333333333334,0.7333333333333333,0.5652173913043478,0.7205871238901809,0.7104822461268087,0.9879110611003378,0.029574187553336656
test/000069.mp4,000069,vgg19,h264_28_keepaudio,real,True,37,46,fake,0.7777777777777778,0.7333333333333333,0.5869565217391305,0.7156204645698135,0.7001003005930081,0.9879110611003378,0.029574187553336656
test/000069.mp4,000069,vgg19,h264_33_keepaudio,real,True,37,46,fake,0.75,0.7333333333333333,0.6304347826086957,0.7009922257951788,0.7174392908173659,0.9879110611003378,0.029574187553336656
test/000069.mp4,000069,vgg19,h264_38_keepaudio,real,True,37,46,fake,0.6666666666666666,0.7333333333333333,0.6521739130434783,0.7239969364694647,0.6680419352881845,0.9879110611003378,0.029574187553336656
test/000069.mp4,000069,vgg19,h264_43_keepaudio,real,True,37,46,fake,0.25,0.7333333333333333,0.6739130434782609,0.7689054173392218,0.6039500288267498,0.9879110611003378,0.029574187553336656
test/000070.mp4,000070,vgg19,clean,fake,True,39,50,fake,0.8421052631578947,0.5918367346938775,0.64,0.7177962248141949,0.7314132561914953,0.988585239648819,0.032287820324798655
test/000070.mp4,000070,vgg19,jpeg_10,fake,True,39,50,fake,0.7894736842105263,0.5918367346938775,0.64,0.7707974941302569,0.557360562378312,0.988585239648819,0.032287820324798655
test/000070.mp4,000070,vgg19,jpeg_20,fake,True,39,50,fake,0.8421052631578947,0.5918367346938775,0.66,0.7385588685671488,0.6563100239681489,0.988585239648819,0.032287820324798655
test/000070.mp4,000070,vgg19,jpeg_30,fake,True,39,50,fake,0.8947368421052632,0.5918367346938775,0.64,0.7694628154620146,0.5770199134429758,0.988585239648819,0.032287820324798655
test/000070.mp4,000070,vgg19,jpeg_40,fake,True,39,50,fake,0.8421052631578947,0.5918367346938775,0.68,0.705938560076249,0.7138736734095955,0.988585239648819,0.032287820324798655
test/000070.mp4,000070,vgg19,jpeg_50,fake,True,40,50,fake,0.8717948717948718,0.5918367346938775,0.64,0.724294825643301,0.7294113323590425,0.988585239648819,0.032287820324798655
test/000070.mp4,000070,vgg19,jpeg_60,fake,True,39,50,fake,0.868421052631579,0.5918367346938775,0.68,0.7280093698929517,0.6774302879839523,0.988585239648819,0.032287820324798655
test/000070.mp4,000070,vgg19,jpeg_70,fake,True,39,50,fake,0.8421052631578947,0.5918367346938775,0.7,0.7207460036644568,0.7083353620814102,0.988585239648819,0.032287820324798655
test/000070.mp4,000070,vgg19,jpeg_80,fake,True,39,50,fake,0.8421052631578947,0.5918367346938775,0.72,0.7090391050546597,0.7224176034505986,0.988585239648819,0.032287820324798655
test/000070.mp4,000070,vgg19,jpeg_90,fake,True,40,50,fake,0.8717948717948718,0.5918367346938775,0.72,0.7265383154153824,0.714503983942479,0.988585239648819,0.032287820324798655
test/000070.mp4,000070,vgg19,jpeg_95,fake,True,39,50,fake,0.8157894736842105,0.5918367346938775,0.7,0.7405628034701714,0.6875285998194328,0.988585239648819,0.032287820324798655
test/000070.mp4,000070,vgg19,h264_18_keepaudio,fake,True,39,50,fake,0.7894736842105263,0.5918367346938775,0.7,0.7373107442489037,0.6737489564903831,0.988585239648819,0.032287820324798655
test/000070.mp4,000070,vgg19,h264_23_keepaudio,fake,True,39,50,fake,0.7894736842105263,0.5918367346938775,0.66,0.696158195917423,0.7547374545718964,0.988585239648819,0.032287820324798655
test/000070.mp4,000070,vgg19,h264_28_keepaudio,fake,True,39,50,fake,0.7631578947368421,0.5918367346938775,0.66,0.7024180400065887,0.7355374267210746,0.988585239648819,0.032287820324798655
test/000070.mp4,000070,vgg19,h264_33_keepaudio,fake,True,40,50,fake,0.6666666666666666,0.5918367346938775,0.78,0.7168715231120586,0.6917592236340278,0.988585239648819,0.032287820324798655
test/000070.mp4,000070,vgg19,h264_38_keepaudio,fake,True,39,50,fake,0.3684210526315789,0.5918367346938775,0.72,0.7653653361858466,0.5810180356668222,0.988585239648819,0.032287820324798655
test/000070.mp4,000070,vgg19,h264_43_keepaudio,fake,True,40,50,fake,0.358974358974359,0.5918367346938775,0.6,0.7826579727232457,0.5333032057348512,0.988585239648819,0.032287820324798655
test/000071.mp4,000071,vgg19,clean,fake,True,38,46,fake,0.8918918918918919,0.6444444444444445,0.6521739130434783,0.7075864570705515,0.7282797575259233,0.9903855064640874,0.026004886071762035
test/000071.mp4,000071,vgg19,jpeg_10,fake,True,38,46,fake,0.8648648648648649,0.6444444444444445,0.6086956521739131,0.7675704461963553,0.577999879054599,0.9903855064640874,0.026004886071762035
test/000071.mp4,000071,vgg19,jpeg_20,fake,True,38,46,fake,0.8918918918918919,0.6444444444444445,0.6956521739130435,0.7277239443440187,0.6715628269138847,0.9903855064640874,0.026004886071762035
test/000071.mp4,000071,vgg19,jpeg_30,fake,True,38,46,fake,0.8918918918918919,0.6444444444444445,0.6086956521739131,0.7632605253081572,0.608787931692194,0.9903855064640874,0.026004886071762035
test/000071.mp4,000071,vgg19,jpeg_40,fake,True,38,46,fake,0.8378378378378378,0.6444444444444445,0.6521739130434783,0.7011372674452631,0.719919151824319,0.9903855064640874,0.026004886071762035
test/000071.mp4,000071,vgg19,jpeg_50,fake,True,38,46,fake,0.8648648648648649,0.6444444444444445,0.6304347826086957,0.7327782268586912,0.7099348488126622,0.9903855064640874,0.026004886071762035
test/000071.mp4,000071,vgg19,jpeg_60,fake,True,38,46,fake,0.8648648648648649,0.6444444444444445,0.6521739130434783,0.7157982007453316,0.7032044115741933,0.9903855064640874,0.026004886071762035
test/000071.mp4,000071,vgg19,jpeg_70,fake,True,38,46,fake,0.7837837837837838,0.6444444444444445,0.6521739130434783,0.7121827571015609,0.7340018756920141,0.9903855064640874,0.026004886071762035
test/000071.mp4,000071,vgg19,jpeg_80,fake,True,38,46,fake,0.7837837837837838,0.6444444444444445,0.6739130434782609,0.7120960613614634,0.7266763635205601,0.9903855064640874,0.026004886071762035
test/000071.mp4,000071,vgg19,jpeg_90,fake,True,38,46,fake,0.7567567567567568,0.6444444444444445,0.6956521739130435,0.7038477345516807,0.7526896128967122,0.9903855064640874,0.026004886071762035
test/000071.mp4,000071,vgg19,jpeg_95,fake,True,38,46,fake,0.7297297297297297,0.6444444444444445,0.6956521739130435,0.7006787100904867,0.7466572750192807,0.9903855064640874,0.026004886071762035
test/000071.mp4,000071,vgg19,h264_18_keepaudio,fake,True,38,46,fake,0.8108108108108109,0.6444444444444445,0.6739130434782609,0.7125412037498072,0.721314673944078,0.9903855064640874,0.026004886071762035
test/000071.mp4,000071,vgg19,h264_23_keepaudio,fake,True,38,46,fake,0.8108108108108109,0.6444444444444445,0.6304347826086957,0.7152123051254373,0.7182247496562185,0.9903855064640874,0.026004886071762035
test/000071.mp4,000071,vgg19,h264_28_keepaudio,fake,True,38,46,fake,0.8108108108108109,0.6444444444444445,0.6304347826086957,0.704769608221556,0.7262291028832775,0.9903855064640874,0.026004886071762035
test/000071.mp4,000071,vgg19,h264_33_keepaudio,fake,True,38,46,fake,0.7027027027027027,0.6444444444444445,0.7608695652173914,0.7027576291247418,0.7322683329394126,0.9903855064640874,0.026004886071762035
test/000071.mp4,000071,vgg19,h264_38_keepaudio,fake,True,37,46,fake,0.3333333333333333,0.6444444444444445,0.6956521739130435,0.7685991573978115,0.5745107553098568,0.9903855064640874,0.026004886071762035
test/000071.mp4,000071,vgg19,h264_43_keepaudio,fake,True,36,46,fake,0.34285714285714286,0.6444444444444445,0.6956521739130435,0.7561002986298667,0.5952979821542891,0.9903855064640874,0.026004886071762035
test/000072.mp4,000072,vgg19,clean,fake,True,40,50,fake,0.8205128205128205,0.5918367346938775,0.66,0.740299616754055,0.6676917199886935,0.9847838413715363,0.034829575196087426
test/000072.mp4,000072,vgg19,jpeg_10,fake,True,40,50,fake,0.8461538461538461,0.5918367346938775,0.64,0.7968089878559113,0.5163893997660376,0.9847838413715363,0.034829575196087426
test/000072.mp4,000072,vgg19,jpeg_20,fake,True,40,50,fake,0.8974358974358975,0.5918367346938775,0.72,0.7668095082044601,0.5972943953796691,0.9847838413715363,0.034829575196087426
test/000072.mp4,000072,vgg19,jpeg_30,fake,True,40,50,fake,0.9230769230769231,0.5918367346938775,0.64,0.789152467995882,0.5375800227031713,0.9847838413715363,0.034829575196087426
test/000072.mp4,000072,vgg19,jpeg_40,fake,True,40,50,fake,0.8461538461538461,0.5918367346938775,0.68,0.7435958176851273,0.6292564740700269,0.9847838413715363,0.034829575196087426
test/000072.mp4,000072,vgg19,jpeg_50,fake,True,40,50,fake,0.8205128205128205,0.5918367346938775,0.64,0.7576517730951309,0.6383054595557273,0.9847838413715363,0.034829575196087426
test/000072.mp4,000072,vgg19,jpeg_60,fake,True,40,50,fake,0.8717948717948718,0.5918367346938775,0.68,0.7343547493219376,0.6607355582698571,0.9847838413715363,0.034829575196087426
test/000072.mp4,000072,vgg19,jpeg_70,fake,True,40,50,fake,0.8461538461538461,0.5918367346938775,0.68,0.7365559682250022,0.6775000759001844,0.9847838413715363,0.034829575196087426
test/000072.mp4,000072,vgg19,jpeg_80,fake,True,40,50,fake,0.7948717948717948,0.5918367346938775,0.66,0.7214344717562199,0.7004379331653079,0.9847838413715363,0.034829575196087426
test/000072.mp4,000072,vgg19,jpeg_90,fake,True,40,50,fake,0.7692307692307693,0.5918367346938775,0.7,0.7184745110571384,0.7234326533696679,0.9847838413715363,0.034829575196087426
test/000072.mp4,000072,vgg19,jpeg_95,fake,True,40,50,fake,0.8205128205128205,0.5918367346938775,0.7,0.7371271289885044,0.6785968096046379,0.9847838413715363,0.034829575196087426
test/000072.mp4,000072,vgg19,h264_18_keepaudio,fake,True,40,50,fake,0.7692307692307693,0.5918367346938775,0.68,0.7140585877001285,0.7212885514054286,0.9847838413715363,0.034829575196087426
test/000072.mp4,000072,vgg19,h264_23_keepaudio,fake,True,40,50,fake,0.8205128205128205,0.5918367346938775,0.66,0.7083099700510502,0.7179948044263018,0.9847838413715363,0.034829575196087426
test/000072.mp4,000072,vgg19,h264_28_keepaudio,fake,True,40,50,fake,0.7692307692307693,0.5918367346938775,0.66,0.7144528456032276,0.7072270224603032,0.9847838413715363,0.034829575196087426
test/000072.mp4,000072,vgg19,h264_33_keepaudio,fake,True,40,50,fake,0.6153846153846154,0.5918367346938775,0.76,0.7226064138114452,0.6831172783738046,0.9847838413715363,0.034829575196087426
test/000072.mp4,000072,vgg19,h264_38_keepaudio,fake,True,40,50,fake,0.41025641025641024,0.5918367346938775,0.74,0.735804247111082,0.6128752311194468,0.9847838413715363,0.034829575196087426
test/000072.mp4,000072,vgg19,h264_43_keepaudio,fake,True,40,50,fake,0.41025641025641024,0.5918367346938775,0.7,0.7116080239415169,0.6627638745590472,0.9847838413715363,0.034829575196087426
test/000073.mp4,000073,vgg19,clean,fake,True,38,48,fake,0.8648648648648649,0.723404255319149,0.625,0.722419662695182,0.696723197576336,0.9911709365745386,0.022956721019330623
test/000073.mp4,000073,vgg19,jpeg_10,fake,True,38,48,fake,0.8108108108108109,0.723404255319149,0.5625,0.7857451846725062,0.5355380748514311,0.9911709365745386,0.022956721019330623
test/000073.mp4,000073,vgg19,jpeg_20,fake,True,38,48,fake,0.8918918918918919,0.723404255319149,0.6666666666666666,0.7474304382738314,0.6347004897379894,0.9911709365745386,0.022956721019330623
test/000073.mp4,000073,vgg19,jpeg_30,fake,True,38,48,fake,0.8648648648648649,0.723404255319149,0.5833333333333334,0.7730660101300791,0.575297913660747,0.9911709365745386,0.022956721019330623
test/000073.mp4,000073,vgg19,jpeg_40,fake,True,38,48,fake,0.8108108108108109,0.723404255319149,0.5833333333333334,0.733054194795458,0.6546547480187362,0.9911709365745386,0.022956721019330623
test/000073.mp4,000073,vgg19,jpeg_50,fake,True,38,48,fake,0.8648648648648649,0.723404255319149,0.6041666666666666,0.7387553296591106,0.6888557882269359,0.9911709365745386,0.022956721019330623
test/000073.mp4,000073,vgg19,jpeg_60,fake,True,38,48,fake,0.8378378378378378,0.723404255319149,0.625,0.7191716620796605,0.68135298806945,0.9911709365745386,0.022956721019330623
test/000073.mp4,000073,vgg19,jpeg_70,fake,True,38,48,fake,0.8648648648648649,0.723404255319149,0.6458333333333334,0.7207168826931402,0.7065075783473995,0.9911709365745386,0.022956721019330623
test/000073.mp4,000073,vgg19,jpeg_80,fake,True,38,48,fake,0.8378378378378378,0.723404255319149,0.6458333333333334,0.7111547126581794,0.7029828843826187,0.9911709365745386,0.022956721019330623
test/000073.mp4,000073,vgg19,jpeg_90,fake,True,38,48,fake,0.7837837837837838,0.723404255319149,0.6666666666666666,0.7207950479105899,0.7150305110083274,0.9911709365745386,0.022956721019330623
test/000073.mp4,000073,vgg19,jpeg_95,fake,True,38,48,fake,0.7837837837837838,0.723404255319149,0.6666666666666666,0.7240874665348154,0.7001209710486672,0.9911709365745386,0.022956721019330623
test/000073.mp4,000073,vgg19,h264_18_keepaudio,fake,True,38,48,fake,0.7837837837837838,0.723404255319149,0.6458333333333334,0.7283736506575033,0.6815661960322449,0.9911709365745386,0.022956721019330623
test/000073.mp4,000073,vgg19,h264_23_keepaudio,fake,True,38,48,fake,0.8108108108108109,0.723404255319149,0.6041666666666666,0.7163335563320863,0.7143308672897412,0.9911709365745386,0.022956721019330623
test/000073.mp4,000073,vgg19,h264_28_keepaudio,fake,True,38,48,fake,0.7567567567567568,0.723404255319149,0.625,0.7071091085672379,0.7220711897880799,0.9911709365745386,0.022956721019330623
test/000073.mp4,000073,vgg19,h264_33_keepaudio,fake,True,38,48,fake,0.7027027027027027,0.723404255319149,0.75,0.7147430181503296,0.7160206851444432,0.9911709365745386,0.022956721019330623
test/000073.mp4,000073,vgg19,h264_38_keepaudio,fake,True,38,48,fake,0.3783783783783784,0.723404255319149,0.6666666666666666,0.7546848403780084,0.5961673420933667,0.9911709365745386,0.022956721019330623
test/000073.mp4,000073,vgg19,h264_43_keepaudio,fake,True,37,48,fake,0.2777777777777778,0.723404255319149,0.7083333333333334,0.7516024636255728,0.5956187388217217,0.9911709365745386,0.022956721019330623
test/000074.mp4,000074,vgg19,clean,fake,True,37,46,fake,0.8611111111111112,0.6888888888888889,0.6086956521739131,0.7234420800531233,0.6979361821587354,0.990787087575249,0.023954480559161585
test/000074.mp4,000074,vgg19,jpeg_10,fake,True,37,46,fake,0.8333333333333334,0.6888888888888889,0.6086956521739131,0.7912807947880512,0.5292895740428323,0.990787087575249,0.023954480559161585
test/000074.mp4,000074,vgg19,jpeg_20,fake,True,37,46,fake,0.8888888888888888,0.6888888888888889,0.6521739130434783,0.7575338507020796,0.6152640535746488,0.990787087575249,0.023954480559161585
test/000074.mp4,000074,vgg19,jpeg_30,fake,True,37,46,fake,0.8888888888888888,0.6888888888888889,0.5652173913043478,0.7762085384613758,0.560981562796279,0.990787087575249,0.023954480559161585
test/000074.mp4,000074,vgg19,jpeg_40,fake,True,37,46,fake,0.8333333333333334,0.6888888888888889,0.6086956521739131,0.7239868455641979,0.6734477285042326,0.990787087575249,0.023954480559161585
test/000074.mp4,000074,vgg19,jpeg_50,fake,True,37,46,fake,0.8611111111111112,0.6888888888888889,0.5869565217391305,0.7348012440913433,0.69526023021491,0.990787087575249,0.023954480559161585
test/000074.mp4,000074,vgg19,jpeg_60,fake,True,37,46,fake,0.8333333333333334,0.6888888888888889,0.6086956521739131,0.7069839722401386,0.714064704319969,0.990787087575249,0.023954480559161585
test/000074.mp4,000074,vgg19,jpeg_70,fake,True,37,46,fake,0.8333333333333334,0.6888888888888889,0.6086956521739131,0.7246215955631153,0.6994712749858462,0.990787087575249,0.023954480559161585
test/000074.mp4,000074,vgg19,jpeg_80,fake,True,37,46,fake,0.8055555555555556,0.6888888888888889,0.5869565217391305,0.7144117210362408,0.712499612696649,0.990787087575249,0.023954480559161585
test/000074.mp4,000074,vgg19,jpeg_90,fake,True,37,46,fake,0.7777777777777778,0.6888888888888889,0.6521739130434783,0.7200295168000299,0.7177841403402085,0.990787087575249,0.023954480559161585
test/000074.mp4,000074,vgg19,jpeg_95,fake,True,37,46,fake,0.7777777777777778,0.6888888888888889,0.6521739130434783,0.719556973592655,0.7102873270109992,0.990787087575249,0.023954480559161585
test/000074.mp4,000074,vgg19,h264_18_keepaudio,fake,True,37,46,fake,0.7777777777777778,0.6888888888888889,0.6304347826086957,0.7350838256848825,0.6715828132462419,0.990787087575249,0.023954480559161585
test/000074.mp4,000074,vgg19,h264_23_keepaudio,fake,True,37,46,fake,0.8055555555555556,0.6888888888888889,0.5869565217391305,0.7191376484729148,0.7030409742478974,0.990787087575249,0.023954480559161585
test/000074.mp4,000074,vgg19,h264_28_keepaudio,fake,True,37,46,fake,0.7777777777777778,0.6888888888888889,0.6086956521739131,0.7007374465465546,0.7391493953374377,0.990787087575249,0.023954480559161585
test/000074.mp4,000074,vgg19,h264_33_keepaudio,fake,True,37,46,fake,0.6666666666666666,0.6888888888888889,0.7391304347826086,0.7089586870090382,0.7347196223184062,0.990787087575249,0.023954480559161585
test/000074.mp4,000074,vgg19,h264_38_keepaudio,fake,True,37,46,fake,0.3611111111111111,0.6888888888888889,0.6521739130434783,0.7462099146198582,0.6130295301081731,0.990787087575249,0.023954480559161585
test/000074.mp4,000074,vgg19,h264_43_keepaudio,fake,True,37,46,fake,0.3333333333333333,0.6888888888888889,0.6739130434782609,0.7575836914616663,0.590986881930323,0.990787087575249,0.023954480559161585
test/000075.mp4,000075,vgg19,clean,fake,True,38,48,fake,0.8648648648648649,0.723404255319149,0.625,0.7145944480833254,0.7239230286079127,0.9911709365745386,0.022956721019330623
test/000075.mp4,000075,vgg19,jpeg_10,fake,True,38,48,fake,0.8378378378378378,0.723404255319149,0.6041666666666666,0.795754053090748,0.5088653260979538,0.9911709365745386,0.022956721019330623
test/000075.mp4,000075,vgg19,jpeg_20,fake,True,38,48,fake,0.8918918918918919,0.723404255319149,0.6666666666666666,0.7434017713132658,0.6565519047550916,0.9911709365745386,0.022956721019330623
test/000075.mp4,000075,vgg19,jpeg_30,fake,True,38,48,fake,0.8918918918918919,0.723404255319149,0.5833333333333334,0.7654727007213392,0.584249114503625,0.9911709365745386,0.022956721019330623
test/000075.mp4,000075,vgg19,jpeg_40,fake,True,38,48,fake,0.8108108108108109,0.723404255319149,0.5833333333333334,0.733880382619406,0.6505301662660381,0.9911709365745386,0.022956721019330623
test/000075.mp4,000075,vgg19,jpeg_50,fake,True,38,48,fake,0.8648648648648649,0.723404255319149,0.6041666666666666,0.7405824504400554,0.6902491087294442,0.9911709365745386,0.022956721019330623
test/000075.mp4,000075,vgg19,jpeg_60,fake,True,38,48,fake,0.8108108108108109,0.723404255319149,0.5833333333333334,0.7137191985782824,0.7025175076924995,0.9911709365745386,0.022956721019330623
test/000075.mp4,000075,vgg19,jpeg_70,fake,True,38,48,fake,0.8108108108108109,0.723404255319149,0.5833333333333334,0.722119634088717,0.7148237561912624,0.9911709365745386,0.022956721019330623
test/000075.mp4,000075,vgg19,jpeg_80,fake,True,38,48,fake,0.8108108108108109,0.723404255319149,0.6041666666666666,0.7229343950748444,0.6901990727283498,0.9911709365745386,0.022956721019330623
test/000075.mp4,000075,vgg19,jpeg_90,fake,True,38,48,fake,0.7567567567567568,0.723404255319149,0.625,0.7160700606672388,0.7333971104588572,0.9911709365745386,0.022956721019330623
test/000075.mp4,000075,vgg19,jpeg_95,fake,True,38,48,fake,0.7567567567567568,0.723404255319149,0.625,0.7105987832734459,0.7395822896385026,0.9911709365745386,0.022956721019330623
test/000075.mp4,000075,vgg19,h264_18_keepaudio,fake,True,38,48,fake,0.7837837837837838,0.723404255319149,0.6458333333333334,0.7303160687810496,0.6935185712745818,0.9911709365745386,0.022956721019330623
test/000075.mp4,000075,vgg19,h264_23_keepaudio,fake,True,38,48,fake,0.8108108108108109,0.723404255319149,0.6041666666666666,0.7200888324725,0.7053300636134443,0.9911709365745386,0.022956721019330623
test/000075.mp4,000075,vgg19,h264_28_keepaudio,fake,True,38,48,fake,0.7567567567567568,0.723404255319149,0.625,0.7015299318652404,0.7373579272417188,0.9911709365745386,0.022956721019330623
test/000075.mp4,000075,vgg19,h264_33_keepaudio,fake,True,38,48,fake,0.6216216216216216,0.723404255319149,0.75,0.7221677381741373,0.6966810146114462,0.9911709365745386,0.022956721019330623
test/000075.mp4,000075,vgg19,h264_38_keepaudio,fake,True,38,48,fake,0.3783783783783784,0.723404255319149,0.6666666666666666,0.7650717183163291,0.5670956030788823,0.9911709365745386,0.022956721019330623
test/000075.mp4,000075,vgg19,h264_43_keepaudio,fake,True,38,48,fake,0.35135135135135137,0.723404255319149,0.6875,0.7372051422533236,0.6226974528504023,0.9911709365745386,0.022956721019330623
test/000076.mp4,000076,vgg19,clean,real,True,21,24,fake,0.65,0.9130434782608695,0.375,0.9346419147082737,0.22592685055805578,0.999997024734815,3.142289541430129e-05
test/000076.mp4,000076,vgg19,jpeg_10,real,True,21,24,fake,0.85,0.9130434782608695,0.25,0.8441028013115838,0.3815921445209019,0.999997024734815,3.142289541430129e-05
test/000076.mp4,000076,vgg19,jpeg_20,real,True,21,24,fake,0.75,0.9130434782608695,0.4166666666666667,0.8633875194050017,0.3409967241815776,0.999997024734815,3.142289541430129e-05
test/000076.mp4,000076,vgg19,jpeg_30,real,True,21,24,fake,0.7,0.9130434782608695,0.4166666666666667,0.9027180018879118,0.25936303889244694,0.999997024734815,3.142289541430129e-05
test/000076.mp4,000076,vgg19,jpeg_40,real,True,21,24,fake,0.65,0.9130434782608695,0.375,0.9666714583124433,0.1209282674335013,0.999997024734815,3.142289541430129e-05
test/000076.mp4,000076,vgg19,jpeg_50,real,True,21,24,fake,0.7,0.9130434782608695,0.3333333333333333,0.9364180820328849,0.19485504612256058,0.999997024734815,3.142289541430129e-05
test/000076.mp4,000076,vgg19,jpeg_60,real,True,21,24,fake,0.65,0.9130434782608695,0.375,0.9322714237939744,0.17959370172749484,0.999997024734815,3.142289541430129e-05
test/000076.mp4,000076,vgg19,jpeg_70,real,True,21,24,fake,0.65,0.9130434782608695,0.375,0.9067019139017377,0.24900103078291677,0.999997024734815,3.142289541430129e-05
test/000076.mp4,000076,vgg19,jpeg_80,real,True,21,24,fake,0.75,0.9130434782608695,0.2916666666666667,0.9285862076850164,0.20935499738751226,0.999997024734815,3.142289541430129e-05
test/000076.mp4,000076,vgg19,jpeg_90,real,True,21,24,fake,0.65,0.9130434782608695,0.375,0.9320138125192552,0.22304421811147326,0.999997024734815,3.142289541430129e-05
test/000076.mp4,000076,vgg19,jpeg_95,real,True,21,24,fake,0.65,0.9130434782608695,0.375,0.946324850831713,0.18997698248533706,0.999997024734815,3.142289541430129e-05
test/000076.mp4,000076,vgg19,h264_18_keepaudio,real,True,21,24,fake,0.65,0.9130434782608695,0.375,0.8724905053774515,0.297177202544641,0.999997024734815,3.142289541430129e-05
test/000076.mp4,000076,vgg19,h264_23_keepaudio,real,True,21,24,fake,0.75,0.9130434782608695,0.3333333333333333,0.9153831799825033,0.2520095304573976,0.999997024734815,3.142289541430129e-05
test/000076.mp4,000076,vgg19,h264_28_keepaudio,real,True,21,24,fake,0.75,0.9130434782608695,0.375,0.9306958005541847,0.22224055193883427,0.999997024734815,3.142289541430129e-05
test/000076.mp4,000076,vgg19,h264_33_keepaudio,real,True,21,24,fake,0.75,0.9130434782608695,0.3333333333333333,0.9056610834030878,0.26004354831106236,0.999997024734815,3.142289541430129e-05
test/000076.mp4,000076,vgg19,h264_38_keepaudio,real,True,21,24,fake,0.65,0.9130434782608695,0.2916666666666667,0.9098233807654608,0.23363302820746007,0.999997024734815,3.142289541430129e-05
test/000076.mp4,000076,vgg19,h264_43_keepaudio,real,True,21,24,fake,0.6,0.9130434782608695,0.3333333333333333,0.9202586753027779,0.2404187256187001,0.999997024734815,3.142289541430129e-05
test/000077.mp4,000077,vgg19,clean,real,True,16,18,fake,0.8,0.8235294117647058,0.8333333333333334,0.738046070560813,0.678283403486476,0.999911818239424,0.0007500703308170614
test/000077.mp4,000077,vgg19,jpeg_10,real,True,16,18,fake,0.6666666666666666,0.8235294117647058,0.6666666666666666,0.7737235128879547,0.6444673577706763,0.999911818239424,0.0007500703308170614
test/000077.mp4,000077,vgg19,jpeg_20,real,True,16,18,fake,0.8,0.8235294117647058,0.7777777777777778,0.7986207343637943,0.5640232566469582,0.999911818239424,0.0007500703308170614
test/000077.mp4,000077,vgg19,jpeg_30,real,True,16,18,fake,0.8,0.8235294117647058,0.7777777777777778,0.6818774342536926,0.7892384197651332,0.999911818239424,0.0007500703308170614
test/000077.mp4,000077,vgg19,jpeg_40,real,True,16,18,fake,0.7333333333333333,0.8235294117647058,0.7777777777777778,0.7611772306263447,0.6213168385518106,0.999911818239424,0.0007500703308170614
test/000077.mp4,000077,vgg19,jpeg_50,real,True,16,18,fake,0.8666666666666667,0.8235294117647058,0.8333333333333334,0.7136167511343956,0.7263826077945011,0.999911818239424,0.0007500703308170614
test/000077.mp4,000077,vgg19,jpeg_60,real,True,16,18,fake,0.6,0.8235294117647058,0.7777777777777778,0.7091785781085491,0.7384289510569191,0.999911818239424,0.0007500703308170614
test/000077.mp4,000077,vgg19,jpeg_70,real,True,16,18,fake,0.8,0.8235294117647058,0.8333333333333334,0.6666150745004416,0.7510189441694296,0.999911818239424,0.0007500703308170614
test/000077.mp4,000077,vgg19,jpeg_80,real,True,16,18,fake,0.8,0.8235294117647058,0.8333333333333334,0.7146935574710369,0.708653437680459,0.999911818239424,0.0007500703308170614
test/000077.mp4,000077,vgg19,jpeg_90,real,True,16,18,fake,0.6666666666666666,0.8235294117647058,0.7777777777777778,0.7285564914345741,0.7022195985179417,0.999911818239424,0.0007500703308170614
test/000077.mp4,000077,vgg19,jpeg_95,real,True,16,18,fake,0.8666666666666667,0.8235294117647058,0.8333333333333334,0.7122788056731224,0.7243564107904616,0.999911818239424,0.0007500703308170614
test/000077.mp4,000077,vgg19,h264_18_keepaudio,real,True,16,18,fake,0.6666666666666666,0.8235294117647058,0.7777777777777778,0.6399920154362917,0.8447131663663727,0.999911818239424,0.0007500703308170614
test/000077.mp4,000077,vgg19,h264_23_keepaudio,real,True,16,18,fake,0.8,0.8235294117647058,0.7777777777777778,0.641158988699317,0.8472260106949032,0.999911818239424,0.0007500703308170614
test/000077.mp4,000077,vgg19,h264_28_keepaudio,real,True,16,18,fake,0.5333333333333333,0.8235294117647058,0.6666666666666666,0.6568975169211626,0.85174240480108,0.999911818239424,0.0007500703308170614
test/000077.mp4,000077,vgg19,h264_33_keepaudio,real,True,16,18,fake,0.7333333333333333,0.8235294117647058,0.8333333333333334,0.7822833247482777,0.5937645379550545,0.999911818239424,0.0007500703308170614
test/000077.mp4,000077,vgg19,h264_38_keepaudio,real,True,16,18,fake,0.4666666666666667,0.8235294117647058,0.7777777777777778,0.71952760592103,0.723321623556187,0.999911818239424,0.0007500703308170614
test/000077.mp4,000077,vgg19,h264_43_keepaudio,real,True,16,18,fake,0.4666666666666667,0.8235294117647058,0.8333333333333334,0.7615555413067341,0.6566557742514365,0.999911818239424,0.0007500703308170614
test/000078.mp4,000078,vgg19,clean,fake,True,18,22,fake,0.7058823529411765,0.8095238095238095,0.6818181818181818,0.7434013717704349,0.5818256631780314,0.9984921731732108,0.008064162730506273
test/000078.mp4,000078,vgg19,jpeg_10,fake,True,18,22,fake,0.7058823529411765,0.8095238095238095,0.5,0.7779981146256129,0.5756651176930975,0.9984921731732108,0.008064162730506273
test/000078.mp4,000078,vgg19,jpeg_20,fake,True,18,22,fake,0.5882352941176471,0.8095238095238095,0.7272727272727273,0.738333112663693,0.5661445596955005,0.9984921731732108,0.008064162730506273
test/000078.mp4,000078,vgg19,jpeg_30,fake,True,18,22,fake,0.5882352941176471,0.8095238095238095,0.6363636363636364,0.7876438962088691,0.5538776157855456,0.9984921731732108,0.008064162730506273
test/000078.mp4,000078,vgg19,jpeg_40,fake,True,18,22,fake,0.7647058823529411,0.8095238095238095,0.6818181818181818,0.72529127366013,0.6665149307387501,0.9984921731732108,0.008064162730506273
test/000078.mp4,000078,vgg19,jpeg_50,fake,True,18,22,fake,0.7058823529411765,0.8095238095238095,0.5909090909090909,0.7627542730834749,0.6318166642463872,0.9984921731732108,0.008064162730506273
test/000078.mp4,000078,vgg19,jpeg_60,fake,True,18,22,fake,0.6470588235294118,0.8095238095238095,0.7272727272727273,0.751552465889189,0.6280935060851802,0.9984921731732108,0.008064162730506273
test/000078.mp4,000078,vgg19,jpeg_70,fake,True,18,22,fake,0.7058823529411765,0.8095238095238095,0.6818181818181818,0.7456273701455858,0.5969099857365272,0.9984921731732108,0.008064162730506273
test/000078.mp4,000078,vgg19,jpeg_80,fake,True,18,22,fake,0.7058823529411765,0.8095238095238095,0.6818181818181818,0.7566975934637917,0.5878039576527333,0.9984921731732108,0.008064162730506273
test/000078.mp4,000078,vgg19,jpeg_90,fake,True,18,22,fake,0.6470588235294118,0.8095238095238095,0.5454545454545454,0.7053138183222877,0.6567959794969002,0.9984921731732108,0.008064162730506273
test/000078.mp4,000078,vgg19,jpeg_95,fake,True,18,22,fake,0.7058823529411765,0.8095238095238095,0.7272727272727273,0.7313571986224916,0.631946776576318,0.9984921731732108,0.008064162730506273
test/000078.mp4,000078,vgg19,h264_18_keepaudio,fake,True,18,22,fake,0.5882352941176471,0.8095238095238095,0.6818181818181818,0.7540503425730599,0.588115520821662,0.9984921731732108,0.008064162730506273
test/000078.mp4,000078,vgg19,h264_23_keepaudio,fake,True,18,22,fake,0.6470588235294118,0.8095238095238095,0.6818181818181818,0.7284197641743554,0.6472492455252481,0.9984921731732108,0.008064162730506273
test/000078.mp4,000078,vgg19,h264_28_keepaudio,fake,True,18,22,fake,0.7647058823529411,0.8095238095238095,0.7272727272727273,0.7280252112282647,0.6484203389726879,0.9984921731732108,0.008064162730506273
test/000078.mp4,000078,vgg19,h264_33_keepaudio,fake,True,18,22,fake,0.4117647058823529,0.8095238095238095,0.5,0.7110172013441721,0.6773652383407648,0.9984921731732108,0.008064162730506273
test/000078.mp4,000078,vgg19,h264_38_keepaudio,fake,True,18,22,fake,0.17647058823529413,0.8095238095238095,0.45454545454545453,0.7428921709458033,0.6654614253141495,0.9984921731732108,0.008064162730506273
test/000078.mp4,000078,vgg19,h264_43_keepaudio,fake,True,18,22,fake,0.23529411764705882,0.8095238095238095,0.6363636363636364,0.8149745629893409,0.49833021948364997,0.9984921731732108,0.008064162730506273
test/000079.mp4,000079,vgg19,clean,fake,True,16,19,fake,0.8666666666666667,0.7777777777777778,0.7894736842105263,0.7727575767785311,0.6104075766564685,0.9976516083667153,0.011170810051780663
test/000079.mp4,000079,vgg19,jpeg_10,fake,True,16,19,fake,0.7333333333333333,0.7777777777777778,0.6842105263157895,0.6864213235676289,0.7103617197698662,0.9976516083667153,0.011170810051780663
test/000079.mp4,000079,vgg19,jpeg_20,fake,True,16,19,fake,0.8666666666666667,0.7777777777777778,0.7368421052631579,0.7448718212544918,0.5771797718614049,0.9976516083667153,0.011170810051780663
test/000079.mp4,000079,vgg19,jpeg_30,fake,True,16,19,fake,0.8,0.7777777777777778,0.7894736842105263,0.7932027857750654,0.5653565632174469,0.9976516083667153,0.011170810051780663
test/000079.mp4,000079,vgg19,jpeg_40,fake,True,16,19,fake,0.6666666666666666,0.7777777777777778,0.7894736842105263,0.8188675343990326,0.4903767057848155,0.9976516083667153,0.011170810051780663
test/000079.mp4,000079,vgg19,jpeg_50,fake,True,16,19,fake,0.8666666666666667,0.7777777777777778,0.7894736842105263,0.7628495823591948,0.5969646746987927,0.9976516083667153,0.011170810051780663
test/000079.mp4,000079,vgg19,jpeg_60,fake,True,16,19,fake,0.8,0.7777777777777778,0.7894736842105263,0.7980338241904974,0.5364669456557187,0.9976516083667153,0.011170810051780663
test/000079.mp4,000079,vgg19,jpeg_70,fake,True,16,19,fake,0.8,0.7777777777777778,0.7894736842105263,0.7349015455693007,0.6598890463466948,0.9976516083667153,0.011170810051780663
test/000079.mp4,000079,vgg19,jpeg_80,fake,True,16,19,fake,0.8666666666666667,0.7777777777777778,0.7894736842105263,0.7939398027956486,0.5497283330035114,0.9976516083667153,0.011170810051780663
test/000079.mp4,000079,vgg19,jpeg_90,fake,True,16,19,fake,0.8,0.7777777777777778,0.7894736842105263,0.7804279495030642,0.5777657875387496,0.9976516083667153,0.011170810051780663
test/000079.mp4,000079,vgg19,jpeg_95,fake,True,16,19,fake,0.8,0.7777777777777778,0.7894736842105263,0.7878162711858749,0.557380056476074,0.9976516083667153,0.011170810051780663
test/000079.mp4,000079,vgg19,h264_18_keepaudio,fake,True,16,19,fake,0.8,0.7777777777777778,0.7894736842105263,0.7770584691315889,0.573244840657988,0.9976516083667153,0.011170810051780663
test/000079.mp4,000079,vgg19,h264_23_keepaudio,fake,True,16,19,fake,0.8,0.7777777777777778,0.7368421052631579,0.7237424999475479,0.6571232189731242,0.9976516083667153,0.011170810051780663
test/000079.mp4,000079,vgg19,h264_28_keepaudio,fake,True,16,19,fake,0.6666666666666666,0.7777777777777778,0.7894736842105263,0.7326501589268446,0.6943901254521591,0.9976516083667153,0.011170810051780663
test/000079.mp4,000079,vgg19,h264_33_keepaudio,fake,True,16,19,fake,0.6666666666666666,0.7777777777777778,0.7368421052631579,0.7172235976904631,0.7179011035406451,0.9976516083667153,0.011170810051780663
test/000079.mp4,000079,vgg19,h264_38_keepaudio,fake,True,16,19,fake,0.2,0.7777777777777778,0.5263157894736842,0.7547302059829235,0.6079076975362299,0.9976516083667153,0.011170810051780663
test/000079.mp4,000079,vgg19,h264_43_keepaudio,fake,True,16,19,fake,0.13333333333333333,0.7777777777777778,0.5263157894736842,0.8243898451328278,0.43809461865242116,0.9976516083667153,0.011170810051780663
test/000080.mp4,000080,vgg19,clean,fake,True,18,22,fake,0.8823529411764706,0.8095238095238095,0.7727272727272727,0.7467579874727461,0.6119976116677878,0.9985046549276873,0.007949768798528043
test/000080.mp4,000080,vgg19,jpeg_10,fake,True,18,22,fake,0.5294117647058824,0.8095238095238095,0.5,0.7181656791104211,0.6873646634591234,0.9985046549276873,0.007949768798528043
test/000080.mp4,000080,vgg19,jpeg_20,fake,True,18,22,fake,0.7058823529411765,0.8095238095238095,0.6363636363636364,0.709835002819697,0.6843134930799175,0.9985046549276873,0.007949768798528043
test/000080.mp4,000080,vgg19,jpeg_30,fake,True,18,22,fake,0.8823529411764706,0.8095238095238095,0.7272727272727273,0.6988763875431485,0.6945738500291944,0.9985046549276873,0.007949768798528043
test/000080.mp4,000080,vgg19,jpeg_40,fake,True,18,22,fake,0.6470588235294118,0.8095238095238095,0.7272727272727273,0.7536469995975494,0.6202955986948671,0.9985046549276873,0.007949768798528043
test/000080.mp4,000080,vgg19,jpeg_50,fake,True,18,22,fake,0.7058823529411765,0.8095238095238095,0.7272727272727273,0.7689160423146354,0.6098754249923499,0.9985046549276873,0.007949768798528043
test/000080.mp4,000080,vgg19,jpeg_60,fake,True,18,22,fake,0.7058823529411765,0.8095238095238095,0.7272727272727273,0.7160676535632875,0.6843186901621768,0.9985046549276873,0.007949768798528043
test/000080.mp4,000080,vgg19,jpeg_70,fake,True,18,22,fake,0.8235294117647058,0.8095238095238095,0.7272727272727273,0.7258328149716059,0.6886904193600962,0.9985046549276873,0.007949768798528043
test/000080.mp4,000080,vgg19,jpeg_80,fake,True,18,22,fake,0.8823529411764706,0.8095238095238095,0.8181818181818182,0.720630458659596,0.6824931110794751,0.9985046549276873,0.007949768798528043
test/000080.mp4,000080,vgg19,jpeg_90,fake,True,18,22,fake,0.8823529411764706,0.8095238095238095,0.7272727272727273,0.738793863190545,0.6358667178802446,0.9985046549276873,0.007949768798528043
test/000080.mp4,000080,vgg19,jpeg_95,fake,True,18,22,fake,0.8823529411764706,0.8095238095238095,0.7272727272727273,0.7300631370809343,0.6625450181829006,0.9985046549276873,0.007949768798528043
test/000080.mp4,000080,vgg19,h264_18_keepaudio,fake,True,18,22,fake,0.7647058823529411,0.8095238095238095,0.6818181818181818,0.7510064260827171,0.5774615645551026,0.9985046549276873,0.007949768798528043
test/000080.mp4,000080,vgg19,h264_23_keepaudio,fake,True,18,22,fake,0.8823529411764706,0.8095238095238095,0.7272727272727273,0.6762691852119234,0.7643895239278709,0.9985046549276873,0.007949768798528043
test/000080.mp4,000080,vgg19,h264_28_keepaudio,fake,True,18,22,fake,0.5882352941176471,0.8095238095238095,0.5454545454545454,0.7170378251208199,0.7196173428655945,0.9985046549276873,0.007949768798528043
test/000080.mp4,000080,vgg19,h264_33_keepaudio,fake,True,18,22,fake,0.47058823529411764,0.8095238095238095,0.5909090909090909,0.7205797351068921,0.6779591781549684,0.9985046549276873,0.007949768798528043
test/000080.mp4,000080,vgg19,h264_38_keepaudio,fake,True,18,22,fake,0.4117647058823529,0.8095238095238095,0.6363636363636364,0.7317050927215152,0.713790744078591,0.9985046549276873,0.007949768798528043
test/000080.mp4,000080,vgg19,h264_43_keepaudio,fake,True,18,22,fake,0.7058823529411765,0.8095238095238095,0.5909090909090909,0.8289508306317859,0.4321195208359272,0.9985046549276873,0.007949768798528043
test/000081.mp4,000081,vgg19,clean,real,True,34,42,fake,0.9090909090909091,0.7804878048780488,0.42857142857142855,0.7804461366990033,0.5040915839102749,0.9999496071111589,0.0003611704503076191
test/000081.mp4,000081,vgg19,jpeg_10,real,True,33,42,fake,0.71875,0.7804878048780488,0.5238095238095238,0.8191132473223137,0.4577258403142268,0.9999496071111589,0.0003611704503076191
test/000081.mp4,000081,vgg19,jpeg_20,real,True,33,42,fake,0.84375,0.7804878048780488,0.38095238095238093,0.8197161618507269,0.44908729486806265,0.9999496071111589,0.0003611704503076191
test/000081.mp4,000081,vgg19,jpeg_30,real,True,33,42,fake,0.875,0.7804878048780488,0.40476190476190477,0.8295499068317991,0.44735307049329104,0.9999496071111589,0.0003611704503076191
test/000081.mp4,000081,vgg19,jpeg_40,real,True,34,42,fake,0.9090909090909091,0.7804878048780488,0.42857142857142855,0.7829903127516017,0.5096064808484247,0.9999496071111589,0.0003611704503076191
test/000081.mp4,000081,vgg19,jpeg_50,real,True,33,42,fake,0.90625,0.7804878048780488,0.4523809523809524,0.8037307135986559,0.47018127974558543,0.9999496071111589,0.0003611704503076191
test/000081.mp4,000081,vgg19,jpeg_60,real,True,33,42,fake,0.9375,0.7804878048780488,0.42857142857142855,0.8033472886591246,0.4867643458124337,0.9999496071111589,0.0003611704503076191
test/000081.mp4,000081,vgg19,jpeg_70,real,True,33,42,fake,0.875,0.7804878048780488,0.40476190476190477,0.7903264977715232,0.49549767891558155,0.9999496071111589,0.0003611704503076191
test/000081.mp4,000081,vgg19,jpeg_80,real,True,34,42,fake,0.9090909090909091,0.7804878048780488,0.4523809523809524,0.7993301898241043,0.4877335726871227,0.9999496071111589,0.0003611704503076191
test/000081.mp4,000081,vgg19,jpeg_90,real,True,33,42,fake,0.9375,0.7804878048780488,0.47619047619047616,0.8113002433921351,0.4796395532188284,0.9999496071111589,0.0003611704503076191
test/000081.mp4,000081,vgg19,jpeg_95,real,True,33,42,fake,0.90625,0.7804878048780488,0.47619047619047616,0.8144248362743494,0.46373237702815717,0.9999496071111589,0.0003611704503076191
test/000081.mp4,000081,vgg19,h264_18_keepaudio,real,True,33,42,fake,0.9375,0.7804878048780488,0.42857142857142855,0.8024898424293055,0.4764497722705798,0.9999496071111589,0.0003611704503076191
test/000081.mp4,000081,vgg19,h264_23_keepaudio,real,True,34,42,fake,0.9090909090909091,0.7804878048780488,0.42857142857142855,0.8033917318372166,0.4753926499914749,0.9999496071111589,0.0003611704503076191
test/000081.mp4,000081,vgg19,h264_28_keepaudio,real,True,33,42,fake,0.875,0.7804878048780488,0.38095238095238093,0.8162408353704395,0.49173842573328763,0.9999496071111589,0.0003611704503076191
test/000081.mp4,000081,vgg19,h264_33_keepaudio,real,True,33,42,fake,0.84375,0.7804878048780488,0.40476190476190477,0.7827372948328654,0.5563269118851681,0.9999496071111589,0.0003611704503076191
test/000081.mp4,000081,vgg19,h264_38_keepaudio,real,True,33,42,fake,0.75,0.7804878048780488,0.47619047619047616,0.757177752978874,0.5891477284787823,0.9999496071111589,0.0003611704503076191
test/000081.mp4,000081,vgg19,h264_43_keepaudio,real,True,33,42,fake,0.5625,0.7804878048780488,0.5238095238095238,0.7376644629420657,0.6216394208327843,0.9999496071111589,0.0003611704503076191
test/000082.mp4,000082,vgg19,clean,fake,True,37,47,fake,0.8055555555555556,0.782608695652174,0.46808510638297873,0.8038450721147898,0.5020618040743372,0.9981669542637277,0.007669862258691116
test/000082.mp4,000082,vgg19,jpeg_10,fake,True,38,47,fake,0.8648648648648649,0.782608695652174,0.48936170212765956,0.8321887427254727,0.4411045041847559,0.9981669542637277,0.007669862258691116
test/000082.mp4,000082,vgg19,jpeg_20,fake,True,38,47,fake,0.7837837837837838,0.782608695652174,0.48936170212765956,0.7759549664823633,0.5396826596388491,0.9981669542637277,0.007669862258691116
test/000082.mp4,000082,vgg19,jpeg_30,fake,True,37,47,fake,0.8333333333333334,0.782608695652174,0.44680851063829785,0.7626310006992237,0.5664282187400265,0.9981669542637277,0.007669862258691116
test/000082.mp4,000082,vgg19,jpeg_40,fake,True,37,47,fake,0.7777777777777778,0.782608695652174,0.44680851063829785,0.7979500422606597,0.5066121336127133,0.9981669542637277,0.007669862258691116
test/000082.mp4,000082,vgg19,jpeg_50,fake,True,37,47,fake,0.7777777777777778,0.782608695652174,0.44680851063829785,0.8009933917909056,0.5048814255252164,0.9981669542637277,0.007669862258691116
test/000082.mp4,000082,vgg19,jpeg_60,fake,True,37,47,fake,0.8611111111111112,0.782608695652174,0.46808510638297873,0.7899465351491362,0.5255890067961332,0.9981669542637277,0.007669862258691116
test/000082.mp4,000082,vgg19,jpeg_70,fake,True,38,47,fake,0.8108108108108109,0.782608695652174,0.5106382978723404,0.757094532251358,0.5649107955079916,0.9981669542637277,0.007669862258691116
test/000082.mp4,000082,vgg19,jpeg_80,fake,True,37,47,fake,0.8888888888888888,0.782608695652174,0.46808510638297873,0.763400006938625,0.5714874224879589,0.9981669542637277,0.007669862258691116
test/000082.mp4,000082,vgg19,jpeg_90,fake,True,37,47,fake,0.8055555555555556,0.782608695652174,0.44680851063829785,0.7875826713201162,0.5340094609230885,0.9981669542637277,0.007669862258691116
test/000082.mp4,000082,vgg19,jpeg_95,fake,True,37,47,fake,0.7777777777777778,0.782608695652174,0.5319148936170213,0.7709179786411492,0.5620379631514995,0.9981669542637277,0.007669862258691116
test/000082.mp4,000082,vgg19,h264_18_keepaudio,fake,True,37,47,fake,0.8055555555555556,0.782608695652174,0.46808510638297873,0.7612646713450149,0.5572862194459876,0.9981669542637277,0.007669862258691116
test/000082.mp4,000082,vgg19,h264_23_keepaudio,fake,True,37,47,fake,0.7222222222222222,0.782608695652174,0.48936170212765956,0.7565307448039184,0.6090244460768092,0.9981669542637277,0.007669862258691116
test/000082.mp4,000082,vgg19,h264_28_keepaudio,fake,True,37,47,fake,0.7777777777777778,0.782608695652174,0.48936170212765956,0.754001064075006,0.6144574934897744,0.9981669542637277,0.007669862258691116
test/000082.mp4,000082,vgg19,h264_33_keepaudio,fake,True,38,47,fake,0.7567567567567568,0.782608695652174,0.44680851063829785,0.7912044901596872,0.5292857953657613,0.9981669542637277,0.007669862258691116
test/000082.mp4,000082,vgg19,h264_38_keepaudio,fake,True,38,47,fake,0.7297297297297297,0.782608695652174,0.425531914893617,0.7310094574564382,0.6486807257122515,0.9981669542637277,0.007669862258691116
test/000082.mp4,000082,vgg19,h264_43_keepaudio,fake,True,36,47,fake,0.6571428571428571,0.782608695652174,0.5106382978723404,0.775419705443912,0.5722092299031237,0.9981669542637277,0.007669862258691116
test/000083.mp4,000083,vgg19,clean,fake,True,34,43,fake,0.8181818181818182,0.7857142857142857,0.4186046511627907,0.8014159544425852,0.48687291562954893,0.9980116791503374,0.008281885188517147
test/000083.mp4,000083,vgg19,jpeg_10,fake,True,35,43,fake,0.8529411764705882,0.7857142857142857,0.4418604651162791,0.8262169795376914,0.44748112749801217,0.9980116791503374,0.008281885188517147
test/000083.mp4,000083,vgg19,jpeg_20,fake,True,35,43,fake,0.7941176470588235,0.7857142857142857,0.4186046511627907,0.7995601347514562,0.4900807170106063,0.9980116791503374,0.008281885188517147
test/000083.mp4,000083,vgg19,jpeg_30,fake,True,34,43,fake,0.8181818181818182,0.7857142857142857,0.3953488372093023,0.7610322447384105,0.567760567052032,0.9980116791503374,0.008281885188517147
test/000083.mp4,000083,vgg19,jpeg_40,fake,True,34,43,fake,0.696969696969697,0.7857142857142857,0.3953488372093023,0.7861395416890874,0.5099522932138149,0.9980116791503374,0.008281885188517147
test/000083.mp4,000083,vgg19,jpeg_50,fake,True,34,43,fake,0.7575757575757576,0.7857142857142857,0.3953488372093023,0.8148229639319813,0.4837950915989936,0.9980116791503374,0.008281885188517147
test/000083.mp4,000083,vgg19,jpeg_60,fake,True,34,43,fake,0.7878787878787878,0.7857142857142857,0.4186046511627907,0.7995187973274904,0.5060450028549605,0.9980116791503374,0.008281885188517147
test/000083.mp4,000083,vgg19,jpeg_70,fake,True,35,43,fake,0.7941176470588235,0.7857142857142857,0.46511627906976744,0.8129955462047032,0.4836847677255468,0.9980116791503374,0.008281885188517147
test/000083.mp4,000083,vgg19,jpeg_80,fake,True,34,43,fake,0.8181818181818182,0.7857142857142857,0.4186046511627907,0.7839595123248941,0.5333192850442235,0.9980116791503374,0.008281885188517147
test/000083.mp4,000083,vgg19,jpeg_90,fake,True,34,43,fake,0.8787878787878788,0.7857142857142857,0.3953488372093023,0.7821931313065922,0.5366635039249759,0.9980116791503374,0.008281885188517147
test/000083.mp4,000083,vgg19,jpeg_95,fake,True,34,43,fake,0.7272727272727273,0.7857142857142857,0.4883720930232558,0.7823124869781382,0.533774037897155,0.9980116791503374,0.008281885188517147
test/000083.mp4,000083,vgg19,h264_18_keepaudio,fake,True,34,43,fake,0.7878787878787878,0.7857142857142857,0.4186046511627907,0.7838175393202725,0.5213432475024715,0.9980116791503374,0.008281885188517147
test/000083.mp4,000083,vgg19,h264_23_keepaudio,fake,True,34,43,fake,0.8181818181818182,0.7857142857142857,0.4418604651162791,0.7807368820204454,0.5561618191590693,0.9980116791503374,0.008281885188517147
test/000083.mp4,000083,vgg19,h264_28_keepaudio,fake,True,34,43,fake,0.6666666666666666,0.7857142857142857,0.4186046511627907,0.7724159438820446,0.5684804954651362,0.9980116791503374,0.008281885188517147
test/000083.mp4,000083,vgg19,h264_33_keepaudio,fake,True,35,43,fake,0.7941176470588235,0.7857142857142857,0.3953488372093023,0.7989835253783635,0.5139070664698131,0.9980116791503374,0.008281885188517147
test/000083.mp4,000083,vgg19,h264_38_keepaudio,fake,True,35,43,fake,0.7058823529411765,0.7857142857142857,0.37209302325581395,0.7028517484664917,0.7039269216095764,0.9980116791503374,0.008281885188517147
test/000083.mp4,000083,vgg19,h264_43_keepaudio,fake,True,34,43,fake,0.6363636363636364,0.7857142857142857,0.4186046511627907,0.7934760801932391,0.5286945322203546,0.9980116791503374,0.008281885188517147
test/000084.mp4,000084,vgg19,clean,fake,True,35,45,fake,0.7941176470588235,0.75,0.5333333333333333,0.8061596351010459,0.48736124419168464,0.998085175620185,0.008014476298536057
test/000084.mp4,000084,vgg19,jpeg_10,fake,True,36,45,fake,0.9142857142857143,0.75,0.5111111111111111,0.7994226738810539,0.485328735655941,0.998085175620185,0.008014476298536057
test/000084.mp4,000084,vgg19,jpeg_20,fake,True,36,45,fake,0.7714285714285715,0.75,0.5333333333333333,0.7820012842615446,0.5139337386686846,0.998085175620185,0.008014476298536057
test/000084.mp4,000084,vgg19,jpeg_30,fake,True,35,45,fake,0.7941176470588235,0.75,0.4666666666666667,0.7404334306716919,0.6046150602720617,0.998085175620185,0.008014476298536057
test/000084.mp4,000084,vgg19,jpeg_40,fake,True,35,45,fake,0.8529411764705882,0.75,0.5111111111111111,0.8085159071854182,0.4951187762623992,0.998085175620185,0.008014476298536057
test/000084.mp4,000084,vgg19,jpeg_50,fake,True,35,45,fake,0.8529411764705882,0.75,0.5111111111111111,0.7998981552464621,0.5062069545114375,0.998085175620185,0.008014476298536057
test/000084.mp4,000084,vgg19,jpeg_60,fake,True,35,45,fake,0.8235294117647058,0.75,0.4888888888888889,0.7811606023992811,0.5320563345374497,0.998085175620185,0.008014476298536057
test/000084.mp4,000084,vgg19,jpeg_70,fake,True,36,45,fake,0.8571428571428571,0.75,0.5777777777777777,0.7812724022401704,0.5380485589606443,0.998085175620185,0.008014476298536057
test/000084.mp4,000084,vgg19,jpeg_80,fake,True,35,45,fake,0.8235294117647058,0.75,0.5333333333333333,0.7684141712529319,0.5816663000809161,0.998085175620185,0.008014476298536057
test/000084.mp4,000084,vgg19,jpeg_90,fake,True,35,45,fake,0.8823529411764706,0.75,0.5111111111111111,0.7557045076574598,0.5814445778482481,0.998085175620185,0.008014476298536057
test/000084.mp4,000084,vgg19,jpeg_95,fake,True,35,45,fake,0.7941176470588235,0.75,0.6,0.7654405679021563,0.5719752606265768,0.998085175620185,0.008014476298536057
test/000084.mp4,000084,vgg19,h264_18_keepaudio,fake,True,35,45,fake,0.8235294117647058,0.75,0.5333333333333333,0.7657614282199314,0.566393709420949,0.998085175620185,0.008014476298536057
test/000084.mp4,000084,vgg19,h264_23_keepaudio,fake,True,35,45,fake,0.7647058823529411,0.75,0.5555555555555556,0.7554054251738958,0.6062704968106049,0.998085175620185,0.008014476298536057
test/000084.mp4,000084,vgg19,h264_28_keepaudio,fake,True,35,45,fake,0.7352941176470589,0.75,0.4888888888888889,0.7799774961812156,0.5635375632258063,0.998085175620185,0.008014476298536057
test/000084.mp4,000084,vgg19,h264_33_keepaudio,fake,True,36,45,fake,0.8,0.75,0.5111111111111111,0.8017036898268594,0.4937881490074107,0.998085175620185,0.008014476298536057
test/000084.mp4,000084,vgg19,h264_38_keepaudio,fake,True,36,45,fake,0.8,0.75,0.4444444444444444,0.7311069394151369,0.6558081701477141,0.998085175620185,0.008014476298536057
test/000084.mp4,000084,vgg19,h264_43_keepaudio,fake,True,35,45,fake,0.7058823529411765,0.75,0.4888888888888889,0.758143424987793,0.5982318484658072,0.998085175620185,0.008014476298536057
test/000085.mp4,000085,vgg19,clean,fake,True,34,43,fake,0.8484848484848485,0.7380952380952381,0.5116279069767442,0.7957230473265928,0.5085030635261947,0.9980343982230785,0.008101708122104834
test/000085.mp4,000085,vgg19,jpeg_10,fake,True,35,43,fake,0.8823529411764706,0.7380952380952381,0.4883720930232558,0.8271053739956447,0.4225902697609761,0.9980343982230785,0.008101708122104834
test/000085.mp4,000085,vgg19,jpeg_20,fake,True,35,43,fake,0.7941176470588235,0.7380952380952381,0.5116279069767442,0.7738958937781197,0.5324158344189491,0.9980343982230785,0.008101708122104834
test/000085.mp4,000085,vgg19,jpeg_30,fake,True,34,43,fake,0.8484848484848485,0.7380952380952381,0.4883720930232558,0.7855877955170238,0.523302847270178,0.9980343982230785,0.008101708122104834
test/000085.mp4,000085,vgg19,jpeg_40,fake,True,34,43,fake,0.7575757575757576,0.7380952380952381,0.4418604651162791,0.7766741628155989,0.5301624926693381,0.9980343982230785,0.008101708122104834
test/000085.mp4,000085,vgg19,jpeg_50,fake,True,34,43,fake,0.8484848484848485,0.7380952380952381,0.4883720930232558,0.8025414233698565,0.5039235153588422,0.9980343982230785,0.008101708122104834
test/000085.mp4,000085,vgg19,jpeg_60,fake,True,34,43,fake,0.8181818181818182,0.7380952380952381,0.46511627906976744,0.7801297543679967,0.5389441472485139,0.9980343982230785,0.008101708122104834
test/000085.mp4,000085,vgg19,jpeg_70,fake,True,35,43,fake,0.7647058823529411,0.7380952380952381,0.5581395348837209,0.8116837399346488,0.4808068396961485,0.9980343982230785,0.008101708122104834
test/000085.mp4,000085,vgg19,jpeg_80,fake,True,34,43,fake,0.8181818181818182,0.7380952380952381,0.46511627906976744,0.8012772956315208,0.5072724263135817,0.9980343982230785,0.008101708122104834
test/000085.mp4,000085,vgg19,jpeg_90,fake,True,34,43,fake,0.8181818181818182,0.7380952380952381,0.4418604651162791,0.7936164640328464,0.518389568230342,0.9980343982230785,0.008101708122104834
test/000085.mp4,000085,vgg19,jpeg_95,fake,True,34,43,fake,0.7575757575757576,0.7380952380952381,0.5348837209302325,0.7733633027357214,0.5543126311833905,0.9980343982230785,0.008101708122104834
test/000085.mp4,000085,vgg19,h264_18_keepaudio,fake,True,34,43,fake,0.7575757575757576,0.7380952380952381,0.46511627906976744,0.779028413050315,0.532676173681253,0.9980343982230785,0.008101708122104834
test/000085.mp4,000085,vgg19,h264_23_keepaudio,fake,True,34,43,fake,0.696969696969697,0.7380952380952381,0.4883720930232558,0.768394864657346,0.5882524025679928,0.9980343982230785,0.008101708122104834
test/000085.mp4,000085,vgg19,h264_28_keepaudio,fake,True,34,43,fake,0.7272727272727273,0.7380952380952381,0.46511627906976744,0.751502513885498,0.5963348410301588,0.9980343982230785,0.008101708122104834
test/000085.mp4,000085,vgg19,h264_33_keepaudio,fake,True,35,43,fake,0.8235294117647058,0.7380952380952381,0.4883720930232558,0.80545078090259,0.4937070942869065,0.9980343982230785,0.008101708122104834
test/000085.mp4,000085,vgg19,h264_38_keepaudio,fake,True,35,43,fake,0.6470588235294118,0.7380952380952381,0.4186046511627907,0.7481599066938672,0.6076754289329293,0.9980343982230785,0.008101708122104834
test/000085.mp4,000085,vgg19,h264_43_keepaudio,fake,True,34,43,fake,0.696969696969697,0.7380952380952381,0.46511627906976744,0.7436325628967846,0.5960003756947193,0.9980343982230785,0.008101708122104834
test/000086.mp4,000086,vgg19,clean,fake,True,33,42,fake,0.875,0.7804878048780488,0.4523809523809524,0.771085211724946,0.5462076177633266,0.9979875981807709,0.008294605929268747
test/000086.mp4,000086,vgg19,jpeg_10,fake,True,34,42,fake,0.9090909090909091,0.7804878048780488,0.4523809523809524,0.8101151383974973,0.4701059380148212,0.9979875981807709,0.008294605929268747
test/000086.mp4,000086,vgg19,jpeg_20,fake,True,34,42,fake,0.7272727272727273,0.7804878048780488,0.42857142857142855,0.7736973131404203,0.5256759520784609,0.9979875981807709,0.008294605929268747
test/000086.mp4,000086,vgg19,jpeg_30,fake,True,33,42,fake,0.9375,0.7804878048780488,0.40476190476190477,0.7608648421186389,0.5574732423140992,0.9979875981807709,0.008294605929268747
test/000086.mp4,000086,vgg19,jpeg_40,fake,True,33,42,fake,0.875,0.7804878048780488,0.42857142857142855,0.7729454410798622,0.5425914486098886,0.9979875981807709,0.008294605929268747
test/000086.mp4,000086,vgg19,jpeg_50,fake,True,33,42,fake,0.875,0.7804878048780488,0.42857142857142855,0.7800422753348495,0.54776425092779,0.9979875981807709,0.008294605929268747
test/000086.mp4,000086,vgg19,jpeg_60,fake,True,33,42,fake,0.875,0.7804878048780488,0.42857142857142855,0.7874834862622347,0.53193701789685,0.9979875981807709,0.008294605929268747
test/000086.mp4,000086,vgg19,jpeg_70,fake,True,34,42,fake,0.8484848484848485,0.7804878048780488,0.47619047619047616,0.8097796711851569,0.49234044874157884,0.9979875981807709,0.008294605929268747
test/000086.mp4,000086,vgg19,jpeg_80,fake,True,33,42,fake,0.9375,0.7804878048780488,0.4523809523809524,0.7843673942667065,0.5425195778774619,0.9979875981807709,0.008294605929268747
test/000086.mp4,000086,vgg19,jpeg_90,fake,True,33,42,fake,0.875,0.7804878048780488,0.42857142857142855,0.791231811949701,0.5349328754676135,0.9979875981807709,0.008294605929268747
test/000086.mp4,000086,vgg19,jpeg_95,fake,True,33,42,fake,0.84375,0.7804878048780488,0.5,0.75124765977715,0.5706431919716968,0.9979875981807709,0.008294605929268747
test/000086.mp4,000086,vgg19,h264_18_keepaudio,fake,True,33,42,fake,0.90625,0.7804878048780488,0.42857142857142855,0.7893804239504265,0.5341240780110987,0.9979875981807709,0.008294605929268747
test/000086.mp4,000086,vgg19,h264_23_keepaudio,fake,True,33,42,fake,0.90625,0.7804878048780488,0.4523809523809524,0.7517208908543442,0.6134242013362284,0.9979875981807709,0.008294605929268747
test/000086.mp4,000086,vgg19,h264_28_keepaudio,fake,True,33,42,fake,0.84375,0.7804878048780488,0.42857142857142855,0.7505207260449728,0.5843698843952692,0.9979875981807709,0.008294605929268747
test/000086.mp4,000086,vgg19,h264_33_keepaudio,fake,True,34,42,fake,0.7575757575757576,0.7804878048780488,0.40476190476190477,0.7771099420154796,0.547913406318069,0.9979875981807709,0.008294605929268747
test/000086.mp4,000086,vgg19,h264_38_keepaudio,fake,True,34,42,fake,0.7878787878787878,0.7804878048780488,0.38095238095238093,0.7158360454966041,0.6914916559810447,0.9979875981807709,0.008294605929268747
test/000086.mp4,000086,vgg19,h264_43_keepaudio,fake,True,33,42,fake,0.6875,0.7804878048780488,0.40476190476190477,0.7596313104485021,0.5819548546478904,0.9979875981807709,0.008294605929268747
test/000087.mp4,000087,vgg19,clean,fake,True,34,43,fake,0.8484848484848485,0.7619047619047619,0.46511627906976744,0.8131513674469555,0.48779263491573926,0.99803386316743,0.008107960121160523
test/000087.mp4,000087,vgg19,jpeg_10,fake,True,35,43,fake,0.8529411764705882,0.7619047619047619,0.4883720930232558,0.8254826188087463,0.44547807891027724,0.99803386316743,0.008107960121160523
test/000087.mp4,000087,vgg19,jpeg_20,fake,True,35,43,fake,0.8529411764705882,0.7619047619047619,0.46511627906976744,0.7866374100957598,0.5033062757127708,0.99803386316743,0.008107960121160523
test/000087.mp4,000087,vgg19,jpeg_30,fake,True,34,43,fake,0.8484848484848485,0.7619047619047619,0.4418604651162791,0.7699203745407217,0.5447948023784892,0.99803386316743,0.008107960121160523
test/000087.mp4,000087,vgg19,jpeg_40,fake,True,34,43,fake,0.8181818181818182,0.7619047619047619,0.4418604651162791,0.7848511460949393,0.5309304136515642,0.99803386316743,0.008107960121160523
test/000087.mp4,000087,vgg19,jpeg_50,fake,True,34,43,fake,0.8787878787878788,0.7619047619047619,0.4418604651162791,0.8236286841771182,0.4743264283005284,0.99803386316743,0.008107960121160523
test/000087.mp4,000087,vgg19,jpeg_60,fake,True,34,43,fake,0.9090909090909091,0.7619047619047619,0.5116279069767442,0.7868026275845135,0.5161500250723374,0.99803386316743,0.008107960121160523
test/000087.mp4,000087,vgg19,jpeg_70,fake,True,35,43,fake,0.7941176470588235,0.7619047619047619,0.5116279069767442,0.8047930104391915,0.5058846508582192,0.99803386316743,0.008107960121160523
test/000087.mp4,000087,vgg19,jpeg_80,fake,True,34,43,fake,0.9090909090909091,0.7619047619047619,0.46511627906976744,0.8046373786295161,0.5004374264320264,0.99803386316743,0.008107960121160523
test/000087.mp4,000087,vgg19,jpeg_90,fake,True,34,43,fake,0.9090909090909091,0.7619047619047619,0.4418604651162791,0.7957719047279919,0.5319899389598685,0.99803386316743,0.008107960121160523
test/000087.mp4,000087,vgg19,jpeg_95,fake,True,34,43,fake,0.7878787878787878,0.7619047619047619,0.5348837209302325,0.7912186182597104,0.522913676798133,0.99803386316743,0.008107960121160523
test/000087.mp4,000087,vgg19,h264_18_keepaudio,fake,True,34,43,fake,0.9090909090909091,0.7619047619047619,0.46511627906976744,0.7809930925860125,0.5297170465071253,0.99803386316743,0.008107960121160523
test/000087.mp4,000087,vgg19,h264_23_keepaudio,fake,True,34,43,fake,0.8484848484848485,0.7619047619047619,0.4883720930232558,0.7623005036045524,0.5835940199322314,0.99803386316743,0.008107960121160523
test/000087.mp4,000087,vgg19,h264_28_keepaudio,fake,True,34,43,fake,0.9090909090909091,0.7619047619047619,0.5116279069767442,0.7639427605797263,0.583496871529829,0.99803386316743,0.008107960121160523
test/000087.mp4,000087,vgg19,h264_33_keepaudio,fake,True,35,43,fake,0.7647058823529411,0.7619047619047619,0.4418604651162791,0.8012750991753169,0.5083890966898068,0.99803386316743,0.008107960121160523
test/000087.mp4,000087,vgg19,h264_38_keepaudio,fake,True,35,43,fake,0.7058823529411765,0.7619047619047619,0.46511627906976744,0.7459951477391379,0.6316879192145819,0.99803386316743,0.008107960121160523
test/000087.mp4,000087,vgg19,h264_43_keepaudio,fake,True,34,43,fake,0.7575757575757576,0.7619047619047619,0.4418604651162791,0.7327924134100184,0.6219606554782402,0.99803386316743,0.008107960121160523
test/000088.mp4,000088,vgg19,clean,real,True,17,22,fake,1.0,0.5714285714285714,0.5454545454545454,0.8372477398199194,0.46571563505177155,0.9828693785450675,0.046711062378416913
test/000088.mp4,000088,vgg19,jpeg_10,real,True,16,22,fake,1.0,0.5714285714285714,0.5454545454545454,0.9010113514959812,0.2865237278303039,0.9828693785450675,0.046711062378416913
test/000088.mp4,000088,vgg19,jpeg_20,real,True,15,22,fake,0.9285714285714286,0.5714285714285714,0.5909090909090909,0.857305399576823,0.41623948205635586,0.9828693785450675,0.046711062378416913
test/000088.mp4,000088,vgg19,jpeg_30,real,True,17,22,fake,1.0,0.5714285714285714,0.5454545454545454,0.8278631182277904,0.429375555321282,0.9828693785450675,0.046711062378416913
test/000088.mp4,000088,vgg19,jpeg_40,real,True,16,22,fake,1.0,0.5714285714285714,0.5454545454545454,0.8508261330425739,0.4024977847846217,0.9828693785450675,0.046711062378416913
test/000088.mp4,000088,vgg19,jpeg_50,real,True,16,22,fake,1.0,0.5714285714285714,0.5454545454545454,0.8185791932046413,0.4804607085074504,0.9828693785450675,0.046711062378416913
test/000088.mp4,000088,vgg19,jpeg_60,real,True,16,22,fake,1.0,0.5714285714285714,0.5454545454545454,0.8482290059328079,0.41463875207491696,0.9828693785450675,0.046711062378416913
test/000088.mp4,000088,vgg19,jpeg_70,real,True,16,22,fake,1.0,0.5714285714285714,0.5454545454545454,0.8590888269245625,0.4185220414119829,0.9828693785450675,0.046711062378416913
test/000088.mp4,000088,vgg19,jpeg_80,real,True,17,22,fake,1.0,0.5714285714285714,0.5454545454545454,0.8356135277187123,0.4581008189781578,0.9828693785450675,0.046711062378416913
test/000088.mp4,000088,vgg19,jpeg_90,real,True,17,22,fake,1.0,0.5714285714285714,0.5454545454545454,0.8437182798105127,0.441757862901783,0.9828693785450675,0.046711062378416913
test/000088.mp4,000088,vgg19,jpeg_95,real,True,17,22,fake,1.0,0.5714285714285714,0.5454545454545454,0.8051599755006678,0.4926576365101134,0.9828693785450675,0.046711062378416913
test/000088.mp4,000088,vgg19,h264_18_keepaudio,real,True,16,22,fake,0.9333333333333333,0.5714285714285714,0.5454545454545454,0.8477392569184303,0.4411866157666299,0.9828693785450675,0.046711062378416913
test/000088.mp4,000088,vgg19,h264_23_keepaudio,real,True,17,22,fake,1.0,0.5714285714285714,0.5454545454545454,0.8040311091086444,0.4786714875649377,0.9828693785450675,0.046711062378416913
test/000088.mp4,000088,vgg19,h264_28_keepaudio,real,True,17,22,fake,1.0,0.5714285714285714,0.5,0.8372740324805764,0.42333859446047595,0.9828693785450675,0.046711062378416913
test/000088.mp4,000088,vgg19,h264_33_keepaudio,real,True,17,22,fake,1.0,0.5714285714285714,0.5,0.8461096532204572,0.40005684313497863,0.9828693785450675,0.046711062378416913
test/000088.mp4,000088,vgg19,h264_38_keepaudio,real,True,15,22,fake,1.0,0.5714285714285714,0.5454545454545454,0.7725733955701192,0.529721331542212,0.9828693785450675,0.046711062378416913
test/000088.mp4,000088,vgg19,h264_43_keepaudio,real,True,15,22,fake,0.8571428571428571,0.5714285714285714,0.5454545454545454,0.7117665072282156,0.627084110352375,0.9828693785450675,0.046711062378416913
test/000089.mp4,000089,vgg19,clean,fake,True,19,25,fake,1.0,0.625,0.52,0.7877511429159265,0.5199146528173149,0.9982251405715943,0.008401376125267092
test/000089.mp4,000089,vgg19,jpeg_10,fake,True,18,25,fake,1.0,0.625,0.56,0.8691776245832443,0.34230809012016133,0.9982251405715943,0.008401376125267092
test/000089.mp4,000089,vgg19,jpeg_20,fake,True,19,25,fake,0.9444444444444444,0.625,0.56,0.8091878640024286,0.49245070630992444,0.9982251405715943,0.008401376125267092
test/000089.mp4,000089,vgg19,jpeg_30,fake,True,19,25,fake,0.9444444444444444,0.625,0.6,0.767089064183988,0.5527399950890954,0.9982251405715943,0.008401376125267092
test/000089.mp4,000089,vgg19,jpeg_40,fake,True,18,25,fake,1.0,0.625,0.52,0.8013397604227066,0.5323444487497198,0.9982251405715943,0.008401376125267092
test/000089.mp4,000089,vgg19,jpeg_50,fake,True,19,25,fake,0.8333333333333334,0.625,0.52,0.7614770515968925,0.542829449626021,0.9982251405715943,0.008401376125267092
test/000089.mp4,000089,vgg19,jpeg_60,fake,True,18,25,fake,0.8823529411764706,0.625,0.52,0.7414495994647344,0.5887585700580363,0.9982251405715943,0.008401376125267092
test/000089.mp4,000089,vgg19,jpeg_70,fake,True,18,25,fake,0.9411764705882353,0.625,0.52,0.8023968703216977,0.5264172087107334,0.9982251405715943,0.008401376125267092
test/000089.mp4,000089,vgg19,jpeg_80,fake,True,19,25,fake,0.9444444444444444,0.625,0.56,0.7761664374878532,0.5415959047608283,0.9982251405715943,0.008401376125267092
test/000089.mp4,000089,vgg19,jpeg_90,fake,True,17,25,fake,0.9375,0.625,0.52,0.7745939826264101,0.5576034602104699,0.9982251405715943,0.008401376125267092
test/000089.mp4,000089,vgg19,jpeg_95,fake,True,19,25,fake,0.7777777777777778,0.625,0.52,0.7626623244662034,0.570721818618364,0.9982251405715943,0.008401376125267092
test/000089.mp4,000089,vgg19,h264_18_keepaudio,fake,True,18,25,fake,0.9411764705882353,0.625,0.52,0.7731246882014804,0.5617867051119273,0.9982251405715943,0.008401376125267092
test/000089.mp4,000089,vgg19,h264_23_keepaudio,fake,True,18,25,fake,0.9411764705882353,0.625,0.56,0.8029270536369748,0.5105714041692373,0.9982251405715943,0.008401376125267092
test/000089.mp4,000089,vgg19,h264_28_keepaudio,fake,True,17,25,fake,1.0,0.625,0.56,0.7931916257914375,0.5029640721292946,0.9982251405715943,0.008401376125267092
test/000089.mp4,000089,vgg19,h264_33_keepaudio,fake,True,17,25,fake,0.8125,0.625,0.6,0.8146156686193803,0.4804011175970036,0.9982251405715943,0.008401376125267092
test/000089.mp4,000089,vgg19,h264_38_keepaudio,fake,True,17,25,fake,0.75,0.625,0.52,0.7721314956160152,0.5144570491519818,0.9982251405715943,0.008401376125267092
test/000089.mp4,000089,vgg19,h264_43_keepaudio,fake,True,19,25,fake,0.3333333333333333,0.625,0.72,0.8124281795401322,0.4426569440565953,0.9982251405715943,0.008401376125267092
test/000090.mp4,000090,vgg19,clean,fake,True,16,23,fake,1.0,0.6363636363636364,0.4782608695652174,0.7765186820179224,0.5161988608881904,0.9931175708770752,0.01922380654577926
test/000090.mp4,000090,vgg19,jpeg_10,fake,True,15,23,fake,0.9285714285714286,0.6363636363636364,0.5652173913043478,0.8683372259140014,0.3111815315263821,0.9931175708770752,0.01922380654577926
test/000090.mp4,000090,vgg19,jpeg_20,fake,True,15,23,fake,1.0,0.6363636363636364,0.5217391304347826,0.8361827532450358,0.4331839272351569,0.9931175708770752,0.01922380654577926
test/000090.mp4,000090,vgg19,jpeg_30,fake,True,16,23,fake,1.0,0.6363636363636364,0.5217391304347826,0.8086692746728659,0.45557364328203237,0.9931175708770752,0.01922380654577926
test/000090.mp4,000090,vgg19,jpeg_40,fake,True,15,23,fake,1.0,0.6363636363636364,0.5652173913043478,0.7973741213480632,0.5129827923397482,0.9931175708770752,0.01922380654577926
test/000090.mp4,000090,vgg19,jpeg_50,fake,True,15,23,fake,1.0,0.6363636363636364,0.5217391304347826,0.8101916253566742,0.4760753538665198,0.9931175708770752,0.01922380654577926
test/000090.mp4,000090,vgg19,jpeg_60,fake,True,15,23,fake,1.0,0.6363636363636364,0.5217391304347826,0.8020767331123352,0.4874947159611155,0.9931175708770752,0.01922380654577926
test/000090.mp4,000090,vgg19,jpeg_70,fake,True,15,23,fake,1.0,0.6363636363636364,0.5217391304347826,0.7966266353925069,0.493235900247866,0.9931175708770752,0.01922380654577926
test/000090.mp4,000090,vgg19,jpeg_80,fake,True,15,23,fake,1.0,0.6363636363636364,0.4782608695652174,0.774571035305659,0.5266744773911609,0.9931175708770752,0.01922380654577926
test/000090.mp4,000090,vgg19,jpeg_90,fake,True,16,23,fake,0.9333333333333333,0.6363636363636364,0.4782608695652174,0.7643402982503176,0.5325437848600177,0.9931175708770752,0.01922380654577926
test/000090.mp4,000090,vgg19,jpeg_95,fake,True,15,23,fake,1.0,0.6363636363636364,0.5217391304347826,0.7736622949441274,0.5185710466694397,0.9931175708770752,0.01922380654577926
test/000090.mp4,000090,vgg19,h264_18_keepaudio,fake,True,15,23,fake,1.0,0.6363636363636364,0.5652173913043478,0.780618566274643,0.5272950322314099,0.9931175708770752,0.01922380654577926
test/000090.mp4,000090,vgg19,h264_23_keepaudio,fake,True,15,23,fake,0.9285714285714286,0.6363636363636364,0.5652173913043478,0.8077944397926331,0.48186137136838353,0.9931175708770752,0.01922380654577926
test/000090.mp4,000090,vgg19,h264_28_keepaudio,fake,True,16,23,fake,1.0,0.6363636363636364,0.4782608695652174,0.8085785191506147,0.4474835646521526,0.9931175708770752,0.01922380654577926
test/000090.mp4,000090,vgg19,h264_33_keepaudio,fake,True,16,23,fake,0.8,0.6363636363636364,0.4782608695652174,0.8413138724863529,0.37570205516944566,0.9931175708770752,0.01922380654577926
test/000090.mp4,000090,vgg19,h264_38_keepaudio,fake,True,16,23,fake,0.9333333333333333,0.6363636363636364,0.4782608695652174,0.797382265329361,0.45847434005408116,0.9931175708770752,0.01922380654577926
test/000090.mp4,000090,vgg19,h264_43_keepaudio,fake,True,13,23,fake,0.5833333333333334,0.6363636363636364,0.4782608695652174,0.8283295791882735,0.4444622058134126,0.9931175708770752,0.01922380654577926
test/000091.mp4,000091,vgg19,clean,fake,True,17,25,fake,1.0,0.625,0.52,0.7763719541185042,0.5439615970697471,0.9982251405715943,0.008401376125267092
test/000091.mp4,000091,vgg19,jpeg_10,fake,True,18,25,fake,0.9411764705882353,0.625,0.6,0.8806054260995653,0.31018634264561384,0.9982251405715943,0.008401376125267092
test/000091.mp4,000091,vgg19,jpeg_20,fake,True,17,25,fake,1.0,0.625,0.52,0.8463331425891203,0.41574362318785385,0.9982251405715943,0.008401376125267092
test/000091.mp4,000091,vgg19,jpeg_30,fake,True,18,25,fake,1.0,0.625,0.52,0.7845855951309204,0.5369679949507119,0.9982251405715943,0.008401376125267092
test/000091.mp4,000091,vgg19,jpeg_40,fake,True,18,25,fake,1.0,0.625,0.52,0.8003102276060317,0.5173229036442092,0.9982251405715943,0.008401376125267092
test/000091.mp4,000091,vgg19,jpeg_50,fake,True,18,25,fake,1.0,0.625,0.56,0.748249320520295,0.5754739400004552,0.9982251405715943,0.008401376125267092
test/000091.mp4,000091,vgg19,jpeg_60,fake,True,18,25,fake,1.0,0.625,0.52,0.7351497643523746,0.5956714275842653,0.9982251405715943,0.008401376125267092
test/000091.mp4,000091,vgg19,jpeg_70,fake,True,18,25,fake,1.0,0.625,0.52,0.7900101161665387,0.5187854279656343,0.9982251405715943,0.008401376125267092
test/000091.mp4,000091,vgg19,jpeg_80,fake,True,18,25,fake,1.0,0.625,0.52,0.7812250736686919,0.5318258533650987,0.9982251405715943,0.008401376125267092
test/000091.mp4,000091,vgg19,jpeg_90,fake,True,17,25,fake,1.0,0.625,0.52,0.7734541209305034,0.5451964466264534,0.9982251405715943,0.008401376125267092
test/000091.mp4,000091,vgg19,jpeg_95,fake,True,17,25,fake,1.0,0.625,0.52,0.7433062388616449,0.5944154176630603,0.9982251405715943,0.008401376125267092
test/000091.mp4,000091,vgg19,h264_18_keepaudio,fake,True,18,25,fake,1.0,0.625,0.52,0.7808187041017745,0.5346734776091915,0.9982251405715943,0.008401376125267092
test/000091.mp4,000091,vgg19,h264_23_keepaudio,fake,True,18,25,fake,0.9411764705882353,0.625,0.52,0.7719567269086838,0.5234334373333827,0.9982251405715943,0.008401376125267092
test/000091.mp4,000091,vgg19,h264_28_keepaudio,fake,True,17,25,fake,1.0,0.625,0.52,0.8050533813588759,0.4478890579937589,0.9982251405715943,0.008401376125267092
test/000091.mp4,000091,vgg19,h264_33_keepaudio,fake,True,18,25,fake,1.0,0.625,0.52,0.7996164643102222,0.4889295280053603,0.9982251405715943,0.008401376125267092
test/000091.mp4,000091,vgg19,h264_38_keepaudio,fake,True,16,25,fake,1.0,0.625,0.56,0.7391029726713896,0.5926303071160474,0.9982251405715943,0.008401376125267092
test/000091.mp4,000091,vgg19,h264_43_keepaudio,fake,True,20,25,fake,0.631578947368421,0.625,0.76,0.7672821968793869,0.519685541466485,0.9982251405715943,0.008401376125267092
test/000092.mp4,000092,vgg19,clean,real,True,13,15,fake,0.4166666666666667,0.7857142857142857,0.7333333333333333,0.8632540954993322,0.4117025867991636,1.0,8.891679084081979e-10
test/000092.mp4,000092,vgg19,jpeg_10,real,True,13,15,fake,0.75,0.7857142857142857,0.8,0.8430822583345267,0.41940852811854007,1.0,8.891679084081979e-10
test/000092.mp4,000092,vgg19,jpeg_20,real,True,13,15,fake,0.5,0.7857142857142857,0.7333333333333333,0.8764433814929082,0.3713640973301686,1.0,8.891679084081979e-10
test/000092.mp4,000092,vgg19,jpeg_30,real,True,13,15,fake,0.5833333333333334,0.7857142857142857,0.7333333333333333,0.9246412538565122,0.24333264512529118,1.0,8.891679084081979e-10
test/000092.mp4,000092,vgg19,jpeg_40,real,True,13,15,fake,0.6666666666666666,0.7857142857142857,0.8,0.8718951711287866,0.3534176446816228,1.0,8.891679084081979e-10
test/000092.mp4,000092,vgg19,jpeg_50,real,True,13,15,fake,0.5833333333333334,0.7857142857142857,0.6666666666666666,0.8750940652994009,0.364470669044382,1.0,8.891679084081979e-10
test/000092.mp4,000092,vgg19,jpeg_60,real,True,13,15,fake,0.5,0.7857142857142857,0.7333333333333333,0.9205727623059199,0.27155214899988184,1.0,8.891679084081979e-10
test/000092.mp4,000092,vgg19,jpeg_70,real,True,13,15,fake,0.4166666666666667,0.7857142857142857,0.8,0.861830860376358,0.3803374333974751,1.0,8.891679084081979e-10
test/000092.mp4,000092,vgg19,jpeg_80,real,True,13,15,fake,0.4166666666666667,0.7857142857142857,0.8,0.8727636772852677,0.3786795120405827,1.0,8.891679084081979e-10
test/000092.mp4,000092,vgg19,jpeg_90,real,True,13,15,fake,0.5,0.7857142857142857,0.6666666666666666,0.87086860033182,0.40496648032401894,1.0,8.891679084081979e-10
test/000092.mp4,000092,vgg19,jpeg_95,real,True,13,15,fake,0.5,0.7857142857142857,0.7333333333333333,0.9062903156647315,0.3270439945425967,1.0,8.891679084081979e-10
test/000092.mp4,000092,vgg19,h264_18_keepaudio,real,True,13,15,fake,0.5,0.7857142857142857,0.7333333333333333,0.8840020253108098,0.33885746418678825,1.0,8.891679084081979e-10
test/000092.mp4,000092,vgg19,h264_23_keepaudio,real,True,13,15,fake,0.5833333333333334,0.7857142857142857,0.7333333333333333,0.8696629955218389,0.3840422132061768,1.0,8.891679084081979e-10
test/000092.mp4,000092,vgg19,h264_28_keepaudio,real,True,13,15,fake,0.6666666666666666,0.7857142857142857,0.8,0.8954991606565622,0.3013510634347109,1.0,8.891679084081979e-10
test/000092.mp4,000092,vgg19,h264_33_keepaudio,real,True,13,15,fake,0.75,0.7857142857142857,0.7333333333333333,0.8366916294281299,0.42670672263013315,1.0,8.891679084081979e-10
test/000092.mp4,000092,vgg19,h264_38_keepaudio,real,True,13,15,fake,0.6666666666666666,0.7857142857142857,0.4,0.7733568411607009,0.5741287032694619,1.0,8.891679084081979e-10
test/000092.mp4,000092,vgg19,h264_43_keepaudio,real,True,13,15,fake,0.6666666666666666,0.7857142857142857,0.4666666666666667,0.8561723530292511,0.3675952566732899,1.0,8.891679084081979e-10
test/000093.mp4,000093,vgg19,clean,fake,True,13,15,fake,0.5833333333333334,0.9285714285714286,0.8666666666666667,0.9086570143699646,0.27342939001129335,0.9705491423606872,0.046567267007997834
test/000093.mp4,000093,vgg19,jpeg_10,fake,True,13,15,fake,0.5,0.9285714285714286,0.6666666666666666,0.885046314734679,0.3089114232410018,0.9705491423606872,0.046567267007997834
test/000093.mp4,000093,vgg19,jpeg_20,fake,True,13,15,fake,0.75,0.9285714285714286,0.6666666666666666,0.8536951289727137,0.38450033400239847,0.9705491423606872,0.046567267007997834
test/000093.mp4,000093,vgg19,jpeg_30,fake,True,13,15,fake,0.8333333333333334,0.9285714285714286,0.8,0.8674804935088525,0.31969507882992276,0.9705491423606872,0.046567267007997834
test/000093.mp4,000093,vgg19,jpeg_40,fake,True,13,15,fake,0.5,0.9285714285714286,0.7333333333333333,0.8482265059764569,0.3597691914101819,0.9705491423606872,0.046567267007997834
test/000093.mp4,000093,vgg19,jpeg_50,fake,True,13,15,fake,0.5833333333333334,0.9285714285714286,0.8666666666666667,0.8890171142724844,0.28189185466164035,0.9705491423606872,0.046567267007997834
test/000093.mp4,000093,vgg19,jpeg_60,fake,True,13,15,fake,0.6666666666666666,0.9285714285714286,0.8666666666666667,0.9415822808559124,0.19947202865648317,0.9705491423606872,0.046567267007997834
test/000093.mp4,000093,vgg19,jpeg_70,fake,True,13,15,fake,0.6666666666666666,0.9285714285714286,0.8666666666666667,0.9299432589457586,0.19551999577624984,0.9705491423606872,0.046567267007997834
test/000093.mp4,000093,vgg19,jpeg_80,fake,True,13,15,fake,0.75,0.9285714285714286,0.8,0.8997750534461095,0.2921827920681867,0.9705491423606872,0.046567267007997834
test/000093.mp4,000093,vgg19,jpeg_90,fake,True,13,15,fake,0.75,0.9285714285714286,0.8,0.9216593916599567,0.256926630939488,0.9705491423606872,0.046567267007997834
test/000093.mp4,000093,vgg19,jpeg_95,fake,True,13,15,fake,0.75,0.9285714285714286,0.8,0.9165631395119888,0.2723316877374842,0.9705491423606872,0.046567267007997834
test/000093.mp4,000093,vgg19,h264_18_keepaudio,fake,True,13,15,fake,0.6666666666666666,0.9285714285714286,0.8,0.885101134960468,0.30365510643457083,0.9705491423606872,0.046567267007997834
test/000093.mp4,000093,vgg19,h264_23_keepaudio,fake,True,13,15,fake,0.75,0.9285714285714286,0.8,0.9297657563136175,0.23115359999349755,0.9705491423606872,0.046567267007997834
test/000093.mp4,000093,vgg19,h264_28_keepaudio,fake,True,13,15,fake,0.8333333333333334,0.9285714285714286,0.8,0.9178575231478765,0.251273717850166,0.9705491423606872,0.046567267007997834
test/000093.mp4,000093,vgg19,h264_33_keepaudio,fake,True,13,15,fake,0.5833333333333334,0.9285714285714286,0.7333333333333333,0.8469397402726687,0.3738145412321297,0.9705491423606872,0.046567267007997834
test/000093.mp4,000093,vgg19,h264_38_keepaudio,fake,True,13,15,fake,0.5,0.9285714285714286,0.6,0.7093662527891306,0.6592420810116191,0.9705491423606872,0.046567267007997834
test/000093.mp4,000093,vgg19,h264_43_keepaudio,fake,True,13,15,fake,0.3333333333333333,0.9285714285714286,0.6666666666666666,0.8300234790031726,0.4417990106444784,0.9705491423606872,0.046567267007997834
test/000094.mp4,000094,vgg19,clean,fake,True,13,15,fake,0.6666666666666666,0.7857142857142857,0.8,0.9235610457567068,0.22769261535262536,0.999876328309377,0.0009236520052409428
test/000094.mp4,000094,vgg19,jpeg_10,fake,True,13,15,fake,0.5833333333333334,0.7857142857142857,0.7333333333333333,0.8023230502238641,0.47822803016538906,0.999876328309377,0.0009236520052409428
test/000094.mp4,000094,vgg19,jpeg_20,fake,True,13,15,fake,0.6666666666666666,0.7857142857142857,0.6666666666666666,0.934638513968541,0.21122093701482625,0.999876328309377,0.0009236520052409428
test/000094.mp4,000094,vgg19,jpeg_30,fake,True,13,15,fake,0.75,0.7857142857142857,0.8,0.900013648546659,0.24308533142455024,0.999876328309377,0.0009236520052409428
test/000094.mp4,000094,vgg19,jpeg_40,fake,True,13,15,fake,0.5833333333333334,0.7857142857142857,0.8,0.9282240271568298,0.235592805840664,0.999876328309377,0.0009236520052409428
test/000094.mp4,000094,vgg19,jpeg_50,fake,True,13,15,fake,0.75,0.7857142857142857,0.8,0.9057183747108166,0.2568839819136295,0.999876328309377,0.0009236520052409428
test/000094.mp4,000094,vgg19,jpeg_60,fake,True,13,15,fake,0.5833333333333334,0.7857142857142857,0.8,0.8966009250053992,0.26639241039714584,0.999876328309377,0.0009236520052409428
test/000094.mp4,000094,vgg19,jpeg_70,fake,True,13,15,fake,0.75,0.7857142857142857,0.8,0.9081293252798227,0.22952392775116398,0.999876328309377,0.0009236520052409428
test/000094.mp4,000094,vgg19,jpeg_80,fake,True,13,15,fake,0.75,0.7857142857142857,0.8,0.9088258880835313,0.2604644991844331,0.999876328309377,0.0009236520052409428
test/000094.mp4,000094,vgg19,jpeg_90,fake,True,13,15,fake,0.6666666666666666,0.7857142857142857,0.8,0.8943321979962863,0.2595213260754328,0.999876328309377,0.0009236520052409428
test/000094.mp4,000094,vgg19,jpeg_95,fake,True,13,15,fake,0.6666666666666666,0.7857142857142857,0.7333333333333333,0.8822165108644046,0.332653320168668,0.999876328309377,0.0009236520052409428
test/000094.mp4,000094,vgg19,h264_18_keepaudio,fake,True,13,15,fake,0.75,0.7857142857142857,0.7333333333333333,0.9123243872935956,0.24684541626986525,0.999876328309377,0.0009236520052409428
test/000094.mp4,000094,vgg19,h264_23_keepaudio,fake,True,13,15,fake,0.75,0.7857142857142857,0.8,0.8902954642589276,0.29141220361240516,0.999876328309377,0.0009236520052409428
test/000094.mp4,000094,vgg19,h264_28_keepaudio,fake,True,13,15,fake,0.75,0.7857142857142857,0.8,0.9033361604580512,0.2759655902263528,0.999876328309377,0.0009236520052409428
test/000094.mp4,000094,vgg19,h264_33_keepaudio,fake,True,13,15,fake,0.75,0.7857142857142857,0.7333333333333333,0.8102174401283264,0.49749140203132713,0.999876328309377,0.0009236520052409428
test/000094.mp4,000094,vgg19,h264_38_keepaudio,fake,True,13,15,fake,0.5833333333333334,0.7857142857142857,0.5333333333333333,0.8054029093338892,0.5477920640524627,0.999876328309377,0.0009236520052409428
test/000094.mp4,000094,vgg19,h264_43_keepaudio,fake,True,13,15,fake,0.5,0.7857142857142857,0.6,0.9174595887844379,0.2769407130158223,0.999876328309377,0.0009236520052409428
test/000095.mp4,000095,vgg19,clean,fake,True,13,15,fake,0.5833333333333334,0.9285714285714286,0.6666666666666666,0.8317011571847476,0.3933592958684689,0.9705491423606872,0.046567267007997834
test/000095.mp4,000095,vgg19,jpeg_10,fake,True,13,15,fake,0.5833333333333334,0.9285714285714286,0.8,0.8625792723435622,0.3617257159854743,0.9705491423606872,0.046567267007997834
test/000095.mp4,000095,vgg19,jpeg_20,fake,True,13,15,fake,0.6666666666666666,0.9285714285714286,0.7333333333333333,0.842466088441702,0.4246827158487597,0.9705491423606872,0.046567267007997834
test/000095.mp4,000095,vgg19,jpeg_30,fake,True,13,15,fake,0.75,0.9285714285714286,0.6,0.8371016497795398,0.3677872375356645,0.9705491423606872,0.046567267007997834
test/000095.mp4,000095,vgg19,jpeg_40,fake,True,13,15,fake,0.6666666666666666,0.9285714285714286,0.8,0.8751751505411588,0.3339574496986233,0.9705491423606872,0.046567267007997834
test/000095.mp4,000095,vgg19,jpeg_50,fake,True,13,15,fake,0.75,0.9285714285714286,0.6666666666666666,0.8623512158027062,0.33398316401901124,0.9705491423606872,0.046567267007997834
test/000095.mp4,000095,vgg19,jpeg_60,fake,True,13,15,fake,0.5833333333333334,0.9285714285714286,0.8,0.8672545964901264,0.3509194395068972,0.9705491423606872,0.046567267007997834
test/000095.mp4,000095,vgg19,jpeg_70,fake,True,13,15,fake,0.5833333333333334,0.9285714285714286,0.8,0.8411219051251044,0.36080852219693677,0.9705491423606872,0.046567267007997834
test/000095.mp4,000095,vgg19,jpeg_80,fake,True,13,15,fake,0.75,0.9285714285714286,0.6666666666666666,0.8620480665793786,0.3709769521583834,0.9705491423606872,0.046567267007997834
test/000095.mp4,000095,vgg19,jpeg_90,fake,True,13,15,fake,0.8333333333333334,0.9285714285714286,0.6666666666666666,0.8823353235538189,0.33921957661758917,0.9705491423606872,0.046567267007997834
test/000095.mp4,000095,vgg19,jpeg_95,fake,True,13,15,fake,0.8333333333333334,0.9285714285714286,0.6666666666666666,0.8575995014264033,0.3635177192126458,0.9705491423606872,0.046567267007997834
test/000095.mp4,000095,vgg19,h264_18_keepaudio,fake,True,13,15,fake,0.5,0.9285714285714286,0.8,0.8768864549123324,0.3286520074858653,0.9705491423606872,0.046567267007997834
test/000095.mp4,000095,vgg19,h264_23_keepaudio,fake,True,13,15,fake,0.5833333333333334,0.9285714285714286,0.8,0.8628731324122503,0.3349539955507981,0.9705491423606872,0.046567267007997834
test/000095.mp4,000095,vgg19,h264_28_keepaudio,fake,True,13,15,fake,0.75,0.9285714285714286,0.8,0.8815097762988164,0.3212611389914998,0.9705491423606872,0.046567267007997834
test/000095.mp4,000095,vgg19,h264_33_keepaudio,fake,True,13,15,fake,0.6666666666666666,0.9285714285714286,0.7333333333333333,0.8836368780869704,0.3439989014704782,0.9705491423606872,0.046567267007997834
test/000095.mp4,000095,vgg19,h264_38_keepaudio,fake,True,13,15,fake,0.9166666666666666,0.9285714285714286,0.5333333333333333,0.8480801994983966,0.38505931316759234,0.9705491423606872,0.046567267007997834
test/000095.mp4,000095,vgg19,h264_43_keepaudio,fake,True,13,15,fake,0.75,0.9285714285714286,0.6,0.7978962063789368,0.5454989443262448,0.9705491423606872,0.046567267007997834
test/000096.mp4,000096,vgg19,clean,real,True,15,17,fake,0.5714285714285714,0.75,0.8235294117647058,0.8054468433062235,0.4948371069526224,0.9995707273483276,0.0028379683818098916
test/000096.mp4,000096,vgg19,jpeg_10,real,True,15,17,fake,0.5714285714285714,0.75,0.6470588235294118,0.7789490858713786,0.5306189860820405,0.9995707273483276,0.0028379683818098916
test/000096.mp4,000096,vgg19,jpeg_20,real,True,15,17,fake,0.42857142857142855,0.75,0.5294117647058824,0.8541791141033173,0.42621523336442885,0.9995707273483276,0.0028379683818098916
test/000096.mp4,000096,vgg19,jpeg_30,real,True,15,17,fake,0.7142857142857143,0.75,0.6470588235294118,0.7689552088578542,0.5420202613370987,0.9995707273483276,0.0028379683818098916
test/000096.mp4,000096,vgg19,jpeg_40,real,True,15,17,fake,0.6428571428571429,0.75,0.7058823529411765,0.8780074119567871,0.3811080118191557,0.9995707273483276,0.0028379683818098916
test/000096.mp4,000096,vgg19,jpeg_50,real,True,15,17,fake,0.6428571428571429,0.75,0.8235294117647058,0.7934296349684398,0.5498002680250476,0.9995707273483276,0.0028379683818098916
test/000096.mp4,000096,vgg19,jpeg_60,real,True,15,17,fake,0.7142857142857143,0.75,0.7647058823529411,0.7593952377637228,0.5949882970079069,0.9995707273483276,0.0028379683818098916
test/000096.mp4,000096,vgg19,jpeg_70,real,True,15,17,fake,0.7142857142857143,0.75,0.7647058823529411,0.7861338714758556,0.552845696455697,0.9995707273483276,0.0028379683818098916
test/000096.mp4,000096,vgg19,jpeg_80,real,True,15,17,fake,0.5714285714285714,0.75,0.8235294117647058,0.7719085117181143,0.5654262734044732,0.9995707273483276,0.0028379683818098916
test/000096.mp4,000096,vgg19,jpeg_90,real,True,15,17,fake,0.7142857142857143,0.75,0.7647058823529411,0.8048682610193888,0.5188105836914993,0.9995707273483276,0.0028379683818098916
test/000096.mp4,000096,vgg19,jpeg_95,real,True,15,17,fake,0.7142857142857143,0.75,0.7647058823529411,0.8073045074939728,0.5055226397038043,0.9995707273483276,0.0028379683818098916
test/000096.mp4,000096,vgg19,h264_18_keepaudio,real,True,15,17,fake,0.5714285714285714,0.75,0.8235294117647058,0.7929734408855438,0.5155467742844623,0.9995707273483276,0.0028379683818098916
test/000096.mp4,000096,vgg19,h264_23_keepaudio,real,True,15,17,fake,0.7142857142857143,0.75,0.7647058823529411,0.7986563781897227,0.5038394030015036,0.9995707273483276,0.0028379683818098916
test/000096.mp4,000096,vgg19,h264_28_keepaudio,real,True,15,17,fake,0.8571428571428571,0.75,0.7058823529411765,0.8497076233228048,0.4215906192125579,0.9995707273483276,0.0028379683818098916
test/000096.mp4,000096,vgg19,h264_33_keepaudio,real,True,15,17,fake,0.8571428571428571,0.75,0.7058823529411765,0.7795790731906891,0.5263708952274297,0.9995707273483276,0.0028379683818098916
test/000096.mp4,000096,vgg19,h264_38_keepaudio,real,True,15,17,fake,0.6428571428571429,0.75,0.8823529411764706,0.8357056419054667,0.44343087849539686,0.9995707273483276,0.0028379683818098916
test/000096.mp4,000096,vgg19,h264_43_keepaudio,real,True,15,17,fake,0.07142857142857142,0.75,0.8823529411764706,0.9493407368659973,0.14379242976457657,0.9995707273483276,0.0028379683818098916
test/000097.mp4,000097,vgg19,clean,real,True,16,19,fake,0.6666666666666666,0.6111111111111112,0.5789473684210527,0.7970278263092041,0.5256867231748219,0.9982998245640805,0.007832902860103295
test/000097.mp4,000097,vgg19,jpeg_10,real,True,16,19,fake,0.9333333333333333,0.6111111111111112,0.7894736842105263,0.8019294198602438,0.44982454379621356,0.9982998245640805,0.007832902860103295
test/000097.mp4,000097,vgg19,jpeg_20,real,True,16,19,fake,0.8,0.6111111111111112,0.7368421052631579,0.8290624693036079,0.41044883207491434,0.9982998245640805,0.007832902860103295
test/000097.mp4,000097,vgg19,jpeg_30,real,True,16,19,fake,0.8,0.6111111111111112,0.631578947368421,0.7962757311761379,0.48640358983196463,0.9982998245640805,0.007832902860103295
test/000097.mp4,000097,vgg19,jpeg_40,real,True,16,19,fake,0.7333333333333333,0.6111111111111112,0.631578947368421,0.7955934219062328,0.47283526964602096,0.9982998245640805,0.007832902860103295
test/000097.mp4,000097,vgg19,jpeg_50,real,True,16,19,fake,0.7333333333333333,0.6111111111111112,0.7368421052631579,0.8210914600640535,0.43468763019595513,0.9982998245640805,0.007832902860103295
test/000097.mp4,000097,vgg19,jpeg_60,real,True,16,19,fake,0.8666666666666667,0.6111111111111112,0.7368421052631579,0.7987074702978134,0.48807400683786994,0.9982998245640805,0.007832902860103295
test/000097.mp4,000097,vgg19,jpeg_70,real,True,16,19,fake,0.6666666666666666,0.6111111111111112,0.631578947368421,0.7938525527715683,0.5062716384571223,0.9982998245640805,0.007832902860103295
test/000097.mp4,000097,vgg19,jpeg_80,real,True,16,19,fake,0.7333333333333333,0.6111111111111112,0.631578947368421,0.7934318855404854,0.4816636263615698,0.9982998245640805,0.007832902860103295
test/000097.mp4,000097,vgg19,jpeg_90,real,True,16,19,fake,0.6666666666666666,0.6111111111111112,0.631578947368421,0.8224161937832832,0.4813639556716633,0.9982998245640805,0.007832902860103295
test/000097.mp4,000097,vgg19,jpeg_95,real,True,16,19,fake,0.6666666666666666,0.6111111111111112,0.631578947368421,0.795467484742403,0.5114378758761584,0.9982998245640805,0.007832902860103295
test/000097.mp4,000097,vgg19,h264_18_keepaudio,real,True,16,19,fake,0.6666666666666666,0.6111111111111112,0.631578947368421,0.8082552310079336,0.4856865467355067,0.9982998245640805,0.007832902860103295
test/000097.mp4,000097,vgg19,h264_23_keepaudio,real,True,16,19,fake,0.8,0.6111111111111112,0.6842105263157895,0.7958310637623072,0.4778852369654416,0.9982998245640805,0.007832902860103295
test/000097.mp4,000097,vgg19,h264_28_keepaudio,real,True,16,19,fake,0.5333333333333333,0.6111111111111112,0.7368421052631579,0.773814432322979,0.5006268587412277,0.9982998245640805,0.007832902860103295
test/000097.mp4,000097,vgg19,h264_33_keepaudio,real,True,16,19,fake,0.26666666666666666,0.6111111111111112,0.7368421052631579,0.8732000663876534,0.37842829957394475,0.9982998245640805,0.007832902860103295
test/000097.mp4,000097,vgg19,h264_38_keepaudio,real,True,16,19,fake,0.26666666666666666,0.6111111111111112,0.7894736842105263,0.801633894443512,0.4663333603779512,0.9982998245640805,0.007832902860103295
test/000097.mp4,000097,vgg19,h264_43_keepaudio,real,True,16,19,fake,0.13333333333333333,0.6111111111111112,0.631578947368421,0.9193365275859833,0.23917528000189178,0.9982998245640805,0.007832902860103295
test/000098.mp4,000098,vgg19,clean,fake,True,18,21,fake,0.5882352941176471,0.55,0.7142857142857143,0.7964696635802587,0.46833100827092977,0.996539953209105,0.015732111854018755
test/000098.mp4,000098,vgg19,jpeg_10,fake,True,18,21,fake,0.7058823529411765,0.55,0.7142857142857143,0.7981503771411048,0.45258898452669716,0.996539953209105,0.015732111854018755
test/000098.mp4,000098,vgg19,jpeg_20,fake,True,18,21,fake,0.5882352941176471,0.55,0.7142857142857143,0.8367638687292734,0.40038583391020105,0.996539953209105,0.015732111854018755
test/000098.mp4,000098,vgg19,jpeg_30,fake,True,18,21,fake,0.5882352941176471,0.55,0.7142857142857143,0.8313833938704597,0.41707257755433663,0.996539953209105,0.015732111854018755
test/000098.mp4,000098,vgg19,jpeg_40,fake,True,18,21,fake,0.5294117647058824,0.55,0.7142857142857143,0.8340100646018982,0.43161972118169767,0.996539953209105,0.015732111854018755
test/000098.mp4,000098,vgg19,jpeg_50,fake,True,18,21,fake,0.5294117647058824,0.55,0.7142857142857143,0.8305849499172635,0.4433548838347472,0.996539953209105,0.015732111854018755
test/000098.mp4,000098,vgg19,jpeg_60,fake,True,18,21,fake,0.5294117647058824,0.55,0.7142857142857143,0.7922798527611626,0.46982113129678194,0.996539953209105,0.015732111854018755
test/000098.mp4,000098,vgg19,jpeg_70,fake,True,18,21,fake,0.4117647058823529,0.55,0.6190476190476191,0.8113381432162391,0.4781238275129436,0.996539953209105,0.015732111854018755
test/000098.mp4,000098,vgg19,jpeg_80,fake,True,18,21,fake,0.7058823529411765,0.55,0.7142857142857143,0.7900819612873925,0.4871506524967276,0.996539953209105,0.015732111854018755
test/000098.mp4,000098,vgg19,jpeg_90,fake,True,18,21,fake,0.5882352941176471,0.55,0.7142857142857143,0.7931778613064024,0.4807231020685339,0.996539953209105,0.015732111854018755
test/000098.mp4,000098,vgg19,jpeg_95,fake,True,18,21,fake,0.5294117647058824,0.55,0.7142857142857143,0.8484791252348158,0.4109509961323019,0.996539953209105,0.015732111854018755
test/000098.mp4,000098,vgg19,h264_18_keepaudio,fake,True,18,21,fake,0.5882352941176471,0.55,0.7142857142857143,0.8045086430178748,0.4653930058181057,0.996539953209105,0.015732111854018755
test/000098.mp4,000098,vgg19,h264_23_keepaudio,fake,True,18,21,fake,0.4117647058823529,0.55,0.7142857142857143,0.7930824094348483,0.5033714275181083,0.996539953209105,0.015732111854018755
test/000098.mp4,000098,vgg19,h264_28_keepaudio,fake,True,18,21,fake,0.35294117647058826,0.55,0.7142857142857143,0.8128705554538302,0.44364912557519964,0.996539953209105,0.015732111854018755
test/000098.mp4,000098,vgg19,h264_33_keepaudio,fake,True,18,21,fake,0.29411764705882354,0.55,0.7142857142857143,0.8487140337626139,0.388367236724288,0.996539953209105,0.015732111854018755
test/000098.mp4,000098,vgg19,h264_38_keepaudio,fake,True,18,21,fake,0.11764705882352941,0.55,0.7142857142857143,0.9330204062991672,0.1945676175759199,0.996539953209105,0.015732111854018755
test/000098.mp4,000098,vgg19,h264_43_keepaudio,fake,True,18,21,fake,0.5294117647058824,0.55,0.7142857142857143,0.8561535411410861,0.37174761752029567,0.996539953209105,0.015732111854018755
test/000099.mp4,000099,vgg19,clean,fake,True,16,19,fake,0.6,0.6111111111111112,0.7368421052631579,0.820815198123455,0.4155369863421361,0.977548715315367,0.03720259436821328
test/000099.mp4,000099,vgg19,jpeg_10,fake,True,16,19,fake,0.4666666666666667,0.6111111111111112,0.7368421052631579,0.7970334365963936,0.43809012800265135,0.977548715315367,0.03720259436821328
test/000099.mp4,000099,vgg19,jpeg_20,fake,True,16,19,fake,0.6666666666666666,0.6111111111111112,0.7368421052631579,0.8866942189633846,0.3352900377152339,0.977548715315367,0.03720259436821328
test/000099.mp4,000099,vgg19,jpeg_30,fake,True,16,19,fake,0.5333333333333333,0.6111111111111112,0.631578947368421,0.891637172549963,0.34458025606560005,0.977548715315367,0.03720259436821328
test/000099.mp4,000099,vgg19,jpeg_40,fake,True,16,19,fake,0.5333333333333333,0.6111111111111112,0.7368421052631579,0.8485032021999359,0.3796013725683185,0.977548715315367,0.03720259436821328
test/000099.mp4,000099,vgg19,jpeg_50,fake,True,16,19,fake,0.6,0.6111111111111112,0.7368421052631579,0.810894925147295,0.4462903975956127,0.977548715315367,0.03720259436821328
test/000099.mp4,000099,vgg19,jpeg_60,fake,True,16,19,fake,0.6,0.6111111111111112,0.7368421052631579,0.8411610219627619,0.40055736765762634,0.977548715315367,0.03720259436821328
test/000099.mp4,000099,vgg19,jpeg_70,fake,True,16,19,fake,0.6666666666666666,0.6111111111111112,0.7368421052631579,0.8507339395582676,0.3663900232692019,0.977548715315367,0.03720259436821328
test/000099.mp4,000099,vgg19,jpeg_80,fake,True,16,19,fake,0.6666666666666666,0.6111111111111112,0.7368421052631579,0.84579873457551,0.38590621622315086,0.977548715315367,0.03720259436821328
test/000099.mp4,000099,vgg19,jpeg_90,fake,True,16,19,fake,0.5333333333333333,0.6111111111111112,0.7368421052631579,0.8641805239021778,0.3457321277283646,0.977548715315367,0.03720259436821328
test/000099.mp4,000099,vgg19,jpeg_95,fake,True,16,19,fake,0.6666666666666666,0.6111111111111112,0.7368421052631579,0.8495432510972023,0.38600848138227767,0.977548715315367,0.03720259436821328
test/000099.mp4,000099,vgg19,h264_18_keepaudio,fake,True,16,19,fake,0.5333333333333333,0.6111111111111112,0.7368421052631579,0.8154439236968756,0.4299495943877366,0.977548715315367,0.03720259436821328
test/000099.mp4,000099,vgg19,h264_23_keepaudio,fake,True,16,19,fake,0.5333333333333333,0.6111111111111112,0.631578947368421,0.7965402044355869,0.5149135689243516,0.977548715315367,0.03720259436821328
test/000099.mp4,000099,vgg19,h264_28_keepaudio,fake,True,16,19,fake,0.6,0.6111111111111112,0.7368421052631579,0.7674025036394596,0.4963744719583305,0.977548715315367,0.03720259436821328
test/000099.mp4,000099,vgg19,h264_33_keepaudio,fake,True,16,19,fake,0.26666666666666666,0.6111111111111112,0.631578947368421,0.818883802741766,0.38352371999463075,0.977548715315367,0.03720259436821328
test/000099.mp4,000099,vgg19,h264_38_keepaudio,fake,True,16,19,fake,0.0,0.6111111111111112,0.631578947368421,0.9024991951882839,0.29437681747150335,0.977548715315367,0.03720259436821328
test/000099.mp4,000099,vgg19,h264_43_keepaudio,fake,True,16,19,fake,0.2,0.6111111111111112,0.6842105263157895,0.8785316646099091,0.34926399392443386,0.977548715315367,0.03720259436821328
test/000100.mp4,000100,vgg19,clean,fake,True,17,21,fake,0.75,0.7,0.6666666666666666,0.834724131752463,0.4343746204543221,0.9974502892721266,0.012390078713747294
test/000100.mp4,000100,vgg19,jpeg_10,fake,True,17,21,fake,0.6875,0.7,0.6666666666666666,0.7729414911831126,0.4846151057167172,0.9974502892721266,0.012390078713747294
test/000100.mp4,000100,vgg19,jpeg_20,fake,True,17,21,fake,0.8125,0.7,0.6666666666666666,0.8817426141570596,0.3194927531696107,0.9974502892721266,0.012390078713747294
test/000100.mp4,000100,vgg19,jpeg_30,fake,True,17,21,fake,0.75,0.7,0.6666666666666666,0.8362666508730721,0.4242914850330499,0.9974502892721266,0.012390078713747294
test/000100.mp4,000100,vgg19,jpeg_40,fake,True,17,21,fake,0.8125,0.7,0.7142857142857143,0.8275240168851965,0.42629336437923787,0.9974502892721266,0.012390078713747294
test/000100.mp4,000100,vgg19,jpeg_50,fake,True,17,21,fake,0.75,0.7,0.6666666666666666,0.8052941665929907,0.4577214491570484,0.9974502892721266,0.012390078713747294
test/000100.mp4,000100,vgg19,jpeg_60,fake,True,17,21,fake,0.6875,0.7,0.5714285714285714,0.8275437284918392,0.44392859374312504,0.9974502892721266,0.012390078713747294
test/000100.mp4,000100,vgg19,jpeg_70,fake,True,17,21,fake,0.75,0.7,0.6666666666666666,0.8307531581205481,0.4432930569240445,0.9974502892721266,0.012390078713747294
test/000100.mp4,000100,vgg19,jpeg_80,fake,True,17,21,fake,0.75,0.7,0.6666666666666666,0.8287972597514882,0.45151719868371726,0.9974502892721266,0.012390078713747294
test/000100.mp4,000100,vgg19,jpeg_90,fake,True,17,21,fake,0.75,0.7,0.6666666666666666,0.847242930356194,0.4124064887988846,0.9974502892721266,0.012390078713747294
test/000100.mp4,000100,vgg19,jpeg_95,fake,True,17,21,fake,0.75,0.7,0.6666666666666666,0.8536555696936214,0.3733905119081564,0.9974502892721266,0.012390078713747294
test/000100.mp4,000100,vgg19,h264_18_keepaudio,fake,True,17,21,fake,0.75,0.7,0.6666666666666666,0.8362799707581016,0.4202307811296856,0.9974502892721266,0.012390078713747294
test/000100.mp4,000100,vgg19,h264_23_keepaudio,fake,True,17,21,fake,0.75,0.7,0.7142857142857143,0.8282530798631556,0.43245235731664894,0.9974502892721266,0.012390078713747294
test/000100.mp4,000100,vgg19,h264_28_keepaudio,fake,True,17,21,fake,0.625,0.7,0.5714285714285714,0.8113753339823555,0.47998269295953266,0.9974502892721266,0.012390078713747294
test/000100.mp4,000100,vgg19,h264_33_keepaudio,fake,True,17,21,fake,0.625,0.7,0.6666666666666666,0.7451547103769639,0.5293815729507422,0.9974502892721266,0.012390078713747294
test/000100.mp4,000100,vgg19,h264_38_keepaudio,fake,True,17,21,fake,0.375,0.7,0.6666666666666666,0.8656382595791536,0.3422422013011985,0.9974502892721266,0.012390078713747294
test/000100.mp4,000100,vgg19,h264_43_keepaudio,fake,True,17,21,fake,0.125,0.7,0.6666666666666666,0.7549638187184053,0.6193833782765245,0.9974502892721266,0.012390078713747294
test/000101.mp4,000101,vgg19,clean,real,True,15,18,fake,1.0,0.8823529411764706,0.5555555555555556,0.7701160987218221,0.5783518084891124,0.9812744822767046,0.04132594268191185
test/000101.mp4,000101,vgg19,jpeg_10,real,True,15,18,fake,0.7857142857142857,0.8823529411764706,0.6111111111111112,0.8035725792249043,0.4756281300907232,0.9812744822767046,0.04132594268191185
test/000101.mp4,000101,vgg19,jpeg_20,real,True,15,18,fake,1.0,0.8823529411764706,0.5555555555555556,0.7864854613939921,0.5133408469427766,0.9812744822767046,0.04132594268191185
test/000101.mp4,000101,vgg19,jpeg_30,real,True,15,18,fake,1.0,0.8823529411764706,0.6666666666666666,0.7995864033699036,0.526411157434986,0.9812744822767046,0.04132594268191185
test/000101.mp4,000101,vgg19,jpeg_40,real,True,15,18,fake,0.9285714285714286,0.8823529411764706,0.5555555555555556,0.7703687946001688,0.5581112215993163,0.9812744822767046,0.04132594268191185
test/000101.mp4,000101,vgg19,jpeg_50,real,True,15,18,fake,1.0,0.8823529411764706,0.5555555555555556,0.7956830620765686,0.5392976985104057,0.9812744822767046,0.04132594268191185
test/000101.mp4,000101,vgg19,jpeg_60,real,True,15,18,fake,0.8571428571428571,0.8823529411764706,0.6666666666666666,0.7681932806968689,0.5601954290783057,0.9812744822767046,0.04132594268191185
test/000101.mp4,000101,vgg19,jpeg_70,real,True,15,18,fake,1.0,0.8823529411764706,0.5555555555555556,0.8108157356580098,0.5383950536778339,0.9812744822767046,0.04132594268191185
test/000101.mp4,000101,vgg19,jpeg_80,real,True,15,18,fake,1.0,0.8823529411764706,0.5555555555555556,0.7840237657229105,0.5560026144832046,0.9812744822767046,0.04132594268191185
test/000101.mp4,000101,vgg19,jpeg_90,real,True,15,18,fake,1.0,0.8823529411764706,0.5555555555555556,0.7901609778404236,0.5504409155765014,0.9812744822767046,0.04132594268191185
test/000101.mp4,000101,vgg19,jpeg_95,real,True,15,18,fake,0.9285714285714286,0.8823529411764706,0.5555555555555556,0.7689398248990377,0.5805702227904467,0.9812744822767046,0.04132594268191185
test/000101.mp4,000101,vgg19,h264_18_keepaudio,real,True,15,18,fake,0.9285714285714286,0.8823529411764706,0.6666666666666666,0.7773423035939534,0.5513267497436518,0.9812744822767046,0.04132594268191185
test/000101.mp4,000101,vgg19,h264_23_keepaudio,real,True,15,18,fake,0.9285714285714286,0.8823529411764706,0.6666666666666666,0.7511333664258321,0.6142906611862172,0.9812744822767046,0.04132594268191185
test/000101.mp4,000101,vgg19,h264_28_keepaudio,real,True,15,18,fake,0.9285714285714286,0.8823529411764706,0.6666666666666666,0.8255194465319315,0.461902114887767,0.9812744822767046,0.04132594268191185
test/000101.mp4,000101,vgg19,h264_33_keepaudio,real,True,15,18,fake,1.0,0.8823529411764706,0.6111111111111112,0.7604540308316549,0.5567093956723189,0.9812744822767046,0.04132594268191185
test/000101.mp4,000101,vgg19,h264_38_keepaudio,real,True,15,18,fake,0.9285714285714286,0.8823529411764706,0.7777777777777778,0.706140951315562,0.6953476401860531,0.9812744822767046,0.04132594268191185
test/000101.mp4,000101,vgg19,h264_43_keepaudio,real,True,15,18,fake,0.6428571428571429,0.8823529411764706,0.7777777777777778,0.836553939183553,0.4606094445440792,0.9812744822767046,0.04132594268191185
test/000102.mp4,000102,vgg19,clean,real,True,13,15,fake,0.4166666666666667,0.7857142857142857,0.6666666666666666,0.7745431615756109,0.6589969787617442,0.9704295953114828,0.04609875924427984
test/000102.mp4,000102,vgg19,jpeg_10,real,True,13,15,fake,0.3333333333333333,0.7857142857142857,0.7333333333333333,0.7799114745396835,0.5564720842150445,0.9704295953114828,0.04609875924427984
test/000102.mp4,000102,vgg19,jpeg_20,real,True,13,15,fake,0.6666666666666666,0.7857142857142857,0.7333333333333333,0.7954744169345269,0.5426589463169011,0.9704295953114828,0.04609875924427984
test/000102.mp4,000102,vgg19,jpeg_30,real,True,13,15,fake,0.16666666666666666,0.7857142857142857,0.6,0.751503375860361,0.6600365844795169,0.9704295953114828,0.04609875924427984
test/000102.mp4,000102,vgg19,jpeg_40,real,True,13,15,fake,0.5,0.7857142857142857,0.5333333333333333,0.7212996735022619,0.6947897227085782,0.9704295953114828,0.04609875924427984
test/000102.mp4,000102,vgg19,jpeg_50,real,True,13,15,fake,0.3333333333333333,0.7857142857142857,0.6,0.704666561805285,0.7302231362067674,0.9704295953114828,0.04609875924427984
test/000102.mp4,000102,vgg19,jpeg_60,real,True,13,15,fake,0.4166666666666667,0.7857142857142857,0.7333333333333333,0.7501510404623472,0.6887690363873786,0.9704295953114828,0.04609875924427984
test/000102.mp4,000102,vgg19,jpeg_70,real,True,13,15,fake,0.4166666666666667,0.7857142857142857,0.5333333333333333,0.7339271811338571,0.7205643052628556,0.9704295953114828,0.04609875924427984
test/000102.mp4,000102,vgg19,jpeg_80,real,True,13,15,fake,0.3333333333333333,0.7857142857142857,0.5333333333333333,0.7836588208491986,0.6379522702994969,0.9704295953114828,0.04609875924427984
test/000102.mp4,000102,vgg19,jpeg_90,real,True,13,15,fake,0.3333333333333333,0.7857142857142857,0.6666666666666666,0.7835017305154067,0.6092426880362214,0.9704295953114828,0.04609875924427984
test/000102.mp4,000102,vgg19,jpeg_95,real,True,13,15,fake,0.4166666666666667,0.7857142857142857,0.6,0.690076259466318,0.7862748682598357,0.9704295953114828,0.04609875924427984
test/000102.mp4,000102,vgg19,h264_18_keepaudio,real,True,13,15,fake,0.3333333333333333,0.7857142857142857,0.6,0.700489532489043,0.7782030674099751,0.9704295953114828,0.04609875924427984
test/000102.mp4,000102,vgg19,h264_23_keepaudio,real,True,13,15,fake,0.3333333333333333,0.7857142857142857,0.6666666666666666,0.815795151086954,0.5462639171877376,0.9704295953114828,0.04609875924427984
test/000102.mp4,000102,vgg19,h264_28_keepaudio,real,True,13,15,fake,0.25,0.7857142857142857,0.4666666666666667,0.8382577070823083,0.46632415196864013,0.9704295953114828,0.04609875924427984
test/000102.mp4,000102,vgg19,h264_33_keepaudio,real,True,13,15,fake,0.16666666666666666,0.7857142857142857,0.6666666666666666,0.823797501050509,0.4714536905971561,0.9704295953114828,0.04609875924427984
test/000102.mp4,000102,vgg19,h264_38_keepaudio,real,True,13,15,fake,0.3333333333333333,0.7857142857142857,0.6,0.7844009078465976,0.5060703763042217,0.9704295953114828,0.04609875924427984
test/000102.mp4,000102,vgg19,h264_43_keepaudio,real,True,13,15,fake,0.25,0.7857142857142857,0.7333333333333333,0.7180287746282724,0.6729062504287705,0.9704295953114828,0.04609875924427984
test/000103.mp4,000103,vgg19,clean,fake,True,14,17,fake,0.6153846153846154,0.75,0.4117647058823529,0.657159930893353,0.8105107986764518,0.9982519815949833,0.007868919378820085
test/000103.mp4,000103,vgg19,jpeg_10,fake,True,14,17,fake,0.6923076923076923,0.75,0.7647058823529411,0.7634461777550834,0.618317378710197,0.9982519815949833,0.007868919378820085
test/000103.mp4,000103,vgg19,jpeg_20,fake,True,14,17,fake,0.38461538461538464,0.75,0.4117647058823529,0.7931920630591256,0.5583440169969288,0.9982519815949833,0.007868919378820085
test/000103.mp4,000103,vgg19,jpeg_30,fake,True,14,17,fake,0.38461538461538464,0.75,0.5294117647058824,0.7848390021494457,0.5952093378219693,0.9982519815949833,0.007868919378820085
test/000103.mp4,000103,vgg19,jpeg_40,fake,True,14,17,fake,0.6153846153846154,0.75,0.5294117647058824,0.7593578823975154,0.6223768849762811,0.9982519815949833,0.007868919378820085
test/000103.mp4,000103,vgg19,jpeg_50,fake,True,14,17,fake,0.5384615384615384,0.75,0.5882352941176471,0.7355771362781525,0.6713760649830146,0.9982519815949833,0.007868919378820085
test/000103.mp4,000103,vgg19,jpeg_60,fake,True,14,17,fake,0.46153846153846156,0.75,0.5882352941176471,0.7029337201799665,0.7442928000165769,0.9982519815949833,0.007868919378820085
test/000103.mp4,000103,vgg19,jpeg_70,fake,True,14,17,fake,0.6153846153846154,0.75,0.47058823529411764,0.6834762266704014,0.7797386667643231,0.9982519815949833,0.007868919378820085
test/000103.mp4,000103,vgg19,jpeg_80,fake,True,14,17,fake,0.6153846153846154,0.75,0.5294117647058824,0.7404782729489463,0.6845088087743064,0.9982519815949833,0.007868919378820085
test/000103.mp4,000103,vgg19,jpeg_90,fake,True,14,17,fake,0.5384615384615384,0.75,0.47058823529411764,0.6177110139812741,0.863169834108224,0.9982519815949833,0.007868919378820085
test/000103.mp4,000103,vgg19,jpeg_95,fake,True,14,17,fake,0.6153846153846154,0.75,0.5294117647058824,0.6612754251275744,0.8098663462133638,0.9982519815949833,0.007868919378820085
test/000103.mp4,000103,vgg19,h264_18_keepaudio,fake,True,14,17,fake,0.38461538461538464,0.75,0.5294117647058824,0.6613311001232692,0.7758077089963297,0.9982519815949833,0.007868919378820085
test/000103.mp4,000103,vgg19,h264_23_keepaudio,fake,True,14,17,fake,0.5384615384615384,0.75,0.4117647058823529,0.6548164380448205,0.7938652571928476,0.9982519815949833,0.007868919378820085
test/000103.mp4,000103,vgg19,h264_28_keepaudio,fake,True,14,17,fake,0.15384615384615385,0.75,0.5294117647058824,0.7660617423909051,0.645303227722127,0.9982519815949833,0.007868919378820085
test/000103.mp4,000103,vgg19,h264_33_keepaudio,fake,True,14,17,fake,0.07692307692307693,0.75,0.47058823529411764,0.8928795244012561,0.3560756063143261,0.9982519815949833,0.007868919378820085
test/000103.mp4,000103,vgg19,h264_38_keepaudio,fake,True,14,17,fake,0.5384615384615384,0.75,0.7058823529411765,0.8799306494849068,0.37208124146754035,0.9982519815949833,0.007868919378820085
test/000103.mp4,000103,vgg19,h264_43_keepaudio,fake,True,14,17,fake,0.6153846153846154,0.75,0.7058823529411765,0.7779117056301662,0.5533545009387584,0.9982519815949833,0.007868919378820085
test/000104.mp4,000104,vgg19,clean,fake,True,13,15,fake,0.4166666666666667,0.6428571428571429,0.5333333333333333,0.6881249386530656,0.7043215695991437,0.9980190833409627,0.008917499850494852
test/000104.mp4,000104,vgg19,jpeg_10,fake,True,13,15,fake,0.3333333333333333,0.6428571428571429,0.7333333333333333,0.7323745672519391,0.6829883131795718,0.9980190833409627,0.008917499850494852
test/000104.mp4,000104,vgg19,jpeg_20,fake,True,13,15,fake,0.3333333333333333,0.6428571428571429,0.5333333333333333,0.7363089002095736,0.6530968399380915,0.9980190833409627,0.008917499850494852
test/000104.mp4,000104,vgg19,jpeg_30,fake,True,13,15,fake,0.6666666666666666,0.6428571428571429,0.6666666666666666,0.8416420175479009,0.4410829503483629,0.9980190833409627,0.008917499850494852
test/000104.mp4,000104,vgg19,jpeg_40,fake,True,13,15,fake,0.3333333333333333,0.6428571428571429,0.4,0.746559950021597,0.63481118539922,0.9980190833409627,0.008917499850494852
test/000104.mp4,000104,vgg19,jpeg_50,fake,True,13,15,fake,0.4166666666666667,0.6428571428571429,0.6,0.7254052872841175,0.7014281447865793,0.9980190833409627,0.008917499850494852
test/000104.mp4,000104,vgg19,jpeg_60,fake,True,13,15,fake,0.3333333333333333,0.6428571428571429,0.5333333333333333,0.7037675380706787,0.69915723370203,0.9980190833409627,0.008917499850494852
test/000104.mp4,000104,vgg19,jpeg_70,fake,True,13,15,fake,0.16666666666666666,0.6428571428571429,0.5333333333333333,0.6892564342572138,0.735752082068979,0.9980190833409627,0.008917499850494852
test/000104.mp4,000104,vgg19,jpeg_80,fake,True,13,15,fake,0.25,0.6428571428571429,0.5333333333333333,0.7307047385435838,0.7126596920406337,0.9980190833409627,0.008917499850494852
test/000104.mp4,000104,vgg19,jpeg_90,fake,True,13,15,fake,0.5,0.6428571428571429,0.5333333333333333,0.7254784130133115,0.6570510838668034,0.9980190833409627,0.008917499850494852
test/000104.mp4,000104,vgg19,jpeg_95,fake,True,13,15,fake,0.25,0.6428571428571429,0.3333333333333333,0.6985503114186801,0.721944590607736,0.9980190833409627,0.008917499850494852
test/000104.mp4,000104,vgg19,h264_18_keepaudio,fake,True,13,15,fake,0.16666666666666666,0.6428571428571429,0.4666666666666667,0.6632450177119329,0.7332847283996006,0.9980190833409627,0.008917499850494852
test/000104.mp4,000104,vgg19,h264_23_keepaudio,fake,True,13,15,fake,0.3333333333333333,0.6428571428571429,0.4,0.6796571428959186,0.7329959408544232,0.9980190833409627,0.008917499850494852
test/000104.mp4,000104,vgg19,h264_28_keepaudio,fake,True,13,15,fake,0.3333333333333333,0.6428571428571429,0.5333333333333333,0.7576958949749286,0.6505169208118317,0.9980190833409627,0.008917499850494852
test/000104.mp4,000104,vgg19,h264_33_keepaudio,fake,True,13,15,fake,0.16666666666666666,0.6428571428571429,0.5333333333333333,0.8092067929414603,0.5194148120586151,0.9980190833409627,0.008917499850494852
test/000104.mp4,000104,vgg19,h264_38_keepaudio,fake,True,13,15,fake,0.5,0.6428571428571429,0.5333333333333333,0.8283164409490732,0.4950298079408802,0.9980190833409627,0.008917499850494852
test/000104.mp4,000104,vgg19,h264_43_keepaudio,fake,True,13,15,fake,1.0,0.6428571428571429,0.6666666666666666,0.8713625990427457,0.36075156320494767,0.9980190833409627,0.008917499850494852
test/000105.mp4,000105,vgg19,clean,fake,True,14,17,fake,0.38461538461538464,0.75,0.4117647058823529,0.7065689542463848,0.7156323307528932,0.9982519815949833,0.007868919378820085
test/000105.mp4,000105,vgg19,jpeg_10,fake,True,14,17,fake,0.46153846153846156,0.75,0.6470588235294118,0.8268355535609382,0.5180173186279122,0.9982519815949833,0.007868919378820085
test/000105.mp4,000105,vgg19,jpeg_20,fake,True,14,17,fake,0.6153846153846154,0.75,0.35294117647058826,0.7553582340478897,0.5981280243901386,0.9982519815949833,0.007868919378820085
test/000105.mp4,000105,vgg19,jpeg_30,fake,True,14,17,fake,0.3076923076923077,0.75,0.4117647058823529,0.7690726454768863,0.5938577356374145,0.9982519815949833,0.007868919378820085
test/000105.mp4,000105,vgg19,jpeg_40,fake,True,14,17,fake,0.6153846153846154,0.75,0.29411764705882354,0.6903965515749795,0.7196998455535646,0.9982519815949833,0.007868919378820085
test/000105.mp4,000105,vgg19,jpeg_50,fake,True,14,17,fake,0.6153846153846154,0.75,0.29411764705882354,0.7285400309732982,0.7141683752442232,0.9982519815949833,0.007868919378820085
test/000105.mp4,000105,vgg19,jpeg_60,fake,True,14,17,fake,0.5384615384615384,0.75,0.4117647058823529,0.7320954224893025,0.688579681990366,0.9982519815949833,0.007868919378820085
test/000105.mp4,000105,vgg19,jpeg_70,fake,True,14,17,fake,0.3076923076923077,0.75,0.4117647058823529,0.688239221061979,0.7709826290695151,0.9982519815949833,0.007868919378820085
test/000105.mp4,000105,vgg19,jpeg_80,fake,True,14,17,fake,0.3076923076923077,0.75,0.4117647058823529,0.7352297157049179,0.7121877089427144,0.9982519815949833,0.007868919378820085
test/000105.mp4,000105,vgg19,jpeg_90,fake,True,14,17,fake,0.6153846153846154,0.75,0.35294117647058826,0.7213376377310071,0.6785019525794173,0.9982519815949833,0.007868919378820085
test/000105.mp4,000105,vgg19,jpeg_95,fake,True,14,17,fake,0.5384615384615384,0.75,0.29411764705882354,0.7191330130611148,0.7019291626902076,0.9982519815949833,0.007868919378820085
test/000105.mp4,000105,vgg19,h264_18_keepaudio,fake,True,14,17,fake,0.38461538461538464,0.75,0.5294117647058824,0.6870381129639489,0.7404491294623508,0.9982519815949833,0.007868919378820085
test/000105.mp4,000105,vgg19,h264_23_keepaudio,fake,True,14,17,fake,0.23076923076923078,0.75,0.47058823529411764,0.7290637833731515,0.6481004532977959,0.9982519815949833,0.007868919378820085
test/000105.mp4,000105,vgg19,h264_28_keepaudio,fake,True,14,17,fake,0.46153846153846156,0.75,0.47058823529411764,0.7161286239113126,0.662647294643098,0.9982519815949833,0.007868919378820085
test/000105.mp4,000105,vgg19,h264_33_keepaudio,fake,True,14,17,fake,0.15384615384615385,0.75,0.47058823529411764,0.8575348896639687,0.43930089182818743,0.9982519815949833,0.007868919378820085
test/000105.mp4,000105,vgg19,h264_38_keepaudio,fake,True,14,17,fake,0.5384615384615384,0.75,0.5882352941176471,0.877104850752013,0.3877015638778243,0.9982519815949833,0.007868919378820085
test/000105.mp4,000105,vgg19,h264_43_keepaudio,fake,True,14,17,fake,0.8461538461538461,0.75,0.5882352941176471,0.8958331772259304,0.2477607112521692,0.9982519815949833,0.007868919378820085
test/000106.mp4,000106,vgg19,clean,real,True,18,21,fake,0.17647058823529413,0.65,0.2857142857142857,0.8530838671657774,0.3950326114652041,1.0,1.6578612669557122e-10
test/000106.mp4,000106,vgg19,jpeg_10,real,True,18,21,fake,0.29411764705882354,0.65,0.23809523809523808,0.8778753413094414,0.27922722282069545,1.0,1.6578612669557122e-10
test/000106.mp4,000106,vgg19,jpeg_20,real,True,18,21,fake,0.17647058823529413,0.65,0.2857142857142857,0.8372371345758438,0.39100095425780323,1.0,1.6578612669557122e-10
test/000106.mp4,000106,vgg19,jpeg_30,real,True,18,21,fake,0.058823529411764705,0.65,0.23809523809523808,0.8362384736537933,0.41063341952903903,1.0,1.6578612669557122e-10
test/000106.mp4,000106,vgg19,jpeg_40,real,True,18,21,fake,0.11764705882352941,0.65,0.2857142857142857,0.8473675731155608,0.38568751020507963,1.0,1.6578612669557122e-10
test/000106.mp4,000106,vgg19,jpeg_50,real,True,18,21,fake,0.11764705882352941,0.65,0.2857142857142857,0.8152386910385556,0.4509662630296828,1.0,1.6578612669557122e-10
test/000106.mp4,000106,vgg19,jpeg_60,real,True,18,21,fake,0.17647058823529413,0.65,0.23809523809523808,0.8313990202214983,0.420354621703149,1.0,1.6578612669557122e-10
test/000106.mp4,000106,vgg19,jpeg_70,real,True,18,21,fake,0.17647058823529413,0.65,0.2857142857142857,0.8434363504250845,0.3902550381454273,1.0,1.6578612669557122e-10
test/000106.mp4,000106,vgg19,jpeg_80,real,True,18,21,fake,0.17647058823529413,0.65,0.2857142857142857,0.8368563387129042,0.4348600504851279,1.0,1.6578612669557122e-10
test/000106.mp4,000106,vgg19,jpeg_90,real,True,18,21,fake,0.17647058823529413,0.65,0.2857142857142857,0.8681346509191725,0.38147527550159516,1.0,1.6578612669557122e-10
test/000106.mp4,000106,vgg19,jpeg_95,real,True,18,21,fake,0.11764705882352941,0.65,0.2857142857142857,0.8460677762826284,0.39158705872751676,1.0,1.6578612669557122e-10
test/000106.mp4,000106,vgg19,h264_18_keepaudio,real,True,18,21,fake,0.17647058823529413,0.65,0.2857142857142857,0.8683097395632002,0.3538000628294111,1.0,1.6578612669557122e-10
test/000106.mp4,000106,vgg19,h264_23_keepaudio,real,True,18,21,fake,0.17647058823529413,0.65,0.23809523809523808,0.8760704861746894,0.32735702299009317,1.0,1.6578612669557122e-10
test/000106.mp4,000106,vgg19,h264_28_keepaudio,real,True,18,21,fake,0.058823529411764705,0.65,0.23809523809523808,0.8437668863270018,0.40311063907467687,1.0,1.6578612669557122e-10
test/000106.mp4,000106,vgg19,h264_33_keepaudio,real,True,18,21,fake,0.058823529411764705,0.65,0.23809523809523808,0.9551237838135825,0.13824258610627152,1.0,1.6578612669557122e-10
test/000106.mp4,000106,vgg19,h264_38_keepaudio,real,True,18,21,fake,0.058823529411764705,0.65,0.23809523809523808,0.9268250299824609,0.20428001834329418,1.0,1.6578612669557122e-10
test/000106.mp4,000106,vgg19,h264_43_keepaudio,real,True,18,21,fake,0.0,0.65,0.23809523809523808,0.9328562219937643,0.196828461220656,1.0,1.6578612669557122e-10
test/000107.mp4,000107,vgg19,clean,fake,True,19,22,fake,0.05555555555555555,0.7142857142857143,0.22727272727272727,0.8799942026012822,0.3275042840330111,0.9999999729069796,3.9752571952531524e-07
test/000107.mp4,000107,vgg19,jpeg_10,fake,True,19,22,fake,0.3333333333333333,0.7142857142857143,0.22727272727272727,0.8638159209176114,0.31065247765208026,0.9999999729069796,3.9752571952531524e-07
test/000107.mp4,000107,vgg19,jpeg_20,fake,True,19,22,fake,0.16666666666666666,0.7142857142857143,0.22727272727272727,0.8985866904258728,0.2790227683415058,0.9999999729069796,3.9752571952531524e-07
test/000107.mp4,000107,vgg19,jpeg_30,fake,True,19,22,fake,0.05555555555555555,0.7142857142857143,0.22727272727272727,0.9157385418289586,0.2825232078917602,0.9999999729069796,3.9752571952531524e-07
test/000107.mp4,000107,vgg19,jpeg_40,fake,True,19,22,fake,0.05555555555555555,0.7142857142857143,0.22727272727272727,0.9179576572618986,0.2664024572660751,0.9999999729069796,3.9752571952531524e-07
test/000107.mp4,000107,vgg19,jpeg_50,fake,True,19,22,fake,0.05555555555555555,0.7142857142857143,0.22727272727272727,0.9012804658789384,0.2778555430619202,0.9999999729069796,3.9752571952531524e-07
test/000107.mp4,000107,vgg19,jpeg_60,fake,True,19,22,fake,0.1111111111111111,0.7142857142857143,0.22727272727272727,0.8788349424537859,0.32437069945070857,0.9999999729069796,3.9752571952531524e-07
test/000107.mp4,000107,vgg19,jpeg_70,fake,True,19,22,fake,0.05555555555555555,0.7142857142857143,0.22727272727272727,0.888928262810958,0.3058298534854205,0.9999999729069796,3.9752571952531524e-07
test/000107.mp4,000107,vgg19,jpeg_80,fake,True,19,22,fake,0.05555555555555555,0.7142857142857143,0.22727272727272727,0.8995641971889295,0.30333582593946123,0.9999999729069796,3.9752571952531524e-07
test/000107.mp4,000107,vgg19,jpeg_90,fake,True,19,22,fake,0.05555555555555555,0.7142857142857143,0.22727272727272727,0.9122924569406008,0.2694256213554318,0.9999999729069796,3.9752571952531524e-07
test/000107.mp4,000107,vgg19,jpeg_95,fake,True,19,22,fake,0.05555555555555555,0.7142857142857143,0.22727272727272727,0.9070568806246707,0.286747306879264,0.9999999729069796,3.9752571952531524e-07
test/000107.mp4,000107,vgg19,h264_18_keepaudio,fake,True,19,22,fake,0.05555555555555555,0.7142857142857143,0.22727272727272727,0.9085371745260138,0.286764332082224,0.9999999729069796,3.9752571952531524e-07
test/000107.mp4,000107,vgg19,h264_23_keepaudio,fake,True,19,22,fake,0.05555555555555555,0.7142857142857143,0.22727272727272727,0.9049776980751439,0.29546174970411593,0.9999999729069796,3.9752571952531524e-07
test/000107.mp4,000107,vgg19,h264_28_keepaudio,fake,True,19,22,fake,0.05555555555555555,0.7142857142857143,0.22727272727272727,0.9343730321055964,0.21747269312354742,0.9999999729069796,3.9752571952531524e-07
test/000107.mp4,000107,vgg19,h264_33_keepaudio,fake,True,19,22,fake,0.05555555555555555,0.7142857142857143,0.22727272727272727,0.9087572254632649,0.2585047861475418,0.9999999729069796,3.9752571952531524e-07
test/000107.mp4,000107,vgg19,h264_38_keepaudio,fake,True,19,22,fake,0.1111111111111111,0.7142857142857143,0.22727272727272727,0.9024078516583693,0.2674551293584272,0.9999999729069796,3.9752571952531524e-07
test/000107.mp4,000107,vgg19,h264_43_keepaudio,fake,True,19,22,fake,0.0,0.7142857142857143,0.22727272727272727,0.9514356004564386,0.165265264472846,0.9999999729069796,3.9752571952531524e-07
test/000108.mp4,000108,vgg19,clean,fake,True,18,22,fake,0.058823529411764705,0.7619047619047619,0.2727272727272727,0.91652954949273,0.2661083611841113,1.0,1.6578612669557122e-10
test/000108.mp4,000108,vgg19,jpeg_10,fake,True,18,22,fake,0.11764705882352941,0.7619047619047619,0.2727272727272727,0.8760808573828803,0.28148047125514314,1.0,1.6578612669557122e-10
test/000108.mp4,000108,vgg19,jpeg_20,fake,True,18,22,fake,0.17647058823529413,0.7619047619047619,0.2727272727272727,0.9071256187227037,0.2622636664096335,1.0,1.6578612669557122e-10
test/000108.mp4,000108,vgg19,jpeg_30,fake,True,18,22,fake,0.058823529411764705,0.7619047619047619,0.2727272727272727,0.9050119817256927,0.2845871851684512,1.0,1.6578612669557122e-10
test/000108.mp4,000108,vgg19,jpeg_40,fake,True,18,22,fake,0.058823529411764705,0.7619047619047619,0.2727272727272727,0.91613084408972,0.26437457344581705,1.0,1.6578612669557122e-10
test/000108.mp4,000108,vgg19,jpeg_50,fake,True,18,22,fake,0.058823529411764705,0.7619047619047619,0.2727272727272727,0.9190405540996127,0.25831030161544094,1.0,1.6578612669557122e-10
test/000108.mp4,000108,vgg19,jpeg_60,fake,True,18,22,fake,0.058823529411764705,0.7619047619047619,0.2727272727272727,0.931982997390959,0.217592923704655,1.0,1.6578612669557122e-10
test/000108.mp4,000108,vgg19,jpeg_70,fake,True,18,22,fake,0.058823529411764705,0.7619047619047619,0.2727272727272727,0.9207231634192996,0.2630604649001917,1.0,1.6578612669557122e-10
test/000108.mp4,000108,vgg19,jpeg_80,fake,True,18,22,fake,0.058823529411764705,0.7619047619047619,0.2727272727272727,0.918106906943851,0.2663007512085144,1.0,1.6578612669557122e-10
test/000108.mp4,000108,vgg19,jpeg_90,fake,True,18,22,fake,0.058823529411764705,0.7619047619047619,0.2727272727272727,0.9127582112948099,0.273034478601666,1.0,1.6578612669557122e-10
test/000108.mp4,000108,vgg19,jpeg_95,fake,True,18,22,fake,0.058823529411764705,0.7619047619047619,0.2727272727272727,0.913100391626358,0.2671899001177763,1.0,1.6578612669557122e-10
test/000108.mp4,000108,vgg19,h264_18_keepaudio,fake,True,18,22,fake,0.058823529411764705,0.7619047619047619,0.2727272727272727,0.9061543279223971,0.28436958555473246,1.0,1.6578612669557122e-10
test/000108.mp4,000108,vgg19,h264_23_keepaudio,fake,True,18,22,fake,0.17647058823529413,0.7619047619047619,0.2727272727272727,0.9031620754135979,0.27743402351254337,1.0,1.6578612669557122e-10
test/000108.mp4,000108,vgg19,h264_28_keepaudio,fake,True,18,22,fake,0.058823529411764705,0.7619047619047619,0.2727272727272727,0.9311249719725715,0.22487893483037225,1.0,1.6578612669557122e-10
test/000108.mp4,000108,vgg19,h264_33_keepaudio,fake,True,18,22,fake,0.058823529411764705,0.7619047619047619,0.2727272727272727,0.8969899680879381,0.2757175039818442,1.0,1.6578612669557122e-10
test/000108.mp4,000108,vgg19,h264_38_keepaudio,fake,True,18,22,fake,0.058823529411764705,0.7619047619047619,0.2727272727272727,0.8775166902277205,0.33943432362771986,1.0,1.6578612669557122e-10
test/000108.mp4,000108,vgg19,h264_43_keepaudio,fake,True,18,22,fake,0.0,0.7619047619047619,0.2727272727272727,0.9613973001639048,0.1209418176482972,1.0,1.6578612669557122e-10
test/000109.mp4,000109,vgg19,clean,fake,True,19,22,fake,0.05555555555555555,0.7142857142857143,0.22727272727272727,0.9089552791495072,0.28308246024256245,0.9999999403953552,8.527642281852516e-07
test/000109.mp4,000109,vgg19,jpeg_10,fake,True,19,22,fake,0.2222222222222222,0.7142857142857143,0.22727272727272727,0.8683932658873106,0.31603367294696477,0.9999999403953552,8.527642281852516e-07
test/000109.mp4,000109,vgg19,jpeg_20,fake,True,19,22,fake,0.16666666666666666,0.7142857142857143,0.22727272727272727,0.9000013564762316,0.28854736657943364,0.9999999403953552,8.527642281852516e-07
test/000109.mp4,000109,vgg19,jpeg_30,fake,True,19,22,fake,0.05555555555555555,0.7142857142857143,0.22727272727272727,0.9133240235479254,0.26299312131180147,0.9999999403953552,8.527642281852516e-07
test/000109.mp4,000109,vgg19,jpeg_40,fake,True,19,22,fake,0.05555555555555555,0.7142857142857143,0.22727272727272727,0.9261003638568678,0.25109349670438796,0.9999999403953552,8.527642281852516e-07
test/000109.mp4,000109,vgg19,jpeg_50,fake,True,19,22,fake,0.05555555555555555,0.7142857142857143,0.22727272727272727,0.9043845785291571,0.29514560942385293,0.9999999403953552,8.527642281852516e-07
test/000109.mp4,000109,vgg19,jpeg_60,fake,True,19,22,fake,0.05555555555555555,0.7142857142857143,0.22727272727272727,0.9057645703616896,0.29615492349857697,0.9999999403953552,8.527642281852516e-07
test/000109.mp4,000109,vgg19,jpeg_70,fake,True,19,22,fake,0.05555555555555555,0.7142857142857143,0.22727272727272727,0.9212717382531417,0.2681846744329402,0.9999999403953552,8.527642281852516e-07
test/000109.mp4,000109,vgg19,jpeg_80,fake,True,19,22,fake,0.05555555555555555,0.7142857142857143,0.22727272727272727,0.9137891217281944,0.2774164060876827,0.9999999403953552,8.527642281852516e-07
test/000109.mp4,000109,vgg19,jpeg_90,fake,True,19,22,fake,0.05555555555555555,0.7142857142857143,0.22727272727272727,0.9239695134915804,0.263878664147832,0.9999999403953552,8.527642281852516e-07
test/000109.mp4,000109,vgg19,jpeg_95,fake,True,19,22,fake,0.05555555555555555,0.7142857142857143,0.22727272727272727,0.9286212576063055,0.24240330686888875,0.9999999403953552,8.527642281852516e-07
test/000109.mp4,000109,vgg19,h264_18_keepaudio,fake,True,19,22,fake,0.05555555555555555,0.7142857142857143,0.22727272727272727,0.9182558467513636,0.2763687849586374,0.9999999403953552,8.527642281852516e-07
test/000109.mp4,000109,vgg19,h264_23_keepaudio,fake,True,19,22,fake,0.05555555555555555,0.7142857142857143,0.22727272727272727,0.9071433701013264,0.2733644053029285,0.9999999403953552,8.527642281852516e-07
test/000109.mp4,000109,vgg19,h264_28_keepaudio,fake,True,19,22,fake,0.05555555555555555,0.7142857142857143,0.22727272727272727,0.9572953330843073,0.1695412780337939,0.9999999403953552,8.527642281852516e-07
test/000109.mp4,000109,vgg19,h264_33_keepaudio,fake,True,19,22,fake,0.05555555555555555,0.7142857142857143,0.22727272727272727,0.9450843585164923,0.18650125557448743,0.9999999403953552,8.527642281852516e-07
test/000109.mp4,000109,vgg19,h264_38_keepaudio,fake,True,19,22,fake,0.1111111111111111,0.7142857142857143,0.22727272727272727,0.9353995731002406,0.22463065438149682,0.9999999403953552,8.527642281852516e-07
test/000109.mp4,000109,vgg19,h264_43_keepaudio,fake,True,19,22,fake,0.0,0.7142857142857143,0.22727272727272727,0.9355479133756537,0.17895096497022447,0.9999999403953552,8.527642281852516e-07
test/000110.mp4,000110,vgg19,clean,real,True,31,38,fake,0.7666666666666667,0.7567567567567568,0.5526315789473685,0.7788274980360462,0.5799232310560505,0.9888461404725125,0.0255524850702321
test/000110.mp4,000110,vgg19,jpeg_10,real,True,31,38,fake,0.8333333333333334,0.7567567567567568,0.39473684210526316,0.8907603246550406,0.28273286057664043,0.9888461404725125,0.0255524850702321
test/000110.mp4,000110,vgg19,jpeg_20,real,True,31,38,fake,0.7666666666666667,0.7567567567567568,0.39473684210526316,0.8003409476049484,0.5320837078437426,0.9888461404725125,0.0255524850702321
test/000110.mp4,000110,vgg19,jpeg_30,real,True,31,38,fake,0.7,0.7567567567567568,0.34210526315789475,0.7858658481028772,0.5339564570211655,0.9888461404725125,0.0255524850702321
test/000110.mp4,000110,vgg19,jpeg_40,real,True,31,38,fake,0.8666666666666667,0.7567567567567568,0.42105263157894735,0.7555049888549312,0.60894527234985,0.9888461404725125,0.0255524850702321
test/000110.mp4,000110,vgg19,jpeg_50,real,True,31,38,fake,0.8,0.7567567567567568,0.5263157894736842,0.752257211554435,0.6370869131727479,0.9888461404725125,0.0255524850702321
test/000110.mp4,000110,vgg19,jpeg_60,real,True,31,38,fake,0.7666666666666667,0.7567567567567568,0.4473684210526316,0.7534793730705015,0.6140873780758404,0.9888461404725125,0.0255524850702321
test/000110.mp4,000110,vgg19,jpeg_70,real,True,31,38,fake,0.8333333333333334,0.7567567567567568,0.47368421052631576,0.7626640392887977,0.6136310107498705,0.9888461404725125,0.0255524850702321
test/000110.mp4,000110,vgg19,jpeg_80,real,True,31,38,fake,0.8,0.7567567567567568,0.5,0.7708462476730347,0.5761174631422629,0.9888461404725125,0.0255524850702321
test/000110.mp4,000110,vgg19,jpeg_90,real,True,31,38,fake,0.7333333333333333,0.7567567567567568,0.5263157894736842,0.7952419759765748,0.5486686011769006,0.9888461404725125,0.0255524850702321
test/000110.mp4,000110,vgg19,jpeg_95,real,True,31,38,fake,0.7333333333333333,0.7567567567567568,0.5263157894736842,0.7703408848854804,0.5888863449976898,0.9888461404725125,0.0255524850702321
test/000110.mp4,000110,vgg19,h264_18_keepaudio,real,True,31,38,fake,0.7333333333333333,0.7567567567567568,0.6052631578947368,0.7539140726289442,0.6016602991273869,0.9888461404725125,0.0255524850702321
test/000110.mp4,000110,vgg19,h264_23_keepaudio,real,True,31,38,fake,0.7666666666666667,0.7567567567567568,0.5,0.7729262805754139,0.591194869240558,0.9888461404725125,0.0255524850702321
test/000110.mp4,000110,vgg19,h264_28_keepaudio,real,True,31,38,fake,0.7,0.7567567567567568,0.5526315789473685,0.7364682660948846,0.6515174958976019,0.9888461404725125,0.0255524850702321
test/000110.mp4,000110,vgg19,h264_33_keepaudio,real,True,31,38,fake,0.9333333333333333,0.7567567567567568,0.3684210526315789,0.7874248777666399,0.5472474694605605,0.9888461404725125,0.0255524850702321
test/000110.mp4,000110,vgg19,h264_38_keepaudio,real,True,31,38,fake,0.8666666666666667,0.7567567567567568,0.2631578947368421,0.8724087842049137,0.3687717035588573,0.9888461404725125,0.0255524850702321
test/000110.mp4,000110,vgg19,h264_43_keepaudio,real,True,31,38,fake,0.7666666666666667,0.7567567567567568,0.21052631578947367,0.8894686679686269,0.282814622314913,0.9888461404725125,0.0255524850702321
test/000111.mp4,000111,vgg19,clean,real,True,19,22,fake,0.7222222222222222,0.5714285714285714,0.7727272727272727,0.8177275249832555,0.4827137166791085,0.9927039010958238,0.020183879022373077
test/000111.mp4,000111,vgg19,jpeg_10,real,True,19,22,fake,0.5555555555555556,0.5714285714285714,0.5909090909090909,0.828784494023574,0.42479886033571357,0.9927039010958238,0.020183879022373077
test/000111.mp4,000111,vgg19,jpeg_20,real,True,19,22,fake,0.7777777777777778,0.5714285714285714,0.5909090909090909,0.7560521897516752,0.5864967681964058,0.9927039010958238,0.020183879022373077
test/000111.mp4,000111,vgg19,jpeg_30,real,True,19,22,fake,0.7777777777777778,0.5714285714285714,0.6363636363636364,0.8729849081290396,0.3709552326349252,0.9927039010958238,0.020183879022373077
test/000111.mp4,000111,vgg19,jpeg_40,real,True,19,22,fake,0.6111111111111112,0.5714285714285714,0.6818181818181818,0.8172429517695778,0.4779006112562031,0.9927039010958238,0.020183879022373077
test/000111.mp4,000111,vgg19,jpeg_50,real,True,19,22,fake,0.6666666666666666,0.5714285714285714,0.7272727272727273,0.7600386974058653,0.5792752474716731,0.9927039010958238,0.020183879022373077
test/000111.mp4,000111,vgg19,jpeg_60,real,True,19,22,fake,0.7777777777777778,0.5714285714285714,0.8181818181818182,0.7780416733340213,0.5311169993449342,0.9927039010958238,0.020183879022373077
test/000111.mp4,000111,vgg19,jpeg_70,real,True,19,22,fake,0.6666666666666666,0.5714285714285714,0.5454545454545454,0.8095954782084415,0.4745201283650077,0.9927039010958238,0.020183879022373077
test/000111.mp4,000111,vgg19,jpeg_80,real,True,19,22,fake,0.5555555555555556,0.5714285714285714,0.7727272727272727,0.8383465597504064,0.44981977038395576,0.9927039010958238,0.020183879022373077
test/000111.mp4,000111,vgg19,jpeg_90,real,True,19,22,fake,0.6111111111111112,0.5714285714285714,0.6363636363636364,0.777024938871986,0.5397985858725555,0.9927039010958238,0.020183879022373077
test/000111.mp4,000111,vgg19,jpeg_95,real,True,19,22,fake,0.7222222222222222,0.5714285714285714,0.8181818181818182,0.834849941103082,0.46199791527619505,0.9927039010958238,0.020183879022373077
test/000111.mp4,000111,vgg19,h264_18_keepaudio,real,True,19,22,fake,0.6666666666666666,0.5714285714285714,0.7272727272727273,0.8346319794654846,0.4776768886101889,0.9927039010958238,0.020183879022373077
test/000111.mp4,000111,vgg19,h264_23_keepaudio,real,True,19,22,fake,0.6666666666666666,0.5714285714285714,0.7272727272727273,0.8075725059760245,0.5506962295823861,0.9927039010958238,0.020183879022373077
test/000111.mp4,000111,vgg19,h264_28_keepaudio,real,True,19,22,fake,0.5555555555555556,0.5714285714285714,0.5909090909090909,0.8327812128945401,0.4693681144711934,0.9927039010958238,0.020183879022373077
test/000111.mp4,000111,vgg19,h264_33_keepaudio,real,True,19,22,fake,0.5555555555555556,0.5714285714285714,0.5909090909090909,0.8272925552568937,0.435142675516291,0.9927039010958238,0.020183879022373077
test/000111.mp4,000111,vgg19,h264_38_keepaudio,real,True,19,22,fake,0.3333333333333333,0.5714285714285714,0.5909090909090909,0.829711797990297,0.4308481354140318,0.9927039010958238,0.020183879022373077
test/000111.mp4,000111,vgg19,h264_43_keepaudio,real,True,19,22,fake,0.2777777777777778,0.5714285714285714,0.5454545454545454,0.7757389435642644,0.5880719601882471,0.9927039010958238,0.020183879022373077
test/000112.mp4,000112,vgg19,clean,real,True,18,21,fake,0.5882352941176471,0.8,0.7142857142857143,0.9192256132761637,0.20739957708871126,1.0,1.6578612669557122e-10
test/000112.mp4,000112,vgg19,jpeg_10,real,True,18,21,fake,0.4117647058823529,0.8,0.6190476190476191,0.9138061619467206,0.2192274328352315,1.0,1.6578612669557122e-10
test/000112.mp4,000112,vgg19,jpeg_20,real,True,18,21,fake,0.5882352941176471,0.8,0.6666666666666666,0.8909189734194014,0.321286104601553,1.0,1.6578612669557122e-10
test/000112.mp4,000112,vgg19,jpeg_30,real,True,18,21,fake,0.47058823529411764,0.8,0.6666666666666666,0.9242927945322461,0.19397728543666304,1.0,1.6578612669557122e-10
test/000112.mp4,000112,vgg19,jpeg_40,real,True,18,21,fake,0.5294117647058824,0.8,0.7142857142857143,0.9081690046522353,0.2224551196327987,1.0,1.6578612669557122e-10
test/000112.mp4,000112,vgg19,jpeg_50,real,True,18,21,fake,0.5882352941176471,0.8,0.7142857142857143,0.9562311735418108,0.12402607084789323,1.0,1.6578612669557122e-10
test/000112.mp4,000112,vgg19,jpeg_60,real,True,18,21,fake,0.4117647058823529,0.8,0.6666666666666666,0.8883050812615289,0.26860526309850336,1.0,1.6578612669557122e-10
test/000112.mp4,000112,vgg19,jpeg_70,real,True,18,21,fake,0.5882352941176471,0.8,0.7142857142857143,0.9091614451673296,0.23361344535619752,1.0,1.6578612669557122e-10
test/000112.mp4,000112,vgg19,jpeg_80,real,True,18,21,fake,0.5294117647058824,0.8,0.7142857142857143,0.9444993866814507,0.14304648981169932,1.0,1.6578612669557122e-10
test/000112.mp4,000112,vgg19,jpeg_90,real,True,18,21,fake,0.5882352941176471,0.8,0.6190476190476191,0.9073293109734853,0.1988983743208095,1.0,1.6578612669557122e-10
test/000112.mp4,000112,vgg19,jpeg_95,real,True,18,21,fake,0.5882352941176471,0.8,0.7142857142857143,0.9139600329928927,0.20253306101619165,1.0,1.6578612669557122e-10
test/000112.mp4,000112,vgg19,h264_18_keepaudio,real,True,18,21,fake,0.5882352941176471,0.8,0.7142857142857143,0.9738067090511322,0.08250510358785836,1.0,1.6578612669557122e-10
test/000112.mp4,000112,vgg19,h264_23_keepaudio,real,True,18,21,fake,0.5294117647058824,0.8,0.6190476190476191,0.906111478805542,0.25885907743026226,1.0,1.6578612669557122e-10
test/000112.mp4,000112,vgg19,h264_28_keepaudio,real,True,18,21,fake,0.5294117647058824,0.8,0.6666666666666666,0.8990497589111328,0.24504937524645193,1.0,1.6578612669557122e-10
test/000112.mp4,000112,vgg19,h264_33_keepaudio,real,True,18,21,fake,0.5294117647058824,0.8,0.6190476190476191,0.8764808343516456,0.35677640924396065,1.0,1.6578612669557122e-10
test/000112.mp4,000112,vgg19,h264_38_keepaudio,real,True,18,21,fake,0.5882352941176471,0.8,0.7619047619047619,0.9023083498080572,0.2433295726177944,1.0,1.6578612669557122e-10
test/000112.mp4,000112,vgg19,h264_43_keepaudio,real,True,18,21,fake,0.35294117647058826,0.8,0.5238095238095238,0.8372650841871897,0.43961972659207,1.0,1.6578612669557122e-10
test/000113.mp4,000113,vgg19,clean,fake,True,18,22,fake,0.4117647058823529,0.6666666666666666,0.6818181818181818,0.9217774603101943,0.20868962815886422,0.9887939393520355,0.025386112984813126
test/000113.mp4,000113,vgg19,jpeg_10,fake,True,18,22,fake,0.5294117647058824,0.6666666666666666,0.7727272727272727,0.8856519576576021,0.29174600080825874,0.9887939393520355,0.025386112984813126
test/000113.mp4,000113,vgg19,jpeg_20,fake,True,18,22,fake,0.6470588235294118,0.6666666666666666,0.7727272727272727,0.9027225855324004,0.2421592933784118,0.9887939393520355,0.025386112984813126
test/000113.mp4,000113,vgg19,jpeg_30,fake,True,18,22,fake,0.6470588235294118,0.6666666666666666,0.6818181818181818,0.8482075697845883,0.36088688058023943,0.9887939393520355,0.025386112984813126
test/000113.mp4,000113,vgg19,jpeg_40,fake,True,18,22,fake,0.47058823529411764,0.6666666666666666,0.7727272727272727,0.9157509042157067,0.2508075008062605,0.9887939393520355,0.025386112984813126
test/000113.mp4,000113,vgg19,jpeg_50,fake,True,18,22,fake,0.5294117647058824,0.6666666666666666,0.6363636363636364,0.8860015504890018,0.28518646538878634,0.9887939393520355,0.025386112984813126
test/000113.mp4,000113,vgg19,jpeg_60,fake,True,18,22,fake,0.4117647058823529,0.6666666666666666,0.7727272727272727,0.912021623717414,0.25078251571477983,0.9887939393520355,0.025386112984813126
test/000113.mp4,000113,vgg19,jpeg_70,fake,True,18,22,fake,0.47058823529411764,0.6666666666666666,0.6818181818181818,0.8934044142564138,0.2440500480488074,0.9887939393520355,0.025386112984813126
test/000113.mp4,000113,vgg19,jpeg_80,fake,True,18,22,fake,0.6470588235294118,0.6666666666666666,0.7272727272727273,0.8789843055937026,0.30487567315752195,0.9887939393520355,0.025386112984813126
test/000113.mp4,000113,vgg19,jpeg_90,fake,True,18,22,fake,0.47058823529411764,0.6666666666666666,0.6818181818181818,0.8974798288610246,0.2644700789891785,0.9887939393520355,0.025386112984813126
test/000113.mp4,000113,vgg19,jpeg_95,fake,True,18,22,fake,0.4117647058823529,0.6666666666666666,0.6818181818181818,0.9344191054503123,0.17935983515512935,0.9887939393520355,0.025386112984813126
test/000113.mp4,000113,vgg19,h264_18_keepaudio,fake,True,18,22,fake,0.47058823529411764,0.6666666666666666,0.6363636363636364,0.9124780429734124,0.21983408434657858,0.9887939393520355,0.025386112984813126
test/000113.mp4,000113,vgg19,h264_23_keepaudio,fake,True,18,22,fake,0.47058823529411764,0.6666666666666666,0.6363636363636364,0.8967453257905112,0.2959385790015678,0.9887939393520355,0.025386112984813126
test/000113.mp4,000113,vgg19,h264_28_keepaudio,fake,True,18,22,fake,0.47058823529411764,0.6666666666666666,0.6818181818181818,0.9048545426792569,0.29551420909236753,0.9887939393520355,0.025386112984813126
test/000113.mp4,000113,vgg19,h264_33_keepaudio,fake,True,18,22,fake,0.5882352941176471,0.6666666666666666,0.8181818181818182,0.8254820754130682,0.40857893774219994,0.9887939393520355,0.025386112984813126
test/000113.mp4,000113,vgg19,h264_38_keepaudio,fake,True,18,22,fake,0.6470588235294118,0.6666666666666666,0.8636363636363636,0.9236353238423666,0.23507588166614507,0.9887939393520355,0.025386112984813126
test/000113.mp4,000113,vgg19,h264_43_keepaudio,fake,True,18,22,fake,0.5294117647058824,0.6666666666666666,0.5909090909090909,0.8971817509995567,0.27852990544670236,0.9887939393520355,0.025386112984813126
test/000114.mp4,000114,vgg19,clean,fake,True,18,22,fake,0.4117647058823529,0.7619047619047619,0.6818181818181818,0.9185816612508562,0.19998343511734532,1.0,1.6578612669557122e-10
test/000114.mp4,000114,vgg19,jpeg_10,fake,True,18,22,fake,0.5294117647058824,0.7619047619047619,0.7272727272727273,0.8357433974742889,0.38960765891551846,1.0,1.6578612669557122e-10
test/000114.mp4,000114,vgg19,jpeg_20,fake,True,18,22,fake,0.5882352941176471,0.7619047619047619,0.7272727272727273,0.9514042834440867,0.13996702752462908,1.0,1.6578612669557122e-10
test/000114.mp4,000114,vgg19,jpeg_30,fake,True,18,22,fake,0.5294117647058824,0.7619047619047619,0.7727272727272727,0.8681721323066287,0.32953981011917105,1.0,1.6578612669557122e-10
test/000114.mp4,000114,vgg19,jpeg_40,fake,True,18,22,fake,0.35294117647058826,0.7619047619047619,0.6818181818181818,0.8996107545163896,0.24318226317152827,1.0,1.6578612669557122e-10
test/000114.mp4,000114,vgg19,jpeg_50,fake,True,18,22,fake,0.4117647058823529,0.7619047619047619,0.7272727272727273,0.9485287699434493,0.15430014164415304,1.0,1.6578612669557122e-10
test/000114.mp4,000114,vgg19,jpeg_60,fake,True,18,22,fake,0.4117647058823529,0.7619047619047619,0.6818181818181818,0.9603849218951331,0.15462570500778683,1.0,1.6578612669557122e-10
test/000114.mp4,000114,vgg19,jpeg_70,fake,True,18,22,fake,0.35294117647058826,0.7619047619047619,0.6818181818181818,0.9438561631573571,0.19020113651840465,1.0,1.6578612669557122e-10
test/000114.mp4,000114,vgg19,jpeg_80,fake,True,18,22,fake,0.35294117647058826,0.7619047619047619,0.6818181818181818,0.9183375239372253,0.24915515826900933,1.0,1.6578612669557122e-10
test/000114.mp4,000114,vgg19,jpeg_90,fake,True,18,22,fake,0.35294117647058826,0.7619047619047619,0.6818181818181818,0.9115073747105069,0.23015312561706644,1.0,1.6578612669557122e-10
test/000114.mp4,000114,vgg19,jpeg_95,fake,True,18,22,fake,0.4117647058823529,0.7619047619047619,0.6818181818181818,0.9230700135231018,0.1941927306833036,1.0,1.6578612669557122e-10
test/000114.mp4,000114,vgg19,h264_18_keepaudio,fake,True,18,22,fake,0.4117647058823529,0.7619047619047619,0.6818181818181818,0.913749463028378,0.21144618381594346,1.0,1.6578612669557122e-10
test/000114.mp4,000114,vgg19,h264_23_keepaudio,fake,True,18,22,fake,0.35294117647058826,0.7619047619047619,0.6818181818181818,0.8858976910511652,0.251641265322783,1.0,1.6578612669557122e-10
test/000114.mp4,000114,vgg19,h264_28_keepaudio,fake,True,18,22,fake,0.5294117647058824,0.7619047619047619,0.6363636363636364,0.8962482015291849,0.3065040295232274,1.0,1.6578612669557122e-10
test/000114.mp4,000114,vgg19,h264_33_keepaudio,fake,True,18,22,fake,0.7058823529411765,0.7619047619047619,0.7272727272727273,0.9242447548442416,0.21858619837470245,1.0,1.6578612669557122e-10
test/000114.mp4,000114,vgg19,h264_38_keepaudio,fake,True,18,22,fake,0.7058823529411765,0.7619047619047619,0.8181818181818182,0.9224023289150662,0.22979105751542742,1.0,1.6578612669557122e-10
test/000114.mp4,000114,vgg19,h264_43_keepaudio,fake,True,18,22,fake,0.5882352941176471,0.7619047619047619,0.5909090909090909,0.8384967711236742,0.4179639783118493,1.0,1.6578612669557122e-10
test/000115.mp4,000115,vgg19,clean,fake,True,18,22,fake,0.4117647058823529,0.6666666666666666,0.7272727272727273,0.9258581797281901,0.2008358546094145,0.9890881234949286,0.025052297079833287
test/000115.mp4,000115,vgg19,jpeg_10,fake,True,18,22,fake,0.29411764705882354,0.6666666666666666,0.6818181818181818,0.9050451285309262,0.2547596547920873,0.9890881234949286,0.025052297079833287
test/000115.mp4,000115,vgg19,jpeg_20,fake,True,18,22,fake,0.6470588235294118,0.6666666666666666,0.6818181818181818,0.9131115509404076,0.26453746274618,0.9890881234949286,0.025052297079833287
test/000115.mp4,000115,vgg19,jpeg_30,fake,True,18,22,fake,0.47058823529411764,0.6666666666666666,0.7727272727272727,0.8753198252783881,0.28619373012766086,0.9890881234949286,0.025052297079833287
test/000115.mp4,000115,vgg19,jpeg_40,fake,True,18,22,fake,0.4117647058823529,0.6666666666666666,0.7272727272727273,0.9559685190518697,0.15209083585164568,0.9890881234949286,0.025052297079833287
test/000115.mp4,000115,vgg19,jpeg_50,fake,True,18,22,fake,0.4117647058823529,0.6666666666666666,0.6818181818181818,0.9682417611281077,0.12770968400817112,0.9890881234949286,0.025052297079833287
test/000115.mp4,000115,vgg19,jpeg_60,fake,True,18,22,fake,0.47058823529411764,0.6666666666666666,0.6818181818181818,0.906352592839135,0.2452073199649589,0.9890881234949286,0.025052297079833287
test/000115.mp4,000115,vgg19,jpeg_70,fake,True,18,22,fake,0.4117647058823529,0.6666666666666666,0.6818181818181818,0.9178011119365692,0.2346040103643909,0.9890881234949286,0.025052297079833287
test/000115.mp4,000115,vgg19,jpeg_80,fake,True,18,22,fake,0.4117647058823529,0.6666666666666666,0.7272727272727273,0.9152303404278226,0.22324000448291825,0.9890881234949286,0.025052297079833287
test/000115.mp4,000115,vgg19,jpeg_90,fake,True,18,22,fake,0.4117647058823529,0.6666666666666666,0.7272727272727273,0.9565154545836978,0.15724176942462945,0.9890881234949286,0.025052297079833287
test/000115.mp4,000115,vgg19,jpeg_95,fake,True,18,22,fake,0.4117647058823529,0.6666666666666666,0.7272727272727273,0.9599730405542586,0.13659940224648306,0.9890881234949286,0.025052297079833287
test/000115.mp4,000115,vgg19,h264_18_keepaudio,fake,True,18,22,fake,0.35294117647058826,0.6666666666666666,0.7272727272727273,0.9094264639748467,0.24688858442079503,0.9890881234949286,0.025052297079833287
test/000115.mp4,000115,vgg19,h264_23_keepaudio,fake,True,18,22,fake,0.4117647058823529,0.6666666666666666,0.6363636363636364,0.8693478008111318,0.3349992065426337,0.9890881234949286,0.025052297079833287
test/000115.mp4,000115,vgg19,h264_28_keepaudio,fake,True,18,22,fake,0.5882352941176471,0.6666666666666666,0.6363636363636364,0.9068612621890174,0.3074865180338358,0.9890881234949286,0.025052297079833287
test/000115.mp4,000115,vgg19,h264_33_keepaudio,fake,True,18,22,fake,0.5882352941176471,0.6666666666666666,0.8181818181818182,0.912675937016805,0.2771780537621145,0.9890881234949286,0.025052297079833287
test/000115.mp4,000115,vgg19,h264_38_keepaudio,fake,True,18,22,fake,0.5882352941176471,0.6666666666666666,0.6818181818181818,0.8341286778450012,0.37638351901741973,0.9890881234949286,0.025052297079833287
test/000115.mp4,000115,vgg19,h264_43_keepaudio,fake,True,18,22,fake,0.35294117647058826,0.6666666666666666,0.4090909090909091,0.865378287103441,0.3929665895610729,0.9890881234949286,0.025052297079833287
test/000116.mp4,000116,vgg19,clean,real,True,26,32,fake,0.48,0.7419354838709677,0.21875,0.9087486679737384,0.27588414242696646,0.993535615503788,0.01593429828448096
test/000116.mp4,000116,vgg19,jpeg_10,real,True,26,32,fake,0.52,0.7419354838709677,0.375,0.8440263236944492,0.40001426320902794,0.993535615503788,0.01593429828448096
test/000116.mp4,000116,vgg19,jpeg_20,real,True,26,32,fake,0.48,0.7419354838709677,0.3125,0.9072446891894708,0.2955972439111628,0.993535615503788,0.01593429828448096
test/000116.mp4,000116,vgg19,jpeg_30,real,True,26,32,fake,0.44,0.7419354838709677,0.15625,0.8640085344131176,0.344943344103262,0.993535615503788,0.01593429828448096
test/000116.mp4,000116,vgg19,jpeg_40,real,True,26,32,fake,0.48,0.7419354838709677,0.21875,0.9076293649581763,0.2892962713477885,0.993535615503788,0.01593429828448096
test/000116.mp4,000116,vgg19,jpeg_50,real,True,26,32,fake,0.48,0.7419354838709677,0.15625,0.8851386675467858,0.32218258985420994,0.993535615503788,0.01593429828448096
test/000116.mp4,000116,vgg19,jpeg_60,real,True,26,32,fake,0.48,0.7419354838709677,0.21875,0.8743698780353253,0.36166606009208313,0.993535615503788,0.01593429828448096
test/000116.mp4,000116,vgg19,jpeg_70,real,True,26,32,fake,0.48,0.7419354838709677,0.21875,0.8714926701325637,0.35712140207511983,0.993535615503788,0.01593429828448096
test/000116.mp4,000116,vgg19,jpeg_80,real,True,26,32,fake,0.48,0.7419354838709677,0.1875,0.8829521571214383,0.3224682190038854,0.993535615503788,0.01593429828448096
test/000116.mp4,000116,vgg19,jpeg_90,real,True,26,32,fake,0.48,0.7419354838709677,0.1875,0.8555355438819299,0.4005915410377486,0.993535615503788,0.01593429828448096
test/000116.mp4,000116,vgg19,jpeg_95,real,True,26,32,fake,0.48,0.7419354838709677,0.25,0.9197525221567887,0.2722669412073823,0.993535615503788,0.01593429828448096
test/000116.mp4,000116,vgg19,h264_18_keepaudio,real,True,26,32,fake,0.48,0.7419354838709677,0.28125,0.8871344133065298,0.3417979016120806,0.993535615503788,0.01593429828448096
test/000116.mp4,000116,vgg19,h264_23_keepaudio,real,True,26,32,fake,0.48,0.7419354838709677,0.21875,0.8908113298507837,0.3195696579711274,0.993535615503788,0.01593429828448096
test/000116.mp4,000116,vgg19,h264_28_keepaudio,real,True,26,32,fake,0.48,0.7419354838709677,0.25,0.9095418854401662,0.28630829353953674,0.993535615503788,0.01593429828448096
test/000116.mp4,000116,vgg19,h264_33_keepaudio,real,True,26,32,fake,0.44,0.7419354838709677,0.21875,0.8616293565585063,0.37174818093101736,0.993535615503788,0.01593429828448096
test/000116.mp4,000116,vgg19,h264_38_keepaudio,real,True,26,32,fake,0.08,0.7419354838709677,0.15625,0.8984213906985062,0.2978479223702093,0.993535615503788,0.01593429828448096
test/000116.mp4,000116,vgg19,h264_43_keepaudio,real,True,26,32,fake,0.16,0.7419354838709677,0.375,0.8430984157782334,0.41225083683401553,0.993535615503788,0.01593429828448096
test/000117.mp4,000117,vgg19,clean,fake,True,30,37,fake,0.5517241379310345,0.7222222222222222,0.35135135135135137,0.8910090804100037,0.32474735010923356,0.9940052644626515,0.014330615252649706
test/000117.mp4,000117,vgg19,jpeg_10,fake,True,30,37,fake,0.4482758620689655,0.7222222222222222,0.21621621621621623,0.8847628215948741,0.2795343353100993,0.9940052644626515,0.014330615252649706
test/000117.mp4,000117,vgg19,jpeg_20,fake,True,30,37,fake,0.5862068965517241,0.7222222222222222,0.32432432432432434,0.8642070372899373,0.38581726103279507,0.9940052644626515,0.014330615252649706
test/000117.mp4,000117,vgg19,jpeg_30,fake,True,30,37,fake,0.5517241379310345,0.7222222222222222,0.32432432432432434,0.8827621201674144,0.3548578511718542,0.9940052644626515,0.014330615252649706
test/000117.mp4,000117,vgg19,jpeg_40,fake,True,30,37,fake,0.5862068965517241,0.7222222222222222,0.2972972972972973,0.8778584669033687,0.3309975293277706,0.9940052644626515,0.014330615252649706
test/000117.mp4,000117,vgg19,jpeg_50,fake,True,30,37,fake,0.5172413793103449,0.7222222222222222,0.32432432432432434,0.8883504231770833,0.30804003682948733,0.9940052644626515,0.014330615252649706
test/000117.mp4,000117,vgg19,jpeg_60,fake,True,30,37,fake,0.5517241379310345,0.7222222222222222,0.35135135135135137,0.8580230881770452,0.37763486164216914,0.9940052644626515,0.014330615252649706
test/000117.mp4,000117,vgg19,jpeg_70,fake,True,30,37,fake,0.5517241379310345,0.7222222222222222,0.35135135135135137,0.8998869518438976,0.3096897794409172,0.9940052644626515,0.014330615252649706
test/000117.mp4,000117,vgg19,jpeg_80,fake,True,30,37,fake,0.5172413793103449,0.7222222222222222,0.32432432432432434,0.8733985920747122,0.35346246825608846,0.9940052644626515,0.014330615252649706
test/000117.mp4,000117,vgg19,jpeg_90,fake,True,30,37,fake,0.5517241379310345,0.7222222222222222,0.32432432432432434,0.8913271447022756,0.3045288692694553,0.9940052644626515,0.014330615252649706
test/000117.mp4,000117,vgg19,jpeg_95,fake,True,30,37,fake,0.5172413793103449,0.7222222222222222,0.35135135135135137,0.869834570089976,0.34157076395203184,0.9940052644626515,0.014330615252649706
test/000117.mp4,000117,vgg19,h264_18_keepaudio,fake,True,30,37,fake,0.5517241379310345,0.7222222222222222,0.32432432432432434,0.8802967409292857,0.3367925922856875,0.9940052644626515,0.014330615252649706
test/000117.mp4,000117,vgg19,h264_23_keepaudio,fake,True,30,37,fake,0.5517241379310345,0.7222222222222222,0.35135135135135137,0.8555327077706655,0.3844090059400307,0.9940052644626515,0.014330615252649706
test/000117.mp4,000117,vgg19,h264_28_keepaudio,fake,True,30,37,fake,0.5517241379310345,0.7222222222222222,0.32432432432432434,0.8271404008070627,0.4128177256287113,0.9940052644626515,0.014330615252649706
test/000117.mp4,000117,vgg19,h264_33_keepaudio,fake,True,30,37,fake,0.13793103448275862,0.7222222222222222,0.21621621621621623,0.8727512657642365,0.3378536432178437,0.9940052644626515,0.014330615252649706
test/000117.mp4,000117,vgg19,h264_38_keepaudio,fake,True,30,37,fake,0.13793103448275862,0.7222222222222222,0.16216216216216217,0.871314619978269,0.3442187848683025,0.9940052644626515,0.014330615252649706
test/000117.mp4,000117,vgg19,h264_43_keepaudio,fake,True,30,37,fake,0.3103448275862069,0.7222222222222222,0.3783783783783784,0.8401237040758133,0.38274540094661325,0.9940052644626515,0.014330615252649706
test/000118.mp4,000118,vgg19,clean,fake,True,26,32,fake,0.4,0.7419354838709677,0.5,0.8866177155421331,0.342489393514282,0.9986284002661705,0.00689613701192143
test/000118.mp4,000118,vgg19,jpeg_10,fake,True,26,32,fake,0.32,0.7419354838709677,0.28125,0.8794477799764047,0.2959059051752058,0.9986284002661705,0.00689613701192143
test/000118.mp4,000118,vgg19,jpeg_20,fake,True,26,32,fake,0.36,0.7419354838709677,0.4375,0.8881467970517966,0.33895137942218323,0.9986284002661705,0.00689613701192143
test/000118.mp4,000118,vgg19,jpeg_30,fake,True,26,32,fake,0.4,0.7419354838709677,0.5,0.8940520045848993,0.2881329153353434,0.9986284002661705,0.00689613701192143
test/000118.mp4,000118,vgg19,jpeg_40,fake,True,26,32,fake,0.4,0.7419354838709677,0.4375,0.8929113608140212,0.31635139249485916,0.9986284002661705,0.00689613701192143
test/000118.mp4,000118,vgg19,jpeg_50,fake,True,26,32,fake,0.32,0.7419354838709677,0.375,0.8905334701904883,0.29908948070757063,0.9986284002661705,0.00689613701192143
test/000118.mp4,000118,vgg19,jpeg_60,fake,True,26,32,fake,0.4,0.7419354838709677,0.5,0.8888641549990728,0.3248203448593027,0.9986284002661705,0.00689613701192143
test/000118.mp4,000118,vgg19,jpeg_70,fake,True,26,32,fake,0.36,0.7419354838709677,0.4375,0.9008711438912612,0.28204833003363067,0.9986284002661705,0.00689613701192143
test/000118.mp4,000118,vgg19,jpeg_80,fake,True,26,32,fake,0.4,0.7419354838709677,0.46875,0.864088604083428,0.36244017021719266,0.9986284002661705,0.00689613701192143
test/000118.mp4,000118,vgg19,jpeg_90,fake,True,26,32,fake,0.36,0.7419354838709677,0.40625,0.8770295771268698,0.34680756491086034,0.9986284002661705,0.00689613701192143
test/000118.mp4,000118,vgg19,jpeg_95,fake,True,26,32,fake,0.4,0.7419354838709677,0.4375,0.8843194406766158,0.3454911199286878,0.9986284002661705,0.00689613701192143
test/000118.mp4,000118,vgg19,h264_18_keepaudio,fake,True,26,32,fake,0.44,0.7419354838709677,0.4375,0.887099380676563,0.32583958069710506,0.9986284002661705,0.00689613701192143
test/000118.mp4,000118,vgg19,h264_23_keepaudio,fake,True,26,32,fake,0.36,0.7419354838709677,0.375,0.8985622685689193,0.30952544501133467,0.9986284002661705,0.00689613701192143
test/000118.mp4,000118,vgg19,h264_28_keepaudio,fake,True,26,32,fake,0.28,0.7419354838709677,0.40625,0.8422232430714828,0.4228437767702451,0.9986284002661705,0.00689613701192143
test/000118.mp4,000118,vgg19,h264_33_keepaudio,fake,True,26,32,fake,0.28,0.7419354838709677,0.34375,0.8521988231402177,0.37203008895086936,0.9986284002661705,0.00689613701192143
test/000118.mp4,000118,vgg19,h264_38_keepaudio,fake,True,26,32,fake,0.24,0.7419354838709677,0.28125,0.8512444381530468,0.40499446530700234,0.9986284002661705,0.00689613701192143
test/000118.mp4,000118,vgg19,h264_43_keepaudio,fake,True,26,32,fake,0.52,0.7419354838709677,0.46875,0.9082536880786602,0.2745467423038082,0.9986284002661705,0.00689613701192143
test/000119.mp4,000119,vgg19,clean,fake,True,30,37,fake,0.3103448275862069,0.7777777777777778,0.3783783783783784,0.8781784196694692,0.3831929602309573,0.9759751912709829,0.058930935799182724
test/000119.mp4,000119,vgg19,jpeg_10,fake,True,30,37,fake,0.41379310344827586,0.7777777777777778,0.2702702702702703,0.8539923419555028,0.3664425611782518,0.9759751912709829,0.058930935799182724
test/000119.mp4,000119,vgg19,jpeg_20,fake,True,30,37,fake,0.3103448275862069,0.7777777777777778,0.40540540540540543,0.8682844916979472,0.35395668029729527,0.9759751912709829,0.058930935799182724
test/000119.mp4,000119,vgg19,jpeg_30,fake,True,30,37,fake,0.3793103448275862,0.7777777777777778,0.32432432432432434,0.8597014129161835,0.3534333939389661,0.9759751912709829,0.058930935799182724
test/000119.mp4,000119,vgg19,jpeg_40,fake,True,30,37,fake,0.3448275862068966,0.7777777777777778,0.40540540540540543,0.8554416716098785,0.38512641782308576,0.9759751912709829,0.058930935799182724
test/000119.mp4,000119,vgg19,jpeg_50,fake,True,30,37,fake,0.27586206896551724,0.7777777777777778,0.35135135135135137,0.8545834849278132,0.38106121361191914,0.9759751912709829,0.058930935799182724
test/000119.mp4,000119,vgg19,jpeg_60,fake,True,30,37,fake,0.3103448275862069,0.7777777777777778,0.3783783783783784,0.877138497432073,0.36324796746912913,0.9759751912709829,0.058930935799182724
test/000119.mp4,000119,vgg19,jpeg_70,fake,True,30,37,fake,0.3103448275862069,0.7777777777777778,0.3783783783783784,0.8707039872805278,0.3811428349669433,0.9759751912709829,0.058930935799182724
test/000119.mp4,000119,vgg19,jpeg_80,fake,True,30,37,fake,0.3103448275862069,0.7777777777777778,0.35135135135135137,0.8754671255747477,0.37413918273147967,0.9759751912709829,0.058930935799182724
test/000119.mp4,000119,vgg19,jpeg_90,fake,True,30,37,fake,0.3103448275862069,0.7777777777777778,0.3783783783783784,0.8900258183479309,0.3541721491875449,0.9759751912709829,0.058930935799182724
test/000119.mp4,000119,vgg19,jpeg_95,fake,True,30,37,fake,0.3103448275862069,0.7777777777777778,0.3783783783783784,0.8779451767603557,0.3786560054843472,0.9759751912709829,0.058930935799182724
test/000119.mp4,000119,vgg19,h264_18_keepaudio,fake,True,30,37,fake,0.3103448275862069,0.7777777777777778,0.32432432432432434,0.8787516574064891,0.3612752467689279,0.9759751912709829,0.058930935799182724
test/000119.mp4,000119,vgg19,h264_23_keepaudio,fake,True,30,37,fake,0.3793103448275862,0.7777777777777778,0.2972972972972973,0.8585472742716471,0.4211779038579896,0.9759751912709829,0.058930935799182724
test/000119.mp4,000119,vgg19,h264_28_keepaudio,fake,True,30,37,fake,0.27586206896551724,0.7777777777777778,0.2972972972972973,0.8463843464851379,0.44582749545835554,0.9759751912709829,0.058930935799182724
test/000119.mp4,000119,vgg19,h264_33_keepaudio,fake,True,30,37,fake,0.2413793103448276,0.7777777777777778,0.35135135135135137,0.8512310852607091,0.3928487442020579,0.9759751912709829,0.058930935799182724
test/000119.mp4,000119,vgg19,h264_38_keepaudio,fake,True,30,37,fake,0.3103448275862069,0.7777777777777778,0.3783783783783784,0.8444025963544846,0.4089144496799238,0.9759751912709829,0.058930935799182724
test/000119.mp4,000119,vgg19,h264_43_keepaudio,fake,True,30,37,fake,0.3103448275862069,0.7777777777777778,0.32432432432432434,0.843601546684901,0.3721870893811518,0.9759751912709829,0.058930935799182724
test/000120.mp4,000120,vgg19,clean,real,True,13,15,fake,0.08333333333333333,0.5,0.26666666666666666,0.9358079020793622,0.15036667916498406,0.9999773581822713,0.00020350754960349514
test/000120.mp4,000120,vgg19,jpeg_10,real,True,13,15,fake,0.0,0.5,0.26666666666666666,0.9427684132869427,0.14082402757168558,0.9999773581822713,0.00020350754960349514
test/000120.mp4,000120,vgg19,jpeg_20,real,True,13,15,fake,0.08333333333333333,0.5,0.26666666666666666,0.9672201092426593,0.10823807951181985,0.9999773581822713,0.00020350754960349514
test/000120.mp4,000120,vgg19,jpeg_30,real,True,13,15,fake,0.16666666666666666,0.5,0.26666666666666666,0.88302448621163,0.2522943058487615,0.9999773581822713,0.00020350754960349514
test/000120.mp4,000120,vgg19,jpeg_40,real,True,13,15,fake,0.0,0.5,0.26666666666666666,0.919318689749791,0.18359136194108125,0.9999773581822713,0.00020350754960349514
test/000120.mp4,000120,vgg19,jpeg_50,real,True,13,15,fake,0.25,0.5,0.26666666666666666,0.9335055167858417,0.1837493779050601,0.9999773581822713,0.00020350754960349514
test/000120.mp4,000120,vgg19,jpeg_60,real,True,13,15,fake,0.0,0.5,0.26666666666666666,0.9500760298508865,0.14059243490493564,0.9999773581822713,0.00020350754960349514
test/000120.mp4,000120,vgg19,jpeg_70,real,True,12,15,fake,0.36363636363636365,0.5,0.26666666666666666,0.8762997140487035,0.23372449020365724,0.9999773581822713,0.00020350754960349514
test/000120.mp4,000120,vgg19,jpeg_80,real,True,12,15,fake,0.09090909090909091,0.5,0.26666666666666666,0.8627153635025024,0.2537599444937341,0.9999773581822713,0.00020350754960349514
test/000120.mp4,000120,vgg19,jpeg_90,real,True,12,15,fake,0.18181818181818182,0.5,0.26666666666666666,0.9206806967655817,0.15365912228474823,0.9999773581822713,0.00020350754960349514
test/000120.mp4,000120,vgg19,jpeg_95,real,True,12,15,fake,0.2727272727272727,0.5,0.26666666666666666,0.8978653450806936,0.19053805615426045,0.9999773581822713,0.00020350754960349514
test/000120.mp4,000120,vgg19,h264_18_keepaudio,real,True,13,15,fake,0.25,0.5,0.26666666666666666,0.9422224576656635,0.13944687946187723,0.9999773581822713,0.00020350754960349514
test/000120.mp4,000120,vgg19,h264_23_keepaudio,real,True,13,15,fake,0.08333333333333333,0.5,0.26666666666666666,0.9321377414923447,0.16374634359455784,0.9999773581822713,0.00020350754960349514
test/000120.mp4,000120,vgg19,h264_28_keepaudio,real,True,13,15,fake,0.08333333333333333,0.5,0.26666666666666666,0.9414767072750971,0.16728520701548294,0.9999773581822713,0.00020350754960349514
test/000120.mp4,000120,vgg19,h264_33_keepaudio,real,True,13,15,fake,0.0,0.5,0.26666666666666666,0.9151438841452966,0.22880654940489187,0.9999773581822713,0.00020350754960349514
test/000120.mp4,000120,vgg19,h264_38_keepaudio,real,True,12,15,fake,0.18181818181818182,0.5,0.26666666666666666,0.9488510886828104,0.17336294812962194,0.9999773581822713,0.00020350754960349514
test/000120.mp4,000120,vgg19,h264_43_keepaudio,real,True,12,15,fake,0.36363636363636365,0.5,0.6666666666666666,0.7440695911645889,0.5705253186329827,0.9999773581822713,0.00020350754960349514
test/000121.mp4,000121,vgg19,clean,real,True,15,18,fake,0.35714285714285715,0.8823529411764706,0.8888888888888888,0.9246314843495687,0.26639928471026464,0.9999986886978149,1.5737881695093727e-05
test/000121.mp4,000121,vgg19,jpeg_10,real,True,15,18,fake,0.2857142857142857,0.8823529411764706,0.8888888888888888,0.8531635761260986,0.36738030214045525,0.9999986886978149,1.5737881695093727e-05
test/000121.mp4,000121,vgg19,jpeg_20,real,True,15,18,fake,0.35714285714285715,0.8823529411764706,0.8888888888888888,0.9065678934256236,0.3215358081795809,0.9999986886978149,1.5737881695093727e-05
test/000121.mp4,000121,vgg19,jpeg_30,real,True,15,18,fake,0.21428571428571427,0.8823529411764706,0.8888888888888888,0.8930800477663676,0.3018930045742731,0.9999986886978149,1.5737881695093727e-05
test/000121.mp4,000121,vgg19,jpeg_40,real,True,15,18,fake,0.35714285714285715,0.8823529411764706,0.8888888888888888,0.9011654734611512,0.278732346039157,0.9999986886978149,1.5737881695093727e-05
test/000121.mp4,000121,vgg19,jpeg_50,real,True,15,18,fake,0.42857142857142855,0.8823529411764706,0.8333333333333334,0.921407550573349,0.25410334979678406,0.9999986886978149,1.5737881695093727e-05
test/000121.mp4,000121,vgg19,jpeg_60,real,True,15,18,fake,0.42857142857142855,0.8823529411764706,0.8333333333333334,0.8817981640497844,0.29556200363690793,0.9999986886978149,1.5737881695093727e-05
test/000121.mp4,000121,vgg19,jpeg_70,real,True,15,18,fake,0.5714285714285714,0.8823529411764706,0.8333333333333334,0.929780900478363,0.22272379353186678,0.9999986886978149,1.5737881695093727e-05
test/000121.mp4,000121,vgg19,jpeg_80,real,True,15,18,fake,0.35714285714285715,0.8823529411764706,0.8888888888888888,0.9179232398668925,0.28291364906771227,0.9999986886978149,1.5737881695093727e-05
test/000121.mp4,000121,vgg19,jpeg_90,real,True,15,18,fake,0.42857142857142855,0.8823529411764706,0.8333333333333334,0.9269204179445902,0.22833534634322236,0.9999986886978149,1.5737881695093727e-05
test/000121.mp4,000121,vgg19,jpeg_95,real,True,15,18,fake,0.35714285714285715,0.8823529411764706,0.8888888888888888,0.9399366617202759,0.2269390553402278,0.9999986886978149,1.5737881695093727e-05
test/000121.mp4,000121,vgg19,h264_18_keepaudio,real,True,15,18,fake,0.35714285714285715,0.8823529411764706,0.7777777777777778,0.8352740406990051,0.4220419320810039,0.9999986886978149,1.5737881695093727e-05
test/000121.mp4,000121,vgg19,h264_23_keepaudio,real,True,15,18,fake,0.35714285714285715,0.8823529411764706,0.8888888888888888,0.9350120226542155,0.24356294469557332,0.9999986886978149,1.5737881695093727e-05
test/000121.mp4,000121,vgg19,h264_28_keepaudio,real,True,15,18,fake,0.35714285714285715,0.8823529411764706,0.8888888888888888,0.9176783581574758,0.2496226781370871,0.9999986886978149,1.5737881695093727e-05
test/000121.mp4,000121,vgg19,h264_33_keepaudio,real,True,15,18,fake,0.21428571428571427,0.8823529411764706,0.8888888888888888,0.9245435158411662,0.26794330468361377,0.9999986886978149,1.5737881695093727e-05
test/000121.mp4,000121,vgg19,h264_38_keepaudio,real,True,15,18,fake,0.35714285714285715,0.8823529411764706,0.8888888888888888,0.928809541463852,0.204795894649017,0.9999986886978149,1.5737881695093727e-05
test/000121.mp4,000121,vgg19,h264_43_keepaudio,real,True,15,18,fake,0.5714285714285714,0.8823529411764706,0.4444444444444444,0.9157563050587972,0.27570977617461273,0.9999986886978149,1.5737881695093727e-05
test/000122.mp4,000122,vgg19,clean,real,True,17,20,fake,0.4375,0.7894736842105263,0.4,0.8853329069474164,0.328823958395157,0.9859473794698715,0.029730459136726072
test/000122.mp4,000122,vgg19,jpeg_10,real,True,17,20,fake,0.625,0.7894736842105263,0.3,0.912063973791459,0.24079345822604145,0.9859473794698715,0.029730459136726072
test/000122.mp4,000122,vgg19,jpeg_20,real,True,17,20,fake,0.4375,0.7894736842105263,0.3,0.8744437133564669,0.3230647439732047,0.9859473794698715,0.029730459136726072
test/000122.mp4,000122,vgg19,jpeg_30,real,True,17,20,fake,0.5,0.7894736842105263,0.45,0.9296498193460352,0.24022432455329815,0.9859473794698715,0.029730459136726072
test/000122.mp4,000122,vgg19,jpeg_40,real,True,17,20,fake,0.4375,0.7894736842105263,0.4,0.9131875178393196,0.28901728933374693,0.9859473794698715,0.029730459136726072
test/000122.mp4,000122,vgg19,jpeg_50,real,True,17,20,fake,0.4375,0.7894736842105263,0.4,0.8877493774189669,0.3331810555818867,0.9859473794698715,0.029730459136726072
test/000122.mp4,000122,vgg19,jpeg_60,real,True,17,20,fake,0.4375,0.7894736842105263,0.4,0.9059354557710535,0.3187678555931557,0.9859473794698715,0.029730459136726072
test/000122.mp4,000122,vgg19,jpeg_70,real,True,17,20,fake,0.4375,0.7894736842105263,0.4,0.9093383936321034,0.29143258629994073,0.9859473794698715,0.029730459136726072
test/000122.mp4,000122,vgg19,jpeg_80,real,True,17,20,fake,0.4375,0.7894736842105263,0.45,0.8927386368022245,0.30452482240876333,0.9859473794698715,0.029730459136726072
test/000122.mp4,000122,vgg19,jpeg_90,real,True,17,20,fake,0.4375,0.7894736842105263,0.45,0.9023790499743294,0.2771496204522203,0.9859473794698715,0.029730459136726072
test/000122.mp4,000122,vgg19,jpeg_95,real,True,17,20,fake,0.4375,0.7894736842105263,0.4,0.9135173033265507,0.2810231381421239,0.9859473794698715,0.029730459136726072
test/000122.mp4,000122,vgg19,h264_18_keepaudio,real,True,17,20,fake,0.4375,0.7894736842105263,0.4,0.8833525811924654,0.3318756851876373,0.9859473794698715,0.029730459136726072
test/000122.mp4,000122,vgg19,h264_23_keepaudio,real,True,17,20,fake,0.4375,0.7894736842105263,0.35,0.8742948244599735,0.3701374775444337,0.9859473794698715,0.029730459136726072
test/000122.mp4,000122,vgg19,h264_28_keepaudio,real,True,17,20,fake,0.5625,0.7894736842105263,0.35,0.8185901536661035,0.4661381826742932,0.9859473794698715,0.029730459136726072
test/000122.mp4,000122,vgg19,h264_33_keepaudio,real,True,17,20,fake,0.5,0.7894736842105263,0.2,0.7946090943673078,0.5902125874264021,0.9859473794698715,0.029730459136726072
test/000122.mp4,000122,vgg19,h264_38_keepaudio,real,True,17,20,fake,0.8125,0.7894736842105263,0.45,0.7084917899440316,0.7714545962263022,0.9859473794698715,0.029730459136726072
test/000122.mp4,000122,vgg19,h264_43_keepaudio,real,True,17,20,fake,0.875,0.7894736842105263,0.5,0.7472333873019499,0.6229598882081957,0.9859473794698715,0.029730459136726072
test/000123.mp4,000123,vgg19,clean,fake,True,19,23,fake,0.5555555555555556,0.7727272727272727,0.34782608695652173,0.7958385630657798,0.4743644723572826,0.9999735718188079,0.00022227249644355933
test/000123.mp4,000123,vgg19,jpeg_10,fake,True,19,23,fake,0.6111111111111112,0.7727272727272727,0.30434782608695654,0.8674012453932511,0.38389635112916376,0.9999735718188079,0.00022227249644355933
test/000123.mp4,000123,vgg19,jpeg_20,fake,True,19,23,fake,0.6666666666666666,0.7727272727272727,0.391304347826087,0.818584282147257,0.46680816058810154,0.9999735718188079,0.00022227249644355933
test/000123.mp4,000123,vgg19,jpeg_30,fake,True,19,23,fake,0.4444444444444444,0.7727272727272727,0.5217391304347826,0.8351468192903619,0.4230804996787068,0.9999735718188079,0.00022227249644355933
test/000123.mp4,000123,vgg19,jpeg_40,fake,True,19,23,fake,0.7222222222222222,0.7727272727272727,0.391304347826087,0.8424271439251146,0.43007724427188576,0.9999735718188079,0.00022227249644355933
test/000123.mp4,000123,vgg19,jpeg_50,fake,True,19,23,fake,0.5555555555555556,0.7727272727272727,0.4782608695652174,0.8522662081216511,0.3820927267892528,0.9999735718188079,0.00022227249644355933
test/000123.mp4,000123,vgg19,jpeg_60,fake,True,19,23,fake,0.6111111111111112,0.7727272727272727,0.43478260869565216,0.8278668240496987,0.45146776855741994,0.9999735718188079,0.00022227249644355933
test/000123.mp4,000123,vgg19,jpeg_70,fake,True,19,23,fake,0.4444444444444444,0.7727272727272727,0.30434782608695654,0.7582271052034277,0.523502992497042,0.9999735718188079,0.00022227249644355933
test/000123.mp4,000123,vgg19,jpeg_80,fake,True,19,23,fake,0.4444444444444444,0.7727272727272727,0.391304347826087,0.8214856903803976,0.4684931323408272,0.9999735718188079,0.00022227249644355933
test/000123.mp4,000123,vgg19,jpeg_90,fake,True,19,23,fake,0.6111111111111112,0.7727272727272727,0.43478260869565216,0.785383309188642,0.5030748042049867,0.9999735718188079,0.00022227249644355933
test/000123.mp4,000123,vgg19,jpeg_95,fake,True,19,23,fake,0.6111111111111112,0.7727272727272727,0.391304347826087,0.7764560235174078,0.5223297483342966,0.9999735718188079,0.00022227249644355933
test/000123.mp4,000123,vgg19,h264_18_keepaudio,fake,True,19,23,fake,0.4444444444444444,0.7727272727272727,0.391304347826087,0.8088532152928805,0.44902425999233037,0.9999735718188079,0.00022227249644355933
test/000123.mp4,000123,vgg19,h264_23_keepaudio,fake,True,19,23,fake,0.4444444444444444,0.7727272727272727,0.391304347826087,0.8753624119256672,0.3891323795131049,0.9999735718188079,0.00022227249644355933
test/000123.mp4,000123,vgg19,h264_28_keepaudio,fake,True,19,23,fake,0.5555555555555556,0.7727272727272727,0.43478260869565216,0.8072687905085715,0.48361845440483525,0.9999735718188079,0.00022227249644355933
test/000123.mp4,000123,vgg19,h264_33_keepaudio,fake,True,19,23,fake,0.3888888888888889,0.7727272727272727,0.4782608695652174,0.7701414494138015,0.5757115462500167,0.9999735718188079,0.00022227249644355933
test/000123.mp4,000123,vgg19,h264_38_keepaudio,fake,True,19,23,fake,0.7222222222222222,0.7727272727272727,0.2608695652173913,0.8152870316254465,0.5046102071490833,0.9999735718188079,0.00022227249644355933
test/000123.mp4,000123,vgg19,h264_43_keepaudio,fake,True,19,23,fake,0.5555555555555556,0.7727272727272727,0.5217391304347826,0.7898723561512796,0.5292144432401857,0.9999735718188079,0.00022227249644355933
test/000124.mp4,000124,vgg19,clean,fake,True,18,21,fake,0.5882352941176471,0.8,0.42857142857142855,0.8177051378620995,0.4299754687545761,0.9999710662024361,0.00024329946258945246
test/000124.mp4,000124,vgg19,jpeg_10,fake,True,18,21,fake,0.5294117647058824,0.8,0.3333333333333333,0.9062393075890012,0.3123271757527768,0.9999710662024361,0.00024329946258945246
test/000124.mp4,000124,vgg19,jpeg_20,fake,True,18,21,fake,0.5882352941176471,0.8,0.38095238095238093,0.8459964725706313,0.42022251811304046,0.9999710662024361,0.00024329946258945246
test/000124.mp4,000124,vgg19,jpeg_30,fake,True,18,21,fake,0.4117647058823529,0.8,0.5238095238095238,0.8682437737782797,0.3824444348774281,0.9999710662024361,0.00024329946258945246
test/000124.mp4,000124,vgg19,jpeg_40,fake,True,18,21,fake,0.5882352941176471,0.8,0.38095238095238093,0.8935816751586066,0.3294482672844603,0.9999710662024361,0.00024329946258945246
test/000124.mp4,000124,vgg19,jpeg_50,fake,True,18,21,fake,0.47058823529411764,0.8,0.42857142857142855,0.8722927471001943,0.3299470449094415,0.9999710662024361,0.00024329946258945246
test/000124.mp4,000124,vgg19,jpeg_60,fake,True,18,21,fake,0.5294117647058824,0.8,0.47619047619047616,0.8511824508508047,0.3986907435700834,0.9999710662024361,0.00024329946258945246
test/000124.mp4,000124,vgg19,jpeg_70,fake,True,18,21,fake,0.47058823529411764,0.8,0.38095238095238093,0.7933549914095137,0.4722164319963908,0.9999710662024361,0.00024329946258945246
test/000124.mp4,000124,vgg19,jpeg_80,fake,True,18,21,fake,0.5294117647058824,0.8,0.42857142857142855,0.7916379455063078,0.4959962845002258,0.9999710662024361,0.00024329946258945246
test/000124.mp4,000124,vgg19,jpeg_90,fake,True,18,21,fake,0.4117647058823529,0.8,0.42857142857142855,0.8013768725925021,0.45347140644358647,0.9999710662024361,0.00024329946258945246
test/000124.mp4,000124,vgg19,jpeg_95,fake,True,18,21,fake,0.5294117647058824,0.8,0.42857142857142855,0.8113767256339391,0.46498635709619024,0.9999710662024361,0.00024329946258945246
test/000124.mp4,000124,vgg19,h264_18_keepaudio,fake,True,18,21,fake,0.5882352941176471,0.8,0.42857142857142855,0.822144091129303,0.4394671999177839,0.9999710662024361,0.00024329946258945246
test/000124.mp4,000124,vgg19,h264_23_keepaudio,fake,True,18,21,fake,0.47058823529411764,0.8,0.38095238095238093,0.8321451014942594,0.46165284120967975,0.9999710662024361,0.00024329946258945246
test/000124.mp4,000124,vgg19,h264_28_keepaudio,fake,True,18,21,fake,0.5882352941176471,0.8,0.42857142857142855,0.7734410282638338,0.5556423748110473,0.9999710662024361,0.00024329946258945246
test/000124.mp4,000124,vgg19,h264_33_keepaudio,fake,True,18,21,fake,0.47058823529411764,0.8,0.47619047619047616,0.6201819843716092,0.9176997294616869,0.9999710662024361,0.00024329946258945246
test/000124.mp4,000124,vgg19,h264_38_keepaudio,fake,True,18,21,fake,0.8235294117647058,0.8,0.38095238095238093,0.7226339479287466,0.6622673577714283,0.9999710662024361,0.00024329946258945246
test/000124.mp4,000124,vgg19,h264_43_keepaudio,fake,True,18,21,fake,0.8235294117647058,0.8,0.5714285714285714,0.8570899797810448,0.3973332391358639,0.9999710662024361,0.00024329946258945246
test/000125.mp4,000125,vgg19,clean,fake,True,19,23,fake,0.5555555555555556,0.7727272727272727,0.43478260869565216,0.7993755026867515,0.47860851608985494,0.9999735718188079,0.00022227249644355933
test/000125.mp4,000125,vgg19,jpeg_10,fake,True,19,23,fake,0.4444444444444444,0.7727272727272727,0.30434782608695654,0.8971576973011619,0.32275887795645053,0.9999735718188079,0.00022227249644355933
test/000125.mp4,000125,vgg19,jpeg_20,fake,True,19,23,fake,0.4444444444444444,0.7727272727272727,0.30434782608695654,0.8661081477215415,0.39097586579753907,0.9999735718188079,0.00022227249644355933
test/000125.mp4,000125,vgg19,jpeg_30,fake,True,19,23,fake,0.3888888888888889,0.7727272727272727,0.5217391304347826,0.8619577727819744,0.3875622165985493,0.9999735718188079,0.00022227249644355933
test/000125.mp4,000125,vgg19,jpeg_40,fake,True,19,23,fake,0.5,0.7727272727272727,0.391304347826087,0.8479808349358408,0.42045597214291913,0.9999735718188079,0.00022227249644355933
test/000125.mp4,000125,vgg19,jpeg_50,fake,True,19,23,fake,0.5555555555555556,0.7727272727272727,0.4782608695652174,0.8425116256663674,0.3976203981701701,0.9999735718188079,0.00022227249644355933
test/000125.mp4,000125,vgg19,jpeg_60,fake,True,19,23,fake,0.5,0.7727272727272727,0.4782608695652174,0.7933947287107769,0.5147061094184737,0.9999735718188079,0.00022227249644355933
test/000125.mp4,000125,vgg19,jpeg_70,fake,True,19,23,fake,0.3333333333333333,0.7727272727272727,0.34782608695652173,0.7913289195612857,0.48416507669132725,0.9999735718188079,0.00022227249644355933
test/000125.mp4,000125,vgg19,jpeg_80,fake,True,19,23,fake,0.4444444444444444,0.7727272727272727,0.391304347826087,0.8327193213136572,0.4419082055890039,0.9999735718188079,0.00022227249644355933
test/000125.mp4,000125,vgg19,jpeg_90,fake,True,19,23,fake,0.5,0.7727272727272727,0.4782608695652174,0.7942092967660803,0.48713538327413414,0.9999735718188079,0.00022227249644355933
test/000125.mp4,000125,vgg19,jpeg_95,fake,True,19,23,fake,0.5,0.7727272727272727,0.43478260869565216,0.7949264724003641,0.5180559490049682,0.9999735718188079,0.00022227249644355933
test/000125.mp4,000125,vgg19,h264_18_keepaudio,fake,True,19,23,fake,0.5555555555555556,0.7727272727272727,0.43478260869565216,0.81947303132007,0.4711587646294846,0.9999735718188079,0.00022227249644355933
test/000125.mp4,000125,vgg19,h264_23_keepaudio,fake,True,19,23,fake,0.5,0.7727272727272727,0.391304347826087,0.8449739374612507,0.47504169307449073,0.9999735718188079,0.00022227249644355933
test/000125.mp4,000125,vgg19,h264_28_keepaudio,fake,True,19,23,fake,0.5555555555555556,0.7727272727272727,0.43478260869565216,0.7807538242716539,0.5441725456452288,0.9999735718188079,0.00022227249644355933
test/000125.mp4,000125,vgg19,h264_33_keepaudio,fake,True,19,23,fake,0.3333333333333333,0.7727272727272727,0.5217391304347826,0.714403720278489,0.722867542022928,0.9999735718188079,0.00022227249644355933
test/000125.mp4,000125,vgg19,h264_38_keepaudio,fake,True,19,23,fake,0.8888888888888888,0.7727272727272727,0.43478260869565216,0.7902157196873113,0.5383732171144607,0.9999735718188079,0.00022227249644355933
test/000125.mp4,000125,vgg19,h264_43_keepaudio,fake,True,19,23,fake,0.7777777777777778,0.7727272727272727,0.5652173913043478,0.8120524444078144,0.4878076782924876,0.9999735718188079,0.00022227249644355933
test/000126.mp4,000126,vgg19,clean,real,True,23,29,fake,0.6363636363636364,0.75,0.8620689655172413,0.9114680964013805,0.2225643596700932,0.9999999547826832,6.502192327653807e-07
test/000126.mp4,000126,vgg19,jpeg_10,real,True,23,29,fake,0.6818181818181818,0.75,0.8620689655172413,0.8934903766797937,0.25686904714886966,0.9999999547826832,6.502192327653807e-07
test/000126.mp4,000126,vgg19,jpeg_20,real,True,23,29,fake,0.7272727272727273,0.75,0.8275862068965517,0.8917233386765355,0.2672023656295545,0.9999999547826832,6.502192327653807e-07
test/000126.mp4,000126,vgg19,jpeg_30,real,True,23,29,fake,0.8636363636363636,0.75,0.9310344827586207,0.9286015992579253,0.1870740548275788,0.9999999547826832,6.502192327653807e-07
test/000126.mp4,000126,vgg19,jpeg_40,real,True,24,29,fake,0.6956521739130435,0.75,0.8620689655172413,0.9410870398084322,0.18129611168039395,0.9999999547826832,6.502192327653807e-07
test/000126.mp4,000126,vgg19,jpeg_50,real,True,23,29,fake,0.7727272727272727,0.75,0.8620689655172413,0.9259486548278643,0.2065451904182609,0.9999999547826832,6.502192327653807e-07
test/000126.mp4,000126,vgg19,jpeg_60,real,True,23,29,fake,0.6363636363636364,0.75,0.8620689655172413,0.9246097492135089,0.20655274851740743,0.9999999547826832,6.502192327653807e-07
test/000126.mp4,000126,vgg19,jpeg_70,real,True,23,29,fake,0.6363636363636364,0.75,0.8620689655172413,0.9555269972137783,0.14727452652464076,0.9999999547826832,6.502192327653807e-07
test/000126.mp4,000126,vgg19,jpeg_80,real,True,23,29,fake,0.7272727272727273,0.75,0.9310344827586207,0.9491106841875159,0.1663674729692807,0.9999999547826832,6.502192327653807e-07
test/000126.mp4,000126,vgg19,jpeg_90,real,True,24,29,fake,0.7391304347826086,0.75,0.9310344827586207,0.922518161435922,0.2027591240860734,0.9999999547826832,6.502192327653807e-07
test/000126.mp4,000126,vgg19,jpeg_95,real,True,24,29,fake,0.6956521739130435,0.75,0.8620689655172413,0.9310307130217552,0.1829385418412343,0.9999999547826832,6.502192327653807e-07
test/000126.mp4,000126,vgg19,h264_18_keepaudio,real,True,23,29,fake,0.7727272727272727,0.75,0.9310344827586207,0.9118136504422063,0.23543677221914616,0.9999999547826832,6.502192327653807e-07
test/000126.mp4,000126,vgg19,h264_23_keepaudio,real,True,23,29,fake,0.7727272727272727,0.75,0.9310344827586207,0.9328456546949304,0.16693352597632588,0.9999999547826832,6.502192327653807e-07
test/000126.mp4,000126,vgg19,h264_28_keepaudio,real,True,23,29,fake,0.6363636363636364,0.75,0.8620689655172413,0.9368041222510131,0.19358593501325394,0.9999999547826832,6.502192327653807e-07
test/000126.mp4,000126,vgg19,h264_33_keepaudio,real,True,24,29,fake,0.782608695652174,0.75,0.896551724137931,0.9445220703879992,0.1722807489070083,0.9999999547826832,6.502192327653807e-07
test/000126.mp4,000126,vgg19,h264_38_keepaudio,real,True,23,29,fake,0.8636363636363636,0.75,0.9310344827586207,0.9318024891874065,0.19247928140749113,0.9999999547826832,6.502192327653807e-07
test/000126.mp4,000126,vgg19,h264_43_keepaudio,real,True,23,29,fake,0.8181818181818182,0.75,0.8275862068965517,0.841373956721762,0.39969281471295753,0.9999999547826832,6.502192327653807e-07
test/000127.mp4,000127,vgg19,clean,fake,True,24,29,fake,0.6521739130434783,0.6071428571428571,0.8275862068965517,0.9377356345454851,0.1839281664595268,1.0,1.6578612669557124e-10
test/000127.mp4,000127,vgg19,jpeg_10,fake,True,23,29,fake,0.6818181818181818,0.6071428571428571,0.8275862068965517,0.8756053538426108,0.3027182687216744,1.0,1.6578612669557124e-10
test/000127.mp4,000127,vgg19,jpeg_20,fake,True,23,29,fake,0.7272727272727273,0.6071428571428571,0.7931034482758621,0.9053894436877706,0.253643784757591,1.0,1.6578612669557124e-10
test/000127.mp4,000127,vgg19,jpeg_30,fake,True,24,29,fake,0.7391304347826086,0.6071428571428571,0.7931034482758621,0.9449923783540726,0.17650084709515976,1.0,1.6578612669557124e-10
test/000127.mp4,000127,vgg19,jpeg_40,fake,True,24,29,fake,0.7391304347826086,0.6071428571428571,0.7931034482758621,0.9347879638274511,0.17107435614983232,1.0,1.6578612669557124e-10
test/000127.mp4,000127,vgg19,jpeg_50,fake,True,24,29,fake,0.6956521739130435,0.6071428571428571,0.8275862068965517,0.9129461199045181,0.22442801128681486,1.0,1.6578612669557124e-10
test/000127.mp4,000127,vgg19,jpeg_60,fake,True,24,29,fake,0.6521739130434783,0.6071428571428571,0.8620689655172413,0.948202853401502,0.13782026019432936,1.0,1.6578612669557124e-10
test/000127.mp4,000127,vgg19,jpeg_70,fake,True,24,29,fake,0.6521739130434783,0.6071428571428571,0.8275862068965517,0.9523330007990202,0.13256929152687766,1.0,1.6578612669557124e-10
test/000127.mp4,000127,vgg19,jpeg_80,fake,True,24,29,fake,0.6521739130434783,0.6071428571428571,0.8620689655172413,0.9443478683630625,0.19272952233926122,1.0,1.6578612669557124e-10
test/000127.mp4,000127,vgg19,jpeg_90,fake,True,24,29,fake,0.6521739130434783,0.6071428571428571,0.8275862068965517,0.9358986566464106,0.19562123377461849,1.0,1.6578612669557124e-10
test/000127.mp4,000127,vgg19,jpeg_95,fake,True,24,29,fake,0.6521739130434783,0.6071428571428571,0.8275862068965517,0.9547298327088356,0.156058089558452,1.0,1.6578612669557124e-10
test/000127.mp4,000127,vgg19,h264_18_keepaudio,fake,True,24,29,fake,0.6521739130434783,0.6071428571428571,0.8275862068965517,0.9392824048797289,0.18203619299047866,1.0,1.6578612669557124e-10
test/000127.mp4,000127,vgg19,h264_23_keepaudio,fake,True,24,29,fake,0.7391304347826086,0.6071428571428571,0.7931034482758621,0.9367005030314127,0.18448144656744395,1.0,1.6578612669557124e-10
test/000127.mp4,000127,vgg19,h264_28_keepaudio,fake,True,24,29,fake,0.8695652173913043,0.6071428571428571,0.8275862068965517,0.9215562877555689,0.2111008163616325,1.0,1.6578612669557124e-10
test/000127.mp4,000127,vgg19,h264_33_keepaudio,fake,True,23,29,fake,0.7727272727272727,0.6071428571428571,0.8620689655172413,0.8570564155993254,0.3323835908923207,1.0,1.6578612669557124e-10
test/000127.mp4,000127,vgg19,h264_38_keepaudio,fake,True,24,29,fake,0.8695652173913043,0.6071428571428571,0.896551724137931,0.9410488915940126,0.16338318551793743,1.0,1.6578612669557124e-10
test/000127.mp4,000127,vgg19,h264_43_keepaudio,fake,True,22,29,fake,0.7142857142857143,0.6071428571428571,0.896551724137931,0.9515790424563668,0.14053188151628399,1.0,1.6578612669557124e-10
test/000128.mp4,000128,vgg19,clean,fake,True,24,29,fake,0.6956521739130435,0.7142857142857143,0.8275862068965517,0.9282884349425634,0.18368512752154323,1.0,1.739742097242152e-10
test/000128.mp4,000128,vgg19,jpeg_10,fake,True,24,29,fake,0.7391304347826086,0.7142857142857143,0.7241379310344828,0.8795832904676596,0.31966583444380636,1.0,1.739742097242152e-10
test/000128.mp4,000128,vgg19,jpeg_20,fake,True,24,29,fake,0.6956521739130435,0.7142857142857143,0.7931034482758621,0.9189513996243477,0.21790220072218122,1.0,1.739742097242152e-10
test/000128.mp4,000128,vgg19,jpeg_30,fake,True,24,29,fake,0.7391304347826086,0.7142857142857143,0.7931034482758621,0.8978883400559425,0.23355034370581962,1.0,1.739742097242152e-10
test/000128.mp4,000128,vgg19,jpeg_40,fake,True,24,29,fake,0.8695652173913043,0.7142857142857143,0.7931034482758621,0.9036242502431074,0.23442455026578232,1.0,1.739742097242152e-10
test/000128.mp4,000128,vgg19,jpeg_50,fake,True,24,29,fake,0.782608695652174,0.7142857142857143,0.8275862068965517,0.9028794219096502,0.2605797604767381,1.0,1.739742097242152e-10
test/000128.mp4,000128,vgg19,jpeg_60,fake,True,24,29,fake,0.7391304347826086,0.7142857142857143,0.8275862068965517,0.9478103245298067,0.16578119238945718,1.0,1.739742097242152e-10
test/000128.mp4,000128,vgg19,jpeg_70,fake,True,24,29,fake,0.7391304347826086,0.7142857142857143,0.8275862068965517,0.9124454533060392,0.2058648569246961,1.0,1.739742097242152e-10
test/000128.mp4,000128,vgg19,jpeg_80,fake,True,24,29,fake,0.7391304347826086,0.7142857142857143,0.8275862068965517,0.9266767253478368,0.1770425839978956,1.0,1.739742097242152e-10
test/000128.mp4,000128,vgg19,jpeg_90,fake,True,24,29,fake,0.7391304347826086,0.7142857142857143,0.8275862068965517,0.9197423594693342,0.19926652747341322,1.0,1.739742097242152e-10
test/000128.mp4,000128,vgg19,jpeg_95,fake,True,24,29,fake,0.8260869565217391,0.7142857142857143,0.8620689655172413,0.9190509716669718,0.19683992935311667,1.0,1.739742097242152e-10
test/000128.mp4,000128,vgg19,h264_18_keepaudio,fake,True,24,29,fake,0.782608695652174,0.7142857142857143,0.8275862068965517,0.9188369140028954,0.2135082719676923,1.0,1.739742097242152e-10
test/000128.mp4,000128,vgg19,h264_23_keepaudio,fake,True,24,29,fake,0.6521739130434783,0.7142857142857143,0.7586206896551724,0.908340240518252,0.23445186476153676,1.0,1.739742097242152e-10
test/000128.mp4,000128,vgg19,h264_28_keepaudio,fake,True,24,29,fake,0.7391304347826086,0.7142857142857143,0.8275862068965517,0.9164215723673502,0.23749932173505392,1.0,1.739742097242152e-10
test/000128.mp4,000128,vgg19,h264_33_keepaudio,fake,True,24,29,fake,0.6521739130434783,0.7142857142857143,0.7931034482758621,0.9752059280872345,0.10033299642985204,1.0,1.739742097242152e-10
test/000128.mp4,000128,vgg19,h264_38_keepaudio,fake,True,23,29,fake,0.7272727272727273,0.7142857142857143,0.8620689655172413,0.9230907974035844,0.22754868466497621,1.0,1.739742097242152e-10
test/000128.mp4,000128,vgg19,h264_43_keepaudio,fake,True,23,29,fake,0.7272727272727273,0.7142857142857143,0.7586206896551724,0.8939398371655009,0.25403074417553323,1.0,1.739742097242152e-10
test/000129.mp4,000129,vgg19,clean,fake,True,24,29,fake,0.6956521739130435,0.6071428571428571,0.7931034482758621,0.9797275314728419,0.08222887130892208,1.0,1.6578612669557124e-10
test/000129.mp4,000129,vgg19,jpeg_10,fake,True,24,29,fake,0.782608695652174,0.6071428571428571,0.7931034482758621,0.9238362809022268,0.24184395037584736,1.0,1.6578612669557124e-10
test/000129.mp4,000129,vgg19,jpeg_20,fake,True,24,29,fake,0.782608695652174,0.6071428571428571,0.8275862068965517,0.9562212824821472,0.1530739835770892,1.0,1.6578612669557124e-10
test/000129.mp4,000129,vgg19,jpeg_30,fake,True,23,29,fake,0.7272727272727273,0.6071428571428571,0.7586206896551724,0.9526774131733439,0.1496426707847171,1.0,1.6578612669557124e-10
test/000129.mp4,000129,vgg19,jpeg_40,fake,True,24,29,fake,0.7391304347826086,0.6071428571428571,0.7586206896551724,0.9726442893346151,0.08656735127642932,1.0,1.6578612669557124e-10
test/000129.mp4,000129,vgg19,jpeg_50,fake,True,24,29,fake,0.6956521739130435,0.6071428571428571,0.7931034482758621,0.9774322013060252,0.0671351818934897,1.0,1.6578612669557124e-10
test/000129.mp4,000129,vgg19,jpeg_60,fake,True,24,29,fake,0.6956521739130435,0.6071428571428571,0.7931034482758621,0.9549060588081678,0.12209988337934645,1.0,1.6578612669557124e-10
test/000129.mp4,000129,vgg19,jpeg_70,fake,True,24,29,fake,0.7391304347826086,0.6071428571428571,0.7586206896551724,0.9575534164905548,0.11771747049587337,1.0,1.6578612669557124e-10
test/000129.mp4,000129,vgg19,jpeg_80,fake,True,24,29,fake,0.7391304347826086,0.6071428571428571,0.7931034482758621,0.9672830924391747,0.0850704583124713,1.0,1.6578612669557124e-10
test/000129.mp4,000129,vgg19,jpeg_90,fake,True,24,29,fake,0.6956521739130435,0.6071428571428571,0.7931034482758621,0.9727966363231341,0.09240443037227081,1.0,1.6578612669557124e-10
test/000129.mp4,000129,vgg19,jpeg_95,fake,True,24,29,fake,0.6956521739130435,0.6071428571428571,0.7931034482758621,0.959062784910202,0.12945211586889557,1.0,1.6578612669557124e-10
test/000129.mp4,000129,vgg19,h264_18_keepaudio,fake,True,24,29,fake,0.6956521739130435,0.6071428571428571,0.7931034482758621,0.9545039311051369,0.1286885838519025,1.0,1.6578612669557124e-10
test/000129.mp4,000129,vgg19,h264_23_keepaudio,fake,True,24,29,fake,0.6956521739130435,0.6071428571428571,0.7931034482758621,0.9647921671470007,0.1271086532212068,1.0,1.6578612669557124e-10
test/000129.mp4,000129,vgg19,h264_28_keepaudio,fake,True,24,29,fake,0.782608695652174,0.6071428571428571,0.7931034482758621,0.9384769424796104,0.16173567981969636,1.0,1.6578612669557124e-10
test/000129.mp4,000129,vgg19,h264_33_keepaudio,fake,True,24,29,fake,0.9130434782608695,0.6071428571428571,0.8620689655172413,0.9140828599532446,0.21415102111952677,1.0,1.6578612669557124e-10
test/000129.mp4,000129,vgg19,h264_38_keepaudio,fake,True,23,29,fake,0.7272727272727273,0.6071428571428571,0.8620689655172413,0.9142150179199551,0.25508301749331486,1.0,1.6578612669557124e-10
test/000129.mp4,000129,vgg19,h264_43_keepaudio,fake,True,24,29,fake,0.8695652173913043,0.6071428571428571,0.9310344827586207,0.9840023964643478,0.0728295460336625,1.0,1.6578612669557124e-10
test/000130.mp4,000130,vgg19,clean,real,True,19,22,fake,0.16666666666666666,0.9047619047619048,0.5,0.9487633360059637,0.1362833859016197,1.0,1.6578612669557122e-10
test/000130.mp4,000130,vgg19,jpeg_10,real,True,19,22,fake,0.2222222222222222,0.9047619047619048,0.36363636363636365,0.9533894313009161,0.14644828675431013,1.0,1.6578612669557122e-10
test/000130.mp4,000130,vgg19,jpeg_20,real,True,19,22,fake,0.2222222222222222,0.9047619047619048,0.4090909090909091,0.9380801069109064,0.20701409128295511,1.0,1.6578612669557122e-10
test/000130.mp4,000130,vgg19,jpeg_30,real,True,19,22,fake,0.2222222222222222,0.9047619047619048,0.4090909090909091,0.9036979581180372,0.24092404057965774,1.0,1.6578612669557122e-10
test/000130.mp4,000130,vgg19,jpeg_40,real,True,19,22,fake,0.2222222222222222,0.9047619047619048,0.45454545454545453,0.9574730584495946,0.1374923882336711,1.0,1.6578612669557122e-10
test/000130.mp4,000130,vgg19,jpeg_50,real,True,19,22,fake,0.2777777777777778,0.9047619047619048,0.45454545454545453,0.9265371796331907,0.1803170760626687,1.0,1.6578612669557122e-10
test/000130.mp4,000130,vgg19,jpeg_60,real,True,19,22,fake,0.2222222222222222,0.9047619047619048,0.45454545454545453,0.9365355748879282,0.18039160249083805,1.0,1.6578612669557122e-10
test/000130.mp4,000130,vgg19,jpeg_70,real,True,19,22,fake,0.2222222222222222,0.9047619047619048,0.4090909090909091,0.9297478810737008,0.2107582639027287,1.0,1.6578612669557122e-10
test/000130.mp4,000130,vgg19,jpeg_80,real,True,19,22,fake,0.1111111111111111,0.9047619047619048,0.5,0.9247821491015585,0.18217674116553995,1.0,1.6578612669557122e-10
test/000130.mp4,000130,vgg19,jpeg_90,real,True,19,22,fake,0.1111111111111111,0.9047619047619048,0.5,0.9162023130216097,0.20161372055655244,1.0,1.6578612669557122e-10
test/000130.mp4,000130,vgg19,jpeg_95,real,True,19,22,fake,0.2222222222222222,0.9047619047619048,0.45454545454545453,0.9452284292170876,0.14654942020485284,1.0,1.6578612669557122e-10
test/000130.mp4,000130,vgg19,h264_18_keepaudio,real,True,19,22,fake,0.2222222222222222,0.9047619047619048,0.45454545454545453,0.902477851039485,0.23771394658859732,1.0,1.6578612669557122e-10
test/000130.mp4,000130,vgg19,h264_23_keepaudio,real,True,19,22,fake,0.1111111111111111,0.9047619047619048,0.4090909090909091,0.9761504938727931,0.1015204116265397,1.0,1.6578612669557122e-10
test/000130.mp4,000130,vgg19,h264_28_keepaudio,real,True,19,22,fake,0.1111111111111111,0.9047619047619048,0.36363636363636365,0.9855662490192213,0.06977001146376309,1.0,1.6578612669557122e-10
test/000130.mp4,000130,vgg19,h264_33_keepaudio,real,True,19,22,fake,0.16666666666666666,0.9047619047619048,0.3181818181818182,0.910927132556313,0.22369798946875943,1.0,1.6578612669557122e-10
test/000130.mp4,000130,vgg19,h264_38_keepaudio,real,True,19,22,fake,0.05555555555555555,0.9047619047619048,0.2727272727272727,0.9830520968688162,0.07500018182474112,1.0,1.6578612669557122e-10
test/000130.mp4,000130,vgg19,h264_43_keepaudio,real,True,19,22,fake,0.05555555555555555,0.9047619047619048,0.3181818181818182,0.9379071750138935,0.16124318207690258,1.0,1.6578612669557122e-10
test/000131.mp4,000131,vgg19,clean,fake,True,20,24,fake,0.21052631578947367,0.8260869565217391,0.3333333333333333,0.9290411368012428,0.19692101034009277,1.0,1.6578612669557127e-10
test/000131.mp4,000131,vgg19,jpeg_10,fake,True,20,24,fake,0.15789473684210525,0.8260869565217391,0.25,0.9308731377124786,0.20456498171935705,1.0,1.6578612669557127e-10
test/000131.mp4,000131,vgg19,jpeg_20,fake,True,20,24,fake,0.10526315789473684,0.8260869565217391,0.2916666666666667,0.9320794522762299,0.20667110888881995,1.0,1.6578612669557127e-10
test/000131.mp4,000131,vgg19,jpeg_30,fake,True,20,24,fake,0.21052631578947367,0.8260869565217391,0.3333333333333333,0.9523447692394257,0.15781704088465248,1.0,1.6578612669557127e-10
test/000131.mp4,000131,vgg19,jpeg_40,fake,True,20,24,fake,0.10526315789473684,0.8260869565217391,0.375,0.9495475828647614,0.1421883696542579,1.0,1.6578612669557127e-10
test/000131.mp4,000131,vgg19,jpeg_50,fake,True,20,24,fake,0.3157894736842105,0.8260869565217391,0.375,0.9247208416461945,0.1807474067234395,1.0,1.6578612669557127e-10
test/000131.mp4,000131,vgg19,jpeg_60,fake,True,20,24,fake,0.21052631578947367,0.8260869565217391,0.3333333333333333,0.9430522292852401,0.1639818456452867,1.0,1.6578612669557127e-10
test/000131.mp4,000131,vgg19,jpeg_70,fake,True,20,24,fake,0.10526315789473684,0.8260869565217391,0.375,0.9577582895755767,0.15618733134940277,1.0,1.6578612669557127e-10
test/000131.mp4,000131,vgg19,jpeg_80,fake,True,20,24,fake,0.21052631578947367,0.8260869565217391,0.375,0.9306807473301888,0.19836805802395086,1.0,1.6578612669557127e-10
test/000131.mp4,000131,vgg19,jpeg_90,fake,True,20,24,fake,0.21052631578947367,0.8260869565217391,0.4166666666666667,0.9353229731321335,0.19035844430835294,1.0,1.6578612669557127e-10
test/000131.mp4,000131,vgg19,jpeg_95,fake,True,20,24,fake,0.10526315789473684,0.8260869565217391,0.375,0.9416636615991593,0.17664710047499824,1.0,1.6578612669557127e-10
test/000131.mp4,000131,vgg19,h264_18_keepaudio,fake,True,20,24,fake,0.21052631578947367,0.8260869565217391,0.375,0.9464977502822876,0.14661605051093596,1.0,1.6578612669557127e-10
test/000131.mp4,000131,vgg19,h264_23_keepaudio,fake,True,20,24,fake,0.10526315789473684,0.8260869565217391,0.375,0.9388437807559967,0.1721502308594606,1.0,1.6578612669557127e-10
test/000131.mp4,000131,vgg19,h264_28_keepaudio,fake,True,20,24,fake,0.21052631578947367,0.8260869565217391,0.3333333333333333,0.8684112548828125,0.28438445390059036,1.0,1.6578612669557127e-10
test/000131.mp4,000131,vgg19,h264_33_keepaudio,fake,True,20,24,fake,0.10526315789473684,0.8260869565217391,0.4583333333333333,0.9374920666217804,0.19689691017030048,1.0,1.6578612669557127e-10
test/000131.mp4,000131,vgg19,h264_38_keepaudio,fake,True,20,24,fake,0.2631578947368421,0.8260869565217391,0.4166666666666667,0.7941081389784813,0.448950848688581,1.0,1.6578612669557127e-10
test/000131.mp4,000131,vgg19,h264_43_keepaudio,fake,True,20,24,fake,0.10526315789473684,0.8260869565217391,0.3333333333333333,0.8591231822967529,0.33268150684317294,1.0,1.6578612669557127e-10
test/000132.mp4,000132,vgg19,clean,fake,True,19,23,fake,0.2222222222222222,0.8181818181818182,0.391304347826087,0.9500253231901872,0.14493351991045744,1.0,1.6578612669557122e-10
test/000132.mp4,000132,vgg19,jpeg_10,fake,True,19,23,fake,0.2222222222222222,0.8181818181818182,0.30434782608695654,0.9625200503750851,0.11394821052038362,1.0,1.6578612669557122e-10
test/000132.mp4,000132,vgg19,jpeg_20,fake,True,19,23,fake,0.2222222222222222,0.8181818181818182,0.43478260869565216,0.9686762596431532,0.12173698521530464,1.0,1.6578612669557122e-10
test/000132.mp4,000132,vgg19,jpeg_30,fake,True,19,23,fake,0.3333333333333333,0.8181818181818182,0.43478260869565216,0.9347259465016817,0.1698288094681805,1.0,1.6578612669557122e-10
test/000132.mp4,000132,vgg19,jpeg_40,fake,True,19,23,fake,0.1111111111111111,0.8181818181818182,0.43478260869565216,0.9441989660263062,0.15052222713323057,1.0,1.6578612669557122e-10
test/000132.mp4,000132,vgg19,jpeg_50,fake,True,19,23,fake,0.2222222222222222,0.8181818181818182,0.391304347826087,0.9718543447946247,0.10931569143139513,1.0,1.6578612669557122e-10
test/000132.mp4,000132,vgg19,jpeg_60,fake,True,19,23,fake,0.2222222222222222,0.8181818181818182,0.391304347826087,0.9681800823462637,0.12256618910420004,1.0,1.6578612669557122e-10
test/000132.mp4,000132,vgg19,jpeg_70,fake,True,19,23,fake,0.2222222222222222,0.8181818181818182,0.391304347826087,0.9567397958353946,0.14015945773309887,1.0,1.6578612669557122e-10
test/000132.mp4,000132,vgg19,jpeg_80,fake,True,19,23,fake,0.2222222222222222,0.8181818181818182,0.391304347826087,0.9721235476042095,0.10767753248136212,1.0,1.6578612669557122e-10
test/000132.mp4,000132,vgg19,jpeg_90,fake,True,19,23,fake,0.1111111111111111,0.8181818181818182,0.43478260869565216,0.9488638184572521,0.14543709287455933,1.0,1.6578612669557122e-10
test/000132.mp4,000132,vgg19,jpeg_95,fake,True,19,23,fake,0.2222222222222222,0.8181818181818182,0.391304347826087,0.9676927171255413,0.11897667133216559,1.0,1.6578612669557122e-10
test/000132.mp4,000132,vgg19,h264_18_keepaudio,fake,True,19,23,fake,0.2222222222222222,0.8181818181818182,0.43478260869565216,0.9561514321126436,0.15281534311540423,1.0,1.6578612669557122e-10
test/000132.mp4,000132,vgg19,h264_23_keepaudio,fake,True,19,23,fake,0.2222222222222222,0.8181818181818182,0.391304347826087,0.9482117671715585,0.16419725795440138,1.0,1.6578612669557122e-10
test/000132.mp4,000132,vgg19,h264_28_keepaudio,fake,True,19,23,fake,0.1111111111111111,0.8181818181818182,0.43478260869565216,0.9377727602657518,0.19585803239661329,1.0,1.6578612669557122e-10
test/000132.mp4,000132,vgg19,h264_33_keepaudio,fake,True,19,23,fake,0.16666666666666666,0.8181818181818182,0.391304347826087,0.9512394415704828,0.14199422799106265,1.0,1.6578612669557122e-10
test/000132.mp4,000132,vgg19,h264_38_keepaudio,fake,True,19,23,fake,0.16666666666666666,0.8181818181818182,0.43478260869565216,0.8806319738689222,0.31319498594108114,1.0,1.6578612669557122e-10
test/000132.mp4,000132,vgg19,h264_43_keepaudio,fake,True,19,23,fake,0.05555555555555555,0.8181818181818182,0.391304347826087,0.8970748750787032,0.3422162960622617,1.0,1.6578612669557122e-10
test/000133.mp4,000133,vgg19,clean,fake,True,20,24,fake,0.21052631578947367,0.8695652173913043,0.375,0.9628979682922363,0.12421489307953644,1.0,1.6578612669557127e-10
test/000133.mp4,000133,vgg19,jpeg_10,fake,True,20,24,fake,0.3157894736842105,0.8695652173913043,0.4166666666666667,0.899586272239685,0.21549337859845555,1.0,1.6578612669557127e-10
test/000133.mp4,000133,vgg19,jpeg_20,fake,True,20,24,fake,0.21052631578947367,0.8695652173913043,0.2916666666666667,0.8939980894327164,0.24606059255941665,1.0,1.6578612669557127e-10
test/000133.mp4,000133,vgg19,jpeg_30,fake,True,20,24,fake,0.10526315789473684,0.8695652173913043,0.3333333333333333,0.933764734864235,0.16824265997532342,1.0,1.6578612669557127e-10
test/000133.mp4,000133,vgg19,jpeg_40,fake,True,20,24,fake,0.21052631578947367,0.8695652173913043,0.2916666666666667,0.9457246243953705,0.1594284917731928,1.0,1.6578612669557127e-10
test/000133.mp4,000133,vgg19,jpeg_50,fake,True,20,24,fake,0.10526315789473684,0.8695652173913043,0.3333333333333333,0.9514015704393387,0.15080291179844857,1.0,1.6578612669557127e-10
test/000133.mp4,000133,vgg19,jpeg_60,fake,True,20,24,fake,0.10526315789473684,0.8695652173913043,0.3333333333333333,0.9562813520431519,0.14692269511940395,1.0,1.6578612669557127e-10
test/000133.mp4,000133,vgg19,jpeg_70,fake,True,20,24,fake,0.10526315789473684,0.8695652173913043,0.3333333333333333,0.9461331769824028,0.14100755847677238,1.0,1.6578612669557127e-10
test/000133.mp4,000133,vgg19,jpeg_80,fake,True,20,24,fake,0.21052631578947367,0.8695652173913043,0.2916666666666667,0.9556603282690048,0.13421549084944837,1.0,1.6578612669557127e-10
test/000133.mp4,000133,vgg19,jpeg_90,fake,True,20,24,fake,0.10526315789473684,0.8695652173913043,0.3333333333333333,0.9209572717547416,0.19575328633750794,1.0,1.6578612669557127e-10
test/000133.mp4,000133,vgg19,jpeg_95,fake,True,20,24,fake,0.21052631578947367,0.8695652173913043,0.375,0.9565550357103347,0.14280319159122506,1.0,1.6578612669557127e-10
test/000133.mp4,000133,vgg19,h264_18_keepaudio,fake,True,20,24,fake,0.21052631578947367,0.8695652173913043,0.375,0.9454030245542526,0.14863460195118358,1.0,1.6578612669557127e-10
test/000133.mp4,000133,vgg19,h264_23_keepaudio,fake,True,20,24,fake,0.3157894736842105,0.8695652173913043,0.3333333333333333,0.9278627336025238,0.1860108126480124,1.0,1.6578612669557127e-10
test/000133.mp4,000133,vgg19,h264_28_keepaudio,fake,True,20,24,fake,0.21052631578947367,0.8695652173913043,0.2916666666666667,0.9578693598508835,0.1431521587872318,1.0,1.6578612669557127e-10
test/000133.mp4,000133,vgg19,h264_33_keepaudio,fake,True,20,24,fake,0.15789473684210525,0.8695652173913043,0.2916666666666667,0.8845110818743706,0.2867526540069397,1.0,1.6578612669557127e-10
test/000133.mp4,000133,vgg19,h264_38_keepaudio,fake,True,20,24,fake,0.3157894736842105,0.8695652173913043,0.25,0.8660299181938171,0.33862591280403936,1.0,1.6578612669557127e-10
test/000133.mp4,000133,vgg19,h264_43_keepaudio,fake,True,20,24,fake,0.3157894736842105,0.8695652173913043,0.5416666666666666,0.8739544451236725,0.34973893011063895,1.0,1.6578612669557127e-10
test/000134.mp4,000134,vgg19,clean,real,True,25,32,fake,0.5833333333333334,0.6451612903225806,0.53125,0.8380647945404053,0.4780058837550443,0.9935635235160589,0.015892636186830164
test/000134.mp4,000134,vgg19,jpeg_10,real,True,24,32,fake,0.43478260869565216,0.6451612903225806,0.375,0.9081430931886038,0.24013239856649846,0.9935635235160589,0.015892636186830164
test/000134.mp4,000134,vgg19,jpeg_20,real,True,25,32,fake,0.5833333333333334,0.6451612903225806,0.375,0.7799462223052979,0.53784154294929,0.9935635235160589,0.015892636186830164
test/000134.mp4,000134,vgg19,jpeg_30,real,True,25,32,fake,0.5416666666666666,0.6451612903225806,0.5625,0.8060200870037079,0.491210373208057,0.9935635235160589,0.015892636186830164
test/000134.mp4,000134,vgg19,jpeg_40,real,True,25,32,fake,0.6666666666666666,0.6451612903225806,0.4375,0.807667714357376,0.49018777364050464,0.9935635235160589,0.015892636186830164
test/000134.mp4,000134,vgg19,jpeg_50,real,True,25,32,fake,0.6666666666666666,0.6451612903225806,0.46875,0.8111122322082519,0.5110769576647756,0.9935635235160589,0.015892636186830164
test/000134.mp4,000134,vgg19,jpeg_60,real,True,25,32,fake,0.6666666666666666,0.6451612903225806,0.5,0.8188242864608765,0.4755660971767127,0.9935635235160589,0.015892636186830164
test/000134.mp4,000134,vgg19,jpeg_70,real,True,25,32,fake,0.6666666666666666,0.6451612903225806,0.46875,0.8284185457229615,0.4912745945051309,0.9935635235160589,0.015892636186830164
test/000134.mp4,000134,vgg19,jpeg_80,real,True,25,32,fake,0.6666666666666666,0.6451612903225806,0.4375,0.8122810447216033,0.5149456483659933,0.9935635235160589,0.015892636186830164
test/000134.mp4,000134,vgg19,jpeg_90,real,True,25,32,fake,0.5,0.6451612903225806,0.59375,0.8274489617347718,0.4834609134800203,0.9935635235160589,0.015892636186830164
test/000134.mp4,000134,vgg19,jpeg_95,real,True,25,32,fake,0.5833333333333334,0.6451612903225806,0.46875,0.8400633561611176,0.47451643217894895,0.9935635235160589,0.015892636186830164
test/000134.mp4,000134,vgg19,h264_18_keepaudio,real,True,25,32,fake,0.625,0.6451612903225806,0.46875,0.8461166477203369,0.45248907408369554,0.9935635235160589,0.015892636186830164
test/000134.mp4,000134,vgg19,h264_23_keepaudio,real,True,25,32,fake,0.7083333333333334,0.6451612903225806,0.53125,0.8095914185047149,0.517182917715323,0.9935635235160589,0.015892636186830164
test/000134.mp4,000134,vgg19,h264_28_keepaudio,real,True,25,32,fake,0.5,0.6451612903225806,0.65625,0.7809359359741211,0.548638425366917,0.9935635235160589,0.015892636186830164
test/000134.mp4,000134,vgg19,h264_33_keepaudio,real,True,25,32,fake,0.5,0.6451612903225806,0.6875,0.8182321047782898,0.466052116484145,0.9935635235160589,0.015892636186830164
test/000134.mp4,000134,vgg19,h264_38_keepaudio,real,True,25,32,fake,0.5,0.6451612903225806,0.5,0.8353266751766205,0.43034713637894645,0.9935635235160589,0.015892636186830164
test/000134.mp4,000134,vgg19,h264_43_keepaudio,real,True,25,32,fake,0.5833333333333334,0.6451612903225806,0.4375,0.8183957803249359,0.4370270610563056,0.9935635235160589,0.015892636186830164
test/000135.mp4,000135,vgg19,clean,fake,True,26,32,fake,0.56,0.6129032258064516,0.59375,0.8792008986839881,0.36105281092517433,0.9990355540066957,0.004968474769545386
test/000135.mp4,000135,vgg19,jpeg_10,fake,True,26,32,fake,0.36,0.6129032258064516,0.3125,0.8397056471842986,0.4005058781651245,0.9990355540066957,0.004968474769545386
test/000135.mp4,000135,vgg19,jpeg_20,fake,True,26,32,fake,0.52,0.6129032258064516,0.46875,0.8364982123558338,0.42470953320549604,0.9990355540066957,0.004968474769545386
test/000135.mp4,000135,vgg19,jpeg_30,fake,True,26,32,fake,0.72,0.6129032258064516,0.5,0.8092312961816788,0.4874848504472257,0.9990355540066957,0.004968474769545386
test/000135.mp4,000135,vgg19,jpeg_40,fake,True,26,32,fake,0.64,0.6129032258064516,0.53125,0.8575036869599268,0.3803836315658366,0.9990355540066957,0.004968474769545386
test/000135.mp4,000135,vgg19,jpeg_50,fake,True,26,32,fake,0.6,0.6129032258064516,0.53125,0.8467712436731045,0.40399212420998654,0.9990355540066957,0.004968474769545386
test/000135.mp4,000135,vgg19,jpeg_60,fake,True,26,32,fake,0.56,0.6129032258064516,0.59375,0.8877195372031286,0.3566123405565124,0.9990355540066957,0.004968474769545386
test/000135.mp4,000135,vgg19,jpeg_70,fake,True,26,32,fake,0.6,0.6129032258064516,0.6875,0.8721480449804893,0.34973132666828965,0.9990355540066957,0.004968474769545386
test/000135.mp4,000135,vgg19,jpeg_80,fake,True,26,32,fake,0.56,0.6129032258064516,0.59375,0.8858948785525101,0.34902237158673055,0.9990355540066957,0.004968474769545386
test/000135.mp4,000135,vgg19,jpeg_90,fake,True,26,32,fake,0.64,0.6129032258064516,0.53125,0.8565475550981668,0.4142519591443001,0.9990355540066957,0.004968474769545386
test/000135.mp4,000135,vgg19,jpeg_95,fake,True,26,32,fake,0.56,0.6129032258064516,0.59375,0.8467905074357986,0.42600960658567405,0.9990355540066957,0.004968474769545386
test/000135.mp4,000135,vgg19,h264_18_keepaudio,fake,True,26,32,fake,0.56,0.6129032258064516,0.59375,0.8723464791591351,0.38538466090200213,0.9990355540066957,0.004968474769545386
test/000135.mp4,000135,vgg19,h264_23_keepaudio,fake,True,26,32,fake,0.56,0.6129032258064516,0.5625,0.8427762148471979,0.452292448905356,0.9990355540066957,0.004968474769545386
test/000135.mp4,000135,vgg19,h264_28_keepaudio,fake,True,26,32,fake,0.6,0.6129032258064516,0.59375,0.8474043791110699,0.4189983025148573,0.9990355540066957,0.004968474769545386
test/000135.mp4,000135,vgg19,h264_33_keepaudio,fake,True,26,32,fake,0.48,0.6129032258064516,0.53125,0.8451191553702722,0.42744962778653495,0.9990355540066957,0.004968474769545386
test/000135.mp4,000135,vgg19,h264_38_keepaudio,fake,True,26,32,fake,0.52,0.6129032258064516,0.4375,0.8218385187479166,0.4696088672554426,0.9990355540066957,0.004968474769545386
test/000135.mp4,000135,vgg19,h264_43_keepaudio,fake,True,26,32,fake,0.68,0.6129032258064516,0.4375,0.8403377532958984,0.38397637162260456,0.9990355540066957,0.004968474769545386
test/000136.mp4,000136,vgg19,clean,fake,True,26,32,fake,0.56,0.5806451612903226,0.59375,0.868637394446593,0.36743550847599427,0.9994237162172794,0.0029599459798629506
test/000136.mp4,000136,vgg19,jpeg_10,fake,True,26,32,fake,0.36,0.5806451612903226,0.34375,0.871113597200467,0.3129184604837264,0.9994237162172794,0.0029599459798629506
test/000136.mp4,000136,vgg19,jpeg_20,fake,True,26,32,fake,0.68,0.5806451612903226,0.5625,0.801481924377955,0.4682424358911287,0.9994237162172794,0.0029599459798629506
test/000136.mp4,000136,vgg19,jpeg_30,fake,True,26,32,fake,0.64,0.5806451612903226,0.625,0.8203776387067941,0.45620177199938045,0.9994237162172794,0.0029599459798629506
test/000136.mp4,000136,vgg19,jpeg_40,fake,True,26,32,fake,0.6,0.5806451612903226,0.5625,0.8776697401817029,0.34661683685092165,0.9994237162172794,0.0029599459798629506
test/000136.mp4,000136,vgg19,jpeg_50,fake,True,26,32,fake,0.6,0.5806451612903226,0.5625,0.8484188983073602,0.3973025139421283,0.9994237162172794,0.0029599459798629506
test/000136.mp4,000136,vgg19,jpeg_60,fake,True,26,32,fake,0.56,0.5806451612903226,0.59375,0.8823190675331996,0.3524700702621381,0.9994237162172794,0.0029599459798629506
test/000136.mp4,000136,vgg19,jpeg_70,fake,True,26,32,fake,0.6,0.5806451612903226,0.625,0.8682863769622949,0.3400541115083961,0.9994237162172794,0.0029599459798629506
test/000136.mp4,000136,vgg19,jpeg_80,fake,True,26,32,fake,0.56,0.5806451612903226,0.59375,0.8724574045493052,0.35852536126482953,0.9994237162172794,0.0029599459798629506
test/000136.mp4,000136,vgg19,jpeg_90,fake,True,26,32,fake,0.64,0.5806451612903226,0.53125,0.8460574585657853,0.41615285016405895,0.9994237162172794,0.0029599459798629506
test/000136.mp4,000136,vgg19,jpeg_95,fake,True,26,32,fake,0.56,0.5806451612903226,0.59375,0.8472520101528901,0.41254589983623896,0.9994237162172794,0.0029599459798629506
test/000136.mp4,000136,vgg19,h264_18_keepaudio,fake,True,26,32,fake,0.56,0.5806451612903226,0.59375,0.877433948791944,0.38188499715781377,0.9994237162172794,0.0029599459798629506
test/000136.mp4,000136,vgg19,h264_23_keepaudio,fake,True,26,32,fake,0.56,0.5806451612903226,0.59375,0.8692898555443838,0.39929570608632436,0.9994237162172794,0.0029599459798629506
test/000136.mp4,000136,vgg19,h264_28_keepaudio,fake,True,26,32,fake,0.68,0.5806451612903226,0.5625,0.8069348747913654,0.4884786734928657,0.9994237162172794,0.0029599459798629506
test/000136.mp4,000136,vgg19,h264_33_keepaudio,fake,True,26,32,fake,0.52,0.5806451612903226,0.53125,0.8414405664572349,0.45086469596945833,0.9994237162172794,0.0029599459798629506
test/000136.mp4,000136,vgg19,h264_38_keepaudio,fake,True,25,32,fake,0.4583333333333333,0.5806451612903226,0.34375,0.7949285352230072,0.5124847908927428,0.9994237162172794,0.0029599459798629506
test/000136.mp4,000136,vgg19,h264_43_keepaudio,fake,True,25,32,fake,0.7916666666666666,0.5806451612903226,0.34375,0.7876790618896484,0.5351085582249346,0.9994237162172794,0.0029599459798629506
test/000137.mp4,000137,vgg19,clean,fake,True,26,32,fake,0.6,0.6129032258064516,0.59375,0.8849294139788701,0.34408333962883514,0.9984281156212091,0.007271092057259183
test/000137.mp4,000137,vgg19,jpeg_10,fake,True,25,32,fake,0.3333333333333333,0.6129032258064516,0.34375,0.8709830975532532,0.33144670399472653,0.9984281156212091,0.007271092057259183
test/000137.mp4,000137,vgg19,jpeg_20,fake,True,26,32,fake,0.52,0.6129032258064516,0.5,0.8164471043990209,0.48090692908599464,0.9984281156212091,0.007271092057259183
test/000137.mp4,000137,vgg19,jpeg_30,fake,True,25,32,fake,0.6666666666666666,0.6129032258064516,0.5,0.836728196144104,0.4367624630332122,0.9984281156212091,0.007271092057259183
test/000137.mp4,000137,vgg19,jpeg_40,fake,True,26,32,fake,0.68,0.6129032258064516,0.53125,0.8556782832512488,0.3818890105489431,0.9984281156212091,0.007271092057259183
test/000137.mp4,000137,vgg19,jpeg_50,fake,True,26,32,fake,0.64,0.6129032258064516,0.53125,0.857043554003422,0.38996335547308936,0.9984281156212091,0.007271092057259183
test/000137.mp4,000137,vgg19,jpeg_60,fake,True,26,32,fake,0.56,0.6129032258064516,0.59375,0.8810889835541065,0.3513089969737154,0.9984281156212091,0.007271092057259183
test/000137.mp4,000137,vgg19,jpeg_70,fake,True,26,32,fake,0.52,0.6129032258064516,0.625,0.8864593574633965,0.3190969136493607,0.9984281156212091,0.007271092057259183
test/000137.mp4,000137,vgg19,jpeg_80,fake,True,26,32,fake,0.56,0.6129032258064516,0.59375,0.8621408251615671,0.38627376776678507,0.9984281156212091,0.007271092057259183
test/000137.mp4,000137,vgg19,jpeg_90,fake,True,26,32,fake,0.68,0.6129032258064516,0.53125,0.8569684808070843,0.40925543975829587,0.9984281156212091,0.007271092057259183
test/000137.mp4,000137,vgg19,jpeg_95,fake,True,26,32,fake,0.6,0.6129032258064516,0.59375,0.8689420303473105,0.38920077044326207,0.9984281156212091,0.007271092057259183
test/000137.mp4,000137,vgg19,h264_18_keepaudio,fake,True,26,32,fake,0.56,0.6129032258064516,0.59375,0.8618374054248517,0.38391606114764504,0.9984281156212091,0.007271092057259183
test/000137.mp4,000137,vgg19,h264_23_keepaudio,fake,True,26,32,fake,0.6,0.6129032258064516,0.59375,0.865809352352069,0.3832379530006667,0.9984281156212091,0.007271092057259183
test/000137.mp4,000137,vgg19,h264_28_keepaudio,fake,True,26,32,fake,0.6,0.6129032258064516,0.59375,0.8678805392522079,0.37671197576947496,0.9984281156212091,0.007271092057259183
test/000137.mp4,000137,vgg19,h264_33_keepaudio,fake,True,26,32,fake,0.6,0.6129032258064516,0.5625,0.8408969847055582,0.4471282958676215,0.9984281156212091,0.007271092057259183
test/000137.mp4,000137,vgg19,h264_38_keepaudio,fake,True,26,32,fake,0.48,0.6129032258064516,0.46875,0.8152746512339666,0.47105968438853374,0.9984281156212091,0.007271092057259183
test/000137.mp4,000137,vgg19,h264_43_keepaudio,fake,True,25,32,fake,0.5416666666666666,0.6129032258064516,0.34375,0.7961558544635773,0.4988886301013864,0.9984281156212091,0.007271092057259183
test/000138.mp4,000138,vgg19,clean,real,True,14,16,fake,0.23076923076923078,0.7333333333333333,0.6875,0.8553374281951359,0.4275091027141088,0.9999580793082714,0.00035181683740782003
test/000138.mp4,000138,vgg19,jpeg_10,real,True,14,16,fake,0.46153846153846156,0.7333333333333333,0.5625,0.8273730576038361,0.44983515032824684,0.9999580793082714,0.00035181683740782003
test/000138.mp4,000138,vgg19,jpeg_20,real,True,14,16,fake,0.23076923076923078,0.7333333333333333,0.5,0.885731999363218,0.3233772530944813,0.9999580793082714,0.00035181683740782003
test/000138.mp4,000138,vgg19,jpeg_30,real,True,14,16,fake,0.23076923076923078,0.7333333333333333,0.625,0.8976822325161525,0.2901569911953801,0.9999580793082714,0.00035181683740782003
test/000138.mp4,000138,vgg19,jpeg_40,real,True,14,16,fake,0.23076923076923078,0.7333333333333333,0.6875,0.8873895278998783,0.34179233144479404,0.9999580793082714,0.00035181683740782003
test/000138.mp4,000138,vgg19,jpeg_50,real,True,14,16,fake,0.23076923076923078,0.7333333333333333,0.625,0.9132312408515385,0.27940585422518976,0.9999580793082714,0.00035181683740782003
test/000138.mp4,000138,vgg19,jpeg_60,real,True,14,16,fake,0.23076923076923078,0.7333333333333333,0.6875,0.8931450971535274,0.3273263055337887,0.9999580793082714,0.00035181683740782003
test/000138.mp4,000138,vgg19,jpeg_70,real,True,14,16,fake,0.3076923076923077,0.7333333333333333,0.6875,0.843447242464338,0.40984546829054674,0.9999580793082714,0.00035181683740782003
test/000138.mp4,000138,vgg19,jpeg_80,real,True,14,16,fake,0.23076923076923078,0.7333333333333333,0.6875,0.9106377788952419,0.3111615219438142,0.9999580793082714,0.00035181683740782003
test/000138.mp4,000138,vgg19,jpeg_90,real,True,14,16,fake,0.3076923076923077,0.7333333333333333,0.5625,0.8401775019509452,0.4106951671369193,0.9999580793082714,0.00035181683740782003
test/000138.mp4,000138,vgg19,jpeg_95,real,True,14,16,fake,0.23076923076923078,0.7333333333333333,0.6875,0.8873816686017173,0.352742582005077,0.9999580793082714,0.00035181683740782003
test/000138.mp4,000138,vgg19,h264_18_keepaudio,real,True,14,16,fake,0.23076923076923078,0.7333333333333333,0.625,0.8786159413201469,0.3480981313963069,0.9999580793082714,0.00035181683740782003
test/000138.mp4,000138,vgg19,h264_23_keepaudio,real,True,14,16,fake,0.23076923076923078,0.7333333333333333,0.5,0.8527454435825348,0.3955955116103858,0.9999580793082714,0.00035181683740782003
test/000138.mp4,000138,vgg19,h264_28_keepaudio,real,True,14,16,fake,0.23076923076923078,0.7333333333333333,0.6875,0.8972677631037576,0.2700423948344977,0.9999580793082714,0.00035181683740782003
test/000138.mp4,000138,vgg19,h264_33_keepaudio,real,True,14,16,fake,0.3076923076923077,0.7333333333333333,0.5625,0.8838776371308735,0.30484252111435034,0.9999580793082714,0.00035181683740782003
test/000138.mp4,000138,vgg19,h264_38_keepaudio,real,True,14,16,fake,0.07692307692307693,0.7333333333333333,0.6875,0.8725039299045291,0.3407435876586972,0.9999580793082714,0.00035181683740782003
test/000138.mp4,000138,vgg19,h264_43_keepaudio,real,True,14,16,fake,0.3076923076923077,0.7333333333333333,0.5625,0.7924321634428841,0.5270917646527554,0.9999580793082714,0.00035181683740782003
test/000139.mp4,000139,vgg19,clean,real,True,19,22,fake,0.7777777777777778,0.6666666666666666,0.8181818181818182,0.8197883681247109,0.45121069541730824,0.9580228355797854,0.08641818324126391
test/000139.mp4,000139,vgg19,jpeg_10,real,True,19,22,fake,0.7222222222222222,0.6666666666666666,0.8181818181818182,0.8291295515863519,0.45248278762436156,0.9580228355797854,0.08641818324126391
test/000139.mp4,000139,vgg19,jpeg_20,real,True,19,22,fake,0.7777777777777778,0.6666666666666666,0.7272727272727273,0.875757457394349,0.3582847453325555,0.9580228355797854,0.08641818324126391
test/000139.mp4,000139,vgg19,jpeg_30,real,True,19,22,fake,0.7777777777777778,0.6666666666666666,0.7272727272727273,0.8728361490525698,0.35741311899295275,0.9580228355797854,0.08641818324126391
test/000139.mp4,000139,vgg19,jpeg_40,real,True,19,22,fake,0.7777777777777778,0.6666666666666666,0.8181818181818182,0.8995120180280585,0.3012799274518217,0.9580228355797854,0.08641818324126391
test/000139.mp4,000139,vgg19,jpeg_50,real,True,19,22,fake,0.7222222222222222,0.6666666666666666,0.7727272727272727,0.8570299760291451,0.3799581918742901,0.9580228355797854,0.08641818324126391
test/000139.mp4,000139,vgg19,jpeg_60,real,True,19,22,fake,0.7777777777777778,0.6666666666666666,0.8181818181818182,0.8523963956456435,0.38816193547977446,0.9580228355797854,0.08641818324126391
test/000139.mp4,000139,vgg19,jpeg_70,real,True,19,22,fake,0.7777777777777778,0.6666666666666666,0.8181818181818182,0.8590599031824815,0.40332847234292557,0.9580228355797854,0.08641818324126391
test/000139.mp4,000139,vgg19,jpeg_80,real,True,19,22,fake,0.7222222222222222,0.6666666666666666,0.7727272727272727,0.8897527550396166,0.32954412167260505,0.9580228355797854,0.08641818324126391
test/000139.mp4,000139,vgg19,jpeg_90,real,True,19,22,fake,0.7777777777777778,0.6666666666666666,0.8181818181818182,0.8117327423472154,0.4662162452872686,0.9580228355797854,0.08641818324126391
test/000139.mp4,000139,vgg19,jpeg_95,real,True,19,22,fake,0.7222222222222222,0.6666666666666666,0.7727272727272727,0.844533550111871,0.43861258630615857,0.9580228355797854,0.08641818324126391
test/000139.mp4,000139,vgg19,h264_18_keepaudio,real,True,19,22,fake,0.8888888888888888,0.6666666666666666,0.8181818181818182,0.8309495762774819,0.4654308378771446,0.9580228355797854,0.08641818324126391
test/000139.mp4,000139,vgg19,h264_23_keepaudio,real,True,19,22,fake,0.8333333333333334,0.6666666666666666,0.7272727272727273,0.8291481152961129,0.4449530699289916,0.9580228355797854,0.08641818324126391
test/000139.mp4,000139,vgg19,h264_28_keepaudio,real,True,19,22,fake,0.8333333333333334,0.6666666666666666,0.8181818181818182,0.8693089798877114,0.38553955167412995,0.9580228355797854,0.08641818324126391
test/000139.mp4,000139,vgg19,h264_33_keepaudio,real,True,19,22,fake,0.8333333333333334,0.6666666666666666,0.8181818181818182,0.848587901968705,0.4060320989850191,0.9580228355797854,0.08641818324126391
test/000139.mp4,000139,vgg19,h264_38_keepaudio,real,True,19,22,fake,0.6666666666666666,0.6666666666666666,0.7727272727272727,0.9125023515600907,0.25203284270885423,0.9580228355797854,0.08641818324126391
test/000139.mp4,000139,vgg19,h264_43_keepaudio,real,True,19,22,fake,0.7222222222222222,0.6666666666666666,0.7727272727272727,0.9422630040269149,0.1734169319186568,0.9580228355797854,0.08641818324126391
test/000140.mp4,000140,vgg19,clean,fake,True,20,23,fake,0.8947368421052632,0.6818181818181818,0.6956521739130435,0.8718529760837554,0.3785546936734855,0.9453848729962888,0.10452623161660136
test/000140.mp4,000140,vgg19,jpeg_10,fake,True,20,23,fake,0.5263157894736842,0.6818181818181818,0.8260869565217391,0.8659996122121811,0.3531000464681094,0.9453848729962888,0.10452623161660136
test/000140.mp4,000140,vgg19,jpeg_20,fake,True,20,23,fake,0.7894736842105263,0.6818181818181818,0.7391304347826086,0.920202562212944,0.24213690203119054,0.9453848729962888,0.10452623161660136
test/000140.mp4,000140,vgg19,jpeg_30,fake,True,20,23,fake,0.7894736842105263,0.6818181818181818,0.6956521739130435,0.8559387505054474,0.3512834657729419,0.9453848729962888,0.10452623161660136
test/000140.mp4,000140,vgg19,jpeg_40,fake,True,20,23,fake,0.6842105263157895,0.6818181818181818,0.6521739130434783,0.8767489045858383,0.32748664539576866,0.9453848729962888,0.10452623161660136
test/000140.mp4,000140,vgg19,jpeg_50,fake,True,20,23,fake,0.7894736842105263,0.6818181818181818,0.782608695652174,0.8808935284614563,0.34158060758718417,0.9453848729962888,0.10452623161660136
test/000140.mp4,000140,vgg19,jpeg_60,fake,True,20,23,fake,0.7894736842105263,0.6818181818181818,0.7391304347826086,0.8588532775640487,0.37848005702620613,0.9453848729962888,0.10452623161660136
test/000140.mp4,000140,vgg19,jpeg_70,fake,True,20,23,fake,0.8947368421052632,0.6818181818181818,0.6956521739130435,0.8466832488775253,0.42990773605488874,0.9453848729962888,0.10452623161660136
test/000140.mp4,000140,vgg19,jpeg_80,fake,True,20,23,fake,0.8947368421052632,0.6818181818181818,0.6956521739130435,0.8750661998987198,0.37041133946938004,0.9453848729962888,0.10452623161660136
test/000140.mp4,000140,vgg19,jpeg_90,fake,True,20,23,fake,0.8947368421052632,0.6818181818181818,0.6956521739130435,0.871923565864563,0.37703340997851753,0.9453848729962888,0.10452623161660136
test/000140.mp4,000140,vgg19,jpeg_95,fake,True,20,23,fake,0.8947368421052632,0.6818181818181818,0.6956521739130435,0.8685059934854508,0.3658424369096207,0.9453848729962888,0.10452623161660136
test/000140.mp4,000140,vgg19,h264_18_keepaudio,fake,True,20,23,fake,0.7894736842105263,0.6818181818181818,0.6956521739130435,0.857215890288353,0.37774501273531635,0.9453848729962888,0.10452623161660136
test/000140.mp4,000140,vgg19,h264_23_keepaudio,fake,True,20,23,fake,0.7894736842105263,0.6818181818181818,0.8260869565217391,0.891947278380394,0.30514742682096735,0.9453848729962888,0.10452623161660136
test/000140.mp4,000140,vgg19,h264_28_keepaudio,fake,True,20,23,fake,0.8421052631578947,0.6818181818181818,0.6521739130434783,0.8927064299583435,0.3278499390671715,0.9453848729962888,0.10452623161660136
test/000140.mp4,000140,vgg19,h264_33_keepaudio,fake,True,20,23,fake,0.7894736842105263,0.6818181818181818,0.7391304347826086,0.9011363476514817,0.3135813504924828,0.9453848729962888,0.10452623161660136
test/000140.mp4,000140,vgg19,h264_38_keepaudio,fake,True,20,23,fake,0.8947368421052632,0.6818181818181818,0.7391304347826086,0.9229268342256546,0.21639037843461306,0.9453848729962888,0.10452623161660136
test/000140.mp4,000140,vgg19,h264_43_keepaudio,fake,True,20,23,fake,0.5263157894736842,0.6818181818181818,0.782608695652174,0.9299474269151687,0.22999247204217346,0.9453848729962888,0.10452623161660136
test/000141.mp4,000141,vgg19,clean,fake,True,19,22,fake,0.8333333333333334,0.6666666666666666,0.7727272727272727,0.8669686082162356,0.3783489638694221,0.9570110548626293,0.08117842789779936
test/000141.mp4,000141,vgg19,jpeg_10,fake,True,19,22,fake,0.6666666666666666,0.6666666666666666,0.7272727272727273,0.838466647424196,0.4102478691054328,0.9570110548626293,0.08117842789779936
test/000141.mp4,000141,vgg19,jpeg_20,fake,True,19,22,fake,0.8333333333333334,0.6666666666666666,0.7272727272727273,0.8712904343479558,0.3465438854525522,0.9570110548626293,0.08117842789779936
test/000141.mp4,000141,vgg19,jpeg_30,fake,True,19,22,fake,0.7777777777777778,0.6666666666666666,0.7727272727272727,0.8479387775847786,0.3933745114836453,0.9570110548626293,0.08117842789779936
test/000141.mp4,000141,vgg19,jpeg_40,fake,True,19,22,fake,0.7222222222222222,0.6666666666666666,0.6363636363636364,0.8756211352975745,0.34608790617430046,0.9570110548626293,0.08117842789779936
test/000141.mp4,000141,vgg19,jpeg_50,fake,True,19,22,fake,0.8333333333333334,0.6666666666666666,0.6818181818181818,0.8432204974325079,0.42452445524290133,0.9570110548626293,0.08117842789779936
test/000141.mp4,000141,vgg19,jpeg_60,fake,True,19,22,fake,0.7777777777777778,0.6666666666666666,0.6818181818181818,0.8300843489797491,0.43601350197913424,0.9570110548626293,0.08117842789779936
test/000141.mp4,000141,vgg19,jpeg_70,fake,True,19,22,fake,0.7222222222222222,0.6666666666666666,0.7727272727272727,0.8291682695087633,0.46807515399607635,0.9570110548626293,0.08117842789779936
test/000141.mp4,000141,vgg19,jpeg_80,fake,True,19,22,fake,0.8333333333333334,0.6666666666666666,0.7727272727272727,0.8518805190136558,0.39946344967769876,0.9570110548626293,0.08117842789779936
test/000141.mp4,000141,vgg19,jpeg_90,fake,True,19,22,fake,0.8333333333333334,0.6666666666666666,0.7272727272727273,0.8350522518157959,0.44738064840852315,0.9570110548626293,0.08117842789779936
test/000141.mp4,000141,vgg19,jpeg_95,fake,True,19,22,fake,0.7777777777777778,0.6666666666666666,0.7272727272727273,0.8347434009376326,0.4459849895214739,0.9570110548626293,0.08117842789779936
test/000141.mp4,000141,vgg19,h264_18_keepaudio,fake,True,19,22,fake,0.8888888888888888,0.6666666666666666,0.7272727272727273,0.8509203352426228,0.39660706690606756,0.9570110548626293,0.08117842789779936
test/000141.mp4,000141,vgg19,h264_23_keepaudio,fake,True,19,22,fake,0.6666666666666666,0.6666666666666666,0.7272727272727273,0.8453965594894007,0.39337885595106487,0.9570110548626293,0.08117842789779936
test/000141.mp4,000141,vgg19,h264_28_keepaudio,fake,True,19,22,fake,0.8333333333333334,0.6666666666666666,0.7272727272727273,0.8665985747387535,0.38815513646835803,0.9570110548626293,0.08117842789779936
test/000141.mp4,000141,vgg19,h264_33_keepaudio,fake,True,19,22,fake,0.7777777777777778,0.6666666666666666,0.7272727272727273,0.9044235631039268,0.26788824320240034,0.9570110548626293,0.08117842789779936
test/000141.mp4,000141,vgg19,h264_38_keepaudio,fake,True,19,22,fake,0.7777777777777778,0.6666666666666666,0.7272727272727273,0.9425318805794967,0.19140100778086708,0.9570110548626293,0.08117842789779936
test/000141.mp4,000141,vgg19,h264_43_keepaudio,fake,True,19,22,fake,0.7222222222222222,0.6666666666666666,0.8181818181818182,0.942564540787747,0.1862355457077792,0.9570110548626293,0.08117842789779936
test/000142.mp4,000142,vgg19,clean,fake,True,20,23,fake,0.8947368421052632,0.6818181818181818,0.6956521739130435,0.8493604138493538,0.4172783987039675,0.9453848729962888,0.10452623161660136
test/000142.mp4,000142,vgg19,jpeg_10,fake,True,20,23,fake,0.7894736842105263,0.6818181818181818,0.8695652173913043,0.8431965559720993,0.4357233622790126,0.9453848729962888,0.10452623161660136
test/000142.mp4,000142,vgg19,jpeg_20,fake,True,20,23,fake,0.7368421052631579,0.6818181818181818,0.6956521739130435,0.8823415011167526,0.32880053907520296,0.9453848729962888,0.10452623161660136
test/000142.mp4,000142,vgg19,jpeg_30,fake,True,20,23,fake,0.8947368421052632,0.6818181818181818,0.7391304347826086,0.8896625965833664,0.3047347947583456,0.9453848729962888,0.10452623161660136
test/000142.mp4,000142,vgg19,jpeg_40,fake,True,20,23,fake,0.8947368421052632,0.6818181818181818,0.6956521739130435,0.8992969140410423,0.2936367383383736,0.9453848729962888,0.10452623161660136
test/000142.mp4,000142,vgg19,jpeg_50,fake,True,20,23,fake,0.9473684210526315,0.6818181818181818,0.7391304347826086,0.8878449827432633,0.33142937620478113,0.9453848729962888,0.10452623161660136
test/000142.mp4,000142,vgg19,jpeg_60,fake,True,20,23,fake,0.8947368421052632,0.6818181818181818,0.6956521739130435,0.8510679587721824,0.3745084948620829,0.9453848729962888,0.10452623161660136
test/000142.mp4,000142,vgg19,jpeg_70,fake,True,20,23,fake,0.8421052631578947,0.6818181818181818,0.6521739130434783,0.8696809470653534,0.38563716115117896,0.9453848729962888,0.10452623161660136
test/000142.mp4,000142,vgg19,jpeg_80,fake,True,20,23,fake,0.8421052631578947,0.6818181818181818,0.6956521739130435,0.8666413798928261,0.3664540858345616,0.9453848729962888,0.10452623161660136
test/000142.mp4,000142,vgg19,jpeg_90,fake,True,20,23,fake,0.8421052631578947,0.6818181818181818,0.6956521739130435,0.8796989813446998,0.35020715973711297,0.9453848729962888,0.10452623161660136
test/000142.mp4,000142,vgg19,jpeg_95,fake,True,20,23,fake,0.8421052631578947,0.6818181818181818,0.6521739130434783,0.8587461054325104,0.4109805979360022,0.9453848729962888,0.10452623161660136
test/000142.mp4,000142,vgg19,h264_18_keepaudio,fake,True,20,23,fake,0.8947368421052632,0.6818181818181818,0.6956521739130435,0.8183232828974724,0.4319225966895363,0.9453848729962888,0.10452623161660136
test/000142.mp4,000142,vgg19,h264_23_keepaudio,fake,True,20,23,fake,0.8421052631578947,0.6818181818181818,0.7391304347826086,0.8398810163140297,0.406252446809692,0.9453848729962888,0.10452623161660136
test/000142.mp4,000142,vgg19,h264_28_keepaudio,fake,True,20,23,fake,0.8421052631578947,0.6818181818181818,0.7391304347826086,0.8919859051704406,0.32055087751727734,0.9453848729962888,0.10452623161660136
test/000142.mp4,000142,vgg19,h264_33_keepaudio,fake,True,20,23,fake,0.7894736842105263,0.6818181818181818,0.7391304347826086,0.890282028913498,0.29682891848260173,0.9453848729962888,0.10452623161660136
test/000142.mp4,000142,vgg19,h264_38_keepaudio,fake,True,20,23,fake,0.7368421052631579,0.6818181818181818,0.7391304347826086,0.9568671017885209,0.15282863373526798,0.9453848729962888,0.10452623161660136
test/000142.mp4,000142,vgg19,h264_43_keepaudio,fake,True,20,23,fake,0.631578947368421,0.6818181818181818,0.8260869565217391,0.9611905843019486,0.14134877752301822,0.9453848729962888,0.10452623161660136
test/000143.mp4,000143,vgg19,clean,real,True,23,27,fake,0.5,0.6538461538461539,0.8148148148148148,0.8919992395069288,0.31181726133474774,0.9596104621887207,0.11131896609482966
test/000143.mp4,000143,vgg19,jpeg_10,real,True,23,27,fake,0.6818181818181818,0.6538461538461539,0.6296296296296297,0.880966085454692,0.34042745997100887,0.9596104621887207,0.11131896609482966
test/000143.mp4,000143,vgg19,jpeg_20,real,True,23,27,fake,0.7272727272727273,0.6538461538461539,0.6666666666666666,0.9011142124300417,0.28150775489770785,0.9596104621887207,0.11131896609482966
test/000143.mp4,000143,vgg19,jpeg_30,real,True,23,27,fake,0.5454545454545454,0.6538461538461539,0.6296296296296297,0.8572230274262636,0.329256905486201,0.9596104621887207,0.11131896609482966
test/000143.mp4,000143,vgg19,jpeg_40,real,True,23,27,fake,0.5909090909090909,0.6538461538461539,0.7777777777777778,0.8973394787829855,0.31316188452088506,0.9596104621887207,0.11131896609482966
test/000143.mp4,000143,vgg19,jpeg_50,real,True,23,27,fake,0.5909090909090909,0.6538461538461539,0.7037037037037037,0.8317138578580774,0.405299725679147,0.9596104621887207,0.11131896609482966
test/000143.mp4,000143,vgg19,jpeg_60,real,True,23,27,fake,0.6818181818181818,0.6538461538461539,0.7037037037037037,0.8499602040518885,0.39093631382889427,0.9596104621887207,0.11131896609482966
test/000143.mp4,000143,vgg19,jpeg_70,real,True,23,27,fake,0.6818181818181818,0.6538461538461539,0.7777777777777778,0.8611565374809763,0.3533935623705289,0.9596104621887207,0.11131896609482966
test/000143.mp4,000143,vgg19,jpeg_80,real,True,23,27,fake,0.6818181818181818,0.6538461538461539,0.7407407407407407,0.8540478426477184,0.36122925725346827,0.9596104621887207,0.11131896609482966
test/000143.mp4,000143,vgg19,jpeg_90,real,True,23,27,fake,0.6363636363636364,0.6538461538461539,0.7777777777777778,0.8785245781359465,0.317663830788436,0.9596104621887207,0.11131896609482966
test/000143.mp4,000143,vgg19,jpeg_95,real,True,23,27,fake,0.6818181818181818,0.6538461538461539,0.7407407407407407,0.8841210240903108,0.3113777573414584,0.9596104621887207,0.11131896609482966
test/000143.mp4,000143,vgg19,h264_18_keepaudio,real,True,23,27,fake,0.5909090909090909,0.6538461538461539,0.7777777777777778,0.8638335984686146,0.3549421441872493,0.9596104621887207,0.11131896609482966
test/000143.mp4,000143,vgg19,h264_23_keepaudio,real,True,23,27,fake,0.6818181818181818,0.6538461538461539,0.7407407407407407,0.860385625258736,0.32700041332820756,0.9596104621887207,0.11131896609482966
test/000143.mp4,000143,vgg19,h264_28_keepaudio,real,True,23,27,fake,0.6363636363636364,0.6538461538461539,0.7777777777777778,0.9036590379217396,0.2752592452541454,0.9596104621887207,0.11131896609482966
test/000143.mp4,000143,vgg19,h264_33_keepaudio,real,True,23,27,fake,0.7272727272727273,0.6538461538461539,0.7777777777777778,0.9185399257618448,0.24024721304590407,0.9596104621887207,0.11131896609482966
test/000143.mp4,000143,vgg19,h264_38_keepaudio,real,True,23,27,fake,0.7727272727272727,0.6538461538461539,0.7777777777777778,0.9188986718654633,0.20983337657896606,0.9596104621887207,0.11131896609482966
test/000143.mp4,000143,vgg19,h264_43_keepaudio,real,True,23,27,fake,0.8181818181818182,0.6538461538461539,0.8888888888888888,0.9297292698984561,0.1857752380621816,0.9596104621887207,0.11131896609482966
test/000144.mp4,000144,vgg19,clean,fake,True,25,31,fake,0.7083333333333334,0.7,0.7419354838709677,0.9061045694351196,0.26343225466619224,0.9554104247400838,0.10317116290433581
test/000144.mp4,000144,vgg19,jpeg_10,fake,True,25,31,fake,0.5833333333333334,0.7,0.7741935483870968,0.8809919309616089,0.3005538439247466,0.9554104247400838,0.10317116290433581
test/000144.mp4,000144,vgg19,jpeg_20,fake,True,25,31,fake,0.7083333333333334,0.7,0.7096774193548387,0.8298327445983886,0.37464041820679694,0.9554104247400838,0.10317116290433581
test/000144.mp4,000144,vgg19,jpeg_30,fake,True,25,31,fake,0.75,0.7,0.7096774193548387,0.9284576320648193,0.19505673827430176,0.9554104247400838,0.10317116290433581
test/000144.mp4,000144,vgg19,jpeg_40,fake,True,25,31,fake,0.7083333333333334,0.7,0.7741935483870968,0.867288236618042,0.3077254404824023,0.9554104247400838,0.10317116290433581
test/000144.mp4,000144,vgg19,jpeg_50,fake,True,25,31,fake,0.75,0.7,0.7096774193548387,0.8802836215496064,0.280389398211029,0.9554104247400838,0.10317116290433581
test/000144.mp4,000144,vgg19,jpeg_60,fake,True,25,31,fake,0.6666666666666666,0.7,0.7419354838709677,0.9167632961273193,0.24521632805095028,0.9554104247400838,0.10317116290433581
test/000144.mp4,000144,vgg19,jpeg_70,fake,True,25,31,fake,0.5833333333333334,0.7,0.7741935483870968,0.8980457043647766,0.2536803314094396,0.9554104247400838,0.10317116290433581
test/000144.mp4,000144,vgg19,jpeg_80,fake,True,25,31,fake,0.6666666666666666,0.7,0.7419354838709677,0.9271463418006897,0.22878168683424555,0.9554104247400838,0.10317116290433581
test/000144.mp4,000144,vgg19,jpeg_90,fake,True,25,31,fake,0.7083333333333334,0.7,0.7419354838709677,0.9433352088928223,0.19727524701077087,0.9554104247400838,0.10317116290433581
test/000144.mp4,000144,vgg19,jpeg_95,fake,True,25,31,fake,0.6666666666666666,0.7,0.7419354838709677,0.9157648539543152,0.24230211562314463,0.9554104247400838,0.10317116290433581
test/000144.mp4,000144,vgg19,h264_18_keepaudio,fake,True,25,31,fake,0.8333333333333334,0.7,0.7096774193548387,0.8970448517799378,0.28618451362497116,0.9554104247400838,0.10317116290433581
test/000144.mp4,000144,vgg19,h264_23_keepaudio,fake,True,25,31,fake,0.75,0.7,0.7096774193548387,0.8940440344810486,0.2847523327572052,0.9554104247400838,0.10317116290433581
test/000144.mp4,000144,vgg19,h264_28_keepaudio,fake,True,25,31,fake,0.8333333333333334,0.7,0.7419354838709677,0.8805719459056854,0.2904614986285272,0.9554104247400838,0.10317116290433581
test/000144.mp4,000144,vgg19,h264_33_keepaudio,fake,True,25,31,fake,0.7916666666666666,0.7,0.7096774193548387,0.9329288077354431,0.18416081024960712,0.9554104247400838,0.10317116290433581
test/000144.mp4,000144,vgg19,h264_38_keepaudio,fake,True,25,31,fake,0.75,0.7,0.8064516129032258,0.9688667583465577,0.11679822816904965,0.9554104247400838,0.10317116290433581
test/000144.mp4,000144,vgg19,h264_43_keepaudio,fake,True,25,31,fake,0.625,0.7,0.6774193548387096,0.8929292559623718,0.29184350076990306,0.9554104247400838,0.10317116290433581
test/000145.mp4,000145,vgg19,clean,fake,True,23,28,fake,0.6818181818181818,0.7037037037037037,0.7142857142857143,0.9168030049489893,0.24217523971961105,0.9449240480150495,0.11986191615984745
test/000145.mp4,000145,vgg19,jpeg_10,fake,True,23,28,fake,0.45454545454545453,0.7037037037037037,0.75,0.8881389291390128,0.29924748556207953,0.9449240480150495,0.11986191615984745
test/000145.mp4,000145,vgg19,jpeg_20,fake,True,23,28,fake,0.6818181818181818,0.7037037037037037,0.7142857142857143,0.8788597208002339,0.27795748870787057,0.9449240480150495,0.11986191615984745
test/000145.mp4,000145,vgg19,jpeg_30,fake,True,23,28,fake,0.7272727272727273,0.7037037037037037,0.6785714285714286,0.95541861264602,0.15643347862816898,0.9449240480150495,0.11986191615984745
test/000145.mp4,000145,vgg19,jpeg_40,fake,True,23,28,fake,0.6363636363636364,0.7037037037037037,0.7142857142857143,0.8713795037373252,0.2941825294066328,0.9449240480150495,0.11986191615984745
test/000145.mp4,000145,vgg19,jpeg_50,fake,True,23,28,fake,0.7272727272727273,0.7037037037037037,0.6785714285714286,0.9192892455536387,0.21401798586844026,0.9449240480150495,0.11986191615984745
test/000145.mp4,000145,vgg19,jpeg_60,fake,True,23,28,fake,0.6363636363636364,0.7037037037037037,0.7142857142857143,0.9054626096849856,0.26016850350185655,0.9449240480150495,0.11986191615984745
test/000145.mp4,000145,vgg19,jpeg_70,fake,True,23,28,fake,0.5909090909090909,0.7037037037037037,0.75,0.8892174803692362,0.26579071947913524,0.9449240480150495,0.11986191615984745
test/000145.mp4,000145,vgg19,jpeg_80,fake,True,23,28,fake,0.6818181818181818,0.7037037037037037,0.7142857142857143,0.9177052430484606,0.2422894035352187,0.9449240480150495,0.11986191615984745
test/000145.mp4,000145,vgg19,jpeg_90,fake,True,23,28,fake,0.6818181818181818,0.7037037037037037,0.7142857142857143,0.9395124601281207,0.19632354859811055,0.9449240480150495,0.11986191615984745
test/000145.mp4,000145,vgg19,jpeg_95,fake,True,23,28,fake,0.6818181818181818,0.7037037037037037,0.7142857142857143,0.9122717795164689,0.240101237435114,0.9449240480150495,0.11986191615984745
test/000145.mp4,000145,vgg19,h264_18_keepaudio,fake,True,23,28,fake,0.7272727272727273,0.7037037037037037,0.6428571428571429,0.8869993297950082,0.30102797538605003,0.9449240480150495,0.11986191615984745
test/000145.mp4,000145,vgg19,h264_23_keepaudio,fake,True,23,28,fake,0.8636363636363636,0.7037037037037037,0.7142857142857143,0.8989602638327557,0.2710247815633426,0.9449240480150495,0.11986191615984745
test/000145.mp4,000145,vgg19,h264_28_keepaudio,fake,True,23,28,fake,0.8636363636363636,0.7037037037037037,0.7142857142857143,0.8795520209747812,0.2713497793431879,0.9449240480150495,0.11986191615984745
test/000145.mp4,000145,vgg19,h264_33_keepaudio,fake,True,23,28,fake,0.9090909090909091,0.7037037037037037,0.7142857142857143,0.9326669547868811,0.18473800297813903,0.9449240480150495,0.11986191615984745
test/000145.mp4,000145,vgg19,h264_38_keepaudio,fake,True,23,28,fake,0.7727272727272727,0.7037037037037037,0.75,0.9426719883213872,0.16690933685888973,0.9449240480150495,0.11986191615984745
test/000145.mp4,000145,vgg19,h264_43_keepaudio,fake,True,23,28,fake,0.7727272727272727,0.7037037037037037,0.5714285714285714,0.8626646904841714,0.32624919081542164,0.9449240480150495,0.11986191615984745
test/000146.mp4,000146,vgg19,clean,fake,True,25,31,fake,0.7083333333333334,0.7,0.7419354838709677,0.9109767150878906,0.25088039626416064,0.9554104247400838,0.10317116290433581
test/000146.mp4,000146,vgg19,jpeg_10,fake,True,25,31,fake,0.5833333333333334,0.7,0.8064516129032258,0.9037294709682464,0.25855908161492613,0.9554104247400838,0.10317116290433581
test/000146.mp4,000146,vgg19,jpeg_20,fake,True,25,31,fake,0.5833333333333334,0.7,0.7419354838709677,0.896223567724228,0.263351644633423,0.9554104247400838,0.10317116290433581
test/000146.mp4,000146,vgg19,jpeg_30,fake,True,25,31,fake,0.75,0.7,0.7096774193548387,0.9589112329483033,0.12140481637465342,0.9554104247400838,0.10317116290433581
test/000146.mp4,000146,vgg19,jpeg_40,fake,True,25,31,fake,0.625,0.7,0.7741935483870968,0.8356847500801087,0.34122415996995836,0.9554104247400838,0.10317116290433581
test/000146.mp4,000146,vgg19,jpeg_50,fake,True,25,31,fake,0.875,0.7,0.7419354838709677,0.9105004811286926,0.2461333967575472,0.9554104247400838,0.10317116290433581
test/000146.mp4,000146,vgg19,jpeg_60,fake,True,25,31,fake,0.625,0.7,0.7419354838709677,0.9024214339256287,0.2656421417166823,0.9554104247400838,0.10317116290433581
test/000146.mp4,000146,vgg19,jpeg_70,fake,True,25,31,fake,0.5416666666666666,0.7,0.7741935483870968,0.8813955521583557,0.26809000932421917,0.9554104247400838,0.10317116290433581
test/000146.mp4,000146,vgg19,jpeg_80,fake,True,25,31,fake,0.7083333333333334,0.7,0.7419354838709677,0.9164522194862366,0.2510983679290975,0.9554104247400838,0.10317116290433581
test/000146.mp4,000146,vgg19,jpeg_90,fake,True,25,31,fake,0.625,0.7,0.7419354838709677,0.904990725517273,0.24051565429550992,0.9554104247400838,0.10317116290433581
test/000146.mp4,000146,vgg19,jpeg_95,fake,True,25,31,fake,0.625,0.7,0.7419354838709677,0.9090179204940796,0.25348444303254436,0.9554104247400838,0.10317116290433581
test/000146.mp4,000146,vgg19,h264_18_keepaudio,fake,True,25,31,fake,0.6666666666666666,0.7,0.6774193548387096,0.8766535675525665,0.30464996439570224,0.9554104247400838,0.10317116290433581
test/000146.mp4,000146,vgg19,h264_23_keepaudio,fake,True,25,31,fake,0.8333333333333334,0.7,0.7419354838709677,0.907774612903595,0.24881147628746472,0.9554104247400838,0.10317116290433581
test/000146.mp4,000146,vgg19,h264_28_keepaudio,fake,True,25,31,fake,0.625,0.7,0.6774193548387096,0.8889082431793213,0.25498809661908983,0.9554104247400838,0.10317116290433581
test/000146.mp4,000146,vgg19,h264_33_keepaudio,fake,True,25,31,fake,0.75,0.7,0.6451612903225806,0.9213782715797424,0.1918632281738547,0.9554104247400838,0.10317116290433581
test/000146.mp4,000146,vgg19,h264_38_keepaudio,fake,True,25,31,fake,0.6666666666666666,0.7,0.7096774193548387,0.9360647535324097,0.19311350807993524,0.9554104247400838,0.10317116290433581
test/000146.mp4,000146,vgg19,h264_43_keepaudio,fake,True,25,31,fake,0.8333333333333334,0.7,0.8064516129032258,0.9480295073986054,0.1387129688683983,0.9554104247400838,0.10317116290433581
test/000147.mp4,000147,vgg19,clean,real,True,13,16,fake,0.8333333333333334,0.8666666666666667,0.625,0.9353922147017258,0.2047278611961038,0.9466137513518333,0.15575000208608494
test/000147.mp4,000147,vgg19,jpeg_10,real,True,13,16,fake,0.6666666666666666,0.8666666666666667,0.625,0.8814919132452744,0.3405599126141545,0.9466137513518333,0.15575000208608494
test/000147.mp4,000147,vgg19,jpeg_20,real,True,13,16,fake,0.5833333333333334,0.8666666666666667,0.75,0.9424356909898611,0.15930677103722185,0.9466137513518333,0.15575000208608494
test/000147.mp4,000147,vgg19,jpeg_30,real,True,12,16,fake,0.6363636363636364,0.8666666666666667,0.6875,0.9442531714836756,0.190017224937196,0.9466137513518333,0.15575000208608494
test/000147.mp4,000147,vgg19,jpeg_40,real,True,13,16,fake,0.75,0.8666666666666667,0.625,0.9292121414954846,0.1865721318524838,0.9466137513518333,0.15575000208608494
test/000147.mp4,000147,vgg19,jpeg_50,real,True,13,16,fake,0.6666666666666666,0.8666666666666667,0.625,0.914356855245737,0.208990702669772,0.9466137513518333,0.15575000208608494
test/000147.mp4,000147,vgg19,jpeg_60,real,True,13,16,fake,0.8333333333333334,0.8666666666666667,0.625,0.8857605961652902,0.2732632028182929,0.9466137513518333,0.15575000208608494
test/000147.mp4,000147,vgg19,jpeg_70,real,True,13,16,fake,0.6666666666666666,0.8666666666666667,0.625,0.9309278726577759,0.1934406193037058,0.9466137513518333,0.15575000208608494
test/000147.mp4,000147,vgg19,jpeg_80,real,True,13,16,fake,0.5833333333333334,0.8666666666666667,0.75,0.942578489963825,0.17143883564276052,0.9466137513518333,0.15575000208608494
test/000147.mp4,000147,vgg19,jpeg_90,real,True,13,16,fake,0.8333333333333334,0.8666666666666667,0.625,0.9265686044326196,0.19333729376642075,0.9466137513518333,0.15575000208608494
test/000147.mp4,000147,vgg19,jpeg_95,real,True,13,16,fake,0.6666666666666666,0.8666666666666667,0.625,0.911216126038478,0.21898121641490592,0.9466137513518333,0.15575000208608494
test/000147.mp4,000147,vgg19,h264_18_keepaudio,real,True,13,16,fake,1.0,0.8666666666666667,0.5,0.9336504065073453,0.20981645963632664,0.9466137513518333,0.15575000208608494
test/000147.mp4,000147,vgg19,h264_23_keepaudio,real,True,13,16,fake,0.8333333333333334,0.8666666666666667,0.6875,0.9672698149314294,0.12094343095333447,0.9466137513518333,0.15575000208608494
test/000147.mp4,000147,vgg19,h264_28_keepaudio,real,True,13,16,fake,0.8333333333333334,0.8666666666666667,0.625,0.9108403004132785,0.18495518332329297,0.9466137513518333,0.15575000208608494
test/000147.mp4,000147,vgg19,h264_33_keepaudio,real,True,13,16,fake,0.75,0.8666666666666667,0.75,0.901782377408101,0.24584725285560055,0.9466137513518333,0.15575000208608494
test/000147.mp4,000147,vgg19,h264_38_keepaudio,real,True,13,16,fake,0.25,0.8666666666666667,0.75,0.8902884469582484,0.2092104842749897,0.9466137513518333,0.15575000208608494
test/000147.mp4,000147,vgg19,h264_43_keepaudio,real,True,11,16,fake,0.4,0.8666666666666667,0.625,0.9357909506017511,0.21828131366341566,0.9466137513518333,0.15575000208608494
test/000148.mp4,000148,vgg19,clean,fake,True,15,18,fake,0.8571428571428571,0.8235294117647058,0.7222222222222222,0.8972450176874797,0.2214705638219057,0.9229352639781104,0.21608630007358293
test/000148.mp4,000148,vgg19,jpeg_10,fake,True,15,18,fake,0.7142857142857143,0.8235294117647058,0.6111111111111112,0.9280583421389262,0.2048780300834122,0.9229352639781104,0.21608630007358293
test/000148.mp4,000148,vgg19,jpeg_20,fake,True,15,18,fake,0.6428571428571429,0.8235294117647058,0.8333333333333334,0.9105734467506409,0.22390745351428887,0.9229352639781104,0.21608630007358293
test/000148.mp4,000148,vgg19,jpeg_30,fake,True,15,18,fake,0.8571428571428571,0.8235294117647058,0.7222222222222222,0.9029485146204631,0.21875592668015573,0.9229352639781104,0.21608630007358293
test/000148.mp4,000148,vgg19,jpeg_40,fake,True,15,18,fake,0.8571428571428571,0.8235294117647058,0.7222222222222222,0.9305518349011739,0.17163381209638046,0.9229352639781104,0.21608630007358293
test/000148.mp4,000148,vgg19,jpeg_50,fake,True,15,18,fake,0.8571428571428571,0.8235294117647058,0.7222222222222222,0.9413307269414266,0.15086506499296243,0.9229352639781104,0.21608630007358293
test/000148.mp4,000148,vgg19,jpeg_60,fake,True,15,18,fake,0.7857142857142857,0.8235294117647058,0.7777777777777778,0.9264192680517832,0.17180542204957383,0.9229352639781104,0.21608630007358293
test/000148.mp4,000148,vgg19,jpeg_70,fake,True,14,18,fake,0.6923076923076923,0.8235294117647058,0.7222222222222222,0.9556567881788526,0.13233189893506903,0.9229352639781104,0.21608630007358293
test/000148.mp4,000148,vgg19,jpeg_80,fake,True,15,18,fake,0.7142857142857143,0.8235294117647058,0.6666666666666666,0.9390113433202107,0.17328800222811255,0.9229352639781104,0.21608630007358293
test/000148.mp4,000148,vgg19,jpeg_90,fake,True,15,18,fake,0.7142857142857143,0.8235294117647058,0.8333333333333334,0.9012952248255411,0.21654430237656827,0.9229352639781104,0.21608630007358293
test/000148.mp4,000148,vgg19,jpeg_95,fake,True,15,18,fake,0.7857142857142857,0.8235294117647058,0.7777777777777778,0.9059626499811808,0.19596430589799804,0.9229352639781104,0.21608630007358293
test/000148.mp4,000148,vgg19,h264_18_keepaudio,fake,True,15,18,fake,0.7857142857142857,0.8235294117647058,0.6111111111111112,0.8944333910942077,0.2588523941538889,0.9229352639781104,0.21608630007358293
test/000148.mp4,000148,vgg19,h264_23_keepaudio,fake,True,15,18,fake,0.7857142857142857,0.8235294117647058,0.8888888888888888,0.9732872764269511,0.0983807634580674,0.9229352639781104,0.21608630007358293
test/000148.mp4,000148,vgg19,h264_28_keepaudio,fake,True,15,18,fake,0.7857142857142857,0.8235294117647058,0.8333333333333334,0.9721666057904561,0.10008732444704664,0.9229352639781104,0.21608630007358293
test/000148.mp4,000148,vgg19,h264_33_keepaudio,fake,True,15,18,fake,0.6428571428571429,0.8235294117647058,0.8333333333333334,0.932796820004781,0.21701724372040793,0.9229352639781104,0.21608630007358293
test/000148.mp4,000148,vgg19,h264_38_keepaudio,fake,True,15,18,fake,0.7142857142857143,0.8235294117647058,0.7222222222222222,0.9341163833936056,0.17183127054918693,0.9229352639781104,0.21608630007358293
test/000148.mp4,000148,vgg19,h264_43_keepaudio,fake,True,12,18,fake,0.6363636363636364,0.8235294117647058,0.8333333333333334,0.9750113636255264,0.09623828064033657,0.9229352639781104,0.21608630007358293
test/000149.mp4,000149,vgg19,clean,fake,True,13,16,fake,0.9166666666666666,0.8,0.625,0.9104863290603344,0.22511259785773044,0.9136529117822647,0.24059165774564123
test/000149.mp4,000149,vgg19,jpeg_10,fake,True,13,16,fake,0.8333333333333334,0.8,0.6875,0.8579941025147071,0.33793358618478825,0.9136529117822647,0.24059165774564123
test/000149.mp4,000149,vgg19,jpeg_20,fake,True,13,16,fake,0.5833333333333334,0.8,0.75,0.9237039456000695,0.22788998949203018,0.9136529117822647,0.24059165774564123
test/000149.mp4,000149,vgg19,jpeg_30,fake,True,13,16,fake,0.8333333333333334,0.8,0.5625,0.9689246461941645,0.11151055084323364,0.9136529117822647,0.24059165774564123
test/000149.mp4,000149,vgg19,jpeg_40,fake,True,13,16,fake,0.6666666666666666,0.8,0.5625,0.9397163024315467,0.1482126421932016,0.9136529117822647,0.24059165774564123
test/000149.mp4,000149,vgg19,jpeg_50,fake,True,13,16,fake,0.75,0.8,0.5625,0.8794493216734666,0.2759200752087604,0.9136529117822647,0.24059165774564123
test/000149.mp4,000149,vgg19,jpeg_60,fake,True,13,16,fake,0.8333333333333334,0.8,0.5625,0.8536495084945972,0.31523703807151193,0.9136529117822647,0.24059165774564123
test/000149.mp4,000149,vgg19,jpeg_70,fake,True,12,16,fake,0.8181818181818182,0.8,0.6875,0.9269305616617203,0.19674613102438374,0.9136529117822647,0.24059165774564123
test/000149.mp4,000149,vgg19,jpeg_80,fake,True,13,16,fake,0.8333333333333334,0.8,0.625,0.9797956668413602,0.08467791375772322,0.9136529117822647,0.24059165774564123
test/000149.mp4,000149,vgg19,jpeg_90,fake,True,13,16,fake,0.8333333333333334,0.8,0.6875,0.9541661785199091,0.15132576299145883,0.9136529117822647,0.24059165774564123
test/000149.mp4,000149,vgg19,jpeg_95,fake,True,13,16,fake,0.9166666666666666,0.8,0.625,0.9323355784782996,0.19741947631518494,0.9136529117822647,0.24059165774564123
test/000149.mp4,000149,vgg19,h264_18_keepaudio,fake,True,13,16,fake,0.6666666666666666,0.8,0.5,0.9517592099996713,0.14621319384550474,0.9136529117822647,0.24059165774564123
test/000149.mp4,000149,vgg19,h264_23_keepaudio,fake,True,13,16,fake,0.5833333333333334,0.8,0.625,0.9329826327470633,0.14906866502381572,0.9136529117822647,0.24059165774564123
test/000149.mp4,000149,vgg19,h264_28_keepaudio,fake,True,13,16,fake,0.8333333333333334,0.8,0.4375,0.9538807227061346,0.1446291345705785,0.9136529117822647,0.24059165774564123
test/000149.mp4,000149,vgg19,h264_33_keepaudio,fake,True,13,16,fake,0.5833333333333334,0.8,0.5,0.9274637011381296,0.15919501622782656,0.9136529117822647,0.24059165774564123
test/000149.mp4,000149,vgg19,h264_38_keepaudio,fake,True,13,16,fake,0.8333333333333334,0.8,0.625,0.9241366363488711,0.1726655898436354,0.9136529117822647,0.24059165774564123
test/000149.mp4,000149,vgg19,h264_43_keepaudio,fake,True,12,16,fake,0.7272727272727273,0.8,0.5625,0.9556393076976141,0.1468006747068439,0.9136529117822647,0.24059165774564123
test/000150.mp4,000150,vgg19,clean,fake,True,15,18,fake,0.7142857142857143,0.8235294117647058,0.8333333333333334,0.879020094871521,0.2501247763642936,0.9230348136689928,0.21545607742104636
test/000150.mp4,000150,vgg19,jpeg_10,fake,True,15,18,fake,0.8571428571428571,0.8235294117647058,0.8333333333333334,0.9222086071968079,0.22617628226890188,0.9230348136689928,0.21545607742104636
test/000150.mp4,000150,vgg19,jpeg_20,fake,True,15,18,fake,0.6428571428571429,0.8235294117647058,0.8333333333333334,0.9422089695930481,0.14077398193709875,0.9230348136689928,0.21545607742104636
test/000150.mp4,000150,vgg19,jpeg_30,fake,True,15,18,fake,0.8571428571428571,0.8235294117647058,0.7222222222222222,0.8995134790738424,0.19614559993336952,0.9230348136689928,0.21545607742104636
test/000150.mp4,000150,vgg19,jpeg_40,fake,True,15,18,fake,0.7142857142857143,0.8235294117647058,0.7222222222222222,0.9388063470522563,0.14694403450685847,0.9230348136689928,0.21545607742104636
test/000150.mp4,000150,vgg19,jpeg_50,fake,True,15,18,fake,0.8571428571428571,0.8235294117647058,0.6666666666666666,0.9302520791689555,0.1548621381489449,0.9230348136689928,0.21545607742104636
test/000150.mp4,000150,vgg19,jpeg_60,fake,True,15,18,fake,0.6428571428571429,0.8235294117647058,0.6666666666666666,0.912463887532552,0.1989828747141251,0.9230348136689928,0.21545607742104636
test/000150.mp4,000150,vgg19,jpeg_70,fake,True,14,18,fake,0.6153846153846154,0.8235294117647058,0.7777777777777778,0.9752462123121534,0.10414301453658066,0.9230348136689928,0.21545607742104636
test/000150.mp4,000150,vgg19,jpeg_80,fake,True,15,18,fake,0.7142857142857143,0.8235294117647058,0.7222222222222222,0.9437156716982523,0.1709974834149285,0.9230348136689928,0.21545607742104636
test/000150.mp4,000150,vgg19,jpeg_90,fake,True,15,18,fake,0.6428571428571429,0.8235294117647058,0.7777777777777778,0.9630781213442484,0.11827834193507838,0.9230348136689928,0.21545607742104636
test/000150.mp4,000150,vgg19,jpeg_95,fake,True,15,18,fake,0.7142857142857143,0.8235294117647058,0.7222222222222222,0.9523989915847778,0.13538811236294637,0.9230348136689928,0.21545607742104636
test/000150.mp4,000150,vgg19,h264_18_keepaudio,fake,True,15,18,fake,0.7142857142857143,0.8235294117647058,0.7777777777777778,0.9400999665260314,0.15318276832401292,0.9230348136689928,0.21545607742104636
test/000150.mp4,000150,vgg19,h264_23_keepaudio,fake,True,15,18,fake,0.7142857142857143,0.8235294117647058,0.7222222222222222,0.9573372642199198,0.1263106133239123,0.9230348136689928,0.21545607742104636
test/000150.mp4,000150,vgg19,h264_28_keepaudio,fake,True,15,18,fake,0.7142857142857143,0.8235294117647058,0.7222222222222222,0.9332353671391805,0.1661403862095313,0.9230348136689928,0.21545607742104636
test/000150.mp4,000150,vgg19,h264_33_keepaudio,fake,True,15,18,fake,0.6428571428571429,0.8235294117647058,0.7222222222222222,0.9346959988276163,0.13259075171426218,0.9230348136689928,0.21545607742104636
test/000150.mp4,000150,vgg19,h264_38_keepaudio,fake,True,15,18,fake,0.8571428571428571,0.8235294117647058,0.7222222222222222,0.955075720945994,0.1238046034234946,0.9230348136689928,0.21545607742104636
test/000150.mp4,000150,vgg19,h264_43_keepaudio,fake,True,12,18,fake,0.9090909090909091,0.8235294117647058,0.7222222222222222,0.9224686920642853,0.1788390030693148,0.9230348136689928,0.21545607742104636
test/000151.mp4,000151,vgg19,clean,real,True,22,26,fake,0.7142857142857143,0.92,0.4230769230769231,0.9150250879201022,0.25638387456858963,0.9573198293264096,0.08723844672765213
test/000151.mp4,000151,vgg19,jpeg_10,real,True,22,26,fake,0.7142857142857143,0.92,0.38461538461538464,0.9412950087677349,0.21590438765387843,0.9573198293264096,0.08723844672765213
test/000151.mp4,000151,vgg19,jpeg_20,real,True,22,26,fake,0.7142857142857143,0.92,0.38461538461538464,0.9296837381341241,0.2013817798144549,0.9573198293264096,0.08723844672765213
test/000151.mp4,000151,vgg19,jpeg_30,real,True,22,26,fake,0.7619047619047619,0.92,0.38461538461538464,0.9194206270304593,0.21384087816452635,0.9573198293264096,0.08723844672765213
test/000151.mp4,000151,vgg19,jpeg_40,real,True,22,26,fake,0.7619047619047619,0.92,0.38461538461538464,0.9118472364815798,0.2498277567048695,0.9573198293264096,0.08723844672765213
test/000151.mp4,000151,vgg19,jpeg_50,real,True,22,26,fake,0.7142857142857143,0.92,0.4230769230769231,0.9101070301099257,0.2602071637597647,0.9573198293264096,0.08723844672765213
test/000151.mp4,000151,vgg19,jpeg_60,real,True,22,26,fake,0.7142857142857143,0.92,0.4230769230769231,0.8924773660573092,0.28960413340221075,0.9573198293264096,0.08723844672765213
test/000151.mp4,000151,vgg19,jpeg_70,real,True,22,26,fake,0.7142857142857143,0.92,0.4230769230769231,0.914599443023855,0.2375188058781558,0.9573198293264096,0.08723844672765213
test/000151.mp4,000151,vgg19,jpeg_80,real,True,22,26,fake,0.7142857142857143,0.92,0.38461538461538464,0.8929208191958341,0.2871986914019912,0.9573198293264096,0.08723844672765213
test/000151.mp4,000151,vgg19,jpeg_90,real,True,22,26,fake,0.6190476190476191,0.92,0.4230769230769231,0.908402911641381,0.26833037927365333,0.9573198293264096,0.08723844672765213
test/000151.mp4,000151,vgg19,jpeg_95,real,True,22,26,fake,0.7619047619047619,0.92,0.34615384615384615,0.8683512508869171,0.3240161729206377,0.9573198293264096,0.08723844672765213
test/000151.mp4,000151,vgg19,h264_18_keepaudio,real,True,22,26,fake,0.7142857142857143,0.92,0.38461538461538464,0.9183155785907399,0.23796133756341586,0.9573198293264096,0.08723844672765213
test/000151.mp4,000151,vgg19,h264_23_keepaudio,real,True,22,26,fake,0.7142857142857143,0.92,0.4230769230769231,0.9175428504293616,0.2225084920717495,0.9573198293264096,0.08723844672765213
test/000151.mp4,000151,vgg19,h264_28_keepaudio,real,True,22,26,fake,0.7619047619047619,0.92,0.4230769230769231,0.9248545088551261,0.18539214149117764,0.9573198293264096,0.08723844672765213
test/000151.mp4,000151,vgg19,h264_33_keepaudio,real,True,22,26,fake,0.7619047619047619,0.92,0.4230769230769231,0.9621094194325533,0.11262285282941252,0.9573198293264096,0.08723844672765213
test/000151.mp4,000151,vgg19,h264_38_keepaudio,real,True,22,26,fake,0.6666666666666666,0.92,0.4230769230769231,0.8979841606183485,0.2593958413656434,0.9573198293264096,0.08723844672765213
test/000151.mp4,000151,vgg19,h264_43_keepaudio,real,True,22,26,fake,0.5238095238095238,0.92,0.5384615384615384,0.861672580242157,0.32165081426303627,0.9573198293264096,0.08723844672765213
test/000152.mp4,000152,vgg19,clean,fake,True,23,27,fake,0.6818181818181818,0.8846153846153846,0.4074074074074074,0.8983385329661162,0.27680859243114336,0.9881427707495513,0.039821075914863835
test/000152.mp4,000152,vgg19,jpeg_10,fake,True,23,27,fake,0.7727272727272727,0.8846153846153846,0.37037037037037035,0.9165238997210627,0.29311995961643766,0.9881427707495513,0.039821075914863835
test/000152.mp4,000152,vgg19,jpeg_20,fake,True,23,27,fake,0.8181818181818182,0.8846153846153846,0.37037037037037035,0.9560166597366333,0.1650697878824525,0.9881427707495513,0.039821075914863835
test/000152.mp4,000152,vgg19,jpeg_30,fake,True,23,27,fake,0.6818181818181818,0.8846153846153846,0.4444444444444444,0.9297416845093602,0.2134531471786417,0.9881427707495513,0.039821075914863835
test/000152.mp4,000152,vgg19,jpeg_40,fake,True,23,27,fake,0.6363636363636364,0.8846153846153846,0.4444444444444444,0.9167298570923184,0.23630002703246966,0.9881427707495513,0.039821075914863835
test/000152.mp4,000152,vgg19,jpeg_50,fake,True,23,27,fake,0.6818181818181818,0.8846153846153846,0.4074074074074074,0.9481135995491691,0.1970884428129409,0.9881427707495513,0.039821075914863835
test/000152.mp4,000152,vgg19,jpeg_60,fake,True,23,27,fake,0.7727272727272727,0.8846153846153846,0.37037037037037035,0.9201484192972598,0.23755156400626198,0.9881427707495513,0.039821075914863835
test/000152.mp4,000152,vgg19,jpeg_70,fake,True,23,27,fake,0.7727272727272727,0.8846153846153846,0.37037037037037035,0.9006434808606687,0.28048173925965275,0.9881427707495513,0.039821075914863835
test/000152.mp4,000152,vgg19,jpeg_80,fake,True,23,27,fake,0.7727272727272727,0.8846153846153846,0.4444444444444444,0.915260330490444,0.2663210636993148,0.9881427707495513,0.039821075914863835
test/000152.mp4,000152,vgg19,jpeg_90,fake,True,23,27,fake,0.5909090909090909,0.8846153846153846,0.4074074074074074,0.9226569248282391,0.2348600315350216,0.9881427707495513,0.039821075914863835
test/000152.mp4,000152,vgg19,jpeg_95,fake,True,23,27,fake,0.6818181818181818,0.8846153846153846,0.4074074074074074,0.9212437945863475,0.23584572629843556,0.9881427707495513,0.039821075914863835
test/000152.mp4,000152,vgg19,h264_18_keepaudio,fake,True,23,27,fake,0.6818181818181818,0.8846153846153846,0.4074074074074074,0.935509803502456,0.22097193018963,0.9881427707495513,0.039821075914863835
test/000152.mp4,000152,vgg19,h264_23_keepaudio,fake,True,23,27,fake,0.7272727272727273,0.8846153846153846,0.3333333333333333,0.8898215332756871,0.27353946297308956,0.9881427707495513,0.039821075914863835
test/000152.mp4,000152,vgg19,h264_28_keepaudio,fake,True,23,27,fake,0.7272727272727273,0.8846153846153846,0.4444444444444444,0.9205545523892278,0.2361568788669187,0.9881427707495513,0.039821075914863835
test/000152.mp4,000152,vgg19,h264_33_keepaudio,fake,True,23,27,fake,0.7727272727272727,0.8846153846153846,0.4074074074074074,0.9465873034104056,0.16948212409578972,0.9881427707495513,0.039821075914863835
test/000152.mp4,000152,vgg19,h264_38_keepaudio,fake,True,23,27,fake,0.7727272727272727,0.8846153846153846,0.4074074074074074,0.8938838062079056,0.26395266589637506,0.9881427707495513,0.039821075914863835
test/000152.mp4,000152,vgg19,h264_43_keepaudio,fake,True,23,27,fake,0.6363636363636364,0.8846153846153846,0.5185185185185185,0.9053590297698975,0.2429639506166485,0.9881427707495513,0.039821075914863835
test/000153.mp4,000153,vgg19,clean,fake,True,22,27,fake,0.6666666666666666,0.8846153846153846,0.4444444444444444,0.8818631700494073,0.29935490499741185,0.9489846119174251,0.09773902786083426
test/000153.mp4,000153,vgg19,jpeg_10,fake,True,22,27,fake,0.6666666666666666,0.8846153846153846,0.4444444444444444,0.8836180378090251,0.30298301686647194,0.9489846119174251,0.09773902786083426
test/000153.mp4,000153,vgg19,jpeg_20,fake,True,22,27,fake,0.7619047619047619,0.8846153846153846,0.4074074074074074,0.930763141675429,0.22392856925589133,0.9489846119174251,0.09773902786083426
test/000153.mp4,000153,vgg19,jpeg_30,fake,True,22,27,fake,0.7619047619047619,0.8846153846153846,0.48148148148148145,0.9267569942907854,0.21170810907837276,0.9489846119174251,0.09773902786083426
test/000153.mp4,000153,vgg19,jpeg_40,fake,True,22,27,fake,0.7142857142857143,0.8846153846153846,0.4444444444444444,0.9015560393983667,0.24638416145562783,0.9489846119174251,0.09773902786083426
test/000153.mp4,000153,vgg19,jpeg_50,fake,True,22,27,fake,0.6190476190476191,0.8846153846153846,0.48148148148148145,0.927609386769208,0.23358296801639955,0.9489846119174251,0.09773902786083426
test/000153.mp4,000153,vgg19,jpeg_60,fake,True,22,27,fake,0.6666666666666666,0.8846153846153846,0.4444444444444444,0.8861069733446295,0.3171285748010775,0.9489846119174251,0.09773902786083426
test/000153.mp4,000153,vgg19,jpeg_70,fake,True,22,27,fake,0.7619047619047619,0.8846153846153846,0.4074074074074074,0.8671125200661746,0.3471488950781094,0.9489846119174251,0.09773902786083426
test/000153.mp4,000153,vgg19,jpeg_80,fake,True,22,27,fake,0.7619047619047619,0.8846153846153846,0.48148148148148145,0.9044078818776391,0.2782445137957105,0.9489846119174251,0.09773902786083426
test/000153.mp4,000153,vgg19,jpeg_90,fake,True,22,27,fake,0.6666666666666666,0.8846153846153846,0.4444444444444444,0.900049389763312,0.27044481281963995,0.9489846119174251,0.09773902786083426
test/000153.mp4,000153,vgg19,jpeg_95,fake,True,22,27,fake,0.6666666666666666,0.8846153846153846,0.4444444444444444,0.924768103794618,0.249168804186532,0.9489846119174251,0.09773902786083426
test/000153.mp4,000153,vgg19,h264_18_keepaudio,fake,True,22,27,fake,0.7619047619047619,0.8846153846153846,0.48148148148148145,0.8975466002117504,0.29371819612021316,0.9489846119174251,0.09773902786083426
test/000153.mp4,000153,vgg19,h264_23_keepaudio,fake,True,22,27,fake,0.6666666666666666,0.8846153846153846,0.48148148148148145,0.9139841226014224,0.2519564923342961,0.9489846119174251,0.09773902786083426
test/000153.mp4,000153,vgg19,h264_28_keepaudio,fake,True,22,27,fake,0.6666666666666666,0.8846153846153846,0.5185185185185185,0.8795250478115949,0.2967129697825218,0.9489846119174251,0.09773902786083426
test/000153.mp4,000153,vgg19,h264_33_keepaudio,fake,True,22,27,fake,0.7142857142857143,0.8846153846153846,0.5185185185185185,0.9165755889632485,0.24048934013977344,0.9489846119174251,0.09773902786083426
test/000153.mp4,000153,vgg19,h264_38_keepaudio,fake,True,22,27,fake,0.7142857142857143,0.8846153846153846,0.48148148148148145,0.8732483657923612,0.3205596868046295,0.9489846119174251,0.09773902786083426
test/000153.mp4,000153,vgg19,h264_43_keepaudio,fake,True,22,27,fake,0.6190476190476191,0.8846153846153846,0.5925925925925926,0.8980009501630609,0.29270513338401377,0.9489846119174251,0.09773902786083426
test/000154.mp4,000154,vgg19,clean,fake,True,23,27,fake,0.5909090909090909,0.8846153846153846,0.48148148148148145,0.9091455418130626,0.25767367333337365,0.9871394192730939,0.04113604781425558
test/000154.mp4,000154,vgg19,jpeg_10,fake,True,23,27,fake,0.6818181818181818,0.8846153846153846,0.48148148148148145,0.9083899726038394,0.2856710689809173,0.9871394192730939,0.04113604781425558
test/000154.mp4,000154,vgg19,jpeg_20,fake,True,23,27,fake,0.8181818181818182,0.8846153846153846,0.37037037037037035,0.9521337151527405,0.18074820671019304,0.9871394192730939,0.04113604781425558
test/000154.mp4,000154,vgg19,jpeg_30,fake,True,23,27,fake,0.8181818181818182,0.8846153846153846,0.4444444444444444,0.9252658667771713,0.24306838992137803,0.9871394192730939,0.04113604781425558
test/000154.mp4,000154,vgg19,jpeg_40,fake,True,23,27,fake,0.6363636363636364,0.8846153846153846,0.4444444444444444,0.9190807860830555,0.23364756017010843,0.9871394192730939,0.04113604781425558
test/000154.mp4,000154,vgg19,jpeg_50,fake,True,23,27,fake,0.6818181818181818,0.8846153846153846,0.4074074074074074,0.909161432929661,0.28608454006595524,0.9871394192730939,0.04113604781425558
test/000154.mp4,000154,vgg19,jpeg_60,fake,True,23,27,fake,0.6818181818181818,0.8846153846153846,0.4074074074074074,0.9166948665743289,0.258982458709257,0.9871394192730939,0.04113604781425558
test/000154.mp4,000154,vgg19,jpeg_70,fake,True,23,27,fake,0.6818181818181818,0.8846153846153846,0.4074074074074074,0.8940451741218567,0.30768155995471863,0.9871394192730939,0.04113604781425558
test/000154.mp4,000154,vgg19,jpeg_80,fake,True,23,27,fake,0.7727272727272727,0.8846153846153846,0.4444444444444444,0.9291079640388489,0.2389511698724402,0.9871394192730939,0.04113604781425558
test/000154.mp4,000154,vgg19,jpeg_90,fake,True,23,27,fake,0.6818181818181818,0.8846153846153846,0.4074074074074074,0.9285576473111692,0.24288985515117695,0.9871394192730939,0.04113604781425558
test/000154.mp4,000154,vgg19,jpeg_95,fake,True,23,27,fake,0.5909090909090909,0.8846153846153846,0.48148148148148145,0.9065285752648893,0.28837710114710347,0.9871394192730939,0.04113604781425558
test/000154.mp4,000154,vgg19,h264_18_keepaudio,fake,True,23,27,fake,0.7727272727272727,0.8846153846153846,0.4444444444444444,0.9250735510950503,0.24925120835227513,0.9871394192730939,0.04113604781425558
test/000154.mp4,000154,vgg19,h264_23_keepaudio,fake,True,23,27,fake,0.6818181818181818,0.8846153846153846,0.4444444444444444,0.9076852979867355,0.25357732196238014,0.9871394192730939,0.04113604781425558
test/000154.mp4,000154,vgg19,h264_28_keepaudio,fake,True,23,27,fake,0.8181818181818182,0.8846153846153846,0.4074074074074074,0.9145764786264171,0.2367823691830326,0.9871394192730939,0.04113604781425558
test/000154.mp4,000154,vgg19,h264_33_keepaudio,fake,True,23,27,fake,0.8636363636363636,0.8846153846153846,0.3333333333333333,0.9307838678359985,0.18890296947268634,0.9871394192730939,0.04113604781425558
test/000154.mp4,000154,vgg19,h264_38_keepaudio,fake,True,23,27,fake,0.6818181818181818,0.8846153846153846,0.4444444444444444,0.9224594650061234,0.21968826438855632,0.9871394192730939,0.04113604781425558
test/000154.mp4,000154,vgg19,h264_43_keepaudio,fake,True,23,27,fake,0.6818181818181818,0.8846153846153846,0.4444444444444444,0.8920733799105105,0.26742067916698686,0.9871394192730939,0.04113604781425558
test/000155.mp4,000155,vgg19,clean,real,True,32,39,fake,0.7419354838709677,0.8947368421052632,0.7435897435897436,0.8759380532428622,0.3254492010669217,0.9822377409690466,0.046362188721463374
test/000155.mp4,000155,vgg19,jpeg_10,real,True,32,39,fake,0.7419354838709677,0.8947368421052632,0.6410256410256411,0.831865819171071,0.4267718156270819,0.9822377409690466,0.046362188721463374
test/000155.mp4,000155,vgg19,jpeg_20,real,True,32,39,fake,0.5806451612903226,0.8947368421052632,0.7692307692307693,0.8747278423979878,0.31977770651128556,0.9822377409690466,0.046362188721463374
test/000155.mp4,000155,vgg19,jpeg_30,real,True,32,39,fake,0.8064516129032258,0.8947368421052632,0.717948717948718,0.8857418056577444,0.290220885633758,0.9822377409690466,0.046362188721463374
test/000155.mp4,000155,vgg19,jpeg_40,real,True,32,39,fake,0.6774193548387096,0.8947368421052632,0.7692307692307693,0.8994049141183496,0.2905713228554428,0.9822377409690466,0.046362188721463374
test/000155.mp4,000155,vgg19,jpeg_50,real,True,32,39,fake,0.7741935483870968,0.8947368421052632,0.7435897435897436,0.926789483986795,0.21546372460465907,0.9822377409690466,0.046362188721463374
test/000155.mp4,000155,vgg19,jpeg_60,real,True,32,39,fake,0.8709677419354839,0.8947368421052632,0.717948717948718,0.8844300350174308,0.315301108902512,0.9822377409690466,0.046362188721463374
test/000155.mp4,000155,vgg19,jpeg_70,real,True,32,39,fake,0.8387096774193549,0.8947368421052632,0.717948717948718,0.8935440396890044,0.2738595171030307,0.9822377409690466,0.046362188721463374
test/000155.mp4,000155,vgg19,jpeg_80,real,True,32,39,fake,0.7419354838709677,0.8947368421052632,0.717948717948718,0.8592659514397383,0.32335108604694485,0.9822377409690466,0.046362188721463374
test/000155.mp4,000155,vgg19,jpeg_90,real,True,32,39,fake,0.7419354838709677,0.8947368421052632,0.717948717948718,0.8741709552705288,0.31402789140297904,0.9822377409690466,0.046362188721463374
test/000155.mp4,000155,vgg19,jpeg_95,real,True,32,39,fake,0.7741935483870968,0.8947368421052632,0.7435897435897436,0.8695543352514505,0.35449642443955814,0.9822377409690466,0.046362188721463374
test/000155.mp4,000155,vgg19,h264_18_keepaudio,real,True,32,39,fake,0.8709677419354839,0.8947368421052632,0.7435897435897436,0.9082616278901696,0.2842721702792588,0.9822377409690466,0.046362188721463374
test/000155.mp4,000155,vgg19,h264_23_keepaudio,real,True,32,39,fake,0.7096774193548387,0.8947368421052632,0.7948717948717948,0.8968010814860463,0.28793123636933177,0.9822377409690466,0.046362188721463374
test/000155.mp4,000155,vgg19,h264_28_keepaudio,real,True,32,39,fake,0.7096774193548387,0.8947368421052632,0.7435897435897436,0.8910106914117932,0.3006184108273254,0.9822377409690466,0.046362188721463374
test/000155.mp4,000155,vgg19,h264_33_keepaudio,real,True,32,39,fake,0.8709677419354839,0.8947368421052632,0.717948717948718,0.9153677187860012,0.2368490515115561,0.9822377409690466,0.046362188721463374
test/000155.mp4,000155,vgg19,h264_38_keepaudio,real,True,32,39,fake,0.7096774193548387,0.8947368421052632,0.7435897435897436,0.9011251647025347,0.23079802144667985,0.9822377409690466,0.046362188721463374
test/000155.mp4,000155,vgg19,h264_43_keepaudio,real,True,32,39,fake,0.8709677419354839,0.8947368421052632,0.6666666666666666,0.9479862656444311,0.14634659967952712,0.9822377409690466,0.046362188721463374
test/000156.mp4,000156,vgg19,clean,real,True,25,31,fake,0.9166666666666666,0.6333333333333333,0.5806451612903226,0.9252930688858032,0.2168167555723517,0.9399633561411211,0.14700342973607575
test/000156.mp4,000156,vgg19,jpeg_10,real,True,25,31,fake,0.9166666666666666,0.6333333333333333,0.6129032258064516,0.8375539541244507,0.3749087446019258,0.9399633561411211,0.14700342973607575
test/000156.mp4,000156,vgg19,jpeg_20,real,True,25,31,fake,0.75,0.6333333333333333,0.5806451612903226,0.951089231967926,0.16785495293652533,0.9399633561411211,0.14700342973607575
test/000156.mp4,000156,vgg19,jpeg_30,real,True,25,31,fake,0.75,0.6333333333333333,0.5806451612903226,0.8673403692245484,0.2840381812289671,0.9399633561411211,0.14700342973607575
test/000156.mp4,000156,vgg19,jpeg_40,real,True,25,31,fake,0.7916666666666666,0.6333333333333333,0.6129032258064516,0.9088425731658936,0.25657692031399576,0.9399633561411211,0.14700342973607575
test/000156.mp4,000156,vgg19,jpeg_50,real,True,25,31,fake,0.7083333333333334,0.6333333333333333,0.5806451612903226,0.9101316690444946,0.2520342789334593,0.9399633561411211,0.14700342973607575
test/000156.mp4,000156,vgg19,jpeg_60,real,True,25,31,fake,0.8333333333333334,0.6333333333333333,0.5806451612903226,0.899671618938446,0.27533415258903665,0.9399633561411211,0.14700342973607575
test/000156.mp4,000156,vgg19,jpeg_70,real,True,25,31,fake,0.8333333333333334,0.6333333333333333,0.6451612903225806,0.9245946526527404,0.22995060912830478,0.9399633561411211,0.14700342973607575
test/000156.mp4,000156,vgg19,jpeg_80,real,True,25,31,fake,0.8333333333333334,0.6333333333333333,0.6129032258064516,0.8511477994918824,0.33157817285510716,0.9399633561411211,0.14700342973607575
test/000156.mp4,000156,vgg19,jpeg_90,real,True,25,31,fake,0.8333333333333334,0.6333333333333333,0.5806451612903226,0.88636643409729,0.2739987692777931,0.9399633561411211,0.14700342973607575
test/000156.mp4,000156,vgg19,jpeg_95,real,True,25,31,fake,0.8333333333333334,0.6333333333333333,0.5806451612903226,0.9191225075721741,0.2157833552332622,0.9399633561411211,0.14700342973607575
test/000156.mp4,000156,vgg19,h264_18_keepaudio,real,True,25,31,fake,0.7916666666666666,0.6333333333333333,0.6129032258064516,0.879938645362854,0.2895730090995617,0.9399633561411211,0.14700342973607575
test/000156.mp4,000156,vgg19,h264_23_keepaudio,real,True,25,31,fake,0.7916666666666666,0.6333333333333333,0.5806451612903226,0.9136240720748902,0.24993141967428514,0.9399633561411211,0.14700342973607575
test/000156.mp4,000156,vgg19,h264_28_keepaudio,real,True,25,31,fake,0.875,0.6333333333333333,0.5806451612903226,0.9404534673690796,0.18580071142483004,0.9399633561411211,0.14700342973607575
test/000156.mp4,000156,vgg19,h264_33_keepaudio,real,True,25,31,fake,0.7083333333333334,0.6333333333333333,0.6451612903225806,0.9327335596084595,0.1660095938930028,0.9399633561411211,0.14700342973607575
test/000156.mp4,000156,vgg19,h264_38_keepaudio,real,True,25,31,fake,0.8333333333333334,0.6333333333333333,0.6129032258064516,0.8990746140480042,0.24802245769167747,0.9399633561411211,0.14700342973607575
test/000156.mp4,000156,vgg19,h264_43_keepaudio,real,True,25,31,fake,0.6666666666666666,0.6333333333333333,0.5483870967741935,0.9052006602287292,0.27275438337248975,0.9399633561411211,0.14700342973607575
test/000157.mp4,000157,vgg19,clean,fake,True,27,33,fake,0.8461538461538461,0.59375,0.6666666666666666,0.9184819868317357,0.19495021258578568,0.9472351525769089,0.14192252339839542
test/000157.mp4,000157,vgg19,jpeg_10,fake,True,27,33,fake,0.6153846153846154,0.59375,0.6666666666666666,0.8995605994153906,0.2530116713887909,0.9472351525769089,0.14192252339839542
test/000157.mp4,000157,vgg19,jpeg_20,fake,True,27,33,fake,0.9230769230769231,0.59375,0.6363636363636364,0.9238065657792268,0.16199308267733803,0.9472351525769089,0.14192252339839542
test/000157.mp4,000157,vgg19,jpeg_30,fake,True,27,33,fake,0.8076923076923077,0.59375,0.6363636363636364,0.9606517553329468,0.11863163371229304,0.9472351525769089,0.14192252339839542
test/000157.mp4,000157,vgg19,jpeg_40,fake,True,27,33,fake,0.8846153846153846,0.59375,0.6363636363636364,0.9442336228158739,0.17327011782661167,0.9472351525769089,0.14192252339839542
test/000157.mp4,000157,vgg19,jpeg_50,fake,True,27,33,fake,0.8461538461538461,0.59375,0.6363636363636364,0.948731592407933,0.1478385712371203,0.9472351525769089,0.14192252339839542
test/000157.mp4,000157,vgg19,jpeg_60,fake,True,27,33,fake,0.9230769230769231,0.59375,0.6666666666666666,0.9099428764096013,0.2077565580874555,0.9472351525769089,0.14192252339839542
test/000157.mp4,000157,vgg19,jpeg_70,fake,True,27,33,fake,0.9230769230769231,0.59375,0.6666666666666666,0.9368226660622491,0.14430954514718752,0.9472351525769089,0.14192252339839542
test/000157.mp4,000157,vgg19,jpeg_80,fake,True,27,33,fake,0.9230769230769231,0.59375,0.6363636363636364,0.9364927190321463,0.17875190626590254,0.9472351525769089,0.14192252339839542
test/000157.mp4,000157,vgg19,jpeg_90,fake,True,27,33,fake,0.9230769230769231,0.59375,0.6666666666666666,0.9639632790176956,0.11927213537124391,0.9472351525769089,0.14192252339839542
test/000157.mp4,000157,vgg19,jpeg_95,fake,True,27,33,fake,0.9230769230769231,0.59375,0.6363636363636364,0.9514576351201093,0.14411400447760356,0.9472351525769089,0.14192252339839542
test/000157.mp4,000157,vgg19,h264_18_keepaudio,fake,True,27,33,fake,0.9230769230769231,0.59375,0.6666666666666666,0.9095256681795474,0.19876880341483807,0.9472351525769089,0.14192252339839542
test/000157.mp4,000157,vgg19,h264_23_keepaudio,fake,True,27,33,fake,0.8461538461538461,0.59375,0.6666666666666666,0.9251360363430448,0.17220223127390485,0.9472351525769089,0.14192252339839542
test/000157.mp4,000157,vgg19,h264_28_keepaudio,fake,True,27,33,fake,0.9615384615384616,0.59375,0.696969696969697,0.9535595266907303,0.11384106240560747,0.9472351525769089,0.14192252339839542
test/000157.mp4,000157,vgg19,h264_33_keepaudio,fake,True,27,33,fake,0.8076923076923077,0.59375,0.6666666666666666,0.9507541214978253,0.13980390513349836,0.9472351525769089,0.14192252339839542
test/000157.mp4,000157,vgg19,h264_38_keepaudio,fake,True,27,33,fake,0.8076923076923077,0.59375,0.7272727272727273,0.8988031491085335,0.2735908952887242,0.9472351525769089,0.14192252339839542
test/000157.mp4,000157,vgg19,h264_43_keepaudio,fake,True,27,33,fake,0.8846153846153846,0.59375,0.7575757575757576,0.9579300394764653,0.14191618486422442,0.9472351525769089,0.14192252339839542
test/000158.mp4,000158,vgg19,clean,fake,True,26,31,fake,0.76,0.6,0.6451612903225806,0.9329610272095754,0.1699837073056204,0.9592271235681349,0.10899486398260294
test/000158.mp4,000158,vgg19,jpeg_10,fake,True,26,31,fake,0.76,0.6,0.6129032258064516,0.8889857152333627,0.2590214751448451,0.9592271235681349,0.10899486398260294
test/000158.mp4,000158,vgg19,jpeg_20,fake,True,26,31,fake,0.88,0.6,0.6129032258064516,0.9360669805453374,0.15187020277105387,0.9592271235681349,0.10899486398260294
test/000158.mp4,000158,vgg19,jpeg_30,fake,True,26,31,fake,0.88,0.6,0.6129032258064516,0.9582809232748472,0.12802555518752962,0.9592271235681349,0.10899486398260294
test/000158.mp4,000158,vgg19,jpeg_40,fake,True,26,31,fake,0.92,0.6,0.6129032258064516,0.9267685459210322,0.18910220535771433,0.9592271235681349,0.10899486398260294
test/000158.mp4,000158,vgg19,jpeg_50,fake,True,26,31,fake,0.88,0.6,0.6129032258064516,0.9356110531550187,0.16607068146715656,0.9592271235681349,0.10899486398260294
test/000158.mp4,000158,vgg19,jpeg_60,fake,True,26,31,fake,0.88,0.6,0.6451612903225806,0.9273443932716663,0.18211019436873796,0.9592271235681349,0.10899486398260294
test/000158.mp4,000158,vgg19,jpeg_70,fake,True,26,31,fake,0.84,0.6,0.6451612903225806,0.9010254098818853,0.2061239767519546,0.9592271235681349,0.10899486398260294
test/000158.mp4,000158,vgg19,jpeg_80,fake,True,26,31,fake,0.88,0.6,0.6129032258064516,0.9288748135933509,0.18247184623728174,0.9592271235681349,0.10899486398260294
test/000158.mp4,000158,vgg19,jpeg_90,fake,True,26,31,fake,0.8,0.6,0.6451612903225806,0.9411977896323571,0.1648262887139381,0.9592271235681349,0.10899486398260294
test/000158.mp4,000158,vgg19,jpeg_95,fake,True,26,31,fake,0.88,0.6,0.6129032258064516,0.9493034894649799,0.1478620620649364,0.9592271235681349,0.10899486398260294
test/000158.mp4,000158,vgg19,h264_18_keepaudio,fake,True,26,31,fake,0.84,0.6,0.6451612903225806,0.9221944258763239,0.19498589335691718,0.9592271235681349,0.10899486398260294
test/000158.mp4,000158,vgg19,h264_23_keepaudio,fake,True,26,31,fake,0.88,0.6,0.6451612903225806,0.9182337820529938,0.1814133221609751,0.9592271235681349,0.10899486398260294
test/000158.mp4,000158,vgg19,h264_28_keepaudio,fake,True,26,31,fake,0.96,0.6,0.6774193548387096,0.9622866236246549,0.11244728885620343,0.9592271235681349,0.10899486398260294
test/000158.mp4,000158,vgg19,h264_33_keepaudio,fake,True,26,31,fake,0.88,0.6,0.6451612903225806,0.9490316005853506,0.1250692935579863,0.9592271235681349,0.10899486398260294
test/000158.mp4,000158,vgg19,h264_38_keepaudio,fake,True,26,31,fake,0.76,0.6,0.6774193548387096,0.924806161568715,0.19500497685247314,0.9592271235681349,0.10899486398260294
test/000158.mp4,000158,vgg19,h264_43_keepaudio,fake,True,26,31,fake,0.72,0.6,0.7096774193548387,0.9423368000067197,0.1711162958163569,0.9592271235681349,0.10899486398260294
test/000159.mp4,000159,vgg19,clean,fake,True,26,32,fake,0.84,0.5483870967741935,0.6875,0.9356442334560248,0.15460824880270502,0.931738693267107,0.15761776520618737
test/000159.mp4,000159,vgg19,jpeg_10,fake,True,26,32,fake,0.8,0.5483870967741935,0.65625,0.904256019454736,0.23480693654954823,0.931738693267107,0.15761776520618737
test/000159.mp4,000159,vgg19,jpeg_20,fake,True,26,32,fake,0.88,0.5483870967741935,0.65625,0.9332046233690702,0.14247744065802584,0.931738693267107,0.15761776520618737
test/000159.mp4,000159,vgg19,jpeg_30,fake,True,26,32,fake,0.8,0.5483870967741935,0.65625,0.9620954898687509,0.11818164034650537,0.931738693267107,0.15761776520618737
test/000159.mp4,000159,vgg19,jpeg_40,fake,True,26,32,fake,0.8,0.5483870967741935,0.6875,0.9428237882944254,0.15031281091550924,0.931738693267107,0.15761776520618737
test/000159.mp4,000159,vgg19,jpeg_50,fake,True,26,32,fake,0.88,0.5483870967741935,0.65625,0.9379576811423669,0.14939594504659412,0.931738693267107,0.15761776520618737
test/000159.mp4,000159,vgg19,jpeg_60,fake,True,26,32,fake,0.88,0.5483870967741935,0.6875,0.9414642797066615,0.14211191109569637,0.931738693267107,0.15761776520618737
test/000159.mp4,000159,vgg19,jpeg_70,fake,True,26,32,fake,0.8,0.5483870967741935,0.6875,0.92403166110699,0.1486649775620366,0.931738693267107,0.15761776520618737
test/000159.mp4,000159,vgg19,jpeg_80,fake,True,26,32,fake,0.88,0.5483870967741935,0.65625,0.9454910411284521,0.139367068052552,0.931738693267107,0.15761776520618737
test/000159.mp4,000159,vgg19,jpeg_90,fake,True,26,32,fake,0.88,0.5483870967741935,0.6875,0.9583419171663431,0.12083617388590565,0.931738693267107,0.15761776520618737
test/000159.mp4,000159,vgg19,jpeg_95,fake,True,26,32,fake,0.76,0.5483870967741935,0.6875,0.9469910584963285,0.145603370832422,0.931738693267107,0.15761776520618737
test/000159.mp4,000159,vgg19,h264_18_keepaudio,fake,True,26,32,fake,0.88,0.5483870967741935,0.6875,0.932810338643881,0.16375006268199235,0.931738693267107,0.15761776520618737
test/000159.mp4,000159,vgg19,h264_23_keepaudio,fake,True,26,32,fake,0.8,0.5483870967741935,0.6875,0.9266456938706912,0.1728787482327694,0.931738693267107,0.15761776520618737
test/000159.mp4,000159,vgg19,h264_28_keepaudio,fake,True,26,32,fake,0.84,0.5483870967741935,0.75,0.962903265769665,0.10879533967322966,0.931738693267107,0.15761776520618737
test/000159.mp4,000159,vgg19,h264_33_keepaudio,fake,True,26,32,fake,0.88,0.5483870967741935,0.6875,0.9713841860110943,0.08486206114378307,0.931738693267107,0.15761776520618737
test/000159.mp4,000159,vgg19,h264_38_keepaudio,fake,True,26,32,fake,0.88,0.5483870967741935,0.71875,0.94775717992049,0.16795518358392839,0.931738693267107,0.15761776520618737
test/000159.mp4,000159,vgg19,h264_43_keepaudio,fake,True,26,32,fake,0.84,0.5483870967741935,0.75,0.955725005039802,0.1423638468148283,0.931738693267107,0.15761776520618737
test/000160.mp4,000160,vgg19,clean,real,True,24,29,fake,0.6086956521739131,0.6428571428571429,0.5862068965517241,0.8633007866640886,0.39689404116656024,0.929261955721625,0.1591420498730525
test/000160.mp4,000160,vgg19,jpeg_10,real,True,24,29,fake,0.43478260869565216,0.6428571428571429,0.5172413793103449,0.8437903076410294,0.44886559131013665,0.929261955721625,0.1591420498730525
test/000160.mp4,000160,vgg19,jpeg_20,real,True,24,29,fake,0.6956521739130435,0.6428571428571429,0.5862068965517241,0.886774767190218,0.34867607961542685,0.929261955721625,0.1591420498730525
test/000160.mp4,000160,vgg19,jpeg_30,real,True,24,29,fake,0.6521739130434783,0.6428571428571429,0.6206896551724138,0.8827612524231275,0.34975183784809394,0.929261955721625,0.1591420498730525
test/000160.mp4,000160,vgg19,jpeg_40,real,True,24,29,fake,0.6956521739130435,0.6428571428571429,0.5862068965517241,0.8719707715014616,0.39938961963152275,0.929261955721625,0.1591420498730525
test/000160.mp4,000160,vgg19,jpeg_50,real,True,24,29,fake,0.6086956521739131,0.6428571428571429,0.5862068965517241,0.856040246784687,0.39223985230601627,0.929261955721625,0.1591420498730525
test/000160.mp4,000160,vgg19,jpeg_60,real,True,24,29,fake,0.6521739130434783,0.6428571428571429,0.5517241379310345,0.8472998303671678,0.4361150700215657,0.929261955721625,0.1591420498730525
test/000160.mp4,000160,vgg19,jpeg_70,real,True,24,29,fake,0.6521739130434783,0.6428571428571429,0.6206896551724138,0.8473340248068174,0.41505539245673373,0.929261955721625,0.1591420498730525
test/000160.mp4,000160,vgg19,jpeg_80,real,True,24,29,fake,0.6956521739130435,0.6428571428571429,0.6896551724137931,0.8468861480553945,0.42794426116485845,0.929261955721625,0.1591420498730525
test/000160.mp4,000160,vgg19,jpeg_90,real,True,24,29,fake,0.5652173913043478,0.6428571428571429,0.5517241379310345,0.8636162889500459,0.4219952068040535,0.929261955721625,0.1591420498730525
test/000160.mp4,000160,vgg19,jpeg_95,real,True,24,29,fake,0.6521739130434783,0.6428571428571429,0.6206896551724138,0.8836361467838287,0.33448936224915765,0.929261955721625,0.1591420498730525
test/000160.mp4,000160,vgg19,h264_18_keepaudio,real,True,24,29,fake,0.6086956521739131,0.6428571428571429,0.6206896551724138,0.8496394144992033,0.4065077426983083,0.929261955721625,0.1591420498730525
test/000160.mp4,000160,vgg19,h264_23_keepaudio,real,True,24,29,fake,0.6086956521739131,0.6428571428571429,0.5517241379310345,0.8123845731218656,0.5020119325129674,0.929261955721625,0.1591420498730525
test/000160.mp4,000160,vgg19,h264_28_keepaudio,real,True,24,29,fake,0.4782608695652174,0.6428571428571429,0.5862068965517241,0.8639642472068468,0.3964345682868369,0.929261955721625,0.1591420498730525
test/000160.mp4,000160,vgg19,h264_33_keepaudio,real,True,24,29,fake,0.6521739130434783,0.6428571428571429,0.6206896551724138,0.8654111822446188,0.3602390201747974,0.929261955721625,0.1591420498730525
test/000160.mp4,000160,vgg19,h264_38_keepaudio,real,True,24,29,fake,0.6956521739130435,0.6428571428571429,0.6206896551724138,0.8376371612151464,0.4271002119138485,0.929261955721625,0.1591420498730525
test/000160.mp4,000160,vgg19,h264_43_keepaudio,real,True,24,29,fake,0.5652173913043478,0.6428571428571429,0.6206896551724138,0.8713636125127474,0.3405963684681055,0.929261955721625,0.1591420498730525
test/000161.mp4,000161,vgg19,clean,fake,True,24,29,fake,0.5652173913043478,0.7142857142857143,0.6551724137931034,0.8255576093991598,0.45462160999908363,0.9524358305437811,0.1238265188114941
test/000161.mp4,000161,vgg19,jpeg_10,fake,True,24,29,fake,0.5652173913043478,0.7142857142857143,0.5862068965517241,0.7971151334544023,0.5251000136949221,0.9524358305437811,0.1238265188114941
test/000161.mp4,000161,vgg19,jpeg_20,fake,True,24,29,fake,0.782608695652174,0.7142857142857143,0.6896551724137931,0.7671223481496176,0.5428090573569869,0.9524358305437811,0.1238265188114941
test/000161.mp4,000161,vgg19,jpeg_30,fake,True,24,29,fake,0.6521739130434783,0.7142857142857143,0.7241379310344828,0.9187324531376362,0.24090690522863845,0.9524358305437811,0.1238265188114941
test/000161.mp4,000161,vgg19,jpeg_40,fake,True,24,29,fake,0.6521739130434783,0.7142857142857143,0.6896551724137931,0.857688382267952,0.41006469977338283,0.9524358305437811,0.1238265188114941
test/000161.mp4,000161,vgg19,jpeg_50,fake,True,24,29,fake,0.4782608695652174,0.7142857142857143,0.6551724137931034,0.8426647583643595,0.4072492211181437,0.9524358305437811,0.1238265188114941
test/000161.mp4,000161,vgg19,jpeg_60,fake,True,24,29,fake,0.6086956521739131,0.7142857142857143,0.6896551724137931,0.8112184156974157,0.4487341605814951,0.9524358305437811,0.1238265188114941
test/000161.mp4,000161,vgg19,jpeg_70,fake,True,24,29,fake,0.6086956521739131,0.7142857142857143,0.6896551724137931,0.8597933165729046,0.3775483770477199,0.9524358305437811,0.1238265188114941
test/000161.mp4,000161,vgg19,jpeg_80,fake,True,24,29,fake,0.6521739130434783,0.7142857142857143,0.6896551724137931,0.8318127455810705,0.41549866610288816,0.9524358305437811,0.1238265188114941
test/000161.mp4,000161,vgg19,jpeg_90,fake,True,24,29,fake,0.5652173913043478,0.7142857142857143,0.7241379310344828,0.8568524370590845,0.40427941181329824,0.9524358305437811,0.1238265188114941
test/000161.mp4,000161,vgg19,jpeg_95,fake,True,24,29,fake,0.5652173913043478,0.7142857142857143,0.6896551724137931,0.8586159646511078,0.3944491593735074,0.9524358305437811,0.1238265188114941
test/000161.mp4,000161,vgg19,h264_18_keepaudio,fake,True,24,29,fake,0.6086956521739131,0.7142857142857143,0.6206896551724138,0.8640871445337931,0.3792970236686166,0.9524358305437811,0.1238265188114941
test/000161.mp4,000161,vgg19,h264_23_keepaudio,fake,True,24,29,fake,0.6521739130434783,0.7142857142857143,0.6206896551724138,0.8738778829574585,0.34956550477256837,0.9524358305437811,0.1238265188114941
test/000161.mp4,000161,vgg19,h264_28_keepaudio,fake,True,24,29,fake,0.5652173913043478,0.7142857142857143,0.6896551724137931,0.8819910511374474,0.3126335024120854,0.9524358305437811,0.1238265188114941
test/000161.mp4,000161,vgg19,h264_33_keepaudio,fake,True,24,29,fake,0.6521739130434783,0.7142857142857143,0.6206896551724138,0.8826516096790632,0.31419670391926746,0.9524358305437811,0.1238265188114941
test/000161.mp4,000161,vgg19,h264_38_keepaudio,fake,True,24,29,fake,0.5652173913043478,0.7142857142857143,0.5172413793103449,0.9221621627608935,0.21219813222806375,0.9524358305437811,0.1238265188114941
test/000161.mp4,000161,vgg19,h264_43_keepaudio,fake,True,24,29,fake,0.5652173913043478,0.7142857142857143,0.5862068965517241,0.895481047530969,0.2720274277866869,0.9524358305437811,0.1238265188114941
test/000162.mp4,000162,vgg19,clean,fake,True,24,29,fake,0.5217391304347826,0.6428571428571429,0.6896551724137931,0.8838071003556252,0.3237269363271132,0.9515361868101975,0.12077091898365536
test/000162.mp4,000162,vgg19,jpeg_10,fake,True,24,29,fake,0.5652173913043478,0.6428571428571429,0.6551724137931034,0.8943881094455719,0.333416849789877,0.9515361868101975,0.12077091898365536
test/000162.mp4,000162,vgg19,jpeg_20,fake,True,24,29,fake,0.6521739130434783,0.6428571428571429,0.6206896551724138,0.8621678116420904,0.3980786090862667,0.9515361868101975,0.12077091898365536
test/000162.mp4,000162,vgg19,jpeg_30,fake,True,24,29,fake,0.6086956521739131,0.6428571428571429,0.6206896551724138,0.8736617950101694,0.39717518490733816,0.9515361868101975,0.12077091898365536
test/000162.mp4,000162,vgg19,jpeg_40,fake,True,24,29,fake,0.6086956521739131,0.6428571428571429,0.5862068965517241,0.8661610906322798,0.3740095445067868,0.9515361868101975,0.12077091898365536
test/000162.mp4,000162,vgg19,jpeg_50,fake,True,24,29,fake,0.6521739130434783,0.6428571428571429,0.5862068965517241,0.9001597203314304,0.30038928284507294,0.9515361868101975,0.12077091898365536
test/000162.mp4,000162,vgg19,jpeg_60,fake,True,24,29,fake,0.6086956521739131,0.6428571428571429,0.6206896551724138,0.9125909234086672,0.2686959477121342,0.9515361868101975,0.12077091898365536
test/000162.mp4,000162,vgg19,jpeg_70,fake,True,24,29,fake,0.5217391304347826,0.6428571428571429,0.6551724137931034,0.8784175366163254,0.3414904987843698,0.9515361868101975,0.12077091898365536
test/000162.mp4,000162,vgg19,jpeg_80,fake,True,24,29,fake,0.6086956521739131,0.6428571428571429,0.6206896551724138,0.8725041163464388,0.37107588190209867,0.9515361868101975,0.12077091898365536
test/000162.mp4,000162,vgg19,jpeg_90,fake,True,24,29,fake,0.5217391304347826,0.6428571428571429,0.6896551724137931,0.8943976437052091,0.3045308362033352,0.9515361868101975,0.12077091898365536
test/000162.mp4,000162,vgg19,jpeg_95,fake,True,24,29,fake,0.6521739130434783,0.6428571428571429,0.6551724137931034,0.8564112658301989,0.4246298181265378,0.9515361868101975,0.12077091898365536
test/000162.mp4,000162,vgg19,h264_18_keepaudio,fake,True,24,29,fake,0.6521739130434783,0.6428571428571429,0.5862068965517241,0.8677231594920158,0.3902827911565601,0.9515361868101975,0.12077091898365536
test/000162.mp4,000162,vgg19,h264_23_keepaudio,fake,True,24,29,fake,0.6086956521739131,0.6428571428571429,0.6206896551724138,0.8598762017985185,0.3820642893240553,0.9515361868101975,0.12077091898365536
test/000162.mp4,000162,vgg19,h264_28_keepaudio,fake,True,24,29,fake,0.5652173913043478,0.6428571428571429,0.5862068965517241,0.8210472911596298,0.46326187130949786,0.9515361868101975,0.12077091898365536
test/000162.mp4,000162,vgg19,h264_33_keepaudio,fake,True,24,29,fake,0.6086956521739131,0.6428571428571429,0.6551724137931034,0.8446302488446236,0.37944150222272466,0.9515361868101975,0.12077091898365536
test/000162.mp4,000162,vgg19,h264_38_keepaudio,fake,True,24,29,fake,0.6521739130434783,0.6428571428571429,0.7241379310344828,0.9179909725983938,0.2308957732180195,0.9515361868101975,0.12077091898365536
test/000162.mp4,000162,vgg19,h264_43_keepaudio,fake,True,24,29,fake,0.5652173913043478,0.6428571428571429,0.6206896551724138,0.8750044330954552,0.3277913137683622,0.9515361868101975,0.12077091898365536
test/000163.mp4,000163,vgg19,clean,fake,True,24,29,fake,0.5217391304347826,0.7142857142857143,0.6551724137931034,0.8103391962746779,0.46452169948989536,0.9552288754232998,0.12049040567429457
test/000163.mp4,000163,vgg19,jpeg_10,fake,True,24,29,fake,0.6086956521739131,0.7142857142857143,0.5862068965517241,0.8295764314631621,0.43301585185439945,0.9552288754232998,0.12049040567429457
test/000163.mp4,000163,vgg19,jpeg_20,fake,True,24,29,fake,0.5652173913043478,0.7142857142857143,0.6206896551724138,0.8254051841795444,0.43674716731411306,0.9552288754232998,0.12049040567429457
test/000163.mp4,000163,vgg19,jpeg_30,fake,True,24,29,fake,0.6521739130434783,0.7142857142857143,0.6896551724137931,0.8540058992803097,0.4309794386528121,0.9552288754232998,0.12049040567429457
test/000163.mp4,000163,vgg19,jpeg_40,fake,True,24,29,fake,0.4782608695652174,0.7142857142857143,0.6551724137931034,0.8307828592757384,0.45411146816087355,0.9552288754232998,0.12049040567429457
test/000163.mp4,000163,vgg19,jpeg_50,fake,True,24,29,fake,0.5652173913043478,0.7142857142857143,0.6896551724137931,0.8063198638459047,0.4921198783023028,0.9552288754232998,0.12049040567429457
test/000163.mp4,000163,vgg19,jpeg_60,fake,True,24,29,fake,0.6086956521739131,0.7142857142857143,0.6896551724137931,0.8310065654416879,0.455257568651396,0.9552288754232998,0.12049040567429457
test/000163.mp4,000163,vgg19,jpeg_70,fake,True,24,29,fake,0.5652173913043478,0.7142857142857143,0.6896551724137931,0.8309477182726065,0.44647139674355296,0.9552288754232998,0.12049040567429457
test/000163.mp4,000163,vgg19,jpeg_80,fake,True,24,29,fake,0.5217391304347826,0.7142857142857143,0.6896551724137931,0.8152624741196632,0.4953896137530374,0.9552288754232998,0.12049040567429457
test/000163.mp4,000163,vgg19,jpeg_90,fake,True,24,29,fake,0.6521739130434783,0.7142857142857143,0.6896551724137931,0.8318846176067988,0.43361726704874864,0.9552288754232998,0.12049040567429457
test/000163.mp4,000163,vgg19,jpeg_95,fake,True,24,29,fake,0.5652173913043478,0.7142857142857143,0.6551724137931034,0.8345484981934229,0.43580403753364966,0.9552288754232998,0.12049040567429457
test/000163.mp4,000163,vgg19,h264_18_keepaudio,fake,True,24,29,fake,0.5652173913043478,0.7142857142857143,0.6896551724137931,0.8532772498826185,0.40115095184456545,0.9552288754232998,0.12049040567429457
test/000163.mp4,000163,vgg19,h264_23_keepaudio,fake,True,24,29,fake,0.6521739130434783,0.7142857142857143,0.6551724137931034,0.7910942149658998,0.47037884275502434,0.9552288754232998,0.12049040567429457
test/000163.mp4,000163,vgg19,h264_28_keepaudio,fake,True,24,29,fake,0.5652173913043478,0.7142857142857143,0.6551724137931034,0.8577694023648897,0.3708699123159502,0.9552288754232998,0.12049040567429457
test/000163.mp4,000163,vgg19,h264_33_keepaudio,fake,True,24,29,fake,0.6521739130434783,0.7142857142857143,0.6896551724137931,0.8630955802897612,0.38612574088733825,0.9552288754232998,0.12049040567429457
test/000163.mp4,000163,vgg19,h264_38_keepaudio,fake,True,24,29,fake,0.5217391304347826,0.7142857142857143,0.6206896551724138,0.9100999260942141,0.2551004530368785,0.9552288754232998,0.12049040567429457
test/000163.mp4,000163,vgg19,h264_43_keepaudio,fake,True,24,29,fake,0.6086956521739131,0.7142857142857143,0.6551724137931034,0.8511741384863853,0.3581686452713713,0.9552288754232998,0.12049040567429457
test/000164.mp4,000164,vgg19,clean,real,True,34,44,fake,0.696969696969697,0.6511627906976745,0.7727272727272727,0.9509042150834027,0.11548277359603101,0.9495320171117783,0.1342124716945643
test/000164.mp4,000164,vgg19,jpeg_10,real,True,32,44,fake,0.7741935483870968,0.6511627906976745,0.7272727272727273,0.9640627671033144,0.11562249545205278,0.9495320171117783,0.1342124716945643
test/000164.mp4,000164,vgg19,jpeg_20,real,True,34,44,fake,0.7878787878787878,0.6511627906976745,0.8409090909090909,0.9562646466142991,0.11527752409665612,0.9495320171117783,0.1342124716945643
test/000164.mp4,000164,vgg19,jpeg_30,real,True,34,44,fake,0.7575757575757576,0.6511627906976745,0.8636363636363636,0.9590278460698969,0.12043388567618901,0.9495320171117783,0.1342124716945643
test/000164.mp4,000164,vgg19,jpeg_40,real,True,33,44,fake,0.75,0.6511627906976745,0.8181818181818182,0.9474786032329906,0.11420396863817432,0.9495320171117783,0.1342124716945643
test/000164.mp4,000164,vgg19,jpeg_50,real,True,34,44,fake,0.8484848484848485,0.6511627906976745,0.8863636363636364,0.9703647932585548,0.07583866043139574,0.9495320171117783,0.1342124716945643
test/000164.mp4,000164,vgg19,jpeg_60,real,True,33,44,fake,0.8125,0.6511627906976745,0.8636363636363636,0.9698111053669092,0.09006307890592163,0.9495320171117783,0.1342124716945643
test/000164.mp4,000164,vgg19,jpeg_70,real,True,34,44,fake,0.8181818181818182,0.6511627906976745,0.8409090909090909,0.9575920648434583,0.09767333073425229,0.9495320171117783,0.1342124716945643
test/000164.mp4,000164,vgg19,jpeg_80,real,True,34,44,fake,0.8484848484848485,0.6511627906976745,0.8863636363636364,0.9577504256192375,0.10010192092141172,0.9495320171117783,0.1342124716945643
test/000164.mp4,000164,vgg19,jpeg_90,real,True,34,44,fake,0.7272727272727273,0.6511627906976745,0.8181818181818182,0.9426478392937604,0.12842013638359911,0.9495320171117783,0.1342124716945643
test/000164.mp4,000164,vgg19,jpeg_95,real,True,34,44,fake,0.7575757575757576,0.6511627906976745,0.8636363636363636,0.9495072443695629,0.1198158815398813,0.9495320171117783,0.1342124716945643
test/000164.mp4,000164,vgg19,h264_18_keepaudio,real,True,34,44,fake,0.7878787878787878,0.6511627906976745,0.8636363636363636,0.9568036698243197,0.10560390697183519,0.9495320171117783,0.1342124716945643
test/000164.mp4,000164,vgg19,h264_23_keepaudio,real,True,33,44,fake,0.78125,0.6511627906976745,0.8181818181818182,0.9337305869116928,0.13393948335142408,0.9495320171117783,0.1342124716945643
test/000164.mp4,000164,vgg19,h264_28_keepaudio,real,True,32,44,fake,0.7741935483870968,0.6511627906976745,0.75,0.9772078040987253,0.06490302288777816,0.9495320171117783,0.1342124716945643
test/000164.mp4,000164,vgg19,h264_33_keepaudio,real,True,34,44,fake,0.7878787878787878,0.6511627906976745,0.8636363636363636,0.9883242512450499,0.038623902212387484,0.9495320171117783,0.1342124716945643
test/000164.mp4,000164,vgg19,h264_38_keepaudio,real,True,31,44,fake,0.8,0.6511627906976745,0.9090909090909091,0.987282802981715,0.029388811642730033,0.9495320171117783,0.1342124716945643
test/000164.mp4,000164,vgg19,h264_43_keepaudio,real,True,31,44,fake,0.8666666666666667,0.6511627906976745,0.9090909090909091,0.9745881403646162,0.05657510811083783,0.9495320171117783,0.1342124716945643
test/000165.mp4,000165,vgg19,clean,fake,True,36,47,fake,0.7142857142857143,0.6956521739130435,0.8085106382978723,0.968825027346611,0.09270800872886532,0.9329534578830638,0.16622029297635108
test/000165.mp4,000165,vgg19,jpeg_10,fake,True,33,47,fake,0.75,0.6956521739130435,0.8723404255319149,0.9378570851051446,0.17043717041719664,0.9329534578830638,0.16622029297635108
test/000165.mp4,000165,vgg19,jpeg_20,fake,True,35,47,fake,0.6764705882352942,0.6956521739130435,0.8085106382978723,0.9501417739050729,0.13651380732056131,0.9329534578830638,0.16622029297635108
test/000165.mp4,000165,vgg19,jpeg_30,fake,True,33,47,fake,0.6875,0.6956521739130435,0.851063829787234,0.9450807535287106,0.1341683236881645,0.9329534578830638,0.16622029297635108
test/000165.mp4,000165,vgg19,jpeg_40,fake,True,33,47,fake,0.8125,0.6956521739130435,0.8085106382978723,0.9584302035245028,0.09699108597977182,0.9329534578830638,0.16622029297635108
test/000165.mp4,000165,vgg19,jpeg_50,fake,True,34,47,fake,0.696969696969697,0.6956521739130435,0.8085106382978723,0.9567699642742381,0.11372185474042605,0.9329534578830638,0.16622029297635108
test/000165.mp4,000165,vgg19,jpeg_60,fake,True,34,47,fake,0.7575757575757576,0.6956521739130435,0.851063829787234,0.9577952886328978,0.1059952194308792,0.9329534578830638,0.16622029297635108
test/000165.mp4,000165,vgg19,jpeg_70,fake,True,33,47,fake,0.78125,0.6956521739130435,0.8085106382978723,0.9613011371005665,0.09692107557179697,0.9329534578830638,0.16622029297635108
test/000165.mp4,000165,vgg19,jpeg_80,fake,True,33,47,fake,0.8125,0.6956521739130435,0.8085106382978723,0.9521016388228445,0.10228186913188111,0.9329534578830638,0.16622029297635108
test/000165.mp4,000165,vgg19,jpeg_90,fake,True,34,47,fake,0.8181818181818182,0.6956521739130435,0.8085106382978723,0.9535624314756954,0.10422406039072458,0.9329534578830638,0.16622029297635108
test/000165.mp4,000165,vgg19,jpeg_95,fake,True,33,47,fake,0.78125,0.6956521739130435,0.7872340425531915,0.9566074447198347,0.11876813488999065,0.9329534578830638,0.16622029297635108
test/000165.mp4,000165,vgg19,h264_18_keepaudio,fake,True,35,47,fake,0.8529411764705882,0.6956521739130435,0.8297872340425532,0.943739652633667,0.11824149294751755,0.9329534578830638,0.16622029297635108
test/000165.mp4,000165,vgg19,h264_23_keepaudio,fake,True,33,47,fake,0.875,0.6956521739130435,0.851063829787234,0.9540771516886625,0.10575585351636574,0.9329534578830638,0.16622029297635108
test/000165.mp4,000165,vgg19,h264_28_keepaudio,fake,True,34,47,fake,0.8787878787878788,0.6956521739130435,0.8936170212765957,0.9818981517763699,0.048443699494822925,0.9329534578830638,0.16622029297635108
test/000165.mp4,000165,vgg19,h264_33_keepaudio,fake,True,35,47,fake,0.9411764705882353,0.6956521739130435,0.8723404255319149,0.9369451505797249,0.13683195675120993,0.9329534578830638,0.16622029297635108
test/000165.mp4,000165,vgg19,h264_38_keepaudio,fake,True,31,47,fake,0.9333333333333333,0.6956521739130435,0.8723404255319149,0.9826205968856812,0.04531848612903884,0.9329534578830638,0.16622029297635108
test/000165.mp4,000165,vgg19,h264_43_keepaudio,fake,True,37,47,fake,0.7777777777777778,0.6956521739130435,0.7659574468085106,0.9638815135569185,0.08948557909885621,0.9329534578830638,0.16622029297635108
test/000166.mp4,000166,vgg19,clean,fake,True,34,45,fake,0.7272727272727273,0.6590909090909091,0.8666666666666667,0.937468599747209,0.1507410227115813,0.93161610894733,0.1735772825810259
test/000166.mp4,000166,vgg19,jpeg_10,fake,True,34,45,fake,0.7878787878787878,0.6590909090909091,0.8888888888888888,0.9683471322059631,0.09561189145557532,0.93161610894733,0.1735772825810259
test/000166.mp4,000166,vgg19,jpeg_20,fake,True,34,45,fake,0.7272727272727273,0.6590909090909091,0.9111111111111111,0.9352295346119824,0.15943450995301878,0.93161610894733,0.1735772825810259
test/000166.mp4,000166,vgg19,jpeg_30,fake,True,34,45,fake,0.7878787878787878,0.6590909090909091,0.8666666666666667,0.9455217657720342,0.13218705265970376,0.93161610894733,0.1735772825810259
test/000166.mp4,000166,vgg19,jpeg_40,fake,True,33,45,fake,0.8125,0.6590909090909091,0.8888888888888888,0.9430171594475255,0.14122777670204203,0.93161610894733,0.1735772825810259
test/000166.mp4,000166,vgg19,jpeg_50,fake,True,33,45,fake,0.75,0.6590909090909091,0.8888888888888888,0.9540531274044153,0.11428293402322828,0.93161610894733,0.1735772825810259
test/000166.mp4,000166,vgg19,jpeg_60,fake,True,35,45,fake,0.8235294117647058,0.6590909090909091,0.8888888888888888,0.9623401803629739,0.1138770217240901,0.93161610894733,0.1735772825810259
test/000166.mp4,000166,vgg19,jpeg_70,fake,True,34,45,fake,0.8484848484848485,0.6590909090909091,0.9111111111111111,0.9566024156177745,0.12713151112743099,0.93161610894733,0.1735772825810259
test/000166.mp4,000166,vgg19,jpeg_80,fake,True,34,45,fake,0.7575757575757576,0.6590909090909091,0.8888888888888888,0.9490541596623028,0.13773077834925745,0.93161610894733,0.1735772825810259
test/000166.mp4,000166,vgg19,jpeg_90,fake,True,33,45,fake,0.75,0.6590909090909091,0.8888888888888888,0.9440527657667795,0.14595215804241546,0.93161610894733,0.1735772825810259
test/000166.mp4,000166,vgg19,jpeg_95,fake,True,35,45,fake,0.7352941176470589,0.6590909090909091,0.9333333333333333,0.9292370063917977,0.17632501298609513,0.93161610894733,0.1735772825810259
test/000166.mp4,000166,vgg19,h264_18_keepaudio,fake,True,33,45,fake,0.78125,0.6590909090909091,0.8666666666666667,0.9694759520617399,0.0889365888825475,0.93161610894733,0.1735772825810259
test/000166.mp4,000166,vgg19,h264_23_keepaudio,fake,True,34,45,fake,0.8484848484848485,0.6590909090909091,0.8444444444444444,0.9462289152776494,0.10956249301892289,0.93161610894733,0.1735772825810259
test/000166.mp4,000166,vgg19,h264_28_keepaudio,fake,True,33,45,fake,0.71875,0.6590909090909091,0.9111111111111111,0.9114360917698253,0.20942279596263205,0.93161610894733,0.1735772825810259
test/000166.mp4,000166,vgg19,h264_33_keepaudio,fake,True,34,45,fake,0.8484848484848485,0.6590909090909091,0.8222222222222222,0.955838151714381,0.12171079224427134,0.93161610894733,0.1735772825810259
test/000166.mp4,000166,vgg19,h264_38_keepaudio,fake,True,36,45,fake,0.9142857142857143,0.6590909090909091,0.8666666666666667,0.9772797574599584,0.0603062611054105,0.93161610894733,0.1735772825810259
test/000166.mp4,000166,vgg19,h264_43_keepaudio,fake,True,31,45,fake,0.6333333333333333,0.6590909090909091,0.8,0.9307331058286852,0.18335309336352068,0.93161610894733,0.1735772825810259
test/000167.mp4,000167,vgg19,clean,fake,True,37,47,fake,0.6944444444444444,0.6521739130434783,0.8085106382978723,0.9535106952125961,0.10980462191854024,0.9471286040671328,0.13650767892668964
test/000167.mp4,000167,vgg19,jpeg_10,fake,True,35,47,fake,0.7647058823529411,0.6521739130434783,0.851063829787234,0.9587406618254525,0.11378737863965734,0.9471286040671328,0.13650767892668964
test/000167.mp4,000167,vgg19,jpeg_20,fake,True,37,47,fake,0.6944444444444444,0.6521739130434783,0.8297872340425532,0.9709769253795212,0.06591621667521583,0.9471286040671328,0.13650767892668964
test/000167.mp4,000167,vgg19,jpeg_30,fake,True,34,47,fake,0.7272727272727273,0.6521739130434783,0.8297872340425532,0.9427750443711,0.13915912531765282,0.9471286040671328,0.13650767892668964
test/000167.mp4,000167,vgg19,jpeg_40,fake,True,36,47,fake,0.7428571428571429,0.6521739130434783,0.7872340425531915,0.9625161720646752,0.10318750169559354,0.9471286040671328,0.13650767892668964
test/000167.mp4,000167,vgg19,jpeg_50,fake,True,36,47,fake,0.7428571428571429,0.6521739130434783,0.8297872340425532,0.9640713897016313,0.08981348791583503,0.9471286040671328,0.13650767892668964
test/000167.mp4,000167,vgg19,jpeg_60,fake,True,37,47,fake,0.6944444444444444,0.6521739130434783,0.8297872340425532,0.9490729570388794,0.12153355631275363,0.9471286040671328,0.13650767892668964
test/000167.mp4,000167,vgg19,jpeg_70,fake,True,37,47,fake,0.7222222222222222,0.6521739130434783,0.8085106382978723,0.9551308428918993,0.12045709163629004,0.9471286040671328,0.13650767892668964
test/000167.mp4,000167,vgg19,jpeg_80,fake,True,36,47,fake,0.7142857142857143,0.6521739130434783,0.851063829787234,0.9568398478958342,0.10823048736554229,0.9471286040671328,0.13650767892668964
test/000167.mp4,000167,vgg19,jpeg_90,fake,True,36,47,fake,0.8,0.6521739130434783,0.8297872340425532,0.942345610095395,0.12468365756111129,0.9471286040671328,0.13650767892668964
test/000167.mp4,000167,vgg19,jpeg_95,fake,True,37,47,fake,0.7777777777777778,0.6521739130434783,0.851063829787234,0.9521034214947675,0.13045122981825738,0.9471286040671328,0.13650767892668964
test/000167.mp4,000167,vgg19,h264_18_keepaudio,fake,True,35,47,fake,0.7941176470588235,0.6521739130434783,0.851063829787234,0.9733393107141767,0.07705778949414893,0.9471286040671328,0.13650767892668964
test/000167.mp4,000167,vgg19,h264_23_keepaudio,fake,True,36,47,fake,0.8,0.6521739130434783,0.851063829787234,0.9568733721971512,0.10982761275751758,0.9471286040671328,0.13650767892668964
test/000167.mp4,000167,vgg19,h264_28_keepaudio,fake,True,36,47,fake,0.8285714285714286,0.6521739130434783,0.8723404255319149,0.9488384243514802,0.13387393583785964,0.9471286040671328,0.13650767892668964
test/000167.mp4,000167,vgg19,h264_33_keepaudio,fake,True,34,47,fake,0.8787878787878788,0.6521739130434783,0.851063829787234,0.9658419332083534,0.0864817526419771,0.9471286040671328,0.13650767892668964
test/000167.mp4,000167,vgg19,h264_38_keepaudio,fake,True,35,47,fake,0.8823529411764706,0.6521739130434783,0.8297872340425532,0.9629194685391017,0.0942453201834189,0.9471286040671328,0.13650767892668964
test/000167.mp4,000167,vgg19,h264_43_keepaudio,fake,True,37,47,fake,0.7777777777777778,0.6521739130434783,0.8297872340425532,0.976193237949062,0.06914935766355976,0.9471286040671328,0.13650767892668964
test/000168.mp4,000168,vgg19,clean,fake,True,34,46,fake,0.7878787878787878,0.6666666666666666,0.8913043478260869,0.9230523442520815,0.17418317678070458,0.9521933845851732,0.1362074269938977
test/000168.mp4,000168,vgg19,jpeg_10,fake,True,35,46,fake,0.7058823529411765,0.6666666666666666,0.8478260869565217,0.9318979978561401,0.16613029205260327,0.9521933845851732,0.1362074269938977
test/000168.mp4,000168,vgg19,jpeg_20,fake,True,34,46,fake,0.7575757575757576,0.6666666666666666,0.782608695652174,0.9444571023478228,0.14726099157239167,0.9521933845851732,0.1362074269938977
test/000168.mp4,000168,vgg19,jpeg_30,fake,True,35,46,fake,0.7058823529411765,0.6666666666666666,0.8260869565217391,0.9333245890481131,0.16065223907755186,0.9521933845851732,0.1362074269938977
test/000168.mp4,000168,vgg19,jpeg_40,fake,True,34,46,fake,0.8787878787878788,0.6666666666666666,0.8478260869565217,0.9577811202582192,0.10666749155273031,0.9521933845851732,0.1362074269938977
test/000168.mp4,000168,vgg19,jpeg_50,fake,True,33,46,fake,0.75,0.6666666666666666,0.8913043478260869,0.9449601715261285,0.13750594350901352,0.9521933845851732,0.1362074269938977
test/000168.mp4,000168,vgg19,jpeg_60,fake,True,34,46,fake,0.7575757575757576,0.6666666666666666,0.8695652173913043,0.934420768828953,0.16659422116034497,0.9521933845851732,0.1362074269938977
test/000168.mp4,000168,vgg19,jpeg_70,fake,True,36,46,fake,0.8,0.6666666666666666,0.8695652173913043,0.9510749131441116,0.12652933885275394,0.9521933845851732,0.1362074269938977
test/000168.mp4,000168,vgg19,jpeg_80,fake,True,35,46,fake,0.7352941176470589,0.6666666666666666,0.8478260869565217,0.9288874047143119,0.1659578051584768,0.9521933845851732,0.1362074269938977
test/000168.mp4,000168,vgg19,jpeg_90,fake,True,35,46,fake,0.7941176470588235,0.6666666666666666,0.8695652173913043,0.9433369994163513,0.13916417938283984,0.9521933845851732,0.1362074269938977
test/000168.mp4,000168,vgg19,jpeg_95,fake,True,35,46,fake,0.7647058823529411,0.6666666666666666,0.8913043478260869,0.9269745332854135,0.16797096199916853,0.9521933845851732,0.1362074269938977
test/000168.mp4,000168,vgg19,h264_18_keepaudio,fake,True,33,46,fake,0.84375,0.6666666666666666,0.8913043478260869,0.9412887538924362,0.14520981812471495,0.9521933845851732,0.1362074269938977
test/000168.mp4,000168,vgg19,h264_23_keepaudio,fake,True,35,46,fake,0.8823529411764706,0.6666666666666666,0.8913043478260869,0.9785193119730268,0.07908516103060183,0.9521933845851732,0.1362074269938977
test/000168.mp4,000168,vgg19,h264_28_keepaudio,fake,True,36,46,fake,0.8571428571428571,0.6666666666666666,0.8478260869565217,0.9603170562121603,0.09484022678207008,0.9521933845851732,0.1362074269938977
test/000168.mp4,000168,vgg19,h264_33_keepaudio,fake,True,34,46,fake,0.9090909090909091,0.6666666666666666,0.8913043478260869,0.9331634237485773,0.17232907392047345,0.9521933845851732,0.1362074269938977
test/000168.mp4,000168,vgg19,h264_38_keepaudio,fake,True,34,46,fake,0.7272727272727273,0.6666666666666666,0.8695652173913043,0.9260974096901277,0.1793274748587506,0.9521933845851732,0.1362074269938977
test/000168.mp4,000168,vgg19,h264_43_keepaudio,fake,True,32,46,fake,0.7419354838709677,0.6666666666666666,0.9347826086956522,0.8982737381011248,0.24178594449225604,0.9521933845851732,0.1362074269938977
test/000169.mp4,000169,vgg19,clean,fake,True,33,44,fake,0.78125,0.6744186046511628,0.8863636363636364,0.9455424411730333,0.14190409250245528,0.9166330099105835,0.18692666378506465
test/000169.mp4,000169,vgg19,jpeg_10,fake,True,33,44,fake,0.75,0.6744186046511628,0.8409090909090909,0.9608170281757008,0.11460472678301671,0.9166330099105835,0.18692666378506465
test/000169.mp4,000169,vgg19,jpeg_20,fake,True,34,44,fake,0.7272727272727273,0.6744186046511628,0.8409090909090909,0.9493098066133612,0.1454457251611707,0.9166330099105835,0.18692666378506465
test/000169.mp4,000169,vgg19,jpeg_30,fake,True,34,44,fake,0.7575757575757576,0.6744186046511628,0.8636363636363636,0.9219049092601327,0.19462515336017797,0.9166330099105835,0.18692666378506465
test/000169.mp4,000169,vgg19,jpeg_40,fake,True,33,44,fake,0.71875,0.6744186046511628,0.9090909090909091,0.921342255491199,0.18144439407426766,0.9166330099105835,0.18692666378506465
test/000169.mp4,000169,vgg19,jpeg_50,fake,True,34,44,fake,0.8181818181818182,0.6744186046511628,0.9090909090909091,0.9239133403581732,0.18437468524532208,0.9166330099105835,0.18692666378506465
test/000169.mp4,000169,vgg19,jpeg_60,fake,True,33,44,fake,0.8125,0.6744186046511628,0.8409090909090909,0.9436508344881462,0.1599851134783693,0.9166330099105835,0.18692666378506465
test/000169.mp4,000169,vgg19,jpeg_70,fake,True,33,44,fake,0.84375,0.6744186046511628,0.8409090909090909,0.9455075805837457,0.14302219280605433,0.9166330099105835,0.18692666378506465
test/000169.mp4,000169,vgg19,jpeg_80,fake,True,33,44,fake,0.84375,0.6744186046511628,0.8863636363636364,0.9173996213710669,0.1700242195802037,0.9166330099105835,0.18692666378506465
test/000169.mp4,000169,vgg19,jpeg_90,fake,True,34,44,fake,0.7575757575757576,0.6744186046511628,0.8863636363636364,0.955440061933854,0.12351630404322736,0.9166330099105835,0.18692666378506465
test/000169.mp4,000169,vgg19,jpeg_95,fake,True,33,44,fake,0.8125,0.6744186046511628,0.8409090909090909,0.9437671917857546,0.1337850641029695,0.9166330099105835,0.18692666378506465
test/000169.mp4,000169,vgg19,h264_18_keepaudio,fake,True,34,44,fake,0.7272727272727273,0.6744186046511628,0.8636363636363636,0.9496493918054244,0.12391990763719274,0.9166330099105835,0.18692666378506465
test/000169.mp4,000169,vgg19,h264_23_keepaudio,fake,True,33,44,fake,0.75,0.6744186046511628,0.8181818181818182,0.9498145146803423,0.1352368014087085,0.9166330099105835,0.18692666378506465
test/000169.mp4,000169,vgg19,h264_28_keepaudio,fake,True,35,44,fake,0.7647058823529411,0.6744186046511628,0.8409090909090909,0.966426580292838,0.08431830793075906,0.9166330099105835,0.18692666378506465
test/000169.mp4,000169,vgg19,h264_33_keepaudio,fake,True,34,44,fake,0.6666666666666666,0.6744186046511628,0.8863636363636364,0.943443345672944,0.161103450424329,0.9166330099105835,0.18692666378506465
test/000169.mp4,000169,vgg19,h264_38_keepaudio,fake,True,33,44,fake,0.9375,0.6744186046511628,0.8636363636363636,0.9709366614168341,0.07563786066840439,0.9166330099105835,0.18692666378506465
test/000169.mp4,000169,vgg19,h264_43_keepaudio,fake,True,33,44,fake,0.71875,0.6744186046511628,0.8181818181818182,0.8854481126322891,0.26467829240521895,0.9166330099105835,0.18692666378506465
test/000170.mp4,000170,vgg19,clean,fake,True,35,46,fake,0.7941176470588235,0.6666666666666666,0.8695652173913043,0.954242399760655,0.13237144077005225,0.9379341939221257,0.1567500155801626
test/000170.mp4,000170,vgg19,jpeg_10,fake,True,35,46,fake,0.7352941176470589,0.6666666666666666,0.782608695652174,0.9230395938668933,0.18928641825267453,0.9379341939221257,0.1567500155801626
test/000170.mp4,000170,vgg19,jpeg_20,fake,True,35,46,fake,0.7941176470588235,0.6666666666666666,0.8260869565217391,0.950479963847569,0.14007617491825136,0.9379341939221257,0.1567500155801626
test/000170.mp4,000170,vgg19,jpeg_30,fake,True,35,46,fake,0.6764705882352942,0.6666666666666666,0.8043478260869565,0.9440897294453212,0.15381017587904372,0.9379341939221257,0.1567500155801626
test/000170.mp4,000170,vgg19,jpeg_40,fake,True,35,46,fake,0.7352941176470589,0.6666666666666666,0.8478260869565217,0.9558043513979231,0.11060051199180954,0.9379341939221257,0.1567500155801626
test/000170.mp4,000170,vgg19,jpeg_50,fake,True,34,46,fake,0.8484848484848485,0.6666666666666666,0.8695652173913043,0.9491752903251087,0.11948183890796112,0.9379341939221257,0.1567500155801626
test/000170.mp4,000170,vgg19,jpeg_60,fake,True,35,46,fake,0.7058823529411765,0.6666666666666666,0.8260869565217391,0.9584167395319257,0.1207393982619999,0.9379341939221257,0.1567500155801626
test/000170.mp4,000170,vgg19,jpeg_70,fake,True,36,46,fake,0.7428571428571429,0.6666666666666666,0.8913043478260869,0.9397185585565038,0.1305346214005313,0.9379341939221257,0.1567500155801626
test/000170.mp4,000170,vgg19,jpeg_80,fake,True,35,46,fake,0.7647058823529411,0.6666666666666666,0.8043478260869565,0.9377620364938464,0.15394329880526908,0.9379341939221257,0.1567500155801626
test/000170.mp4,000170,vgg19,jpeg_90,fake,True,36,46,fake,0.7714285714285715,0.6666666666666666,0.8260869565217391,0.9540980640384886,0.1184070252364434,0.9379341939221257,0.1567500155801626
test/000170.mp4,000170,vgg19,jpeg_95,fake,True,36,46,fake,0.8,0.6666666666666666,0.8695652173913043,0.9532306699289216,0.13823590516022544,0.9379341939221257,0.1567500155801626
test/000170.mp4,000170,vgg19,h264_18_keepaudio,fake,True,33,46,fake,0.8125,0.6666666666666666,0.8695652173913043,0.9622329852797769,0.1042398923316832,0.9379341939221257,0.1567500155801626
test/000170.mp4,000170,vgg19,h264_23_keepaudio,fake,True,36,46,fake,0.8857142857142857,0.6666666666666666,0.8695652173913043,0.9812382260958353,0.0709040748700203,0.9379341939221257,0.1567500155801626
test/000170.mp4,000170,vgg19,h264_28_keepaudio,fake,True,36,46,fake,0.8285714285714286,0.6666666666666666,0.8260869565217391,0.9408012322253652,0.13751861217201597,0.9379341939221257,0.1567500155801626
test/000170.mp4,000170,vgg19,h264_33_keepaudio,fake,True,34,46,fake,0.8181818181818182,0.6666666666666666,0.8695652173913043,0.9334886836655,0.15362525033934413,0.9379341939221257,0.1567500155801626
test/000170.mp4,000170,vgg19,h264_38_keepaudio,fake,True,34,46,fake,0.8484848484848485,0.6666666666666666,0.8043478260869565,0.9337402687353247,0.13903370784725239,0.9379341939221257,0.1567500155801626
test/000170.mp4,000170,vgg19,h264_43_keepaudio,fake,True,33,46,fake,0.8125,0.6666666666666666,0.8260869565217391,0.9466108625585382,0.12832651548671803,0.9379341939221257,0.1567500155801626
test/000171.mp4,000171,vgg19,clean,real,True,45,55,fake,0.4772727272727273,0.6851851851851852,0.7090909090909091,0.9165864129861195,0.2472595952351756,0.924974647435275,0.16022693649088246
test/000171.mp4,000171,vgg19,jpeg_10,real,True,45,55,fake,0.6590909090909091,0.6851851851851852,0.7454545454545455,0.8217101726267073,0.4639564581101288,0.924974647435275,0.16022693649088246
test/000171.mp4,000171,vgg19,jpeg_20,real,True,45,55,fake,0.6590909090909091,0.6851851851851852,0.7272727272727273,0.8735041035546197,0.3247196063667648,0.924974647435275,0.16022693649088246
test/000171.mp4,000171,vgg19,jpeg_30,real,True,45,55,fake,0.6136363636363636,0.6851851851851852,0.7454545454545455,0.8921610507700178,0.3061652230997861,0.924974647435275,0.16022693649088246
test/000171.mp4,000171,vgg19,jpeg_40,real,True,45,55,fake,0.6136363636363636,0.6851851851851852,0.8,0.8843274202611712,0.3058000641288067,0.924974647435275,0.16022693649088246
test/000171.mp4,000171,vgg19,jpeg_50,real,True,45,55,fake,0.5454545454545454,0.6851851851851852,0.7272727272727273,0.8840835173924764,0.3021803751003499,0.924974647435275,0.16022693649088246
test/000171.mp4,000171,vgg19,jpeg_60,real,True,45,55,fake,0.5909090909090909,0.6851851851851852,0.7818181818181819,0.9068560441335042,0.26103734392391,0.924974647435275,0.16022693649088246
test/000171.mp4,000171,vgg19,jpeg_70,real,True,45,55,fake,0.6363636363636364,0.6851851851851852,0.7636363636363637,0.8956265562110477,0.29712777805238616,0.924974647435275,0.16022693649088246
test/000171.mp4,000171,vgg19,jpeg_80,real,True,45,55,fake,0.6363636363636364,0.6851851851851852,0.7454545454545455,0.8933675024244521,0.31476288574337996,0.924974647435275,0.16022693649088246
test/000171.mp4,000171,vgg19,jpeg_90,real,True,45,55,fake,0.5454545454545454,0.6851851851851852,0.7636363636363637,0.9193219972981347,0.23738712648405919,0.924974647435275,0.16022693649088246
test/000171.mp4,000171,vgg19,jpeg_95,real,True,45,55,fake,0.5454545454545454,0.6851851851851852,0.7272727272727273,0.8878348198201921,0.2900895482107735,0.924974647435275,0.16022693649088246
test/000171.mp4,000171,vgg19,h264_18_keepaudio,real,True,45,55,fake,0.6136363636363636,0.6851851851851852,0.7272727272727273,0.8876642617914412,0.32172434575387554,0.924974647435275,0.16022693649088246
test/000171.mp4,000171,vgg19,h264_23_keepaudio,real,True,45,55,fake,0.7045454545454546,0.6851851851851852,0.7636363636363637,0.9008935590585073,0.2646538676511492,0.924974647435275,0.16022693649088246
test/000171.mp4,000171,vgg19,h264_28_keepaudio,real,True,45,55,fake,0.7272727272727273,0.6851851851851852,0.7636363636363637,0.9011532757017348,0.2694288322992708,0.924974647435275,0.16022693649088246
test/000171.mp4,000171,vgg19,h264_33_keepaudio,real,True,45,55,fake,0.6363636363636364,0.6851851851851852,0.8181818181818182,0.8740921676158905,0.2983288647541605,0.924974647435275,0.16022693649088246
test/000171.mp4,000171,vgg19,h264_38_keepaudio,real,True,45,55,fake,0.5909090909090909,0.6851851851851852,0.7636363636363637,0.8808472931385041,0.3363642182890907,0.924974647435275,0.16022693649088246
test/000171.mp4,000171,vgg19,h264_43_keepaudio,real,True,45,55,fake,0.5681818181818182,0.6851851851851852,0.7454545454545455,0.8899427109294468,0.30888620893448565,0.924974647435275,0.16022693649088246
test/000172.mp4,000172,vgg19,clean,fake,True,49,60,fake,0.6666666666666666,0.6271186440677966,0.7666666666666667,0.8820688462987238,0.31727709903327206,0.929269491136074,0.15871299999338942
test/000172.mp4,000172,vgg19,jpeg_10,fake,True,49,60,fake,0.5208333333333334,0.6271186440677966,0.7166666666666667,0.8412689353738513,0.4225409047512774,0.929269491136074,0.15871299999338942
test/000172.mp4,000172,vgg19,jpeg_20,fake,True,49,60,fake,0.7916666666666666,0.6271186440677966,0.8,0.8348763135014748,0.40614614885401457,0.929269491136074,0.15871299999338942
test/000172.mp4,000172,vgg19,jpeg_30,fake,True,49,60,fake,0.5833333333333334,0.6271186440677966,0.75,0.8896525988773424,0.3030462643881302,0.929269491136074,0.15871299999338942
test/000172.mp4,000172,vgg19,jpeg_40,fake,True,49,60,fake,0.6458333333333334,0.6271186440677966,0.7833333333333333,0.8912543040149066,0.3071156817982333,0.929269491136074,0.15871299999338942
test/000172.mp4,000172,vgg19,jpeg_50,fake,True,49,60,fake,0.5625,0.6271186440677966,0.7333333333333333,0.9033991761353551,0.2849068806136008,0.929269491136074,0.15871299999338942
test/000172.mp4,000172,vgg19,jpeg_60,fake,True,49,60,fake,0.6666666666666666,0.6271186440677966,0.7833333333333333,0.89948036111131,0.2964899424153259,0.929269491136074,0.15871299999338942
test/000172.mp4,000172,vgg19,jpeg_70,fake,True,49,60,fake,0.625,0.6271186440677966,0.75,0.8603482836363266,0.3633119467406019,0.929269491136074,0.15871299999338942
test/000172.mp4,000172,vgg19,jpeg_80,fake,True,49,60,fake,0.6458333333333334,0.6271186440677966,0.75,0.8908992227242918,0.29921917841178397,0.929269491136074,0.15871299999338942
test/000172.mp4,000172,vgg19,jpeg_90,fake,True,49,60,fake,0.625,0.6271186440677966,0.8,0.9036500727643773,0.28675106696490277,0.929269491136074,0.15871299999338942
test/000172.mp4,000172,vgg19,jpeg_95,fake,True,49,60,fake,0.6041666666666666,0.6271186440677966,0.7666666666666667,0.8798671255306322,0.311033259443682,0.929269491136074,0.15871299999338942
test/000172.mp4,000172,vgg19,h264_18_keepaudio,fake,True,49,60,fake,0.5208333333333334,0.6271186440677966,0.7333333333333333,0.8955931529706839,0.3055804468360634,0.929269491136074,0.15871299999338942
test/000172.mp4,000172,vgg19,h264_23_keepaudio,fake,True,49,60,fake,0.5208333333333334,0.6271186440677966,0.7666666666666667,0.8988644152271504,0.28984178272706534,0.929269491136074,0.15871299999338942
test/000172.mp4,000172,vgg19,h264_28_keepaudio,fake,True,49,60,fake,0.75,0.6271186440677966,0.75,0.8784265931771726,0.3369862634852713,0.929269491136074,0.15871299999338942
test/000172.mp4,000172,vgg19,h264_33_keepaudio,fake,True,49,60,fake,0.7083333333333334,0.6271186440677966,0.8,0.8648046078730602,0.3718677333389952,0.929269491136074,0.15871299999338942
test/000172.mp4,000172,vgg19,h264_38_keepaudio,fake,True,49,60,fake,0.625,0.6271186440677966,0.75,0.8917613856646479,0.2773302104823178,0.929269491136074,0.15871299999338942
test/000172.mp4,000172,vgg19,h264_43_keepaudio,fake,True,49,60,fake,0.5416666666666666,0.6271186440677966,0.7333333333333333,0.8471244531018394,0.38195846198478617,0.929269491136074,0.15871299999338942
test/000173.mp4,000173,vgg19,clean,fake,True,45,56,fake,0.6590909090909091,0.6545454545454545,0.75,0.8927641338772244,0.2852871148885956,0.9148664011486939,0.1885289611162449
test/000173.mp4,000173,vgg19,jpeg_10,fake,True,45,56,fake,0.5681818181818182,0.6545454545454545,0.7321428571428571,0.8311381677786509,0.42758505535082103,0.9148664011486939,0.1885289611162449
test/000173.mp4,000173,vgg19,jpeg_20,fake,True,45,56,fake,0.7727272727272727,0.6545454545454545,0.8214285714285714,0.8433530184957716,0.37272647977280765,0.9148664011486939,0.1885289611162449
test/000173.mp4,000173,vgg19,jpeg_30,fake,True,45,56,fake,0.5909090909090909,0.6545454545454545,0.75,0.880951792663998,0.31828382710228315,0.9148664011486939,0.1885289611162449
test/000173.mp4,000173,vgg19,jpeg_40,fake,True,45,56,fake,0.6590909090909091,0.6545454545454545,0.7857142857142857,0.8795301801628537,0.33262957675561966,0.9148664011486939,0.1885289611162449
test/000173.mp4,000173,vgg19,jpeg_50,fake,True,45,56,fake,0.6363636363636364,0.6545454545454545,0.75,0.921632872025172,0.23102530596995102,0.9148664011486939,0.1885289611162449
test/000173.mp4,000173,vgg19,jpeg_60,fake,True,45,56,fake,0.7045454545454546,0.6545454545454545,0.75,0.8888430522547828,0.3168960532216966,0.9148664011486939,0.1885289611162449
test/000173.mp4,000173,vgg19,jpeg_70,fake,True,45,56,fake,0.6590909090909091,0.6545454545454545,0.7142857142857143,0.8429102347956763,0.3800407400287456,0.9148664011486939,0.1885289611162449
test/000173.mp4,000173,vgg19,jpeg_80,fake,True,45,56,fake,0.7045454545454546,0.6545454545454545,0.7142857142857143,0.8938786307970683,0.28613836327851405,0.9148664011486939,0.1885289611162449
test/000173.mp4,000173,vgg19,jpeg_90,fake,True,45,56,fake,0.6818181818181818,0.6545454545454545,0.7678571428571429,0.8916836043198904,0.29227710579821875,0.9148664011486939,0.1885289611162449
test/000173.mp4,000173,vgg19,jpeg_95,fake,True,45,56,fake,0.6136363636363636,0.6545454545454545,0.7321428571428571,0.8715781748294831,0.33149012515621734,0.9148664011486939,0.1885289611162449
test/000173.mp4,000173,vgg19,h264_18_keepaudio,fake,True,45,56,fake,0.5909090909090909,0.6545454545454545,0.7321428571428571,0.8941028363174862,0.29047509937328797,0.9148664011486939,0.1885289611162449
test/000173.mp4,000173,vgg19,h264_23_keepaudio,fake,True,45,56,fake,0.6818181818181818,0.6545454545454545,0.7678571428571429,0.9020848698086209,0.26853937434371256,0.9148664011486939,0.1885289611162449
test/000173.mp4,000173,vgg19,h264_28_keepaudio,fake,True,45,56,fake,0.6363636363636364,0.6545454545454545,0.7678571428571429,0.9043078627851274,0.2546490590834779,0.9148664011486939,0.1885289611162449
test/000173.mp4,000173,vgg19,h264_33_keepaudio,fake,True,45,56,fake,0.6818181818181818,0.6545454545454545,0.8571428571428571,0.8604409886731041,0.34239783354029035,0.9148664011486939,0.1885289611162449
test/000173.mp4,000173,vgg19,h264_38_keepaudio,fake,True,45,56,fake,0.5909090909090909,0.6545454545454545,0.7142857142857143,0.8861033201217652,0.29291719662579785,0.9148664011486939,0.1885289611162449
test/000173.mp4,000173,vgg19,h264_43_keepaudio,fake,True,45,56,fake,0.6136363636363636,0.6545454545454545,0.7678571428571429,0.882213384575314,0.33899972020142916,0.9148664011486939,0.1885289611162449
test/000174.mp4,000174,vgg19,clean,fake,True,47,58,fake,0.5869565217391305,0.6140350877192983,0.7586206896551724,0.8430295732427151,0.40085648082393177,0.9287122431500204,0.15639938808585227
test/000174.mp4,000174,vgg19,jpeg_10,fake,True,47,58,fake,0.5217391304347826,0.6140350877192983,0.7586206896551724,0.8738681198434627,0.352192864017052,0.9287122431500204,0.15639938808585227
test/000174.mp4,000174,vgg19,jpeg_20,fake,True,47,58,fake,0.717391304347826,0.6140350877192983,0.8275862068965517,0.842711978136225,0.38323003084182017,0.9287122431500204,0.15639938808585227
test/000174.mp4,000174,vgg19,jpeg_30,fake,True,47,58,fake,0.6086956521739131,0.6140350877192983,0.7413793103448276,0.848601537181976,0.4175035111866399,0.9287122431500204,0.15639938808585227
test/000174.mp4,000174,vgg19,jpeg_40,fake,True,47,58,fake,0.6086956521739131,0.6140350877192983,0.7931034482758621,0.8575692658728742,0.38794607001120557,0.9287122431500204,0.15639938808585227
test/000174.mp4,000174,vgg19,jpeg_50,fake,True,47,58,fake,0.5217391304347826,0.6140350877192983,0.7586206896551724,0.8594180231398725,0.3791494049862344,0.9287122431500204,0.15639938808585227
test/000174.mp4,000174,vgg19,jpeg_60,fake,True,47,58,fake,0.6304347826086957,0.6140350877192983,0.7931034482758621,0.8484526580952584,0.39527484042656497,0.9287122431500204,0.15639938808585227
test/000174.mp4,000174,vgg19,jpeg_70,fake,True,47,58,fake,0.5869565217391305,0.6140350877192983,0.7241379310344828,0.835512601948799,0.4079946054983057,0.9287122431500204,0.15639938808585227
test/000174.mp4,000174,vgg19,jpeg_80,fake,True,47,58,fake,0.6086956521739131,0.6140350877192983,0.7241379310344828,0.8765405486238763,0.3159030391390313,0.9287122431500204,0.15639938808585227
test/000174.mp4,000174,vgg19,jpeg_90,fake,True,47,58,fake,0.5869565217391305,0.6140350877192983,0.7758620689655172,0.8706715049895835,0.35975865008105473,0.9287122431500204,0.15639938808585227
test/000174.mp4,000174,vgg19,jpeg_95,fake,True,47,58,fake,0.5217391304347826,0.6140350877192983,0.7413793103448276,0.850557267665863,0.3853512687070017,0.9287122431500204,0.15639938808585227
test/000174.mp4,000174,vgg19,h264_18_keepaudio,fake,True,47,58,fake,0.5652173913043478,0.6140350877192983,0.7758620689655172,0.8767669682807111,0.33654137484561925,0.9287122431500204,0.15639938808585227
test/000174.mp4,000174,vgg19,h264_23_keepaudio,fake,True,47,58,fake,0.6086956521739131,0.6140350877192983,0.7931034482758621,0.8979450819340158,0.2935275571613656,0.9287122431500204,0.15639938808585227
test/000174.mp4,000174,vgg19,h264_28_keepaudio,fake,True,47,58,fake,0.717391304347826,0.6140350877192983,0.8103448275862069,0.8870943385235807,0.3136623329958233,0.9287122431500204,0.15639938808585227
test/000174.mp4,000174,vgg19,h264_33_keepaudio,fake,True,47,58,fake,0.6521739130434783,0.6140350877192983,0.8103448275862069,0.8585227613753461,0.38036085881606535,0.9287122431500204,0.15639938808585227
test/000174.mp4,000174,vgg19,h264_38_keepaudio,fake,True,47,58,fake,0.717391304347826,0.6140350877192983,0.7241379310344828,0.880895511901125,0.30163999622955984,0.9287122431500204,0.15639938808585227
test/000174.mp4,000174,vgg19,h264_43_keepaudio,fake,True,47,58,fake,0.5869565217391305,0.6140350877192983,0.8275862068965517,0.8646049607307353,0.3590059490935864,0.9287122431500204,0.15639938808585227
test/000175.mp4,000175,vgg19,clean,fake,True,46,57,fake,0.6666666666666666,0.6071428571428571,0.7543859649122807,0.8453307877416196,0.3809454860838345,0.926855712083348,0.16649412919642467
test/000175.mp4,000175,vgg19,jpeg_10,fake,True,46,57,fake,0.5111111111111111,0.6071428571428571,0.7017543859649122,0.8623471558094025,0.376353716560578,0.926855712083348,0.16649412919642467
test/000175.mp4,000175,vgg19,jpeg_20,fake,True,46,57,fake,0.7777777777777778,0.6071428571428571,0.8245614035087719,0.8547247628802839,0.3686345684709133,0.926855712083348,0.16649412919642467
test/000175.mp4,000175,vgg19,jpeg_30,fake,True,46,57,fake,0.5777777777777777,0.6071428571428571,0.7719298245614035,0.8867036026457081,0.3086868187800851,0.926855712083348,0.16649412919642467
test/000175.mp4,000175,vgg19,jpeg_40,fake,True,46,57,fake,0.6,0.6071428571428571,0.8245614035087719,0.8556097817161809,0.38327977569089067,0.926855712083348,0.16649412919642467
test/000175.mp4,000175,vgg19,jpeg_50,fake,True,46,57,fake,0.5555555555555556,0.6071428571428571,0.7719298245614035,0.8890609579241794,0.3223528028503127,0.926855712083348,0.16649412919642467
test/000175.mp4,000175,vgg19,jpeg_60,fake,True,46,57,fake,0.6222222222222222,0.6071428571428571,0.8070175438596491,0.8532853055259456,0.381146944315728,0.926855712083348,0.16649412919642467
test/000175.mp4,000175,vgg19,jpeg_70,fake,True,46,57,fake,0.6,0.6071428571428571,0.7368421052631579,0.8407730453688166,0.4072900129466504,0.926855712083348,0.16649412919642467
test/000175.mp4,000175,vgg19,jpeg_80,fake,True,46,57,fake,0.6222222222222222,0.6071428571428571,0.7719298245614035,0.8735279045675112,0.32195904774286,0.926855712083348,0.16649412919642467
test/000175.mp4,000175,vgg19,jpeg_90,fake,True,46,57,fake,0.6222222222222222,0.6071428571428571,0.7543859649122807,0.8648732311051824,0.3536152716606246,0.926855712083348,0.16649412919642467
test/000175.mp4,000175,vgg19,jpeg_95,fake,True,46,57,fake,0.5777777777777777,0.6071428571428571,0.7368421052631579,0.8663521279459414,0.3502205033435444,0.926855712083348,0.16649412919642467
test/000175.mp4,000175,vgg19,h264_18_keepaudio,fake,True,46,57,fake,0.5555555555555556,0.6071428571428571,0.7719298245614035,0.8981535991896754,0.2840295206454391,0.926855712083348,0.16649412919642467
test/000175.mp4,000175,vgg19,h264_23_keepaudio,fake,True,46,57,fake,0.6,0.6071428571428571,0.7719298245614035,0.9175438246001368,0.24973965168897347,0.926855712083348,0.16649412919642467
test/000175.mp4,000175,vgg19,h264_28_keepaudio,fake,True,46,57,fake,0.7333333333333333,0.6071428571428571,0.7719298245614035,0.8476119922555011,0.3744999188460429,0.926855712083348,0.16649412919642467
test/000175.mp4,000175,vgg19,h264_33_keepaudio,fake,True,46,57,fake,0.6888888888888889,0.6071428571428571,0.8245614035087719,0.8789146063120469,0.3414962727430276,0.926855712083348,0.16649412919642467
test/000175.mp4,000175,vgg19,h264_38_keepaudio,fake,True,46,57,fake,0.6444444444444445,0.6071428571428571,0.7017543859649122,0.8808464939179628,0.31157004911620756,0.926855712083348,0.16649412919642467
test/000175.mp4,000175,vgg19,h264_43_keepaudio,fake,True,46,57,fake,0.6888888888888889,0.6071428571428571,0.8070175438596491,0.8535196269335954,0.38070260725749383,0.926855712083348,0.16649412919642467
test/000176.mp4,000176,vgg19,clean,fake,True,45,56,fake,0.6590909090909091,0.6181818181818182,0.7678571428571429,0.8886933936013116,0.2899477814145363,0.9125433995255402,0.19932691807268596
test/000176.mp4,000176,vgg19,jpeg_10,fake,True,45,56,fake,0.5454545454545454,0.6181818181818182,0.75,0.8356157574388716,0.4301577166122226,0.9125433995255402,0.19932691807268596
test/000176.mp4,000176,vgg19,jpeg_20,fake,True,45,56,fake,0.7045454545454546,0.6181818181818182,0.8392857142857143,0.841844751437505,0.386404399119418,0.9125433995255402,0.19932691807268596
test/000176.mp4,000176,vgg19,jpeg_30,fake,True,45,56,fake,0.6363636363636364,0.6181818181818182,0.7321428571428571,0.9018684493170844,0.2724176014745624,0.9125433995255402,0.19932691807268596
test/000176.mp4,000176,vgg19,jpeg_40,fake,True,45,56,fake,0.6590909090909091,0.6181818181818182,0.8392857142857143,0.8639685054620106,0.36152271200385677,0.9125433995255402,0.19932691807268596
test/000176.mp4,000176,vgg19,jpeg_50,fake,True,45,56,fake,0.6363636363636364,0.6181818181818182,0.7678571428571429,0.9215677440166473,0.24634128074338074,0.9125433995255402,0.19932691807268596
test/000176.mp4,000176,vgg19,jpeg_60,fake,True,45,56,fake,0.6590909090909091,0.6181818181818182,0.7857142857142857,0.8951197783152263,0.299095285150605,0.9125433995255402,0.19932691807268596
test/000176.mp4,000176,vgg19,jpeg_70,fake,True,45,56,fake,0.6136363636363636,0.6181818181818182,0.7678571428571429,0.8537836809953053,0.35456317235478585,0.9125433995255402,0.19932691807268596
test/000176.mp4,000176,vgg19,jpeg_80,fake,True,45,56,fake,0.6363636363636364,0.6181818181818182,0.75,0.9182740542623732,0.2348677720216643,0.9125433995255402,0.19932691807268596
test/000176.mp4,000176,vgg19,jpeg_90,fake,True,45,56,fake,0.6818181818181818,0.6181818181818182,0.7857142857142857,0.8825508250130547,0.31132649567482346,0.9125433995255402,0.19932691807268596
test/000176.mp4,000176,vgg19,jpeg_95,fake,True,45,56,fake,0.5909090909090909,0.6181818181818182,0.7678571428571429,0.8997147626347012,0.27605706881904307,0.9125433995255402,0.19932691807268596
test/000176.mp4,000176,vgg19,h264_18_keepaudio,fake,True,45,56,fake,0.5681818181818182,0.6181818181818182,0.75,0.9274427784813775,0.2222309603890856,0.9125433995255402,0.19932691807268596
test/000176.mp4,000176,vgg19,h264_23_keepaudio,fake,True,45,56,fake,0.6136363636363636,0.6181818181818182,0.7857142857142857,0.9285343117184109,0.20334936313728713,0.9125433995255402,0.19932691807268596
test/000176.mp4,000176,vgg19,h264_28_keepaudio,fake,True,45,56,fake,0.7272727272727273,0.6181818181818182,0.8035714285714286,0.9004292084111107,0.27526387382649925,0.9125433995255402,0.19932691807268596
test/000176.mp4,000176,vgg19,h264_33_keepaudio,fake,True,45,56,fake,0.6363636363636364,0.6181818181818182,0.8392857142857143,0.870976612965266,0.34380026935003377,0.9125433995255402,0.19932691807268596
test/000176.mp4,000176,vgg19,h264_38_keepaudio,fake,True,45,56,fake,0.6363636363636364,0.6181818181818182,0.6964285714285714,0.8831128074063195,0.2976941581695465,0.9125433995255402,0.19932691807268596
test/000176.mp4,000176,vgg19,h264_43_keepaudio,fake,True,45,56,fake,0.6818181818181818,0.6181818181818182,0.8214285714285714,0.8626195927460988,0.34543463952367454,0.9125433995255402,0.19932691807268596
test/000177.mp4,000177,vgg19,clean,fake,True,46,57,fake,0.6888888888888889,0.6071428571428571,0.7894736842105263,0.8723815038152363,0.32774965424496344,0.926855712083348,0.16649412919642467
test/000177.mp4,000177,vgg19,jpeg_10,fake,True,46,57,fake,0.6,0.6071428571428571,0.7368421052631579,0.8118613712165667,0.46337846889769196,0.926855712083348,0.16649412919642467
test/000177.mp4,000177,vgg19,jpeg_20,fake,True,46,57,fake,0.7777777777777778,0.6071428571428571,0.8245614035087719,0.8179279870313146,0.4275934264122679,0.926855712083348,0.16649412919642467
test/000177.mp4,000177,vgg19,jpeg_30,fake,True,46,57,fake,0.6222222222222222,0.6071428571428571,0.7719298245614035,0.8809231143930684,0.3182493291117974,0.926855712083348,0.16649412919642467
test/000177.mp4,000177,vgg19,jpeg_40,fake,True,46,57,fake,0.6,0.6071428571428571,0.8245614035087719,0.8807154887396357,0.3348098523672303,0.926855712083348,0.16649412919642467
test/000177.mp4,000177,vgg19,jpeg_50,fake,True,46,57,fake,0.6222222222222222,0.6071428571428571,0.7894736842105263,0.9243804715249849,0.24349175875964257,0.926855712083348,0.16649412919642467
test/000177.mp4,000177,vgg19,jpeg_60,fake,True,46,57,fake,0.6444444444444445,0.6071428571428571,0.7894736842105263,0.8929628872353098,0.3042133237679768,0.926855712083348,0.16649412919642467
test/000177.mp4,000177,vgg19,jpeg_70,fake,True,46,57,fake,0.6,0.6071428571428571,0.7719298245614035,0.8633405417203903,0.35672778442213454,0.926855712083348,0.16649412919642467
test/000177.mp4,000177,vgg19,jpeg_80,fake,True,46,57,fake,0.6444444444444445,0.6071428571428571,0.7719298245614035,0.9032972493897313,0.2710394510041706,0.926855712083348,0.16649412919642467
test/000177.mp4,000177,vgg19,jpeg_90,fake,True,46,57,fake,0.6444444444444445,0.6071428571428571,0.7894736842105263,0.8914197236299515,0.3070200885118906,0.926855712083348,0.16649412919642467
test/000177.mp4,000177,vgg19,jpeg_95,fake,True,46,57,fake,0.5777777777777777,0.6071428571428571,0.7719298245614035,0.8840701139491537,0.31865038741634866,0.926855712083348,0.16649412919642467
test/000177.mp4,000177,vgg19,h264_18_keepaudio,fake,True,46,57,fake,0.5777777777777777,0.6071428571428571,0.7368421052631579,0.8993370131306027,0.281819526340998,0.926855712083348,0.16649412919642467
test/000177.mp4,000177,vgg19,h264_23_keepaudio,fake,True,46,57,fake,0.5777777777777777,0.6071428571428571,0.7894736842105263,0.9097217476886251,0.2597114476061462,0.926855712083348,0.16649412919642467
test/000177.mp4,000177,vgg19,h264_28_keepaudio,fake,True,46,57,fake,0.6888888888888889,0.6071428571428571,0.7543859649122807,0.8978719840879026,0.2952039867926603,0.926855712083348,0.16649412919642467
test/000177.mp4,000177,vgg19,h264_33_keepaudio,fake,True,46,57,fake,0.6222222222222222,0.6071428571428571,0.7894736842105263,0.8529401434504468,0.3848101592083106,0.926855712083348,0.16649412919642467
test/000177.mp4,000177,vgg19,h264_38_keepaudio,fake,True,46,57,fake,0.6666666666666666,0.6071428571428571,0.7017543859649122,0.8788702125134675,0.30404241586581654,0.926855712083348,0.16649412919642467
test/000177.mp4,000177,vgg19,h264_43_keepaudio,fake,True,46,57,fake,0.7111111111111111,0.6071428571428571,0.7894736842105263,0.8628817686568135,0.3366911916899891,0.926855712083348,0.16649412919642467
test/000178.mp4,000178,vgg19,clean,real,True,19,23,fake,0.5,0.5909090909090909,0.6521739130434783,0.8251857553657732,0.46208132197668234,0.9635447445123092,0.11208989729676323
test/000178.mp4,000178,vgg19,jpeg_10,real,True,19,23,fake,0.5555555555555556,0.5909090909090909,0.6086956521739131,0.8345026185638026,0.41162775475168006,0.9635447445123092,0.11208989729676323
test/000178.mp4,000178,vgg19,jpeg_20,real,True,19,23,fake,0.6666666666666666,0.5909090909090909,0.6956521739130435,0.8077050431778556,0.46449870805376636,0.9635447445123092,0.11208989729676323
test/000178.mp4,000178,vgg19,jpeg_30,real,True,19,23,fake,0.5555555555555556,0.5909090909090909,0.6521739130434783,0.8475071678036138,0.4020340897219004,0.9635447445123092,0.11208989729676323
test/000178.mp4,000178,vgg19,jpeg_40,real,True,19,23,fake,0.5,0.5909090909090909,0.6956521739130435,0.9113865133963133,0.2753388716980158,0.9635447445123092,0.11208989729676323
test/000178.mp4,000178,vgg19,jpeg_50,real,True,19,23,fake,0.5555555555555556,0.5909090909090909,0.6956521739130435,0.8259494775219968,0.4535160326619164,0.9635447445123092,0.11208989729676323
test/000178.mp4,000178,vgg19,jpeg_60,real,True,19,23,fake,0.5555555555555556,0.5909090909090909,0.6956521739130435,0.8372073142152083,0.4086855495819593,0.9635447445123092,0.11208989729676323
test/000178.mp4,000178,vgg19,jpeg_70,real,True,19,23,fake,0.6111111111111112,0.5909090909090909,0.7391304347826086,0.8101443334629661,0.463042370371972,0.9635447445123092,0.11208989729676323
test/000178.mp4,000178,vgg19,jpeg_80,real,True,19,23,fake,0.5555555555555556,0.5909090909090909,0.6521739130434783,0.8980223442378797,0.29755572215373577,0.9635447445123092,0.11208989729676323
test/000178.mp4,000178,vgg19,jpeg_90,real,True,19,23,fake,0.5555555555555556,0.5909090909090909,0.6521739130434783,0.8288371421788868,0.42360031012635935,0.9635447445123092,0.11208989729676323
test/000178.mp4,000178,vgg19,jpeg_95,real,True,19,23,fake,0.5555555555555556,0.5909090909090909,0.6521739130434783,0.8341208210116938,0.45558945109219273,0.9635447445123092,0.11208989729676323
test/000178.mp4,000178,vgg19,h264_18_keepaudio,real,True,19,23,fake,0.5555555555555556,0.5909090909090909,0.6956521739130435,0.8404189003141302,0.39823614149090203,0.9635447445123092,0.11208989729676323
test/000178.mp4,000178,vgg19,h264_23_keepaudio,real,True,19,23,fake,0.6111111111111112,0.5909090909090909,0.7391304347826086,0.877153416997508,0.3407246643064643,0.9635447445123092,0.11208989729676323
test/000178.mp4,000178,vgg19,h264_28_keepaudio,real,True,19,23,fake,0.6111111111111112,0.5909090909090909,0.7391304347826086,0.8953501001784676,0.29512409562733677,0.9635447445123092,0.11208989729676323
test/000178.mp4,000178,vgg19,h264_33_keepaudio,real,True,19,23,fake,0.5555555555555556,0.5909090909090909,0.7391304347826086,0.9183447674701088,0.2195693036168879,0.9635447445123092,0.11208989729676323
test/000178.mp4,000178,vgg19,h264_38_keepaudio,real,True,19,23,fake,0.5,0.5909090909090909,0.7391304347826086,0.9023051356014452,0.2580615093133461,0.9635447445123092,0.11208989729676323
test/000178.mp4,000178,vgg19,h264_43_keepaudio,real,True,18,23,fake,0.5882352941176471,0.5909090909090909,0.6956521739130435,0.8950986100567712,0.26840476283371023,0.9635447445123092,0.11208989729676323
test/000179.mp4,000179,vgg19,clean,fake,True,20,27,fake,0.6842105263157895,0.6923076923076923,0.5555555555555556,0.8291050612926483,0.4320659210431475,0.9678369959195455,0.08606985549750422
test/000179.mp4,000179,vgg19,jpeg_10,fake,True,19,27,fake,0.6111111111111112,0.6923076923076923,0.5925925925925926,0.8131002423010374,0.49438868572824074,0.9678369959195455,0.08606985549750422
test/000179.mp4,000179,vgg19,jpeg_20,fake,True,20,27,fake,0.7368421052631579,0.6923076923076923,0.6666666666666666,0.8730041101574898,0.33704753732786186,0.9678369959195455,0.08606985549750422
test/000179.mp4,000179,vgg19,jpeg_30,fake,True,19,27,fake,0.6666666666666666,0.6923076923076923,0.6296296296296297,0.8551444740671861,0.3508731397304839,0.9678369959195455,0.08606985549750422
test/000179.mp4,000179,vgg19,jpeg_40,fake,True,19,27,fake,0.8333333333333334,0.6923076923076923,0.6666666666666666,0.8900411066256071,0.29418097977077423,0.9678369959195455,0.08606985549750422
test/000179.mp4,000179,vgg19,jpeg_50,fake,True,20,27,fake,0.631578947368421,0.6923076923076923,0.5925925925925926,0.8805945575237274,0.3334311923363072,0.9678369959195455,0.08606985549750422
test/000179.mp4,000179,vgg19,jpeg_60,fake,True,19,27,fake,0.6666666666666666,0.6923076923076923,0.6296296296296297,0.8735657867632414,0.3691353370660851,0.9678369959195455,0.08606985549750422
test/000179.mp4,000179,vgg19,jpeg_70,fake,True,19,27,fake,0.7777777777777778,0.6923076923076923,0.6666666666666666,0.8718169237438002,0.3530671673616593,0.9678369959195455,0.08606985549750422
test/000179.mp4,000179,vgg19,jpeg_80,fake,True,20,27,fake,0.5789473684210527,0.6923076923076923,0.6296296296296297,0.8450553566217422,0.3985257905704529,0.9678369959195455,0.08606985549750422
test/000179.mp4,000179,vgg19,jpeg_90,fake,True,20,27,fake,0.7368421052631579,0.6923076923076923,0.7037037037037037,0.8498851671814919,0.40689007230519125,0.9678369959195455,0.08606985549750422
test/000179.mp4,000179,vgg19,jpeg_95,fake,True,19,27,fake,0.6111111111111112,0.6923076923076923,0.5925925925925926,0.8575673668008101,0.3549937367369747,0.9678369959195455,0.08606985549750422
test/000179.mp4,000179,vgg19,h264_18_keepaudio,fake,True,19,27,fake,0.6666666666666666,0.6923076923076923,0.6296296296296297,0.8602617790824488,0.35293954224794766,0.9678369959195455,0.08606985549750422
test/000179.mp4,000179,vgg19,h264_23_keepaudio,fake,True,19,27,fake,0.6666666666666666,0.6923076923076923,0.6666666666666666,0.8925116375872963,0.27709085016065504,0.9678369959195455,0.08606985549750422
test/000179.mp4,000179,vgg19,h264_28_keepaudio,fake,True,20,27,fake,0.6842105263157895,0.6923076923076923,0.6296296296296297,0.8802039012312889,0.31532077016171706,0.9678369959195455,0.08606985549750422
test/000179.mp4,000179,vgg19,h264_33_keepaudio,fake,True,21,27,fake,0.75,0.6923076923076923,0.7407407407407407,0.8927757016250065,0.2786465797603511,0.9678369959195455,0.08606985549750422
test/000179.mp4,000179,vgg19,h264_38_keepaudio,fake,True,20,27,fake,0.8421052631578947,0.6923076923076923,0.6296296296296297,0.8542201951146126,0.3141189101859709,0.9678369959195455,0.08606985549750422
test/000179.mp4,000179,vgg19,h264_43_keepaudio,fake,True,20,27,fake,0.8947368421052632,0.6923076923076923,0.5925925925925926,0.9468651294708252,0.1661997058184254,0.9678369959195455,0.08606985549750422
test/000180.mp4,000180,vgg19,clean,fake,True,19,24,fake,0.5555555555555556,0.7391304347826086,0.625,0.8809564709663391,0.3587071695389725,0.9739384402831396,0.08016583263287887
test/000180.mp4,000180,vgg19,jpeg_10,fake,True,19,24,fake,0.7777777777777778,0.7391304347826086,0.5,0.8625580072402954,0.40681472154205456,0.9739384402831396,0.08016583263287887
test/000180.mp4,000180,vgg19,jpeg_20,fake,True,19,24,fake,0.6111111111111112,0.7391304347826086,0.4583333333333333,0.8373854975951346,0.4304572158649401,0.9739384402831396,0.08016583263287887
test/000180.mp4,000180,vgg19,jpeg_30,fake,True,19,24,fake,0.5555555555555556,0.7391304347826086,0.5833333333333334,0.8511995986888283,0.40921938053955453,0.9739384402831396,0.08016583263287887
test/000180.mp4,000180,vgg19,jpeg_40,fake,True,19,24,fake,0.6111111111111112,0.7391304347826086,0.5416666666666666,0.7969287728008471,0.4609590761697227,0.9739384402831396,0.08016583263287887
test/000180.mp4,000180,vgg19,jpeg_50,fake,True,19,24,fake,0.6111111111111112,0.7391304347826086,0.625,0.7946710053243136,0.4677806699775756,0.9739384402831396,0.08016583263287887
test/000180.mp4,000180,vgg19,jpeg_60,fake,True,19,24,fake,0.5555555555555556,0.7391304347826086,0.5833333333333334,0.8531674428990013,0.4107420679950266,0.9739384402831396,0.08016583263287887
test/000180.mp4,000180,vgg19,jpeg_70,fake,True,19,24,fake,0.5,0.7391304347826086,0.5833333333333334,0.8155238251937064,0.4685840526143874,0.9739384402831396,0.08016583263287887
test/000180.mp4,000180,vgg19,jpeg_80,fake,True,19,24,fake,0.6111111111111112,0.7391304347826086,0.625,0.8613097008905912,0.3710238152234352,0.9739384402831396,0.08016583263287887
test/000180.mp4,000180,vgg19,jpeg_90,fake,True,19,24,fake,0.5555555555555556,0.7391304347826086,0.5833333333333334,0.8555530874352706,0.3800455993899599,0.9739384402831396,0.08016583263287887
test/000180.mp4,000180,vgg19,jpeg_95,fake,True,19,24,fake,0.5555555555555556,0.7391304347826086,0.5833333333333334,0.8719497730857447,0.3838549659674803,0.9739384402831396,0.08016583263287887
test/000180.mp4,000180,vgg19,h264_18_keepaudio,fake,True,19,24,fake,0.5,0.7391304347826086,0.6666666666666666,0.8775879866198489,0.36278489044334883,0.9739384402831396,0.08016583263287887
test/000180.mp4,000180,vgg19,h264_23_keepaudio,fake,True,18,24,fake,0.5882352941176471,0.7391304347826086,0.5833333333333334,0.8092417998446358,0.46630433244757974,0.9739384402831396,0.08016583263287887
test/000180.mp4,000180,vgg19,h264_28_keepaudio,fake,True,19,24,fake,0.8888888888888888,0.7391304347826086,0.6666666666666666,0.8327091791127857,0.40260567668471636,0.9739384402831396,0.08016583263287887
test/000180.mp4,000180,vgg19,h264_33_keepaudio,fake,True,19,24,fake,0.7222222222222222,0.7391304347826086,0.5833333333333334,0.8648217963544946,0.34707613456402003,0.9739384402831396,0.08016583263287887
test/000180.mp4,000180,vgg19,h264_38_keepaudio,fake,True,18,24,fake,0.8235294117647058,0.7391304347826086,0.6666666666666666,0.9433186186684502,0.18955201562839896,0.9739384402831396,0.08016583263287887
test/000180.mp4,000180,vgg19,h264_43_keepaudio,fake,True,18,24,fake,0.7647058823529411,0.7391304347826086,0.5833333333333334,0.9288992683092753,0.16288841416630376,0.9739384402831396,0.08016583263287887
test/000181.mp4,000181,vgg19,clean,fake,True,20,27,fake,0.7368421052631579,0.6538461538461539,0.6666666666666666,0.8606377139687538,0.36708681400038684,0.9577727891780712,0.10433208014982655
test/000181.mp4,000181,vgg19,jpeg_10,fake,True,20,27,fake,0.8421052631578947,0.6538461538461539,0.5555555555555556,0.8387818232178688,0.42112441899413877,0.9577727891780712,0.10433208014982655
test/000181.mp4,000181,vgg19,jpeg_20,fake,True,20,27,fake,0.7368421052631579,0.6538461538461539,0.5925925925925926,0.7806146502494812,0.5145830232925069,0.9577727891780712,0.10433208014982655
test/000181.mp4,000181,vgg19,jpeg_30,fake,True,20,27,fake,0.7368421052631579,0.6538461538461539,0.5925925925925926,0.8444712549448014,0.37109777901188856,0.9577727891780712,0.10433208014982655
test/000181.mp4,000181,vgg19,jpeg_40,fake,True,20,27,fake,0.7368421052631579,0.6538461538461539,0.6296296296296297,0.8777998670935631,0.3344101388744233,0.9577727891780712,0.10433208014982655
test/000181.mp4,000181,vgg19,jpeg_50,fake,True,20,27,fake,0.5789473684210527,0.6538461538461539,0.6296296296296297,0.8729274302721024,0.3297769805644607,0.9577727891780712,0.10433208014982655
test/000181.mp4,000181,vgg19,jpeg_60,fake,True,20,27,fake,0.631578947368421,0.6538461538461539,0.6296296296296297,0.8965949505567551,0.29650337251112313,0.9577727891780712,0.10433208014982655
test/000181.mp4,000181,vgg19,jpeg_70,fake,True,20,27,fake,0.5789473684210527,0.6538461538461539,0.6296296296296297,0.8952181950211525,0.2917241465766644,0.9577727891780712,0.10433208014982655
test/000181.mp4,000181,vgg19,jpeg_80,fake,True,20,27,fake,0.6842105263157895,0.6538461538461539,0.5925925925925926,0.8745039448142051,0.3286316972135808,0.9577727891780712,0.10433208014982655
test/000181.mp4,000181,vgg19,jpeg_90,fake,True,20,27,fake,0.6842105263157895,0.6538461538461539,0.6296296296296297,0.8667632400989532,0.3453965505619761,0.9577727891780712,0.10433208014982655
test/000181.mp4,000181,vgg19,jpeg_95,fake,True,20,27,fake,0.631578947368421,0.6538461538461539,0.6296296296296297,0.8897388219833374,0.27653952921714026,0.9577727891780712,0.10433208014982655
test/000181.mp4,000181,vgg19,h264_18_keepaudio,fake,True,20,27,fake,0.6842105263157895,0.6538461538461539,0.6666666666666666,0.8797352373600006,0.312022309948123,0.9577727891780712,0.10433208014982655
test/000181.mp4,000181,vgg19,h264_23_keepaudio,fake,True,20,27,fake,0.631578947368421,0.6538461538461539,0.6296296296296297,0.8962691813707352,0.2720382546282484,0.9577727891780712,0.10433208014982655
test/000181.mp4,000181,vgg19,h264_28_keepaudio,fake,True,21,27,fake,0.55,0.6538461538461539,0.6296296296296297,0.903028259674708,0.2646877725839371,0.9577727891780712,0.10433208014982655
test/000181.mp4,000181,vgg19,h264_33_keepaudio,fake,True,21,27,fake,0.8,0.6538461538461539,0.7407407407407407,0.8156613182453882,0.4265490752254236,0.9577727891780712,0.10433208014982655
test/000181.mp4,000181,vgg19,h264_38_keepaudio,fake,True,21,27,fake,0.7,0.6538461538461539,0.7037037037037037,0.9175141652425131,0.22907742540578843,0.9577727891780712,0.10433208014982655
test/000181.mp4,000181,vgg19,h264_43_keepaudio,fake,True,19,27,fake,0.7222222222222222,0.6538461538461539,0.7407407407407407,0.9229279944771215,0.23182988883584105,0.9577727891780712,0.10433208014982655
test/000182.mp4,000182,vgg19,clean,real,True,24,30,fake,0.7391304347826086,0.7241379310344828,0.6666666666666666,0.9471302057305971,0.17965844664435426,0.9469426472981771,0.13349682295130907
test/000182.mp4,000182,vgg19,jpeg_10,real,True,24,30,fake,0.8260869565217391,0.7241379310344828,0.6666666666666666,0.9367062846819559,0.22533968980012467,0.9469426472981771,0.13349682295130907
test/000182.mp4,000182,vgg19,jpeg_20,real,True,24,30,fake,0.782608695652174,0.7241379310344828,0.6,0.9478038375576338,0.1656414418306247,0.9469426472981771,0.13349682295130907
test/000182.mp4,000182,vgg19,jpeg_30,real,True,24,30,fake,0.7391304347826086,0.7241379310344828,0.6666666666666666,0.9420605475703875,0.17585501536137316,0.9469426472981771,0.13349682295130907
test/000182.mp4,000182,vgg19,jpeg_40,real,True,24,30,fake,0.7391304347826086,0.7241379310344828,0.6666666666666666,0.962243157128493,0.14311240788268387,0.9469426472981771,0.13349682295130907
test/000182.mp4,000182,vgg19,jpeg_50,real,True,24,30,fake,0.7391304347826086,0.7241379310344828,0.6666666666666666,0.9448594575126966,0.18119063804456195,0.9469426472981771,0.13349682295130907
test/000182.mp4,000182,vgg19,jpeg_60,real,True,24,30,fake,0.782608695652174,0.7241379310344828,0.6,0.9405476947625478,0.18465767611818062,0.9469426472981771,0.13349682295130907
test/000182.mp4,000182,vgg19,jpeg_70,real,True,24,30,fake,0.7391304347826086,0.7241379310344828,0.6666666666666666,0.9448491632938385,0.16304375153190376,0.9469426472981771,0.13349682295130907
test/000182.mp4,000182,vgg19,jpeg_80,real,True,24,30,fake,0.7391304347826086,0.7241379310344828,0.6666666666666666,0.9516632333397865,0.17090461272945126,0.9469426472981771,0.13349682295130907
test/000182.mp4,000182,vgg19,jpeg_90,real,True,24,30,fake,0.6521739130434783,0.7241379310344828,0.6333333333333333,0.9376979048053423,0.18415031119807126,0.9469426472981771,0.13349682295130907
test/000182.mp4,000182,vgg19,jpeg_95,real,True,24,30,fake,0.782608695652174,0.7241379310344828,0.6,0.9197720686594645,0.22922125337950264,0.9469426472981771,0.13349682295130907
test/000182.mp4,000182,vgg19,h264_18_keepaudio,real,True,24,30,fake,0.7391304347826086,0.7241379310344828,0.6666666666666666,0.9450004696846008,0.18933404101806026,0.9469426472981771,0.13349682295130907
test/000182.mp4,000182,vgg19,h264_23_keepaudio,real,True,24,30,fake,0.782608695652174,0.7241379310344828,0.6333333333333333,0.9312017982204756,0.19092717093546793,0.9469426472981771,0.13349682295130907
test/000182.mp4,000182,vgg19,h264_28_keepaudio,real,True,24,30,fake,0.6956521739130435,0.7241379310344828,0.6333333333333333,0.9181946218013763,0.24463601927493825,0.9469426472981771,0.13349682295130907
test/000182.mp4,000182,vgg19,h264_33_keepaudio,real,True,24,30,fake,0.6086956521739131,0.7241379310344828,0.7333333333333333,0.8749193822344145,0.33867619406802385,0.9469426472981771,0.13349682295130907
test/000182.mp4,000182,vgg19,h264_38_keepaudio,real,True,24,30,fake,0.7391304347826086,0.7241379310344828,0.6333333333333333,0.9100765685240427,0.2775322755864295,0.9469426472981771,0.13349682295130907
test/000182.mp4,000182,vgg19,h264_43_keepaudio,real,True,25,30,fake,0.75,0.7241379310344828,0.6,0.8843609774112702,0.2890501038662071,0.9469426472981771,0.13349682295130907
test/000183.mp4,000183,vgg19,clean,fake,True,27,34,fake,0.8846153846153846,0.7272727272727273,0.5588235294117647,0.8937330786828641,0.2955873533465872,0.9438525017570046,0.13063355799660992
test/000183.mp4,000183,vgg19,jpeg_10,fake,True,27,34,fake,0.8461538461538461,0.7272727272727273,0.6764705882352942,0.8763654706654725,0.34745964150687914,0.9438525017570046,0.13063355799660992
test/000183.mp4,000183,vgg19,jpeg_20,fake,True,27,34,fake,0.8461538461538461,0.7272727272727273,0.5294117647058824,0.9128686829849526,0.23777396485342026,0.9438525017570046,0.13063355799660992
test/000183.mp4,000183,vgg19,jpeg_30,fake,True,27,34,fake,0.8461538461538461,0.7272727272727273,0.6470588235294118,0.9001190408512398,0.2614515076851346,0.9438525017570046,0.13063355799660992
test/000183.mp4,000183,vgg19,jpeg_40,fake,True,27,34,fake,0.8846153846153846,0.7272727272727273,0.5588235294117647,0.9202988103584007,0.22812788242321552,0.9438525017570046,0.13063355799660992
test/000183.mp4,000183,vgg19,jpeg_50,fake,True,27,34,fake,0.8846153846153846,0.7272727272727273,0.5882352941176471,0.946413066652086,0.17218485949117276,0.9438525017570046,0.13063355799660992
test/000183.mp4,000183,vgg19,jpeg_60,fake,True,27,34,fake,0.8076923076923077,0.7272727272727273,0.6764705882352942,0.8970627608122649,0.25957576006149297,0.9438525017570046,0.13063355799660992
test/000183.mp4,000183,vgg19,jpeg_70,fake,True,27,34,fake,0.8846153846153846,0.7272727272727273,0.5588235294117647,0.8883595676333816,0.30546733378011615,0.9438525017570046,0.13063355799660992
test/000183.mp4,000183,vgg19,jpeg_80,fake,True,27,34,fake,0.8076923076923077,0.7272727272727273,0.6764705882352942,0.9151597023010254,0.2503196684691781,0.9438525017570046,0.13063355799660992
test/000183.mp4,000183,vgg19,jpeg_90,fake,True,27,34,fake,0.8846153846153846,0.7272727272727273,0.5588235294117647,0.890476178239893,0.31683116319741444,0.9438525017570046,0.13063355799660992
test/000183.mp4,000183,vgg19,jpeg_95,fake,True,27,34,fake,0.8846153846153846,0.7272727272727273,0.5882352941176471,0.8970078980481183,0.28136247941884496,0.9438525017570046,0.13063355799660992
test/000183.mp4,000183,vgg19,h264_18_keepaudio,fake,True,27,34,fake,0.8076923076923077,0.7272727272727273,0.6176470588235294,0.8756853099222537,0.312872116462808,0.9438525017570046,0.13063355799660992
test/000183.mp4,000183,vgg19,h264_23_keepaudio,fake,True,27,34,fake,0.8076923076923077,0.7272727272727273,0.6470588235294118,0.8931933972570631,0.28539191434611005,0.9438525017570046,0.13063355799660992
test/000183.mp4,000183,vgg19,h264_28_keepaudio,fake,True,28,34,fake,0.7407407407407407,0.7272727272727273,0.5588235294117647,0.8796377245868955,0.323806002564148,0.9438525017570046,0.13063355799660992
test/000183.mp4,000183,vgg19,h264_33_keepaudio,fake,True,27,34,fake,0.6923076923076923,0.7272727272727273,0.6764705882352942,0.8537063267495897,0.36796296898047837,0.9438525017570046,0.13063355799660992
test/000183.mp4,000183,vgg19,h264_38_keepaudio,fake,True,27,34,fake,0.6538461538461539,0.7272727272727273,0.6176470588235294,0.827590145446636,0.4331898101649227,0.9438525017570046,0.13063355799660992
test/000183.mp4,000183,vgg19,h264_43_keepaudio,fake,True,27,34,fake,0.8076923076923077,0.7272727272727273,0.6764705882352942,0.9044276144769456,0.25450401068768774,0.9438525017570046,0.13063355799660992
test/000184.mp4,000184,vgg19,clean,fake,True,24,30,fake,0.8695652173913043,0.6896551724137931,0.5,0.9436648723979791,0.1639246839967165,0.9496164202690125,0.12736745343901254
test/000184.mp4,000184,vgg19,jpeg_10,fake,True,24,30,fake,0.6521739130434783,0.6896551724137931,0.7,0.8998680065075556,0.25520947982377,0.9496164202690125,0.12736745343901254
test/000184.mp4,000184,vgg19,jpeg_20,fake,True,24,30,fake,0.8260869565217391,0.6896551724137931,0.5,0.9428558200597763,0.17652011568366288,0.9496164202690125,0.12736745343901254
test/000184.mp4,000184,vgg19,jpeg_30,fake,True,24,30,fake,0.8260869565217391,0.6896551724137931,0.5666666666666667,0.9470428476730982,0.15910969577399445,0.9496164202690125,0.12736745343901254
test/000184.mp4,000184,vgg19,jpeg_40,fake,True,24,30,fake,0.782608695652174,0.6896551724137931,0.5666666666666667,0.9204336578647295,0.22242121565902637,0.9496164202690125,0.12736745343901254
test/000184.mp4,000184,vgg19,jpeg_50,fake,True,24,30,fake,0.9130434782608695,0.6896551724137931,0.5666666666666667,0.9319236141939958,0.18237126392598665,0.9496164202690125,0.12736745343901254
test/000184.mp4,000184,vgg19,jpeg_60,fake,True,24,30,fake,0.8695652173913043,0.6896551724137931,0.5666666666666667,0.93696586911877,0.18116319378617748,0.9496164202690125,0.12736745343901254
test/000184.mp4,000184,vgg19,jpeg_70,fake,True,24,30,fake,0.8695652173913043,0.6896551724137931,0.5,0.9418564612666765,0.17722486160817671,0.9496164202690125,0.12736745343901254
test/000184.mp4,000184,vgg19,jpeg_80,fake,True,24,30,fake,0.8260869565217391,0.6896551724137931,0.5666666666666667,0.9236712406078974,0.21917251632110044,0.9496164202690125,0.12736745343901254
test/000184.mp4,000184,vgg19,jpeg_90,fake,True,24,30,fake,0.8695652173913043,0.6896551724137931,0.5,0.9504938448468844,0.16469235893659853,0.9496164202690125,0.12736745343901254
test/000184.mp4,000184,vgg19,jpeg_95,fake,True,24,30,fake,0.782608695652174,0.6896551724137931,0.5666666666666667,0.9363776942094167,0.17745670195645336,0.9496164202690125,0.12736745343901254
test/000184.mp4,000184,vgg19,h264_18_keepaudio,fake,True,24,30,fake,0.8695652173913043,0.6896551724137931,0.5,0.9063623249530792,0.23031569576973274,0.9496164202690125,0.12736745343901254
test/000184.mp4,000184,vgg19,h264_23_keepaudio,fake,True,24,30,fake,0.8695652173913043,0.6896551724137931,0.5,0.9215275247891744,0.2007526523272861,0.9496164202690125,0.12736745343901254
test/000184.mp4,000184,vgg19,h264_28_keepaudio,fake,True,25,30,fake,0.7083333333333334,0.6896551724137931,0.5666666666666667,0.886794091463089,0.30680557913829554,0.9496164202690125,0.12736745343901254
test/000184.mp4,000184,vgg19,h264_33_keepaudio,fake,True,24,30,fake,0.8695652173913043,0.6896551724137931,0.5,0.8969814504186312,0.2754562451188378,0.9496164202690125,0.12736745343901254
test/000184.mp4,000184,vgg19,h264_38_keepaudio,fake,True,24,30,fake,0.8695652173913043,0.6896551724137931,0.5,0.9402870299915472,0.16133995530848452,0.9496164202690125,0.12736745343901254
test/000184.mp4,000184,vgg19,h264_43_keepaudio,fake,True,24,30,fake,0.6956521739130435,0.6896551724137931,0.6333333333333333,0.9019499147931734,0.2913379993634814,0.9496164202690125,0.12736745343901254
test/000185.mp4,000185,vgg19,clean,fake,True,28,35,fake,0.7407407407407407,0.7352941176470589,0.7142857142857143,0.8889818925942693,0.27966745596697135,0.962478654725211,0.09578307313281298
test/000185.mp4,000185,vgg19,jpeg_10,fake,True,28,35,fake,0.8148148148148148,0.7352941176470589,0.7142857142857143,0.8541590848139354,0.4122504486081359,0.962478654725211,0.09578307313281298
test/000185.mp4,000185,vgg19,jpeg_20,fake,True,28,35,fake,0.8518518518518519,0.7352941176470589,0.5714285714285714,0.9644033546958651,0.13429124473194826,0.962478654725211,0.09578307313281298
test/000185.mp4,000185,vgg19,jpeg_30,fake,True,28,35,fake,0.8518518518518519,0.7352941176470589,0.6285714285714286,0.9278112181595394,0.22988454414959245,0.962478654725211,0.09578307313281298
test/000185.mp4,000185,vgg19,jpeg_40,fake,True,28,35,fake,0.7407407407407407,0.7352941176470589,0.6571428571428571,0.9069599700825555,0.2566035187376564,0.962478654725211,0.09578307313281298
test/000185.mp4,000185,vgg19,jpeg_50,fake,True,28,35,fake,0.8148148148148148,0.7352941176470589,0.6285714285714286,0.9235569345099586,0.23389119219494572,0.962478654725211,0.09578307313281298
test/000185.mp4,000185,vgg19,jpeg_60,fake,True,28,35,fake,0.7777777777777778,0.7352941176470589,0.7142857142857143,0.8978955351880619,0.25722019760919557,0.962478654725211,0.09578307313281298
test/000185.mp4,000185,vgg19,jpeg_70,fake,True,28,35,fake,0.8518518518518519,0.7352941176470589,0.6285714285714286,0.9071856598768916,0.25832657920507823,0.962478654725211,0.09578307313281298
test/000185.mp4,000185,vgg19,jpeg_80,fake,True,28,35,fake,0.7037037037037037,0.7352941176470589,0.7142857142857143,0.8830975677285876,0.2904397823943427,0.962478654725211,0.09578307313281298
test/000185.mp4,000185,vgg19,jpeg_90,fake,True,28,35,fake,0.8518518518518519,0.7352941176470589,0.6285714285714286,0.9003637677856854,0.26625417411145486,0.962478654725211,0.09578307313281298
test/000185.mp4,000185,vgg19,jpeg_95,fake,True,28,35,fake,0.8148148148148148,0.7352941176470589,0.6571428571428571,0.9076164577688489,0.2511672767923074,0.962478654725211,0.09578307313281298
test/000185.mp4,000185,vgg19,h264_18_keepaudio,fake,True,28,35,fake,0.7407407407407407,0.7352941176470589,0.6857142857142857,0.8663853566561427,0.3234419700328702,0.962478654725211,0.09578307313281298
test/000185.mp4,000185,vgg19,h264_23_keepaudio,fake,True,28,35,fake,0.8148148148148148,0.7352941176470589,0.6571428571428571,0.8912010001284736,0.2855497123802447,0.962478654725211,0.09578307313281298
test/000185.mp4,000185,vgg19,h264_28_keepaudio,fake,True,29,35,fake,0.7857142857142857,0.7352941176470589,0.6,0.9258436478417496,0.20103941375808965,0.962478654725211,0.09578307313281298
test/000185.mp4,000185,vgg19,h264_33_keepaudio,fake,True,28,35,fake,0.8518518518518519,0.7352941176470589,0.6,0.9427012694733483,0.17603049720682834,0.962478654725211,0.09578307313281298
test/000185.mp4,000185,vgg19,h264_38_keepaudio,fake,True,28,35,fake,0.8888888888888888,0.7352941176470589,0.6,0.942079524908747,0.1614986263465941,0.962478654725211,0.09578307313281298
test/000185.mp4,000185,vgg19,h264_43_keepaudio,fake,True,28,35,fake,0.7037037037037037,0.7352941176470589,0.6857142857142857,0.9080528531755719,0.24927524559484704,0.962478654725211,0.09578307313281298
test/000186.mp4,000186,vgg19,clean,real,True,28,34,fake,0.7777777777777778,0.5757575757575758,0.7647058823529411,0.8391068024294717,0.4368489498143431,0.9119268042199752,0.2161296671461409
test/000186.mp4,000186,vgg19,jpeg_10,real,True,28,34,fake,0.7407407407407407,0.5757575757575758,0.7058823529411765,0.8215301292283195,0.501015400271271,0.9119268042199752,0.2161296671461409
test/000186.mp4,000186,vgg19,jpeg_20,real,True,28,34,fake,0.7037037037037037,0.5757575757575758,0.7352941176470589,0.8466330873114722,0.41509708391857053,0.9119268042199752,0.2161296671461409
test/000186.mp4,000186,vgg19,jpeg_30,real,True,28,34,fake,0.8148148148148148,0.5757575757575758,0.7647058823529411,0.8470369343246732,0.40357379802707843,0.9119268042199752,0.2161296671461409
test/000186.mp4,000186,vgg19,jpeg_40,real,True,28,34,fake,0.8518518518518519,0.5757575757575758,0.7941176470588235,0.7851675557238715,0.5368660392173822,0.9119268042199752,0.2161296671461409
test/000186.mp4,000186,vgg19,jpeg_50,real,True,28,34,fake,0.7777777777777778,0.5757575757575758,0.7941176470588235,0.8391208861555371,0.4303775733242928,0.9119268042199752,0.2161296671461409
test/000186.mp4,000186,vgg19,jpeg_60,real,True,28,34,fake,0.8888888888888888,0.5757575757575758,0.7941176470588235,0.8262846757258687,0.4790873756126032,0.9119268042199752,0.2161296671461409
test/000186.mp4,000186,vgg19,jpeg_70,real,True,28,34,fake,0.8518518518518519,0.5757575757575758,0.7647058823529411,0.8783029136913163,0.3645715811707165,0.9119268042199752,0.2161296671461409
test/000186.mp4,000186,vgg19,jpeg_80,real,True,28,34,fake,0.7777777777777778,0.5757575757575758,0.7352941176470589,0.8310311628239495,0.47248397176625806,0.9119268042199752,0.2161296671461409
test/000186.mp4,000186,vgg19,jpeg_90,real,True,28,34,fake,0.8518518518518519,0.5757575757575758,0.7941176470588235,0.8528451770544052,0.4397243161792416,0.9119268042199752,0.2161296671461409
test/000186.mp4,000186,vgg19,jpeg_95,real,True,28,34,fake,0.7407407407407407,0.5757575757575758,0.7941176470588235,0.8251464601073947,0.4920933179641804,0.9119268042199752,0.2161296671461409
test/000186.mp4,000186,vgg19,h264_18_keepaudio,real,True,28,34,fake,0.8518518518518519,0.5757575757575758,0.8235294117647058,0.8394723044974464,0.43288897993904246,0.9119268042199752,0.2161296671461409
test/000186.mp4,000186,vgg19,h264_23_keepaudio,real,True,28,34,fake,0.6666666666666666,0.5757575757575758,0.7647058823529411,0.8076042171035495,0.4834234188259983,0.9119268042199752,0.2161296671461409
test/000186.mp4,000186,vgg19,h264_28_keepaudio,real,True,28,34,fake,0.5925925925925926,0.5757575757575758,0.7941176470588235,0.8268093637057713,0.44407166685996724,0.9119268042199752,0.2161296671461409
test/000186.mp4,000186,vgg19,h264_33_keepaudio,real,True,28,34,fake,0.8518518518518519,0.5757575757575758,0.7647058823529411,0.8411513077361243,0.37358897116465284,0.9119268042199752,0.2161296671461409
test/000186.mp4,000186,vgg19,h264_38_keepaudio,real,True,28,34,fake,0.5925925925925926,0.5757575757575758,0.8529411764705882,0.803415624158723,0.5061768626380697,0.9119268042199752,0.2161296671461409
test/000186.mp4,000186,vgg19,h264_43_keepaudio,real,True,28,34,fake,0.7777777777777778,0.5757575757575758,0.8823529411764706,0.9250587693282536,0.1947202090028264,0.9119268042199752,0.2161296671461409
test/000187.mp4,000187,vgg19,clean,real,True,40,49,fake,0.5384615384615384,0.5625,0.8775510204081632,0.9040815636515618,0.26048356084045593,0.9559583475395125,0.12444336400000941
test/000187.mp4,000187,vgg19,jpeg_10,real,True,40,49,fake,0.6923076923076923,0.5625,0.7755102040816326,0.8739841908216477,0.3251158518677131,0.9559583475395125,0.12444336400000941
test/000187.mp4,000187,vgg19,jpeg_20,real,True,40,49,fake,0.717948717948718,0.5625,0.8571428571428571,0.897790827602148,0.2867377212652579,0.9559583475395125,0.12444336400000941
test/000187.mp4,000187,vgg19,jpeg_30,real,True,40,49,fake,0.5897435897435898,0.5625,0.7959183673469388,0.9033693768084049,0.26293857916946406,0.9559583475395125,0.12444336400000941
test/000187.mp4,000187,vgg19,jpeg_40,real,True,40,49,fake,0.6923076923076923,0.5625,0.7959183673469388,0.8961912304162979,0.26232903219031056,0.9559583475395125,0.12444336400000941
test/000187.mp4,000187,vgg19,jpeg_50,real,True,40,49,fake,0.6666666666666666,0.5625,0.8163265306122449,0.8992321856319905,0.2615203520745327,0.9559583475395125,0.12444336400000941
test/000187.mp4,000187,vgg19,jpeg_60,real,True,40,49,fake,0.6153846153846154,0.5625,0.8163265306122449,0.9041759110987186,0.25595931363327845,0.9559583475395125,0.12444336400000941
test/000187.mp4,000187,vgg19,jpeg_70,real,True,40,49,fake,0.5897435897435898,0.5625,0.8571428571428571,0.9160701893270016,0.22840049669573181,0.9559583475395125,0.12444336400000941
test/000187.mp4,000187,vgg19,jpeg_80,real,True,40,49,fake,0.5641025641025641,0.5625,0.8775510204081632,0.928077383339405,0.22362135658745555,0.9559583475395125,0.12444336400000941
test/000187.mp4,000187,vgg19,jpeg_90,real,True,40,49,fake,0.5897435897435898,0.5625,0.8775510204081632,0.9184405863285064,0.25092120511580746,0.9559583475395125,0.12444336400000941
test/000187.mp4,000187,vgg19,jpeg_95,real,True,40,49,fake,0.6410256410256411,0.5625,0.8571428571428571,0.9152529314160347,0.24194338817653552,0.9559583475395125,0.12444336400000941
test/000187.mp4,000187,vgg19,h264_18_keepaudio,real,True,40,49,fake,0.5897435897435898,0.5625,0.8775510204081632,0.9254241541028023,0.22569598199438445,0.9559583475395125,0.12444336400000941
test/000187.mp4,000187,vgg19,h264_23_keepaudio,real,True,40,49,fake,0.5897435897435898,0.5625,0.7959183673469388,0.8600017137825489,0.34116856866126216,0.9559583475395125,0.12444336400000941
test/000187.mp4,000187,vgg19,h264_28_keepaudio,real,True,40,49,fake,0.6923076923076923,0.5625,0.8163265306122449,0.8777648739516735,0.29243189631631733,0.9559583475395125,0.12444336400000941
test/000187.mp4,000187,vgg19,h264_33_keepaudio,real,True,40,49,fake,0.8205128205128205,0.5625,0.7959183673469388,0.889549295604229,0.31027514635960013,0.9559583475395125,0.12444336400000941
test/000187.mp4,000187,vgg19,h264_38_keepaudio,real,True,40,49,fake,0.5128205128205128,0.5625,0.7959183673469388,0.895882697403431,0.25972284087791675,0.9559583475395125,0.12444336400000941
test/000187.mp4,000187,vgg19,h264_43_keepaudio,real,True,40,49,fake,0.8205128205128205,0.5625,0.6938775510204082,0.9104603365063667,0.2510040927290646,0.9559583475395125,0.12444336400000941
test/000188.mp4,000188,vgg19,clean,fake,True,44,54,fake,0.6976744186046512,0.49056603773584906,0.7962962962962963,0.8940739651972597,0.27196540987907486,0.922328198397601,0.2097137104110086
test/000188.mp4,000188,vgg19,jpeg_10,fake,True,44,54,fake,0.6744186046511628,0.49056603773584906,0.7962962962962963,0.8745254244316708,0.32969356216326184,0.922328198397601,0.2097137104110086
test/000188.mp4,000188,vgg19,jpeg_20,fake,True,44,54,fake,0.7441860465116279,0.49056603773584906,0.7592592592592593,0.8760440959171816,0.3126831625570892,0.922328198397601,0.2097137104110086
test/000188.mp4,000188,vgg19,jpeg_30,fake,True,44,54,fake,0.7441860465116279,0.49056603773584906,0.7592592592592593,0.9026470428163355,0.25350879939933596,0.922328198397601,0.2097137104110086
test/000188.mp4,000188,vgg19,jpeg_40,fake,True,44,54,fake,0.7441860465116279,0.49056603773584906,0.7407407407407407,0.9284025769342076,0.21447539035045865,0.922328198397601,0.2097137104110086
test/000188.mp4,000188,vgg19,jpeg_50,fake,True,44,54,fake,0.6046511627906976,0.49056603773584906,0.7592592592592593,0.872414540160786,0.3028489482077592,0.922328198397601,0.2097137104110086
test/000188.mp4,000188,vgg19,jpeg_60,fake,True,44,54,fake,0.6744186046511628,0.49056603773584906,0.7407407407407407,0.8483734218911692,0.3474580352618821,0.922328198397601,0.2097137104110086
test/000188.mp4,000188,vgg19,jpeg_70,fake,True,44,54,fake,0.6744186046511628,0.49056603773584906,0.7962962962962963,0.8736168430610136,0.2919547905490234,0.922328198397601,0.2097137104110086
test/000188.mp4,000188,vgg19,jpeg_80,fake,True,44,54,fake,0.6976744186046512,0.49056603773584906,0.7777777777777778,0.865677064115351,0.32029453632855104,0.922328198397601,0.2097137104110086
test/000188.mp4,000188,vgg19,jpeg_90,fake,True,44,54,fake,0.5813953488372093,0.49056603773584906,0.7592592592592593,0.8817334974353964,0.2871278379905797,0.922328198397601,0.2097137104110086
test/000188.mp4,000188,vgg19,jpeg_95,fake,True,44,54,fake,0.6976744186046512,0.49056603773584906,0.8148148148148148,0.8999177285216071,0.266362222789817,0.922328198397601,0.2097137104110086
test/000188.mp4,000188,vgg19,h264_18_keepaudio,fake,True,44,54,fake,0.6744186046511628,0.49056603773584906,0.7962962962962963,0.8969015512954105,0.27173254434744126,0.922328198397601,0.2097137104110086
test/000188.mp4,000188,vgg19,h264_23_keepaudio,fake,True,44,54,fake,0.7209302325581395,0.49056603773584906,0.8148148148148148,0.9122628142887895,0.21429279916547206,0.922328198397601,0.2097137104110086
test/000188.mp4,000188,vgg19,h264_28_keepaudio,fake,True,44,54,fake,0.5813953488372093,0.49056603773584906,0.8148148148148148,0.8900990364226428,0.2547041463136526,0.922328198397601,0.2097137104110086
test/000188.mp4,000188,vgg19,h264_33_keepaudio,fake,True,44,54,fake,0.6744186046511628,0.49056603773584906,0.8148148148148148,0.9052049124782736,0.2665038286537836,0.922328198397601,0.2097137104110086
test/000188.mp4,000188,vgg19,h264_38_keepaudio,fake,True,44,54,fake,0.6046511627906976,0.49056603773584906,0.7962962962962963,0.9076556292447177,0.23645265165954424,0.922328198397601,0.2097137104110086
test/000188.mp4,000188,vgg19,h264_43_keepaudio,fake,True,44,54,fake,0.7441860465116279,0.49056603773584906,0.8148148148148148,0.8963591815395788,0.2687116568539261,0.922328198397601,0.2097137104110086
test/000189.mp4,000189,vgg19,clean,fake,True,41,50,fake,0.7,0.6122448979591837,0.74,0.8811481384242453,0.2921318063642159,0.9183628296852112,0.2103026849922609
test/000189.mp4,000189,vgg19,jpeg_10,fake,True,41,50,fake,0.625,0.6122448979591837,0.74,0.8995947539806366,0.2768162053338489,0.9183628296852112,0.2103026849922609
test/000189.mp4,000189,vgg19,jpeg_20,fake,True,41,50,fake,0.7,0.6122448979591837,0.66,0.8993911481485134,0.2585624268175224,0.9183628296852112,0.2103026849922609
test/000189.mp4,000189,vgg19,jpeg_30,fake,True,41,50,fake,0.725,0.6122448979591837,0.7,0.8841354955987233,0.27917871544765394,0.9183628296852112,0.2103026849922609
test/000189.mp4,000189,vgg19,jpeg_40,fake,True,41,50,fake,0.775,0.6122448979591837,0.68,0.9217188736287559,0.219766184678288,0.9183628296852112,0.2103026849922609
test/000189.mp4,000189,vgg19,jpeg_50,fake,True,41,50,fake,0.625,0.6122448979591837,0.68,0.8924106017845433,0.2565069864818294,0.9183628296852112,0.2103026849922609
test/000189.mp4,000189,vgg19,jpeg_60,fake,True,41,50,fake,0.75,0.6122448979591837,0.64,0.8684849862645312,0.3193959020028296,0.9183628296852112,0.2103026849922609
test/000189.mp4,000189,vgg19,jpeg_70,fake,True,41,50,fake,0.7,0.6122448979591837,0.74,0.8811561588833972,0.2916054658457029,0.9183628296852112,0.2103026849922609
test/000189.mp4,000189,vgg19,jpeg_80,fake,True,41,50,fake,0.775,0.6122448979591837,0.68,0.8879583841416894,0.2609770168534363,0.9183628296852112,0.2103026849922609
test/000189.mp4,000189,vgg19,jpeg_90,fake,True,41,50,fake,0.6,0.6122448979591837,0.68,0.8754104906465949,0.30355682167345627,0.9183628296852112,0.2103026849922609
test/000189.mp4,000189,vgg19,jpeg_95,fake,True,41,50,fake,0.7,0.6122448979591837,0.74,0.8903867922178129,0.28893781565974697,0.9183628296852112,0.2103026849922609
test/000189.mp4,000189,vgg19,h264_18_keepaudio,fake,True,41,50,fake,0.7,0.6122448979591837,0.7,0.8966028515885516,0.257721800868539,0.9183628296852112,0.2103026849922609
test/000189.mp4,000189,vgg19,h264_23_keepaudio,fake,True,41,50,fake,0.75,0.6122448979591837,0.7,0.9115533828735352,0.23314352815568162,0.9183628296852112,0.2103026849922609
test/000189.mp4,000189,vgg19,h264_28_keepaudio,fake,True,41,50,fake,0.75,0.6122448979591837,0.72,0.884243748536924,0.2642360351779407,0.9183628296852112,0.2103026849922609
test/000189.mp4,000189,vgg19,h264_33_keepaudio,fake,True,41,50,fake,0.7,0.6122448979591837,0.82,0.8989620194202517,0.2757694771457778,0.9183628296852112,0.2103026849922609
test/000189.mp4,000189,vgg19,h264_38_keepaudio,fake,True,41,50,fake,0.725,0.6122448979591837,0.82,0.9427406693377146,0.14223823403302505,0.9183628296852112,0.2103026849922609
test/000189.mp4,000189,vgg19,h264_43_keepaudio,fake,True,41,50,fake,0.7,0.6122448979591837,0.82,0.8912560198365188,0.27441006743479224,0.9183628296852112,0.2103026849922609
test/000190.mp4,000190,vgg19,clean,fake,True,43,53,fake,0.6904761904761905,0.5384615384615384,0.7924528301886793,0.8981699486111485,0.27012514171847424,0.9270285559150407,0.1962763591983104
test/000190.mp4,000190,vgg19,jpeg_10,fake,True,43,53,fake,0.6190476190476191,0.5384615384615384,0.7547169811320755,0.8873008614362672,0.29349099372596604,0.9270285559150407,0.1962763591983104
test/000190.mp4,000190,vgg19,jpeg_20,fake,True,43,53,fake,0.7857142857142857,0.5384615384615384,0.7735849056603774,0.9081558862397837,0.2706700403306235,0.9270285559150407,0.1962763591983104
test/000190.mp4,000190,vgg19,jpeg_30,fake,True,43,53,fake,0.7380952380952381,0.5384615384615384,0.7358490566037735,0.9150386300197867,0.23096199663515005,0.9270285559150407,0.1962763591983104
test/000190.mp4,000190,vgg19,jpeg_40,fake,True,43,53,fake,0.8095238095238095,0.5384615384615384,0.7358490566037735,0.8927106614722762,0.2828573102501613,0.9270285559150407,0.1962763591983104
test/000190.mp4,000190,vgg19,jpeg_50,fake,True,43,53,fake,0.6190476190476191,0.5384615384615384,0.7358490566037735,0.8983221234277238,0.25670955085891756,0.9270285559150407,0.1962763591983104
test/000190.mp4,000190,vgg19,jpeg_60,fake,True,43,53,fake,0.6904761904761905,0.5384615384615384,0.6981132075471698,0.8813623598841733,0.2995563896668728,0.9270285559150407,0.1962763591983104
test/000190.mp4,000190,vgg19,jpeg_70,fake,True,43,53,fake,0.7380952380952381,0.5384615384615384,0.7735849056603774,0.8938700806262881,0.27856576972733177,0.9270285559150407,0.1962763591983104
test/000190.mp4,000190,vgg19,jpeg_80,fake,True,43,53,fake,0.6904761904761905,0.5384615384615384,0.7547169811320755,0.8913147574247315,0.26974971567335926,0.9270285559150407,0.1962763591983104
test/000190.mp4,000190,vgg19,jpeg_90,fake,True,43,53,fake,0.6190476190476191,0.5384615384615384,0.7169811320754716,0.9085058181784874,0.2456501721611748,0.9270285559150407,0.1962763591983104
test/000190.mp4,000190,vgg19,jpeg_95,fake,True,43,53,fake,0.6666666666666666,0.5384615384615384,0.7735849056603774,0.894398533327635,0.2661287614964695,0.9270285559150407,0.1962763591983104
test/000190.mp4,000190,vgg19,h264_18_keepaudio,fake,True,43,53,fake,0.6904761904761905,0.5384615384615384,0.7358490566037735,0.9054819705874421,0.2558752538643077,0.9270285559150407,0.1962763591983104
test/000190.mp4,000190,vgg19,h264_23_keepaudio,fake,True,43,53,fake,0.7142857142857143,0.5384615384615384,0.7735849056603774,0.9100841976875482,0.23528098672809505,0.9270285559150407,0.1962763591983104
test/000190.mp4,000190,vgg19,h264_28_keepaudio,fake,True,43,53,fake,0.7142857142857143,0.5384615384615384,0.8113207547169812,0.8933226147363352,0.2815054712898141,0.9270285559150407,0.1962763591983104
test/000190.mp4,000190,vgg19,h264_33_keepaudio,fake,True,43,53,fake,0.6666666666666666,0.5384615384615384,0.8679245283018868,0.8887486956840338,0.2794724717009361,0.9270285559150407,0.1962763591983104
test/000190.mp4,000190,vgg19,h264_38_keepaudio,fake,True,43,53,fake,0.7380952380952381,0.5384615384615384,0.8113207547169812,0.9157362233760745,0.21978800082566927,0.9270285559150407,0.1962763591983104
test/000190.mp4,000190,vgg19,h264_43_keepaudio,fake,True,43,53,fake,0.7142857142857143,0.5384615384615384,0.8867924528301887,0.9014099947241849,0.2504300382391778,0.9270285559150407,0.1962763591983104
test/000191.mp4,000191,vgg19,clean,fake,True,42,52,fake,0.7073170731707317,0.5686274509803921,0.8269230769230769,0.8889711094754082,0.2960579443399539,0.9125486251253349,0.21319854224953516
test/000191.mp4,000191,vgg19,jpeg_10,fake,True,42,52,fake,0.6585365853658537,0.5686274509803921,0.8076923076923077,0.8885012921832857,0.2874571992464882,0.9125486251253349,0.21319854224953516
test/000191.mp4,000191,vgg19,jpeg_20,fake,True,42,52,fake,0.7073170731707317,0.5686274509803921,0.7115384615384616,0.8942553379705974,0.2569598297205183,0.9125486251253349,0.21319854224953516
test/000191.mp4,000191,vgg19,jpeg_30,fake,True,42,52,fake,0.7560975609756098,0.5686274509803921,0.7692307692307693,0.8801017871924809,0.2925878528531299,0.9125486251253349,0.21319854224953516
test/000191.mp4,000191,vgg19,jpeg_40,fake,True,42,52,fake,0.8048780487804879,0.5686274509803921,0.7884615384615384,0.9074338873227438,0.24616484113453904,0.9125486251253349,0.21319854224953516
test/000191.mp4,000191,vgg19,jpeg_50,fake,True,42,52,fake,0.5853658536585366,0.5686274509803921,0.7692307692307693,0.873885615950539,0.29438056189485073,0.9125486251253349,0.21319854224953516
test/000191.mp4,000191,vgg19,jpeg_60,fake,True,42,52,fake,0.6829268292682927,0.5686274509803921,0.7307692307692307,0.859617639865194,0.3241913473767571,0.9125486251253349,0.21319854224953516
test/000191.mp4,000191,vgg19,jpeg_70,fake,True,42,52,fake,0.7073170731707317,0.5686274509803921,0.8461538461538461,0.8824607644762311,0.2841262692059983,0.9125486251253349,0.21319854224953516
test/000191.mp4,000191,vgg19,jpeg_80,fake,True,42,52,fake,0.6829268292682927,0.5686274509803921,0.7884615384615384,0.880484048809324,0.3009767930391714,0.9125486251253349,0.21319854224953516
test/000191.mp4,000191,vgg19,jpeg_90,fake,True,42,52,fake,0.5853658536585366,0.5686274509803921,0.7692307692307693,0.8979718387126923,0.272263259366627,0.9125486251253349,0.21319854224953516
test/000191.mp4,000191,vgg19,jpeg_95,fake,True,42,52,fake,0.6829268292682927,0.5686274509803921,0.8269230769230769,0.8968409455957866,0.2695138656058016,0.9125486251253349,0.21319854224953516
test/000191.mp4,000191,vgg19,h264_18_keepaudio,fake,True,42,52,fake,0.6829268292682927,0.5686274509803921,0.7884615384615384,0.8873102310157958,0.2867747090638445,0.9125486251253349,0.21319854224953516
test/000191.mp4,000191,vgg19,h264_23_keepaudio,fake,True,42,52,fake,0.7317073170731707,0.5686274509803921,0.7884615384615384,0.9138844268662589,0.22306724754631696,0.9125486251253349,0.21319854224953516
test/000191.mp4,000191,vgg19,h264_28_keepaudio,fake,True,42,52,fake,0.7317073170731707,0.5686274509803921,0.8461538461538461,0.8738698164621989,0.30937993036586287,0.9125486251253349,0.21319854224953516
test/000191.mp4,000191,vgg19,h264_33_keepaudio,fake,True,42,52,fake,0.7560975609756098,0.5686274509803921,0.7884615384615384,0.863852892603193,0.3289353580299842,0.9125486251253349,0.21319854224953516
test/000191.mp4,000191,vgg19,h264_38_keepaudio,fake,True,42,52,fake,0.7317073170731707,0.5686274509803921,0.8461538461538461,0.9424347295647576,0.16824581686802878,0.9125486251253349,0.21319854224953516
test/000191.mp4,000191,vgg19,h264_43_keepaudio,fake,True,42,52,fake,0.6585365853658537,0.5686274509803921,0.7692307692307693,0.8676443766979944,0.3345476192971838,0.9125486251253349,0.21319854224953516
test/000192.mp4,000192,vgg19,clean,fake,True,41,50,fake,0.625,0.5714285714285714,0.76,0.8991284828360487,0.25696961942244106,0.9002041649818421,0.252814743833619
test/000192.mp4,000192,vgg19,jpeg_10,fake,True,41,50,fake,0.675,0.5714285714285714,0.8,0.8889873500277357,0.29187411013773296,0.9002041649818421,0.252814743833619
test/000192.mp4,000192,vgg19,jpeg_20,fake,True,41,50,fake,0.7,0.5714285714285714,0.7,0.8963068316622478,0.25465484703105185,0.9002041649818421,0.252814743833619
test/000192.mp4,000192,vgg19,jpeg_30,fake,True,41,50,fake,0.7,0.5714285714285714,0.72,0.9157515357180339,0.23676701725376667,0.9002041649818421,0.252814743833619
test/000192.mp4,000192,vgg19,jpeg_40,fake,True,41,50,fake,0.75,0.5714285714285714,0.72,0.9206596787382917,0.23409031018627646,0.9002041649818421,0.252814743833619
test/000192.mp4,000192,vgg19,jpeg_50,fake,True,41,50,fake,0.6,0.5714285714285714,0.7,0.8887794904592561,0.2625228634095066,0.9002041649818421,0.252814743833619
test/000192.mp4,000192,vgg19,jpeg_60,fake,True,41,50,fake,0.675,0.5714285714285714,0.66,0.8754133022413021,0.29386899331969074,0.9002041649818421,0.252814743833619
test/000192.mp4,000192,vgg19,jpeg_70,fake,True,41,50,fake,0.7,0.5714285714285714,0.78,0.8941874678541974,0.254857904396935,0.9002041649818421,0.252814743833619
test/000192.mp4,000192,vgg19,jpeg_80,fake,True,41,50,fake,0.625,0.5714285714285714,0.7,0.8932788779095906,0.2693263428951362,0.9002041649818421,0.252814743833619
test/000192.mp4,000192,vgg19,jpeg_90,fake,True,41,50,fake,0.6,0.5714285714285714,0.76,0.8895611850226798,0.26663113404606176,0.9002041649818421,0.252814743833619
test/000192.mp4,000192,vgg19,jpeg_95,fake,True,41,50,fake,0.625,0.5714285714285714,0.76,0.9015565325574177,0.24526295156962857,0.9002041649818421,0.252814743833619
test/000192.mp4,000192,vgg19,h264_18_keepaudio,fake,True,41,50,fake,0.65,0.5714285714285714,0.74,0.9230043771790295,0.21494833007271097,0.9002041649818421,0.252814743833619
test/000192.mp4,000192,vgg19,h264_23_keepaudio,fake,True,41,50,fake,0.675,0.5714285714285714,0.78,0.9218082747808317,0.20083572309019285,0.9002041649818421,0.252814743833619
test/000192.mp4,000192,vgg19,h264_28_keepaudio,fake,True,41,50,fake,0.65,0.5714285714285714,0.74,0.9046978877811898,0.22494010522717003,0.9002041649818421,0.252814743833619
test/000192.mp4,000192,vgg19,h264_33_keepaudio,fake,True,41,50,fake,0.575,0.5714285714285714,0.88,0.9009542974030099,0.2631709773799057,0.9002041649818421,0.252814743833619
test/000192.mp4,000192,vgg19,h264_38_keepaudio,fake,True,41,50,fake,0.65,0.5714285714285714,0.82,0.9146538391345884,0.22151260718895,0.9002041649818421,0.252814743833619
test/000192.mp4,000192,vgg19,h264_43_keepaudio,fake,True,41,50,fake,0.825,0.5714285714285714,0.76,0.8752928288971505,0.2908789245254081,0.9002041649818421,0.252814743833619
test/000193.mp4,000193,vgg19,clean,fake,True,41,50,fake,0.675,0.5510204081632653,0.8,0.8952144449803887,0.271021104752971,0.9382553386688233,0.15778404045056754
test/000193.mp4,000193,vgg19,jpeg_10,fake,True,41,50,fake,0.675,0.5510204081632653,0.78,0.8528083548313234,0.3523659568367366,0.9382553386688233,0.15778404045056754
test/000193.mp4,000193,vgg19,jpeg_20,fake,True,41,50,fake,0.675,0.5510204081632653,0.7,0.8993162207487153,0.2723089052023492,0.9382553386688233,0.15778404045056754
test/000193.mp4,000193,vgg19,jpeg_30,fake,True,41,50,fake,0.75,0.5510204081632653,0.76,0.8906734055135308,0.2779189959220538,0.9382553386688233,0.15778404045056754
test/000193.mp4,000193,vgg19,jpeg_40,fake,True,41,50,fake,0.75,0.5510204081632653,0.76,0.9022667553366684,0.2844589089183017,0.9382553386688233,0.15778404045056754
test/000193.mp4,000193,vgg19,jpeg_50,fake,True,41,50,fake,0.575,0.5510204081632653,0.74,0.8947409173337425,0.26723730263107126,0.9382553386688233,0.15778404045056754
test/000193.mp4,000193,vgg19,jpeg_60,fake,True,41,50,fake,0.675,0.5510204081632653,0.7,0.8588113595799702,0.33166480955102456,0.9382553386688233,0.15778404045056754
test/000193.mp4,000193,vgg19,jpeg_70,fake,True,41,50,fake,0.725,0.5510204081632653,0.78,0.869278957204121,0.3099982993602505,0.9382553386688233,0.15778404045056754
test/000193.mp4,000193,vgg19,jpeg_80,fake,True,41,50,fake,0.65,0.5510204081632653,0.72,0.8897181240523734,0.27777379795649315,0.9382553386688233,0.15778404045056754
test/000193.mp4,000193,vgg19,jpeg_90,fake,True,41,50,fake,0.525,0.5510204081632653,0.7,0.8739063056503854,0.3015064588872193,0.9382553386688233,0.15778404045056754
test/000193.mp4,000193,vgg19,jpeg_95,fake,True,41,50,fake,0.65,0.5510204081632653,0.76,0.9021550860346818,0.2620012654119873,0.9382553386688233,0.15778404045056754
test/000193.mp4,000193,vgg19,h264_18_keepaudio,fake,True,41,50,fake,0.7,0.5510204081632653,0.76,0.9112217440837767,0.25491228983602837,0.9382553386688233,0.15778404045056754
test/000193.mp4,000193,vgg19,h264_23_keepaudio,fake,True,41,50,fake,0.725,0.5510204081632653,0.74,0.905309490314344,0.2460263055345119,0.9382553386688233,0.15778404045056754
test/000193.mp4,000193,vgg19,h264_28_keepaudio,fake,True,41,50,fake,0.675,0.5510204081632653,0.78,0.9012938614298658,0.2433219889006402,0.9382553386688233,0.15778404045056754
test/000193.mp4,000193,vgg19,h264_33_keepaudio,fake,True,41,50,fake,0.75,0.5510204081632653,0.84,0.8845558413645116,0.28306250290035817,0.9382553386688233,0.15778404045056754
test/000193.mp4,000193,vgg19,h264_38_keepaudio,fake,True,41,50,fake,0.775,0.5510204081632653,0.8,0.9616254393647357,0.11534675812985674,0.9382553386688233,0.15778404045056754
test/000193.mp4,000193,vgg19,h264_43_keepaudio,fake,True,41,50,fake,0.775,0.5510204081632653,0.8,0.9250457635739955,0.19827074471107356,0.9382553386688233,0.15778404045056754
test/000194.mp4,000194,vgg19,clean,real,True,17,20,fake,0.75,0.42105263157894735,0.75,0.8503198237980113,0.41367751033632466,0.9461652904748916,0.14494675537285634
test/000194.mp4,000194,vgg19,jpeg_10,real,True,17,20,fake,0.6875,0.42105263157894735,0.8,0.8203865464995889,0.4784329502271203,0.9461652904748916,0.14494675537285634
test/000194.mp4,000194,vgg19,jpeg_20,real,True,17,20,fake,0.8125,0.42105263157894735,0.8,0.8929997822817635,0.3261849413413027,0.9461652904748916,0.14494675537285634
test/000194.mp4,000194,vgg19,jpeg_30,real,True,17,20,fake,0.6875,0.42105263157894735,0.85,0.7782586392234353,0.527966794230519,0.9461652904748916,0.14494675537285634
test/000194.mp4,000194,vgg19,jpeg_40,real,True,17,20,fake,0.6875,0.42105263157894735,0.8,0.878242973019095,0.351036721796439,0.9461652904748916,0.14494675537285634
test/000194.mp4,000194,vgg19,jpeg_50,real,True,17,20,fake,0.75,0.42105263157894735,0.75,0.8719449323766372,0.370340111377796,0.9461652904748916,0.14494675537285634
test/000194.mp4,000194,vgg19,jpeg_60,real,True,17,20,fake,0.8125,0.42105263157894735,0.75,0.8218434715972227,0.45245490202110905,0.9461652904748916,0.14494675537285634
test/000194.mp4,000194,vgg19,jpeg_70,real,True,17,20,fake,0.75,0.42105263157894735,0.8,0.8486235422246596,0.41640945719516503,0.9461652904748916,0.14494675537285634
test/000194.mp4,000194,vgg19,jpeg_80,real,True,17,20,fake,0.75,0.42105263157894735,0.8,0.8470994689885307,0.4280080481727116,0.9461652904748916,0.14494675537285634
test/000194.mp4,000194,vgg19,jpeg_90,real,True,17,20,fake,0.5625,0.42105263157894735,0.85,0.8514325075289783,0.40193606352398265,0.9461652904748916,0.14494675537285634
test/000194.mp4,000194,vgg19,jpeg_95,real,True,17,20,fake,0.6875,0.42105263157894735,0.8,0.8346210385070127,0.440964812692532,0.9461652904748916,0.14494675537285634
test/000194.mp4,000194,vgg19,h264_18_keepaudio,real,True,17,20,fake,0.8125,0.42105263157894735,0.8,0.8286470998735989,0.4688329407390587,0.9461652904748916,0.14494675537285634
test/000194.mp4,000194,vgg19,h264_23_keepaudio,real,True,17,20,fake,0.6875,0.42105263157894735,0.8,0.8315162676222184,0.45035918582196444,0.9461652904748916,0.14494675537285634
test/000194.mp4,000194,vgg19,h264_28_keepaudio,real,True,17,20,fake,0.5625,0.42105263157894735,0.75,0.8548444614690893,0.3798302492236347,0.9461652904748916,0.14494675537285634
test/000194.mp4,000194,vgg19,h264_33_keepaudio,real,True,17,20,fake,0.625,0.42105263157894735,0.75,0.8657854024101707,0.352733219390731,0.9461652904748916,0.14494675537285634
test/000194.mp4,000194,vgg19,h264_38_keepaudio,real,True,17,20,fake,0.4375,0.42105263157894735,0.85,0.9031104585703682,0.28054814986085946,0.9461652904748916,0.14494675537285634
test/000194.mp4,000194,vgg19,h264_43_keepaudio,real,True,17,20,fake,0.375,0.42105263157894735,0.85,0.8531674812821781,0.4165279339613772,0.9461652904748916,0.14494675537285634
test/000195.mp4,000195,vgg19,clean,real,True,38,46,fake,0.5945945945945946,0.8444444444444444,0.5,0.7291992322394723,0.6374535817500723,0.9927244691745095,0.022816525144846483
test/000195.mp4,000195,vgg19,jpeg_10,real,True,38,46,fake,0.7297297297297297,0.8444444444444444,0.4782608695652174,0.7765556683665827,0.5787288639939954,0.9927244691745095,0.022816525144846483
test/000195.mp4,000195,vgg19,jpeg_20,real,True,38,46,fake,0.7027027027027027,0.8444444444444444,0.5,0.7854050131220567,0.5409674942786811,0.9927244691745095,0.022816525144846483
test/000195.mp4,000195,vgg19,jpeg_30,real,True,38,46,fake,0.5945945945945946,0.8444444444444444,0.45652173913043476,0.8105423489683553,0.5009232551962185,0.9927244691745095,0.022816525144846483
test/000195.mp4,000195,vgg19,jpeg_40,real,True,38,46,fake,0.5945945945945946,0.8444444444444444,0.391304347826087,0.7972596068131296,0.5312595500340214,0.9927244691745095,0.022816525144846483
test/000195.mp4,000195,vgg19,jpeg_50,real,True,38,46,fake,0.6756756756756757,0.8444444444444444,0.43478260869565216,0.7629572615811699,0.5903012624629257,0.9927244691745095,0.022816525144846483
test/000195.mp4,000195,vgg19,jpeg_60,real,True,38,46,fake,0.6486486486486487,0.8444444444444444,0.3695652173913043,0.786044011774816,0.5336854473268013,0.9927244691745095,0.022816525144846483
test/000195.mp4,000195,vgg19,jpeg_70,real,True,38,46,fake,0.7297297297297297,0.8444444444444444,0.3695652173913043,0.728947884942356,0.6332441884925777,0.9927244691745095,0.022816525144846483
test/000195.mp4,000195,vgg19,jpeg_80,real,True,38,46,fake,0.6486486486486487,0.8444444444444444,0.4782608695652174,0.6882206821127942,0.6995967906298023,0.9927244691745095,0.022816525144846483
test/000195.mp4,000195,vgg19,jpeg_90,real,True,38,46,fake,0.6756756756756757,0.8444444444444444,0.41304347826086957,0.7684804593261919,0.5867277489047272,0.9927244691745095,0.022816525144846483
test/000195.mp4,000195,vgg19,jpeg_95,real,True,38,46,fake,0.6756756756756757,0.8444444444444444,0.32608695652173914,0.745331590112887,0.6170258310296409,0.9927244691745095,0.022816525144846483
test/000195.mp4,000195,vgg19,h264_18_keepaudio,real,True,38,46,fake,0.6216216216216216,0.8444444444444444,0.41304347826086957,0.701795507418482,0.7047768112720306,0.9927244691745095,0.022816525144846483
test/000195.mp4,000195,vgg19,h264_23_keepaudio,real,True,38,46,fake,0.43243243243243246,0.8444444444444444,0.5217391304347826,0.7810536081853666,0.5722044297361478,0.9927244691745095,0.022816525144846483
test/000195.mp4,000195,vgg19,h264_28_keepaudio,real,True,38,46,fake,0.5675675675675675,0.8444444444444444,0.3695652173913043,0.7606080495997479,0.5915264893157999,0.9927244691745095,0.022816525144846483
test/000195.mp4,000195,vgg19,h264_33_keepaudio,real,True,38,46,fake,0.5405405405405406,0.8444444444444444,0.4782608695652174,0.7498953773787147,0.6108466054066467,0.9927244691745095,0.022816525144846483
test/000195.mp4,000195,vgg19,h264_38_keepaudio,real,True,38,46,fake,0.5405405405405406,0.8444444444444444,0.45652173913043476,0.74427672044227,0.6175848080224021,0.9927244691745095,0.022816525144846483
test/000195.mp4,000195,vgg19,h264_43_keepaudio,real,True,38,46,fake,0.2972972972972973,0.8444444444444444,0.32608695652173914,0.8382930449749294,0.4560268173167965,0.9927244691745095,0.022816525144846483
test/000196.mp4,000196,vgg19,clean,fake,True,41,50,fake,0.65,0.7346938775510204,0.32,0.7962358274110933,0.49588866412784605,0.9915950810909271,0.02339442637525703
test/000196.mp4,000196,vgg19,jpeg_10,fake,True,41,50,fake,0.625,0.7346938775510204,0.44,0.8246134955708574,0.46165791246951926,0.9915950810909271,0.02339442637525703
test/000196.mp4,000196,vgg19,jpeg_20,fake,True,41,50,fake,0.7,0.7346938775510204,0.36,0.8184396748135729,0.45552151326520307,0.9915950810909271,0.02339442637525703
test/000196.mp4,000196,vgg19,jpeg_30,fake,True,41,50,fake,0.6,0.7346938775510204,0.4,0.788748438038477,0.5148810694057145,0.9915950810909271,0.02339442637525703
test/000196.mp4,000196,vgg19,jpeg_40,fake,True,41,50,fake,0.675,0.7346938775510204,0.28,0.7772955080357994,0.5299804393867215,0.9915950810909271,0.02339442637525703
test/000196.mp4,000196,vgg19,jpeg_50,fake,True,41,50,fake,0.625,0.7346938775510204,0.38,0.8063112003047291,0.480398100131338,0.9915950810909271,0.02339442637525703
test/000196.mp4,000196,vgg19,jpeg_60,fake,True,41,50,fake,0.675,0.7346938775510204,0.26,0.8175844317529259,0.47228687617779075,0.9915950810909271,0.02339442637525703
test/000196.mp4,000196,vgg19,jpeg_70,fake,True,41,50,fake,0.625,0.7346938775510204,0.36,0.8267591719220324,0.45849964491438205,0.9915950810909271,0.02339442637525703
test/000196.mp4,000196,vgg19,jpeg_80,fake,True,41,50,fake,0.55,0.7346938775510204,0.4,0.7640273650971855,0.5642596750241059,0.9915950810909271,0.02339442637525703
test/000196.mp4,000196,vgg19,jpeg_90,fake,True,41,50,fake,0.625,0.7346938775510204,0.36,0.7902814978506507,0.514976861646351,0.9915950810909271,0.02339442637525703
test/000196.mp4,000196,vgg19,jpeg_95,fake,True,41,50,fake,0.7,0.7346938775510204,0.34,0.8150106065156983,0.49828267084856565,0.9915950810909271,0.02339442637525703
test/000196.mp4,000196,vgg19,h264_18_keepaudio,fake,True,41,50,fake,0.65,0.7346938775510204,0.36,0.7647497239636212,0.5523745416871582,0.9915950810909271,0.02339442637525703
test/000196.mp4,000196,vgg19,h264_23_keepaudio,fake,True,41,50,fake,0.475,0.7346938775510204,0.4,0.7667490149416575,0.5692330965951135,0.9915950810909271,0.02339442637525703
test/000196.mp4,000196,vgg19,h264_28_keepaudio,fake,True,41,50,fake,0.45,0.7346938775510204,0.36,0.7854735175283943,0.5502606377527228,0.9915950810909271,0.02339442637525703
test/000196.mp4,000196,vgg19,h264_33_keepaudio,fake,True,41,50,fake,0.575,0.7346938775510204,0.46,0.7460342115018426,0.6009168083165486,0.9915950810909271,0.02339442637525703
test/000196.mp4,000196,vgg19,h264_38_keepaudio,fake,True,41,50,fake,0.5,0.7346938775510204,0.52,0.7712933341177498,0.5815082576310001,0.9915950810909271,0.02339442637525703
test/000196.mp4,000196,vgg19,h264_43_keepaudio,fake,True,41,50,fake,0.425,0.7346938775510204,0.54,0.8390716379735528,0.4621449229312151,0.9915950810909271,0.02339442637525703
test/000197.mp4,000197,vgg19,clean,fake,True,38,47,fake,0.5945945945945946,0.8478260869565217,0.48936170212765956,0.8058033562020251,0.5073752939521468,0.9778448343276978,0.05247454969999899
test/000197.mp4,000197,vgg19,jpeg_10,fake,True,38,47,fake,0.5405405405405406,0.8478260869565217,0.5319148936170213,0.8449667433374807,0.4112116591401766,0.9778448343276978,0.05247454969999899
test/000197.mp4,000197,vgg19,jpeg_20,fake,True,38,47,fake,0.6216216216216216,0.8478260869565217,0.46808510638297873,0.809698086035879,0.47427460781776026,0.9778448343276978,0.05247454969999899
test/000197.mp4,000197,vgg19,jpeg_30,fake,True,38,47,fake,0.6216216216216216,0.8478260869565217,0.44680851063829785,0.8047935390158704,0.5062440087739575,0.9778448343276978,0.05247454969999899
test/000197.mp4,000197,vgg19,jpeg_40,fake,True,38,47,fake,0.6756756756756757,0.8478260869565217,0.46808510638297873,0.776176287939674,0.5439495344034665,0.9778448343276978,0.05247454969999899
test/000197.mp4,000197,vgg19,jpeg_50,fake,True,38,47,fake,0.5945945945945946,0.8478260869565217,0.46808510638297873,0.8040785444410223,0.49263145478923376,0.9778448343276978,0.05247454969999899
test/000197.mp4,000197,vgg19,jpeg_60,fake,True,38,47,fake,0.5945945945945946,0.8478260869565217,0.46808510638297873,0.7538146329553503,0.5595866944946999,0.9778448343276978,0.05247454969999899
test/000197.mp4,000197,vgg19,jpeg_70,fake,True,38,47,fake,0.6756756756756757,0.8478260869565217,0.5106382978723404,0.7601455489271566,0.5585382387039534,0.9778448343276978,0.05247454969999899
test/000197.mp4,000197,vgg19,jpeg_80,fake,True,38,47,fake,0.5675675675675675,0.8478260869565217,0.5319148936170213,0.7511411693535353,0.5843369796858323,0.9778448343276978,0.05247454969999899
test/000197.mp4,000197,vgg19,jpeg_90,fake,True,38,47,fake,0.5405405405405406,0.8478260869565217,0.48936170212765956,0.7901141290601931,0.5066646224289842,0.9778448343276978,0.05247454969999899
test/000197.mp4,000197,vgg19,jpeg_95,fake,True,38,47,fake,0.5135135135135135,0.8478260869565217,0.574468085106383,0.7472439282818845,0.5931340055980807,0.9778448343276978,0.05247454969999899
test/000197.mp4,000197,vgg19,h264_18_keepaudio,fake,True,38,47,fake,0.6756756756756757,0.8478260869565217,0.3829787234042553,0.8025933221766823,0.5143785800501389,0.9778448343276978,0.05247454969999899
test/000197.mp4,000197,vgg19,h264_23_keepaudio,fake,True,38,47,fake,0.5945945945945946,0.8478260869565217,0.46808510638297873,0.7836919913166448,0.5284635392462075,0.9778448343276978,0.05247454969999899
test/000197.mp4,000197,vgg19,h264_28_keepaudio,fake,True,38,47,fake,0.6756756756756757,0.8478260869565217,0.46808510638297873,0.765597400696654,0.5862096056509365,0.9778448343276978,0.05247454969999899
test/000197.mp4,000197,vgg19,h264_33_keepaudio,fake,True,38,47,fake,0.5135135135135135,0.8478260869565217,0.5531914893617021,0.762316033244133,0.5974486630494332,0.9778448343276978,0.05247454969999899
test/000197.mp4,000197,vgg19,h264_38_keepaudio,fake,True,38,47,fake,0.4594594594594595,0.8478260869565217,0.44680851063829785,0.7999313222734552,0.5431915933701551,0.9778448343276978,0.05247454969999899
test/000197.mp4,000197,vgg19,h264_43_keepaudio,fake,True,38,47,fake,0.3783783783783784,0.8478260869565217,0.44680851063829785,0.8074639455268258,0.5075523036333792,0.9778448343276978,0.05247454969999899
test/000198.mp4,000198,vgg19,clean,fake,True,41,50,fake,0.575,0.7755102040816326,0.46,0.7857880047181758,0.5122497438055448,0.9904507219791412,0.025791496351771595
test/000198.mp4,000198,vgg19,jpeg_10,fake,True,41,50,fake,0.6,0.7755102040816326,0.44,0.7901648312080197,0.5194768108304048,0.9904507219791412,0.025791496351771595
test/000198.mp4,000198,vgg19,jpeg_20,fake,True,41,50,fake,0.725,0.7755102040816326,0.5,0.7681584336408754,0.5873799009305835,0.9904507219791412,0.025791496351771595
test/000198.mp4,000198,vgg19,jpeg_30,fake,True,41,50,fake,0.55,0.7755102040816326,0.38,0.8286113113891788,0.4741841115505934,0.9904507219791412,0.025791496351771595
test/000198.mp4,000198,vgg19,jpeg_40,fake,True,41,50,fake,0.6,0.7755102040816326,0.42,0.7794836774104978,0.5331055021406628,0.9904507219791412,0.025791496351771595
test/000198.mp4,000198,vgg19,jpeg_50,fake,True,41,50,fake,0.625,0.7755102040816326,0.4,0.7876917014761669,0.5384024656121478,0.9904507219791412,0.025791496351771595
test/000198.mp4,000198,vgg19,jpeg_60,fake,True,41,50,fake,0.625,0.7755102040816326,0.48,0.8115894089384776,0.49883499405360915,0.9904507219791412,0.025791496351771595
test/000198.mp4,000198,vgg19,jpeg_70,fake,True,41,50,fake,0.625,0.7755102040816326,0.4,0.8004129899711143,0.49213425062712246,0.9904507219791412,0.025791496351771595
test/000198.mp4,000198,vgg19,jpeg_80,fake,True,41,50,fake,0.6,0.7755102040816326,0.46,0.793054899064506,0.499928325069338,0.9904507219791412,0.025791496351771595
test/000198.mp4,000198,vgg19,jpeg_90,fake,True,41,50,fake,0.675,0.7755102040816326,0.46,0.7972903040851035,0.5062028841020055,0.9904507219791412,0.025791496351771595
test/000198.mp4,000198,vgg19,jpeg_95,fake,True,41,50,fake,0.725,0.7755102040816326,0.4,0.7870775715606969,0.5615244225815486,0.9904507219791412,0.025791496351771595
test/000198.mp4,000198,vgg19,h264_18_keepaudio,fake,True,41,50,fake,0.6,0.7755102040816326,0.5,0.7740208782800814,0.5422586355917529,0.9904507219791412,0.025791496351771595
test/000198.mp4,000198,vgg19,h264_23_keepaudio,fake,True,41,50,fake,0.625,0.7755102040816326,0.42,0.7225192974253398,0.626154094035255,0.9904507219791412,0.025791496351771595
test/000198.mp4,000198,vgg19,h264_28_keepaudio,fake,True,41,50,fake,0.6,0.7755102040816326,0.48,0.8075127296331452,0.5264133342599436,0.9904507219791412,0.025791496351771595
test/000198.mp4,000198,vgg19,h264_33_keepaudio,fake,True,41,50,fake,0.625,0.7755102040816326,0.46,0.7972749987753426,0.5158874538622124,0.9904507219791412,0.025791496351771595
test/000198.mp4,000198,vgg19,h264_38_keepaudio,fake,True,41,50,fake,0.525,0.7755102040816326,0.42,0.7905232542898597,0.5133909907782085,0.9904507219791412,0.025791496351771595
test/000198.mp4,000198,vgg19,h264_43_keepaudio,fake,True,41,50,fake,0.2,0.7755102040816326,0.62,0.7073926852970589,0.73724880175201,0.9904507219791412,0.025791496351771595
test/000199.mp4,000199,vgg19,clean,real,True,28,34,fake,0.8148148148148148,0.696969696969697,0.47058823529411764,0.8757893421820232,0.31265934373630405,0.995773921994602,0.01291041424736238
test/000199.mp4,000199,vgg19,jpeg_10,real,True,28,34,fake,0.7407407407407407,0.696969696969697,0.4117647058823529,0.7997727702770915,0.4684592547517092,0.995773921994602,0.01291041424736238
test/000199.mp4,000199,vgg19,jpeg_20,real,True,28,34,fake,0.7037037037037037,0.696969696969697,0.4117647058823529,0.8710838960749763,0.32813665840558504,0.995773921994602,0.01291041424736238
test/000199.mp4,000199,vgg19,jpeg_30,real,True,28,34,fake,0.7407407407407407,0.696969696969697,0.4411764705882353,0.8903950112206596,0.3159003803378463,0.995773921994602,0.01291041424736238
test/000199.mp4,000199,vgg19,jpeg_40,real,True,28,34,fake,0.7407407407407407,0.696969696969697,0.47058823529411764,0.8993670365640095,0.27428630652470226,0.995773921994602,0.01291041424736238
test/000199.mp4,000199,vgg19,jpeg_50,real,True,28,34,fake,0.7777777777777778,0.696969696969697,0.47058823529411764,0.8808171770402363,0.3075050514744448,0.995773921994602,0.01291041424736238
test/000199.mp4,000199,vgg19,jpeg_60,real,True,28,34,fake,0.7777777777777778,0.696969696969697,0.47058823529411764,0.8936772176197597,0.2875895390486843,0.995773921994602,0.01291041424736238
test/000199.mp4,000199,vgg19,jpeg_70,real,True,28,34,fake,0.8148148148148148,0.696969696969697,0.47058823529411764,0.8418601964201246,0.3601675406807642,0.995773921994602,0.01291041424736238
test/000199.mp4,000199,vgg19,jpeg_80,real,True,28,34,fake,0.8148148148148148,0.696969696969697,0.47058823529411764,0.8625358598572868,0.34200579927454655,0.995773921994602,0.01291041424736238
test/000199.mp4,000199,vgg19,jpeg_90,real,True,28,34,fake,0.8148148148148148,0.696969696969697,0.47058823529411764,0.8789048258747373,0.30301824071255135,0.995773921994602,0.01291041424736238
test/000199.mp4,000199,vgg19,jpeg_95,real,True,28,34,fake,0.7777777777777778,0.696969696969697,0.47058823529411764,0.8835255120481763,0.30660002004752507,0.995773921994602,0.01291041424736238
test/000199.mp4,000199,vgg19,h264_18_keepaudio,real,True,28,34,fake,0.7777777777777778,0.696969696969697,0.47058823529411764,0.8562504713024411,0.34579922223090176,0.995773921994602,0.01291041424736238
test/000199.mp4,000199,vgg19,h264_23_keepaudio,real,True,28,34,fake,0.7777777777777778,0.696969696969697,0.47058823529411764,0.8580435301576342,0.31967337607912993,0.995773921994602,0.01291041424736238
test/000199.mp4,000199,vgg19,h264_28_keepaudio,real,True,28,34,fake,0.8148148148148148,0.696969696969697,0.47058823529411764,0.8762772572892052,0.28212623331142356,0.995773921994602,0.01291041424736238
test/000199.mp4,000199,vgg19,h264_33_keepaudio,real,True,28,34,fake,0.7407407407407407,0.696969696969697,0.4411764705882353,0.8794191990579877,0.31341580592864154,0.995773921994602,0.01291041424736238
test/000199.mp4,000199,vgg19,h264_38_keepaudio,real,True,28,34,fake,0.48148148148148145,0.696969696969697,0.3235294117647059,0.8304590114525386,0.3864436562018981,0.995773921994602,0.01291041424736238
test/000199.mp4,000199,vgg19,h264_43_keepaudio,real,True,28,34,fake,0.37037037037037035,0.696969696969697,0.3235294117647059,0.8454351893493107,0.4111606680366417,0.995773921994602,0.01291041424736238
test/000200.mp4,000200,vgg19,clean,fake,True,31,38,fake,0.7333333333333333,0.7837837837837838,0.42105263157894735,0.8890240442368292,0.300249941510267,0.9999980079500299,2.2335368198751147e-05
test/000200.mp4,000200,vgg19,jpeg_10,fake,True,31,38,fake,0.6666666666666666,0.7837837837837838,0.34210526315789475,0.8662419415289356,0.3470605819049837,0.9999980079500299,2.2335368198751147e-05
test/000200.mp4,000200,vgg19,jpeg_20,fake,True,31,38,fake,0.8,0.7837837837837838,0.39473684210526316,0.847680845568257,0.3336495140505258,0.9999980079500299,2.2335368198751147e-05
test/000200.mp4,000200,vgg19,jpeg_30,fake,True,31,38,fake,0.8,0.7837837837837838,0.39473684210526316,0.8756657896503326,0.312350758193734,0.9999980079500299,2.2335368198751147e-05
test/000200.mp4,000200,vgg19,jpeg_40,fake,True,31,38,fake,0.7,0.7837837837837838,0.42105263157894735,0.8769974804693653,0.3066399092671356,0.9999980079500299,2.2335368198751147e-05
test/000200.mp4,000200,vgg19,jpeg_50,fake,True,31,38,fake,0.7333333333333333,0.7837837837837838,0.42105263157894735,0.8854571157886136,0.2973978177979151,0.9999980079500299,2.2335368198751147e-05
test/000200.mp4,000200,vgg19,jpeg_60,fake,True,31,38,fake,0.6666666666666666,0.7837837837837838,0.42105263157894735,0.9080197080489127,0.24140825291471626,0.9999980079500299,2.2335368198751147e-05
test/000200.mp4,000200,vgg19,jpeg_70,fake,True,31,38,fake,0.7333333333333333,0.7837837837837838,0.42105263157894735,0.8836401104927063,0.2808335432662972,0.9999980079500299,2.2335368198751147e-05
test/000200.mp4,000200,vgg19,jpeg_80,fake,True,31,38,fake,0.7,0.7837837837837838,0.42105263157894735,0.8522793660240788,0.3299752415088812,0.9999980079500299,2.2335368198751147e-05
test/000200.mp4,000200,vgg19,jpeg_90,fake,True,31,38,fake,0.7333333333333333,0.7837837837837838,0.42105263157894735,0.9010382621519027,0.2660908265221656,0.9999980079500299,2.2335368198751147e-05
test/000200.mp4,000200,vgg19,jpeg_95,fake,True,31,38,fake,0.7666666666666667,0.7837837837837838,0.42105263157894735,0.8791853622082741,0.30010585165504916,0.9999980079500299,2.2335368198751147e-05
test/000200.mp4,000200,vgg19,h264_18_keepaudio,fake,True,31,38,fake,0.7,0.7837837837837838,0.42105263157894735,0.848905288404034,0.344978368085751,0.9999980079500299,2.2335368198751147e-05
test/000200.mp4,000200,vgg19,h264_23_keepaudio,fake,True,31,38,fake,0.7333333333333333,0.7837837837837838,0.42105263157894735,0.8584176705729577,0.3428476176526171,0.9999980079500299,2.2335368198751147e-05
test/000200.mp4,000200,vgg19,h264_28_keepaudio,fake,True,31,38,fake,0.6333333333333333,0.7837837837837838,0.42105263157894735,0.8255843135618395,0.4182534971996347,0.9999980079500299,2.2335368198751147e-05
test/000200.mp4,000200,vgg19,h264_33_keepaudio,fake,True,31,38,fake,0.8333333333333334,0.7837837837837838,0.39473684210526316,0.8833360075950623,0.28651442139959465,0.9999980079500299,2.2335368198751147e-05
test/000200.mp4,000200,vgg19,h264_38_keepaudio,fake,True,31,38,fake,0.5333333333333333,0.7837837837837838,0.42105263157894735,0.8841357384958575,0.29866483882197925,0.9999980079500299,2.2335368198751147e-05
test/000200.mp4,000200,vgg19,h264_43_keepaudio,fake,True,31,38,fake,0.4666666666666667,0.7837837837837838,0.23684210526315788,0.8557745083685844,0.36684782852009534,0.9999980079500299,2.2335368198751147e-05
