rel_path,video_id,model_type,condition,prediction,ground_truth,VT,AT,IM,n_faces,n_seg
test/000000.mp4,000000,resnet50,clean,fake,real,0.6153846153846154,0.5625,0.7058823529411765,14,17
test/000000.mp4,000000,resnet50,jpeg_10,fake,real,0.6666666666666666,0.5625,0.5882352941176471,13,17
test/000000.mp4,000000,resnet50,jpeg_20,fake,real,0.7692307692307693,0.5625,0.7058823529411765,14,17
test/000000.mp4,000000,resnet50,jpeg_30,fake,real,0.6666666666666666,0.5625,0.5882352941176471,13,17
test/000000.mp4,000000,resnet50,jpeg_40,fake,real,0.6153846153846154,0.5625,0.6470588235294118,14,17
test/000000.mp4,000000,resnet50,jpeg_50,fake,real,0.6666666666666666,0.5625,0.6470588235294118,13,17
test/000000.mp4,000000,resnet50,jpeg_60,fake,real,0.5833333333333334,0.5625,0.5882352941176471,13,17
test/000000.mp4,000000,resnet50,jpeg_70,fake,real,0.5,0.5625,0.6470588235294118,13,17
test/000000.mp4,000000,resnet50,jpeg_80,fake,real,0.75,0.5625,0.7058823529411765,13,17
test/000000.mp4,000000,resnet50,jpeg_90,fake,real,0.7692307692307693,0.5625,0.7058823529411765,14,17
test/000000.mp4,000000,resnet50,jpeg_95,fake,real,0.5833333333333334,0.5625,0.5882352941176471,13,17
test/000000.mp4,000000,resnet50,h264_18_keepaudio,fake,real,0.6666666666666666,0.5625,0.7058823529411765,13,17
test/000000.mp4,000000,resnet50,h264_23_keepaudio,fake,real,0.5,0.5625,0.6470588235294118,13,17
test/000000.mp4,000000,resnet50,h264_28_keepaudio,fake,real,0.5384615384615384,0.5625,0.8235294117647058,14,17
test/000000.mp4,000000,resnet50,h264_33_keepaudio,fake,real,1.0,0.5625,0.8235294117647058,13,17
test/000000.mp4,000000,resnet50,h264_38_keepaudio,fake,real,0.5,0.5625,0.8823529411764706,13,17
test/000000.mp4,000000,resnet50,h264_43_keepaudio,fake,real,0.6666666666666666,0.5625,0.7058823529411765,13,17
test/000001.mp4,000001,resnet50,clean,fake,real,0.75,0.21428571428571427,1.0,13,15
test/000001.mp4,000001,resnet50,jpeg_10,fake,real,0.7777777777777778,0.21428571428571427,0.8,10,15
test/000001.mp4,000001,resnet50,jpeg_20,fake,real,0.9166666666666666,0.21428571428571427,0.9333333333333333,13,15
test/000001.mp4,000001,resnet50,jpeg_30,fake,real,0.75,0.21428571428571427,0.8,13,15
test/000001.mp4,000001,resnet50,jpeg_40,fake,real,0.5833333333333334,0.21428571428571427,0.8666666666666667,13,15
test/000001.mp4,000001,resnet50,jpeg_50,fake,real,0.5833333333333334,0.21428571428571427,0.8666666666666667,13,15
test/000001.mp4,000001,resnet50,jpeg_60,fake,real,0.75,0.21428571428571427,1.0,13,15
test/000001.mp4,000001,resnet50,jpeg_70,fake,real,0.5,0.21428571428571427,0.8,13,15
test/000001.mp4,000001,resnet50,jpeg_80,fake,real,0.4166666666666667,0.21428571428571427,0.8,13,15
test/000001.mp4,000001,resnet50,jpeg_90,fake,real,0.5833333333333334,0.21428571428571427,1.0,13,15
test/000001.mp4,000001,resnet50,jpeg_95,fake,real,0.6666666666666666,0.21428571428571427,0.8666666666666667,13,15
test/000001.mp4,000001,resnet50,h264_18_keepaudio,fake,real,0.4166666666666667,0.21428571428571427,0.8,13,15
test/000001.mp4,000001,resnet50,h264_23_keepaudio,fake,real,0.75,0.21428571428571427,0.8666666666666667,13,15
test/000001.mp4,000001,resnet50,h264_28_keepaudio,fake,real,0.7272727272727273,0.21428571428571427,0.9333333333333333,12,15
test/000001.mp4,000001,resnet50,h264_33_keepaudio,fake,real,0.36363636363636365,0.21428571428571427,0.7333333333333333,12,15
test/000001.mp4,000001,resnet50,h264_38_keepaudio,fake,real,0.4166666666666667,0.21428571428571427,0.8,13,15
test/000001.mp4,000001,resnet50,h264_43_keepaudio,fake,real,0.5833333333333334,0.21428571428571427,0.7333333333333333,13,15
test/000002.mp4,000002,resnet50,clean,fake,fake,0.42857142857142855,0.375,0.9411764705882353,15,17
test/000002.mp4,000002,resnet50,jpeg_10,fake,fake,0.9166666666666666,0.375,0.8235294117647058,13,17
test/000002.mp4,000002,resnet50,jpeg_20,fake,fake,0.7142857142857143,0.375,0.8823529411764706,15,17
test/000002.mp4,000002,resnet50,jpeg_30,fake,fake,0.7142857142857143,0.375,0.8823529411764706,15,17
test/000002.mp4,000002,resnet50,jpeg_40,fake,fake,0.6428571428571429,0.375,0.7058823529411765,15,17
test/000002.mp4,000002,resnet50,jpeg_50,fake,fake,0.6428571428571429,0.375,0.8235294117647058,15,17
test/000002.mp4,000002,resnet50,jpeg_60,fake,fake,0.7142857142857143,0.375,0.8823529411764706,15,17
test/000002.mp4,000002,resnet50,jpeg_70,fake,fake,0.5714285714285714,0.375,0.8823529411764706,15,17
test/000002.mp4,000002,resnet50,jpeg_80,fake,fake,0.5,0.375,0.9411764705882353,15,17
test/000002.mp4,000002,resnet50,jpeg_90,fake,fake,0.6428571428571429,0.375,0.9411764705882353,15,17
test/000002.mp4,000002,resnet50,jpeg_95,fake,fake,0.5,0.375,0.9411764705882353,15,17
test/000002.mp4,000002,resnet50,h264_18_keepaudio,fake,fake,0.5384615384615384,0.375,0.8823529411764706,14,17
test/000002.mp4,000002,resnet50,h264_23_keepaudio,fake,fake,0.6428571428571429,0.375,0.8823529411764706,15,17
test/000002.mp4,000002,resnet50,h264_28_keepaudio,fake,fake,0.6428571428571429,0.375,0.6470588235294118,15,17
test/000002.mp4,000002,resnet50,h264_33_keepaudio,fake,fake,0.5714285714285714,0.375,0.8235294117647058,15,17
test/000002.mp4,000002,resnet50,h264_38_keepaudio,fake,fake,0.7142857142857143,0.375,0.8823529411764706,15,17
test/000002.mp4,000002,resnet50,h264_43_keepaudio,fake,fake,0.2857142857142857,0.375,0.8823529411764706,15,17
test/000003.mp4,000003,resnet50,clean,fake,fake,0.5,0.26666666666666666,0.9375,13,16
test/000003.mp4,000003,resnet50,jpeg_10,fake,fake,0.9090909090909091,0.26666666666666666,0.875,12,16
test/000003.mp4,000003,resnet50,jpeg_20,fake,fake,0.75,0.26666666666666666,0.9375,13,16
test/000003.mp4,000003,resnet50,jpeg_30,fake,fake,0.7692307692307693,0.26666666666666666,0.875,14,16
test/000003.mp4,000003,resnet50,jpeg_40,fake,fake,0.6923076923076923,0.26666666666666666,0.875,14,16
test/000003.mp4,000003,resnet50,jpeg_50,fake,fake,0.6153846153846154,0.26666666666666666,0.875,14,16
test/000003.mp4,000003,resnet50,jpeg_60,fake,fake,0.46153846153846156,0.26666666666666666,0.75,14,16
test/000003.mp4,000003,resnet50,jpeg_70,fake,fake,0.5,0.26666666666666666,0.875,13,16
test/000003.mp4,000003,resnet50,jpeg_80,fake,fake,0.5,0.26666666666666666,0.9375,13,16
test/000003.mp4,000003,resnet50,jpeg_90,fake,fake,0.5833333333333334,0.26666666666666666,0.9375,13,16
test/000003.mp4,000003,resnet50,jpeg_95,fake,fake,0.5,0.26666666666666666,0.9375,13,16
test/000003.mp4,000003,resnet50,h264_18_keepaudio,fake,fake,0.4166666666666667,0.26666666666666666,0.9375,13,16
test/000003.mp4,000003,resnet50,h264_23_keepaudio,fake,fake,0.38461538461538464,0.26666666666666666,0.8125,14,16
test/000003.mp4,000003,resnet50,h264_28_keepaudio,fake,fake,0.5384615384615384,0.26666666666666666,0.9375,14,16
test/000003.mp4,000003,resnet50,h264_33_keepaudio,fake,fake,0.6666666666666666,0.26666666666666666,0.9375,13,16
test/000003.mp4,000003,resnet50,h264_38_keepaudio,fake,fake,0.6923076923076923,0.26666666666666666,0.875,14,16
test/000003.mp4,000003,resnet50,h264_43_keepaudio,fake,fake,0.6153846153846154,0.26666666666666666,0.875,14,16
test/000004.mp4,000004,resnet50,clean,fake,fake,0.5714285714285714,0.25,0.9411764705882353,15,17
test/000004.mp4,000004,resnet50,jpeg_10,fake,fake,0.7692307692307693,0.25,0.7647058823529411,14,17
test/000004.mp4,000004,resnet50,jpeg_20,fake,fake,0.9285714285714286,0.25,0.8823529411764706,15,17
test/000004.mp4,000004,resnet50,jpeg_30,fake,fake,0.6428571428571429,0.25,0.7058823529411765,15,17
test/000004.mp4,000004,resnet50,jpeg_40,fake,fake,0.42857142857142855,0.25,0.8823529411764706,15,17
test/000004.mp4,000004,resnet50,jpeg_50,fake,fake,0.42857142857142855,0.25,0.7647058823529411,15,17
test/000004.mp4,000004,resnet50,jpeg_60,fake,fake,0.5714285714285714,0.25,0.8823529411764706,15,17
test/000004.mp4,000004,resnet50,jpeg_70,fake,fake,0.5,0.25,0.8823529411764706,15,17
test/000004.mp4,000004,resnet50,jpeg_80,fake,fake,0.5714285714285714,0.25,0.9411764705882353,15,17
test/000004.mp4,000004,resnet50,jpeg_90,fake,fake,0.5,0.25,0.9411764705882353,15,17
test/000004.mp4,000004,resnet50,jpeg_95,fake,fake,0.5714285714285714,0.25,0.9411764705882353,15,17
test/000004.mp4,000004,resnet50,h264_18_keepaudio,fake,fake,0.42857142857142855,0.25,0.9411764705882353,15,17
test/000004.mp4,000004,resnet50,h264_23_keepaudio,fake,fake,0.42857142857142855,0.25,0.9411764705882353,15,17
test/000004.mp4,000004,resnet50,h264_28_keepaudio,fake,fake,0.35714285714285715,0.25,0.8823529411764706,15,17
test/000004.mp4,000004,resnet50,h264_33_keepaudio,fake,fake,0.5,0.25,0.9411764705882353,15,17
test/000004.mp4,000004,resnet50,h264_38_keepaudio,fake,fake,0.38461538461538464,0.25,0.8235294117647058,14,17
test/000004.mp4,000004,resnet50,h264_43_keepaudio,fake,fake,0.7142857142857143,0.25,0.8235294117647058,15,17
test/000005.mp4,000005,resnet50,clean,fake,real,0.7906976744186046,0.8490566037735849,0.6481481481481481,44,54
test/000005.mp4,000005,resnet50,jpeg_10,fake,real,0.5813953488372093,0.8490566037735849,0.6111111111111112,44,54
test/000005.mp4,000005,resnet50,jpeg_20,fake,real,0.6046511627906976,0.8490566037735849,0.6296296296296297,44,54
test/000005.mp4,000005,resnet50,jpeg_30,fake,real,0.7209302325581395,0.8490566037735849,0.6481481481481481,44,54
test/000005.mp4,000005,resnet50,jpeg_40,fake,real,0.8837209302325582,0.8490566037735849,0.5740740740740741,44,54
test/000005.mp4,000005,resnet50,jpeg_50,fake,real,0.7441860465116279,0.8490566037735849,0.6481481481481481,44,54
test/000005.mp4,000005,resnet50,jpeg_60,fake,real,0.7674418604651163,0.8490566037735849,0.6111111111111112,44,54
test/000005.mp4,000005,resnet50,jpeg_70,fake,real,0.7209302325581395,0.8490566037735849,0.6666666666666666,44,54
test/000005.mp4,000005,resnet50,jpeg_80,fake,real,0.7906976744186046,0.8490566037735849,0.6111111111111112,44,54
test/000005.mp4,000005,resnet50,jpeg_90,fake,real,0.7906976744186046,0.8490566037735849,0.6296296296296297,44,54
test/000005.mp4,000005,resnet50,jpeg_95,fake,real,0.7674418604651163,0.8490566037735849,0.6481481481481481,44,54
test/000005.mp4,000005,resnet50,h264_18_keepaudio,fake,real,0.6511627906976745,0.8490566037735849,0.6481481481481481,44,54
test/000005.mp4,000005,resnet50,h264_23_keepaudio,fake,real,0.6976744186046512,0.8490566037735849,0.6666666666666666,44,54
test/000005.mp4,000005,resnet50,h264_28_keepaudio,fake,real,0.7906976744186046,0.8490566037735849,0.5555555555555556,44,54
test/000005.mp4,000005,resnet50,h264_33_keepaudio,fake,real,0.7674418604651163,0.8490566037735849,0.6666666666666666,44,54
test/000005.mp4,000005,resnet50,h264_38_keepaudio,fake,real,0.627906976744186,0.8490566037735849,0.7407407407407407,44,54
test/000005.mp4,000005,resnet50,h264_43_keepaudio,fake,real,0.6046511627906976,0.8490566037735849,0.7777777777777778,44,54
test/000006.mp4,000006,resnet50,clean,fake,fake,0.7857142857142857,0.8076923076923077,0.5660377358490566,43,53
test/000006.mp4,000006,resnet50,jpeg_10,fake,fake,0.6428571428571429,0.8076923076923077,0.6415094339622641,43,53
test/000006.mp4,000006,resnet50,jpeg_20,fake,fake,0.7857142857142857,0.8076923076923077,0.5094339622641509,43,53
test/000006.mp4,000006,resnet50,jpeg_30,fake,fake,0.8095238095238095,0.8076923076923077,0.5471698113207547,43,53
test/000006.mp4,000006,resnet50,jpeg_40,fake,fake,0.8095238095238095,0.8076923076923077,0.5283018867924528,43,53
test/000006.mp4,000006,resnet50,jpeg_50,fake,fake,0.7857142857142857,0.8076923076923077,0.5849056603773585,43,53
test/000006.mp4,000006,resnet50,jpeg_60,fake,fake,0.7142857142857143,0.8076923076923077,0.5849056603773585,43,53
test/000006.mp4,000006,resnet50,jpeg_70,fake,fake,0.6666666666666666,0.8076923076923077,0.6037735849056604,43,53
test/000006.mp4,000006,resnet50,jpeg_80,fake,fake,0.8333333333333334,0.8076923076923077,0.5660377358490566,43,53
test/000006.mp4,000006,resnet50,jpeg_90,fake,fake,0.6904761904761905,0.8076923076923077,0.6037735849056604,43,53
test/000006.mp4,000006,resnet50,jpeg_95,fake,fake,0.7380952380952381,0.8076923076923077,0.6037735849056604,43,53
test/000006.mp4,000006,resnet50,h264_18_keepaudio,fake,fake,0.7619047619047619,0.8076923076923077,0.6037735849056604,43,53
test/000006.mp4,000006,resnet50,h264_23_keepaudio,fake,fake,0.8095238095238095,0.8076923076923077,0.5660377358490566,43,53
test/000006.mp4,000006,resnet50,h264_28_keepaudio,fake,fake,0.7380952380952381,0.8076923076923077,0.6415094339622641,43,53
test/000006.mp4,000006,resnet50,h264_33_keepaudio,fake,fake,0.8095238095238095,0.8076923076923077,0.5094339622641509,43,53
test/000006.mp4,000006,resnet50,h264_38_keepaudio,fake,fake,0.7380952380952381,0.8076923076923077,0.6981132075471698,43,53
test/000006.mp4,000006,resnet50,h264_43_keepaudio,fake,fake,0.7142857142857143,0.8076923076923077,0.6415094339622641,43,53
test/000008.mp4,000008,resnet50,clean,fake,fake,0.7142857142857143,0.7692307692307693,0.5849056603773585,43,53
test/000008.mp4,000008,resnet50,jpeg_10,fake,fake,0.8571428571428571,0.7692307692307693,0.5471698113207547,43,53
test/000008.mp4,000008,resnet50,jpeg_20,fake,fake,0.8571428571428571,0.7692307692307693,0.5094339622641509,43,53
test/000008.mp4,000008,resnet50,jpeg_30,fake,fake,0.7380952380952381,0.7692307692307693,0.5471698113207547,43,53
test/000008.mp4,000008,resnet50,jpeg_40,fake,fake,0.7142857142857143,0.7692307692307693,0.6226415094339622,43,53
test/000008.mp4,000008,resnet50,jpeg_50,fake,fake,0.7857142857142857,0.7692307692307693,0.5660377358490566,43,53
test/000008.mp4,000008,resnet50,jpeg_60,fake,fake,0.7619047619047619,0.7692307692307693,0.5471698113207547,43,53
test/000008.mp4,000008,resnet50,jpeg_70,fake,fake,0.7380952380952381,0.7692307692307693,0.5849056603773585,43,53
test/000008.mp4,000008,resnet50,jpeg_80,fake,fake,0.7380952380952381,0.7692307692307693,0.6037735849056604,43,53
test/000008.mp4,000008,resnet50,jpeg_90,fake,fake,0.6666666666666666,0.7692307692307693,0.5849056603773585,43,53
test/000008.mp4,000008,resnet50,jpeg_95,fake,fake,0.6904761904761905,0.7692307692307693,0.5660377358490566,43,53
test/000008.mp4,000008,resnet50,h264_18_keepaudio,fake,fake,0.7380952380952381,0.7692307692307693,0.6037735849056604,43,53
test/000008.mp4,000008,resnet50,h264_23_keepaudio,fake,fake,0.7380952380952381,0.7692307692307693,0.6037735849056604,43,53
test/000008.mp4,000008,resnet50,h264_28_keepaudio,fake,fake,0.6666666666666666,0.7692307692307693,0.5283018867924528,43,53
test/000008.mp4,000008,resnet50,h264_33_keepaudio,fake,fake,0.7619047619047619,0.7692307692307693,0.6226415094339622,43,53
test/000008.mp4,000008,resnet50,h264_38_keepaudio,fake,fake,0.7619047619047619,0.7692307692307693,0.6037735849056604,43,53
test/000008.mp4,000008,resnet50,h264_43_keepaudio,fake,fake,0.7142857142857143,0.7692307692307693,0.6415094339622641,43,53
test/000009.mp4,000009,resnet50,clean,fake,fake,0.8636363636363636,0.8181818181818182,0.44642857142857145,45,56
test/000009.mp4,000009,resnet50,jpeg_10,fake,fake,0.6818181818181818,0.8181818181818182,0.48214285714285715,45,56
test/000009.mp4,000009,resnet50,jpeg_20,fake,fake,0.5909090909090909,0.8181818181818182,0.5,45,56
test/000009.mp4,000009,resnet50,jpeg_30,fake,fake,0.7272727272727273,0.8181818181818182,0.4642857142857143,45,56
test/000009.mp4,000009,resnet50,jpeg_40,fake,fake,0.7727272727272727,0.8181818181818182,0.5,45,56
test/000009.mp4,000009,resnet50,jpeg_50,fake,fake,0.7727272727272727,0.8181818181818182,0.5,45,56
test/000009.mp4,000009,resnet50,jpeg_60,fake,fake,0.7954545454545454,0.8181818181818182,0.4642857142857143,45,56
test/000009.mp4,000009,resnet50,jpeg_70,fake,fake,0.8409090909090909,0.8181818181818182,0.48214285714285715,45,56
test/000009.mp4,000009,resnet50,jpeg_80,fake,fake,0.7727272727272727,0.8181818181818182,0.4642857142857143,45,56
test/000009.mp4,000009,resnet50,jpeg_90,fake,fake,0.8636363636363636,0.8181818181818182,0.48214285714285715,45,56
test/000009.mp4,000009,resnet50,jpeg_95,fake,fake,0.7727272727272727,0.8181818181818182,0.4642857142857143,45,56
test/000009.mp4,000009,resnet50,h264_18_keepaudio,fake,fake,0.7954545454545454,0.8181818181818182,0.4642857142857143,45,56
test/000009.mp4,000009,resnet50,h264_23_keepaudio,fake,fake,0.8409090909090909,0.8181818181818182,0.4642857142857143,45,56
test/000009.mp4,000009,resnet50,h264_28_keepaudio,fake,fake,0.75,0.8181818181818182,0.5357142857142857,45,56
test/000009.mp4,000009,resnet50,h264_33_keepaudio,fake,fake,0.5909090909090909,0.8181818181818182,0.6428571428571429,45,56
test/000009.mp4,000009,resnet50,h264_38_keepaudio,fake,fake,0.7045454545454546,0.8181818181818182,0.75,45,56
test/000009.mp4,000009,resnet50,h264_43_keepaudio,fake,fake,0.5681818181818182,0.8181818181818182,0.6964285714285714,45,56
test/000010.mp4,000010,resnet50,clean,fake,fake,0.6046511627906976,0.8518518518518519,0.5272727272727272,44,55
test/000010.mp4,000010,resnet50,jpeg_10,fake,fake,0.7906976744186046,0.8518518518518519,0.41818181818181815,44,55
test/000010.mp4,000010,resnet50,jpeg_20,fake,fake,0.5813953488372093,0.8518518518518519,0.4727272727272727,44,55
test/000010.mp4,000010,resnet50,jpeg_30,fake,fake,0.7209302325581395,0.8518518518518519,0.5454545454545454,44,55
test/000010.mp4,000010,resnet50,jpeg_40,fake,fake,0.627906976744186,0.8518518518518519,0.5454545454545454,44,55
test/000010.mp4,000010,resnet50,jpeg_50,fake,fake,0.6976744186046512,0.8518518518518519,0.6181818181818182,44,55
test/000010.mp4,000010,resnet50,jpeg_60,fake,fake,0.6744186046511628,0.8518518518518519,0.43636363636363634,44,55
test/000010.mp4,000010,resnet50,jpeg_70,fake,fake,0.6511627906976745,0.8518518518518519,0.5818181818181818,44,55
test/000010.mp4,000010,resnet50,jpeg_80,fake,fake,0.7441860465116279,0.8518518518518519,0.4727272727272727,44,55
test/000010.mp4,000010,resnet50,jpeg_90,fake,fake,0.5348837209302325,0.8518518518518519,0.5272727272727272,44,55
test/000010.mp4,000010,resnet50,jpeg_95,fake,fake,0.6511627906976745,0.8518518518518519,0.509090909090909,44,55
test/000010.mp4,000010,resnet50,h264_18_keepaudio,fake,fake,0.7209302325581395,0.8518518518518519,0.4909090909090909,44,55
test/000010.mp4,000010,resnet50,h264_23_keepaudio,fake,fake,0.6744186046511628,0.8518518518518519,0.45454545454545453,44,55
test/000010.mp4,000010,resnet50,h264_28_keepaudio,fake,fake,0.7906976744186046,0.8518518518518519,0.5636363636363636,44,55
test/000010.mp4,000010,resnet50,h264_33_keepaudio,fake,fake,0.6511627906976745,0.8518518518518519,0.5454545454545454,44,55
test/000010.mp4,000010,resnet50,h264_38_keepaudio,fake,fake,0.7906976744186046,0.8518518518518519,0.6181818181818182,44,55
test/000010.mp4,000010,resnet50,h264_43_keepaudio,fake,fake,0.5813953488372093,0.8518518518518519,0.5454545454545454,44,55
test/000011.mp4,000011,resnet50,clean,fake,fake,0.6136363636363636,0.8727272727272727,0.48214285714285715,45,56
test/000011.mp4,000011,resnet50,jpeg_10,fake,fake,0.7045454545454546,0.8727272727272727,0.4642857142857143,45,56
test/000011.mp4,000011,resnet50,jpeg_20,fake,fake,0.7045454545454546,0.8727272727272727,0.5714285714285714,45,56
test/000011.mp4,000011,resnet50,jpeg_30,fake,fake,0.7272727272727273,0.8727272727272727,0.4642857142857143,45,56
test/000011.mp4,000011,resnet50,jpeg_40,fake,fake,0.6818181818181818,0.8727272727272727,0.5714285714285714,45,56
test/000011.mp4,000011,resnet50,jpeg_50,fake,fake,0.6363636363636364,0.8727272727272727,0.5535714285714286,45,56
test/000011.mp4,000011,resnet50,jpeg_60,fake,fake,0.5909090909090909,0.8727272727272727,0.5892857142857143,45,56
test/000011.mp4,000011,resnet50,jpeg_70,fake,fake,0.6818181818181818,0.8727272727272727,0.5535714285714286,45,56
test/000011.mp4,000011,resnet50,jpeg_80,fake,fake,0.6590909090909091,0.8727272727272727,0.5535714285714286,45,56
test/000011.mp4,000011,resnet50,jpeg_90,fake,fake,0.6136363636363636,0.8727272727272727,0.5535714285714286,45,56
test/000011.mp4,000011,resnet50,jpeg_95,fake,fake,0.5909090909090909,0.8727272727272727,0.5714285714285714,45,56
test/000011.mp4,000011,resnet50,h264_18_keepaudio,fake,fake,0.5909090909090909,0.8727272727272727,0.5535714285714286,45,56
test/000011.mp4,000011,resnet50,h264_23_keepaudio,fake,fake,0.6818181818181818,0.8727272727272727,0.5357142857142857,45,56
test/000011.mp4,000011,resnet50,h264_28_keepaudio,fake,fake,0.8181818181818182,0.8727272727272727,0.5714285714285714,45,56
test/000011.mp4,000011,resnet50,h264_33_keepaudio,fake,fake,0.75,0.8727272727272727,0.5892857142857143,45,56
test/000011.mp4,000011,resnet50,h264_38_keepaudio,fake,fake,0.7045454545454546,0.8727272727272727,0.6964285714285714,45,56
test/000011.mp4,000011,resnet50,h264_43_keepaudio,fake,fake,0.7045454545454546,0.8727272727272727,0.625,45,56
test/000012.mp4,000012,resnet50,clean,fake,real,0.9130434782608695,0.5,0.5862068965517241,24,29
test/000012.mp4,000012,resnet50,jpeg_10,fake,real,0.9565217391304348,0.5,0.6206896551724138,24,29
test/000012.mp4,000012,resnet50,jpeg_20,fake,real,1.0,0.5,0.5862068965517241,24,29
test/000012.mp4,000012,resnet50,jpeg_30,fake,real,1.0,0.5,0.6206896551724138,24,29
test/000012.mp4,000012,resnet50,jpeg_40,fake,real,1.0,0.5,0.5862068965517241,24,29
test/000012.mp4,000012,resnet50,jpeg_50,fake,real,0.9130434782608695,0.5,0.5862068965517241,24,29
test/000012.mp4,000012,resnet50,jpeg_60,fake,real,0.8260869565217391,0.5,0.5862068965517241,24,29
test/000012.mp4,000012,resnet50,jpeg_70,fake,real,0.9130434782608695,0.5,0.5862068965517241,24,29
test/000012.mp4,000012,resnet50,jpeg_80,fake,real,0.8695652173913043,0.5,0.5172413793103449,24,29
test/000012.mp4,000012,resnet50,jpeg_90,fake,real,0.8260869565217391,0.5,0.5862068965517241,24,29
test/000012.mp4,000012,resnet50,jpeg_95,fake,real,0.9130434782608695,0.5,0.5862068965517241,24,29
test/000012.mp4,000012,resnet50,h264_18_keepaudio,fake,real,1.0,0.5,0.5862068965517241,24,29
test/000012.mp4,000012,resnet50,h264_23_keepaudio,fake,real,0.9130434782608695,0.5,0.5172413793103449,24,29
test/000012.mp4,000012,resnet50,h264_28_keepaudio,fake,real,1.0,0.5,0.5862068965517241,24,29
test/000012.mp4,000012,resnet50,h264_33_keepaudio,fake,real,0.8260869565217391,0.5,0.7241379310344828,24,29
test/000012.mp4,000012,resnet50,h264_38_keepaudio,fake,real,0.6956521739130435,0.5,0.7241379310344828,24,29
test/000012.mp4,000012,resnet50,h264_43_keepaudio,fake,real,0.5217391304347826,0.5,0.7931034482758621,24,29
test/000013.mp4,000013,resnet50,clean,fake,fake,0.96,0.6333333333333333,0.5806451612903226,26,31
test/000013.mp4,000013,resnet50,jpeg_10,fake,fake,1.0,0.6333333333333333,0.5806451612903226,26,31
test/000013.mp4,000013,resnet50,jpeg_20,fake,fake,0.92,0.6333333333333333,0.6451612903225806,26,31
test/000013.mp4,000013,resnet50,jpeg_30,fake,fake,0.92,0.6333333333333333,0.5483870967741935,26,31
test/000013.mp4,000013,resnet50,jpeg_40,fake,fake,1.0,0.6333333333333333,0.5806451612903226,26,31
test/000013.mp4,000013,resnet50,jpeg_50,fake,fake,0.88,0.6333333333333333,0.5161290322580645,26,31
test/000013.mp4,000013,resnet50,jpeg_60,fake,fake,0.96,0.6333333333333333,0.5806451612903226,26,31
test/000013.mp4,000013,resnet50,jpeg_70,fake,fake,0.88,0.6333333333333333,0.6129032258064516,26,31
test/000013.mp4,000013,resnet50,jpeg_80,fake,fake,0.92,0.6333333333333333,0.6129032258064516,26,31
test/000013.mp4,000013,resnet50,jpeg_90,fake,fake,0.96,0.6333333333333333,0.5806451612903226,26,31
test/000013.mp4,000013,resnet50,jpeg_95,fake,fake,1.0,0.6333333333333333,0.5806451612903226,26,31
test/000013.mp4,000013,resnet50,h264_18_keepaudio,fake,fake,0.92,0.6333333333333333,0.5806451612903226,26,31
test/000013.mp4,000013,resnet50,h264_23_keepaudio,fake,fake,1.0,0.6333333333333333,0.5806451612903226,26,31
test/000013.mp4,000013,resnet50,h264_28_keepaudio,fake,fake,0.84,0.6333333333333333,0.5161290322580645,26,31
test/000013.mp4,000013,resnet50,h264_33_keepaudio,fake,fake,0.8,0.6333333333333333,0.5806451612903226,26,31
test/000013.mp4,000013,resnet50,h264_38_keepaudio,fake,fake,0.72,0.6333333333333333,0.6129032258064516,26,31
test/000013.mp4,000013,resnet50,h264_43_keepaudio,fake,fake,0.6,0.6333333333333333,0.7419354838709677,26,31
test/000014.mp4,000014,resnet50,clean,fake,fake,0.8695652173913043,0.6071428571428571,0.5517241379310345,24,29
test/000014.mp4,000014,resnet50,jpeg_10,fake,fake,1.0,0.6071428571428571,0.5517241379310345,24,29
test/000014.mp4,000014,resnet50,jpeg_20,fake,fake,0.8695652173913043,0.6071428571428571,0.6206896551724138,24,29
test/000014.mp4,000014,resnet50,jpeg_30,fake,fake,0.9130434782608695,0.6071428571428571,0.5172413793103449,24,29
test/000014.mp4,000014,resnet50,jpeg_40,fake,fake,1.0,0.6071428571428571,0.5517241379310345,24,29
test/000014.mp4,000014,resnet50,jpeg_50,fake,fake,0.8695652173913043,0.6071428571428571,0.4827586206896552,24,29
test/000014.mp4,000014,resnet50,jpeg_60,fake,fake,0.9565217391304348,0.6071428571428571,0.5517241379310345,24,29
test/000014.mp4,000014,resnet50,jpeg_70,fake,fake,0.9565217391304348,0.6071428571428571,0.5517241379310345,24,29
test/000014.mp4,000014,resnet50,jpeg_80,fake,fake,0.9565217391304348,0.6071428571428571,0.5517241379310345,24,29
test/000014.mp4,000014,resnet50,jpeg_90,fake,fake,0.8695652173913043,0.6071428571428571,0.5517241379310345,24,29
test/000014.mp4,000014,resnet50,jpeg_95,fake,fake,1.0,0.6071428571428571,0.5517241379310345,24,29
test/000014.mp4,000014,resnet50,h264_18_keepaudio,fake,fake,0.9130434782608695,0.6071428571428571,0.5517241379310345,24,29
test/000014.mp4,000014,resnet50,h264_23_keepaudio,fake,fake,0.9565217391304348,0.6071428571428571,0.6206896551724138,24,29
test/000014.mp4,000014,resnet50,h264_28_keepaudio,fake,fake,0.8260869565217391,0.6071428571428571,0.4827586206896552,24,29
test/000014.mp4,000014,resnet50,h264_33_keepaudio,fake,fake,0.782608695652174,0.6071428571428571,0.5862068965517241,24,29
test/000014.mp4,000014,resnet50,h264_38_keepaudio,fake,fake,0.6956521739130435,0.6071428571428571,0.6551724137931034,24,29
test/000014.mp4,000014,resnet50,h264_43_keepaudio,fake,fake,0.7391304347826086,0.6071428571428571,0.6551724137931034,24,29
test/000015.mp4,000015,resnet50,clean,fake,fake,0.875,0.6333333333333333,0.6129032258064516,25,31
test/000015.mp4,000015,resnet50,jpeg_10,fake,fake,1.0,0.6333333333333333,0.5806451612903226,25,31
test/000015.mp4,000015,resnet50,jpeg_20,fake,fake,0.9166666666666666,0.6333333333333333,0.6451612903225806,25,31
test/000015.mp4,000015,resnet50,jpeg_30,fake,fake,0.875,0.6333333333333333,0.5483870967741935,25,31
test/000015.mp4,000015,resnet50,jpeg_40,fake,fake,0.875,0.6333333333333333,0.6774193548387096,25,31
test/000015.mp4,000015,resnet50,jpeg_50,fake,fake,0.875,0.6333333333333333,0.5161290322580645,25,31
test/000015.mp4,000015,resnet50,jpeg_60,fake,fake,0.875,0.6333333333333333,0.6129032258064516,25,31
test/000015.mp4,000015,resnet50,jpeg_70,fake,fake,0.875,0.6333333333333333,0.6129032258064516,25,31
test/000015.mp4,000015,resnet50,jpeg_80,fake,fake,0.875,0.6333333333333333,0.6129032258064516,25,31
test/000015.mp4,000015,resnet50,jpeg_90,fake,fake,0.875,0.6333333333333333,0.6129032258064516,25,31
test/000015.mp4,000015,resnet50,jpeg_95,fake,fake,1.0,0.6333333333333333,0.5806451612903226,25,31
test/000015.mp4,000015,resnet50,h264_18_keepaudio,fake,fake,0.8333333333333334,0.6333333333333333,0.6129032258064516,25,31
test/000015.mp4,000015,resnet50,h264_23_keepaudio,fake,fake,0.9166666666666666,0.6333333333333333,0.6774193548387096,25,31
test/000015.mp4,000015,resnet50,h264_28_keepaudio,fake,fake,0.75,0.6333333333333333,0.5161290322580645,25,31
test/000015.mp4,000015,resnet50,h264_33_keepaudio,fake,fake,0.875,0.6333333333333333,0.5806451612903226,25,31
test/000015.mp4,000015,resnet50,h264_38_keepaudio,fake,fake,0.7916666666666666,0.6333333333333333,0.6129032258064516,25,31
test/000015.mp4,000015,resnet50,h264_43_keepaudio,fake,fake,0.6666666666666666,0.6333333333333333,0.7741935483870968,25,31
test/000016.mp4,000016,resnet50,clean,fake,real,0.631578947368421,0.625,0.6,20,25
test/000016.mp4,000016,resnet50,jpeg_10,fake,real,0.7368421052631579,0.625,0.56,20,25
test/000016.mp4,000016,resnet50,jpeg_20,fake,real,0.8421052631578947,0.625,0.6,20,25
test/000016.mp4,000016,resnet50,jpeg_30,fake,real,0.7894736842105263,0.625,0.6,20,25
test/000016.mp4,000016,resnet50,jpeg_40,fake,real,0.5789473684210527,0.625,0.6,20,25
test/000016.mp4,000016,resnet50,jpeg_50,fake,real,0.7894736842105263,0.625,0.6,20,25
test/000016.mp4,000016,resnet50,jpeg_60,fake,real,0.5789473684210527,0.625,0.6,20,25
test/000016.mp4,000016,resnet50,jpeg_70,fake,real,0.631578947368421,0.625,0.64,20,25
test/000016.mp4,000016,resnet50,jpeg_80,fake,real,0.631578947368421,0.625,0.6,20,25
test/000016.mp4,000016,resnet50,jpeg_90,fake,real,0.6842105263157895,0.625,0.64,20,25
test/000016.mp4,000016,resnet50,jpeg_95,fake,real,0.6842105263157895,0.625,0.64,20,25
test/000016.mp4,000016,resnet50,h264_18_keepaudio,fake,real,0.5263157894736842,0.625,0.6,20,25
test/000016.mp4,000016,resnet50,h264_23_keepaudio,fake,real,0.6842105263157895,0.625,0.56,20,25
test/000016.mp4,000016,resnet50,h264_28_keepaudio,fake,real,0.5789473684210527,0.625,0.64,20,25
test/000016.mp4,000016,resnet50,h264_33_keepaudio,fake,real,0.631578947368421,0.625,0.76,20,25
test/000016.mp4,000016,resnet50,h264_38_keepaudio,fake,real,0.631578947368421,0.625,0.88,20,25
test/000016.mp4,000016,resnet50,h264_43_keepaudio,fake,real,0.5,0.625,0.76,21,25
test/000017.mp4,000017,resnet50,clean,fake,fake,0.7272727272727273,0.6296296296296297,0.6428571428571429,23,28
test/000017.mp4,000017,resnet50,jpeg_10,fake,fake,0.8181818181818182,0.6296296296296297,0.6428571428571429,23,28
test/000017.mp4,000017,resnet50,jpeg_20,fake,fake,0.8260869565217391,0.6296296296296297,0.6071428571428571,24,28
test/000017.mp4,000017,resnet50,jpeg_30,fake,fake,0.7391304347826086,0.6296296296296297,0.6785714285714286,24,28
test/000017.mp4,000017,resnet50,jpeg_40,fake,fake,0.782608695652174,0.6296296296296297,0.6785714285714286,24,28
test/000017.mp4,000017,resnet50,jpeg_50,fake,fake,0.8260869565217391,0.6296296296296297,0.6428571428571429,24,28
test/000017.mp4,000017,resnet50,jpeg_60,fake,fake,0.782608695652174,0.6296296296296297,0.6428571428571429,24,28
test/000017.mp4,000017,resnet50,jpeg_70,fake,fake,0.7391304347826086,0.6296296296296297,0.6785714285714286,24,28
test/000017.mp4,000017,resnet50,jpeg_80,fake,fake,0.7391304347826086,0.6296296296296297,0.6428571428571429,24,28
test/000017.mp4,000017,resnet50,jpeg_90,fake,fake,0.7272727272727273,0.6296296296296297,0.6428571428571429,23,28
test/000017.mp4,000017,resnet50,jpeg_95,fake,fake,0.7391304347826086,0.6296296296296297,0.6428571428571429,24,28
test/000017.mp4,000017,resnet50,h264_18_keepaudio,fake,fake,0.782608695652174,0.6296296296296297,0.6071428571428571,24,28
test/000017.mp4,000017,resnet50,h264_23_keepaudio,fake,fake,0.6956521739130435,0.6296296296296297,0.6785714285714286,24,28
test/000017.mp4,000017,resnet50,h264_28_keepaudio,fake,fake,0.7727272727272727,0.6296296296296297,0.6428571428571429,23,28
test/000017.mp4,000017,resnet50,h264_33_keepaudio,fake,fake,0.6363636363636364,0.6296296296296297,0.6428571428571429,23,28
test/000017.mp4,000017,resnet50,h264_38_keepaudio,fake,fake,0.7391304347826086,0.6296296296296297,0.8571428571428571,24,28
test/000017.mp4,000017,resnet50,h264_43_keepaudio,fake,fake,0.7391304347826086,0.6296296296296297,0.6428571428571429,24,28
test/000018.mp4,000018,resnet50,clean,fake,fake,0.631578947368421,0.5833333333333334,0.64,20,25
test/000018.mp4,000018,resnet50,jpeg_10,fake,fake,1.0,0.5833333333333334,0.48,20,25
test/000018.mp4,000018,resnet50,jpeg_20,fake,fake,0.75,0.5833333333333334,0.64,21,25
test/000018.mp4,000018,resnet50,jpeg_30,fake,fake,0.42105263157894735,0.5833333333333334,0.68,20,25
test/000018.mp4,000018,resnet50,jpeg_40,fake,fake,0.6,0.5833333333333334,0.68,21,25
test/000018.mp4,000018,resnet50,jpeg_50,fake,fake,0.6842105263157895,0.5833333333333334,0.6,20,25
test/000018.mp4,000018,resnet50,jpeg_60,fake,fake,0.65,0.5833333333333334,0.6,21,25
test/000018.mp4,000018,resnet50,jpeg_70,fake,fake,0.5555555555555556,0.5833333333333334,0.64,19,25
test/000018.mp4,000018,resnet50,jpeg_80,fake,fake,0.6842105263157895,0.5833333333333334,0.64,20,25
test/000018.mp4,000018,resnet50,jpeg_90,fake,fake,0.5555555555555556,0.5833333333333334,0.68,19,25
test/000018.mp4,000018,resnet50,jpeg_95,fake,fake,0.5789473684210527,0.5833333333333334,0.68,20,25
test/000018.mp4,000018,resnet50,h264_18_keepaudio,fake,fake,0.631578947368421,0.5833333333333334,0.64,20,25
test/000018.mp4,000018,resnet50,h264_23_keepaudio,fake,fake,0.6842105263157895,0.5833333333333334,0.68,20,25
test/000018.mp4,000018,resnet50,h264_28_keepaudio,fake,fake,0.7368421052631579,0.5833333333333334,0.8,20,25
test/000018.mp4,000018,resnet50,h264_33_keepaudio,fake,fake,0.65,0.5833333333333334,0.68,21,25
test/000018.mp4,000018,resnet50,h264_38_keepaudio,fake,fake,0.7,0.5833333333333334,0.84,21,25
test/000018.mp4,000018,resnet50,h264_43_keepaudio,fake,fake,0.6842105263157895,0.5833333333333334,0.6,20,25
test/000019.mp4,000019,resnet50,clean,fake,fake,0.6,0.64,0.6538461538461539,21,26
test/000019.mp4,000019,resnet50,jpeg_10,fake,fake,0.7,0.64,0.46153846153846156,21,26
test/000019.mp4,000019,resnet50,jpeg_20,fake,fake,0.8421052631578947,0.64,0.5769230769230769,20,26
test/000019.mp4,000019,resnet50,jpeg_30,fake,fake,0.55,0.64,0.6538461538461539,21,26
test/000019.mp4,000019,resnet50,jpeg_40,fake,fake,0.5,0.64,0.6923076923076923,21,26
test/000019.mp4,000019,resnet50,jpeg_50,fake,fake,0.6666666666666666,0.64,0.5769230769230769,22,26
test/000019.mp4,000019,resnet50,jpeg_60,fake,fake,0.5,0.64,0.6923076923076923,21,26
test/000019.mp4,000019,resnet50,jpeg_70,fake,fake,0.5,0.64,0.6538461538461539,21,26
test/000019.mp4,000019,resnet50,jpeg_80,fake,fake,0.55,0.64,0.6538461538461539,21,26
test/000019.mp4,000019,resnet50,jpeg_90,fake,fake,0.6,0.64,0.6538461538461539,21,26
test/000019.mp4,000019,resnet50,jpeg_95,fake,fake,0.6,0.64,0.6538461538461539,21,26
test/000019.mp4,000019,resnet50,h264_18_keepaudio,fake,fake,0.5,0.64,0.6153846153846154,21,26
test/000019.mp4,000019,resnet50,h264_23_keepaudio,fake,fake,0.65,0.64,0.5769230769230769,21,26
test/000019.mp4,000019,resnet50,h264_28_keepaudio,fake,fake,0.7368421052631579,0.64,0.6538461538461539,20,26
test/000019.mp4,000019,resnet50,h264_33_keepaudio,fake,fake,0.6190476190476191,0.64,0.7307692307692307,22,26
test/000019.mp4,000019,resnet50,h264_38_keepaudio,fake,fake,0.6666666666666666,0.64,0.8846153846153846,22,26
test/000019.mp4,000019,resnet50,h264_43_keepaudio,fake,fake,0.5238095238095238,0.64,0.5769230769230769,22,26
test/000020.mp4,000020,resnet50,clean,fake,real,0.6086956521739131,0.5357142857142857,0.7931034482758621,24,29
test/000020.mp4,000020,resnet50,jpeg_10,fake,real,0.9130434782608695,0.5357142857142857,0.896551724137931,24,29
test/000020.mp4,000020,resnet50,jpeg_20,fake,real,0.782608695652174,0.5357142857142857,0.8620689655172413,24,29
test/000020.mp4,000020,resnet50,jpeg_30,fake,real,0.782608695652174,0.5357142857142857,0.8620689655172413,24,29
test/000020.mp4,000020,resnet50,jpeg_40,fake,real,0.8695652173913043,0.5357142857142857,0.8275862068965517,24,29
test/000020.mp4,000020,resnet50,jpeg_50,fake,real,0.5652173913043478,0.5357142857142857,0.7931034482758621,24,29
test/000020.mp4,000020,resnet50,jpeg_60,fake,real,0.5652173913043478,0.5357142857142857,0.8275862068965517,24,29
test/000020.mp4,000020,resnet50,jpeg_70,fake,real,0.6956521739130435,0.5357142857142857,0.8275862068965517,24,29
test/000020.mp4,000020,resnet50,jpeg_80,fake,real,0.6956521739130435,0.5357142857142857,0.8275862068965517,24,29
test/000020.mp4,000020,resnet50,jpeg_90,fake,real,0.5652173913043478,0.5357142857142857,0.7931034482758621,24,29
test/000020.mp4,000020,resnet50,jpeg_95,fake,real,0.8260869565217391,0.5357142857142857,0.8275862068965517,24,29
test/000020.mp4,000020,resnet50,h264_18_keepaudio,fake,real,0.8260869565217391,0.5357142857142857,0.8275862068965517,24,29
test/000020.mp4,000020,resnet50,h264_23_keepaudio,fake,real,0.6521739130434783,0.5357142857142857,0.8275862068965517,24,29
test/000020.mp4,000020,resnet50,h264_28_keepaudio,fake,real,0.5652173913043478,0.5357142857142857,0.8620689655172413,24,29
test/000020.mp4,000020,resnet50,h264_33_keepaudio,fake,real,0.7391304347826086,0.5357142857142857,0.896551724137931,24,29
test/000020.mp4,000020,resnet50,h264_38_keepaudio,fake,real,0.7391304347826086,0.5357142857142857,0.7931034482758621,24,29
test/000020.mp4,000020,resnet50,h264_43_keepaudio,fake,real,0.6086956521739131,0.5357142857142857,0.8620689655172413,24,29
test/000021.mp4,000021,resnet50,clean,fake,fake,0.68,0.5161290322580645,0.875,26,32
test/000021.mp4,000021,resnet50,jpeg_10,fake,fake,0.72,0.5161290322580645,0.90625,26,32
test/000021.mp4,000021,resnet50,jpeg_20,fake,fake,0.8,0.5161290322580645,0.9375,26,32
test/000021.mp4,000021,resnet50,jpeg_30,fake,fake,0.6,0.5161290322580645,0.90625,26,32
test/000021.mp4,000021,resnet50,jpeg_40,fake,fake,0.84,0.5161290322580645,0.875,26,32
test/000021.mp4,000021,resnet50,jpeg_50,fake,fake,0.64,0.5161290322580645,0.875,26,32
test/000021.mp4,000021,resnet50,jpeg_60,fake,fake,0.68,0.5161290322580645,0.84375,26,32
test/000021.mp4,000021,resnet50,jpeg_70,fake,fake,0.84,0.5161290322580645,0.90625,26,32
test/000021.mp4,000021,resnet50,jpeg_80,fake,fake,0.64,0.5161290322580645,0.90625,26,32
test/000021.mp4,000021,resnet50,jpeg_90,fake,fake,0.68,0.5161290322580645,0.875,26,32
test/000021.mp4,000021,resnet50,jpeg_95,fake,fake,0.72,0.5161290322580645,0.875,26,32
test/000021.mp4,000021,resnet50,h264_18_keepaudio,fake,fake,0.68,0.5161290322580645,0.875,26,32
test/000021.mp4,000021,resnet50,h264_23_keepaudio,fake,fake,0.76,0.5161290322580645,0.84375,26,32
test/000021.mp4,000021,resnet50,h264_28_keepaudio,fake,fake,0.64,0.5161290322580645,0.90625,26,32
test/000021.mp4,000021,resnet50,h264_33_keepaudio,fake,fake,0.56,0.5161290322580645,0.875,26,32
test/000021.mp4,000021,resnet50,h264_38_keepaudio,fake,fake,0.52,0.5161290322580645,0.90625,26,32
test/000021.mp4,000021,resnet50,h264_43_keepaudio,fake,fake,0.88,0.5161290322580645,0.90625,26,32
test/000022.mp4,000022,resnet50,clean,fake,fake,0.7916666666666666,0.5862068965517241,0.8333333333333334,25,30
test/000022.mp4,000022,resnet50,jpeg_10,fake,fake,0.75,0.5862068965517241,0.8333333333333334,25,30
test/000022.mp4,000022,resnet50,jpeg_20,fake,fake,0.9166666666666666,0.5862068965517241,0.9,25,30
test/000022.mp4,000022,resnet50,jpeg_30,fake,fake,0.75,0.5862068965517241,0.8333333333333334,25,30
test/000022.mp4,000022,resnet50,jpeg_40,fake,fake,0.8333333333333334,0.5862068965517241,0.8333333333333334,25,30
test/000022.mp4,000022,resnet50,jpeg_50,fake,fake,0.8333333333333334,0.5862068965517241,0.8333333333333334,25,30
test/000022.mp4,000022,resnet50,jpeg_60,fake,fake,0.8333333333333334,0.5862068965517241,0.8666666666666667,25,30
test/000022.mp4,000022,resnet50,jpeg_70,fake,fake,0.75,0.5862068965517241,0.7333333333333333,25,30
test/000022.mp4,000022,resnet50,jpeg_80,fake,fake,0.625,0.5862068965517241,0.8,25,30
test/000022.mp4,000022,resnet50,jpeg_90,fake,fake,0.7083333333333334,0.5862068965517241,0.7666666666666667,25,30
test/000022.mp4,000022,resnet50,jpeg_95,fake,fake,0.875,0.5862068965517241,0.8333333333333334,25,30
test/000022.mp4,000022,resnet50,h264_18_keepaudio,fake,fake,0.75,0.5862068965517241,0.8333333333333334,25,30
test/000022.mp4,000022,resnet50,h264_23_keepaudio,fake,fake,0.6666666666666666,0.5862068965517241,0.8666666666666667,25,30
test/000022.mp4,000022,resnet50,h264_28_keepaudio,fake,fake,0.7083333333333334,0.5862068965517241,0.9333333333333333,25,30
test/000022.mp4,000022,resnet50,h264_33_keepaudio,fake,fake,0.5416666666666666,0.5862068965517241,0.8,25,30
test/000022.mp4,000022,resnet50,h264_38_keepaudio,fake,fake,0.625,0.5862068965517241,0.8666666666666667,25,30
test/000022.mp4,000022,resnet50,h264_43_keepaudio,fake,fake,0.6666666666666666,0.5862068965517241,0.8333333333333334,25,30
test/000023.mp4,000023,resnet50,clean,fake,fake,0.8,0.5161290322580645,0.875,26,32
test/000023.mp4,000023,resnet50,jpeg_10,fake,fake,0.76,0.5161290322580645,0.875,26,32
test/000023.mp4,000023,resnet50,jpeg_20,fake,fake,0.84,0.5161290322580645,0.90625,26,32
test/000023.mp4,000023,resnet50,jpeg_30,fake,fake,0.76,0.5161290322580645,0.90625,26,32
test/000023.mp4,000023,resnet50,jpeg_40,fake,fake,0.84,0.5161290322580645,0.8125,26,32
test/000023.mp4,000023,resnet50,jpeg_50,fake,fake,0.8,0.5161290322580645,0.875,26,32
test/000023.mp4,000023,resnet50,jpeg_60,fake,fake,0.88,0.5161290322580645,0.875,26,32
test/000023.mp4,000023,resnet50,jpeg_70,fake,fake,0.8,0.5161290322580645,0.78125,26,32
test/000023.mp4,000023,resnet50,jpeg_80,fake,fake,0.84,0.5161290322580645,0.875,26,32
test/000023.mp4,000023,resnet50,jpeg_90,fake,fake,0.84,0.5161290322580645,0.875,26,32
test/000023.mp4,000023,resnet50,jpeg_95,fake,fake,0.8,0.5161290322580645,0.875,26,32
test/000023.mp4,000023,resnet50,h264_18_keepaudio,fake,fake,0.72,0.5161290322580645,0.84375,26,32
test/000023.mp4,000023,resnet50,h264_23_keepaudio,fake,fake,0.84,0.5161290322580645,0.875,26,32
test/000023.mp4,000023,resnet50,h264_28_keepaudio,fake,fake,0.56,0.5161290322580645,0.90625,26,32
test/000023.mp4,000023,resnet50,h264_33_keepaudio,fake,fake,0.76,0.5161290322580645,0.875,26,32
test/000023.mp4,000023,resnet50,h264_38_keepaudio,fake,fake,0.64,0.5161290322580645,0.90625,26,32
test/000023.mp4,000023,resnet50,h264_43_keepaudio,fake,fake,0.8,0.5161290322580645,0.78125,26,32
test/000024.mp4,000024,resnet50,clean,fake,real,0.782608695652174,0.8823529411764706,0.4857142857142857,24,35
test/000024.mp4,000024,resnet50,jpeg_10,fake,real,0.782608695652174,0.8823529411764706,0.5714285714285714,24,35
test/000024.mp4,000024,resnet50,jpeg_20,fake,real,0.625,0.8823529411764706,0.5142857142857142,25,35
test/000024.mp4,000024,resnet50,jpeg_30,fake,real,0.5652173913043478,0.8823529411764706,0.5142857142857142,24,35
test/000024.mp4,000024,resnet50,jpeg_40,fake,real,0.6666666666666666,0.8823529411764706,0.5142857142857142,25,35
test/000024.mp4,000024,resnet50,jpeg_50,fake,real,0.782608695652174,0.8823529411764706,0.4857142857142857,24,35
test/000024.mp4,000024,resnet50,jpeg_60,fake,real,0.6086956521739131,0.8823529411764706,0.5428571428571428,24,35
test/000024.mp4,000024,resnet50,jpeg_70,fake,real,0.7916666666666666,0.8823529411764706,0.5428571428571428,25,35
test/000024.mp4,000024,resnet50,jpeg_80,fake,real,0.6956521739130435,0.8823529411764706,0.5428571428571428,24,35
test/000024.mp4,000024,resnet50,jpeg_90,fake,real,0.8695652173913043,0.8823529411764706,0.4857142857142857,24,35
test/000024.mp4,000024,resnet50,jpeg_95,fake,real,0.7916666666666666,0.8823529411764706,0.45714285714285713,25,35
test/000024.mp4,000024,resnet50,h264_18_keepaudio,fake,real,0.6956521739130435,0.8823529411764706,0.42857142857142855,24,35
test/000024.mp4,000024,resnet50,h264_23_keepaudio,fake,real,0.6956521739130435,0.8823529411764706,0.5428571428571428,24,35
test/000024.mp4,000024,resnet50,h264_28_keepaudio,fake,real,0.5416666666666666,0.8823529411764706,0.4,25,35
test/000024.mp4,000024,resnet50,h264_33_keepaudio,fake,real,0.7391304347826086,0.8823529411764706,0.34285714285714286,24,35
test/000024.mp4,000024,resnet50,h264_38_keepaudio,fake,real,0.6956521739130435,0.8823529411764706,0.6285714285714286,24,35
test/000024.mp4,000024,resnet50,h264_43_keepaudio,fake,real,0.72,0.8823529411764706,0.3142857142857143,26,35
test/000025.mp4,000025,resnet50,clean,fake,fake,0.7692307692307693,0.7297297297297297,0.631578947368421,27,38
test/000025.mp4,000025,resnet50,jpeg_10,fake,fake,0.9230769230769231,0.7297297297297297,0.42105263157894735,27,38
test/000025.mp4,000025,resnet50,jpeg_20,fake,fake,0.64,0.7297297297297297,0.5263157894736842,26,38
test/000025.mp4,000025,resnet50,jpeg_30,fake,fake,0.56,0.7297297297297297,0.5789473684210527,26,38
test/000025.mp4,000025,resnet50,jpeg_40,fake,fake,0.6,0.7297297297297297,0.5789473684210527,26,38
test/000025.mp4,000025,resnet50,jpeg_50,fake,fake,0.68,0.7297297297297297,0.5526315789473685,26,38
test/000025.mp4,000025,resnet50,jpeg_60,fake,fake,0.72,0.7297297297297297,0.6052631578947368,26,38
test/000025.mp4,000025,resnet50,jpeg_70,fake,fake,0.6,0.7297297297297297,0.5789473684210527,26,38
test/000025.mp4,000025,resnet50,jpeg_80,fake,fake,0.68,0.7297297297297297,0.6052631578947368,26,38
test/000025.mp4,000025,resnet50,jpeg_90,fake,fake,0.6,0.7297297297297297,0.5789473684210527,26,38
test/000025.mp4,000025,resnet50,jpeg_95,fake,fake,0.72,0.7297297297297297,0.631578947368421,26,38
test/000025.mp4,000025,resnet50,h264_18_keepaudio,fake,fake,0.6,0.7297297297297297,0.6052631578947368,26,38
test/000025.mp4,000025,resnet50,h264_23_keepaudio,fake,fake,0.64,0.7297297297297297,0.5789473684210527,26,38
test/000025.mp4,000025,resnet50,h264_28_keepaudio,fake,fake,0.6923076923076923,0.7297297297297297,0.631578947368421,27,38
test/000025.mp4,000025,resnet50,h264_33_keepaudio,fake,fake,0.7692307692307693,0.7297297297297297,0.7368421052631579,27,38
test/000025.mp4,000025,resnet50,h264_38_keepaudio,fake,fake,0.6,0.7297297297297297,0.7631578947368421,26,38
test/000025.mp4,000025,resnet50,h264_43_keepaudio,fake,fake,0.5333333333333333,0.7297297297297297,0.42105263157894735,31,38
test/000026.mp4,000026,resnet50,clean,fake,fake,0.875,0.7714285714285715,0.6111111111111112,25,36
test/000026.mp4,000026,resnet50,jpeg_10,fake,fake,0.9166666666666666,0.7714285714285715,0.4166666666666667,25,36
test/000026.mp4,000026,resnet50,jpeg_20,fake,fake,0.7391304347826086,0.7714285714285715,0.4722222222222222,24,36
test/000026.mp4,000026,resnet50,jpeg_30,fake,fake,0.7391304347826086,0.7714285714285715,0.5277777777777778,24,36
test/000026.mp4,000026,resnet50,jpeg_40,fake,fake,0.6956521739130435,0.7714285714285715,0.5833333333333334,24,36
test/000026.mp4,000026,resnet50,jpeg_50,fake,fake,0.6521739130434783,0.7714285714285715,0.5833333333333334,24,36
test/000026.mp4,000026,resnet50,jpeg_60,fake,fake,0.6956521739130435,0.7714285714285715,0.5833333333333334,24,36
test/000026.mp4,000026,resnet50,jpeg_70,fake,fake,0.7391304347826086,0.7714285714285715,0.5277777777777778,24,36
test/000026.mp4,000026,resnet50,jpeg_80,fake,fake,0.782608695652174,0.7714285714285715,0.5555555555555556,24,36
test/000026.mp4,000026,resnet50,jpeg_90,fake,fake,0.6956521739130435,0.7714285714285715,0.6388888888888888,24,36
test/000026.mp4,000026,resnet50,jpeg_95,fake,fake,0.8260869565217391,0.7714285714285715,0.6666666666666666,24,36
test/000026.mp4,000026,resnet50,h264_18_keepaudio,fake,fake,0.6956521739130435,0.7714285714285715,0.5833333333333334,24,36
test/000026.mp4,000026,resnet50,h264_23_keepaudio,fake,fake,0.6956521739130435,0.7714285714285715,0.6666666666666666,24,36
test/000026.mp4,000026,resnet50,h264_28_keepaudio,fake,fake,0.7916666666666666,0.7714285714285715,0.5833333333333334,25,36
test/000026.mp4,000026,resnet50,h264_33_keepaudio,fake,fake,0.75,0.7714285714285715,0.6666666666666666,25,36
test/000026.mp4,000026,resnet50,h264_38_keepaudio,fake,fake,0.5652173913043478,0.7714285714285715,0.6666666666666666,24,36
test/000026.mp4,000026,resnet50,h264_43_keepaudio,fake,fake,0.5357142857142857,0.7714285714285715,0.5555555555555556,29,36
test/000027.mp4,000027,resnet50,clean,fake,fake,0.6153846153846154,0.7567567567567568,0.5263157894736842,27,38
test/000027.mp4,000027,resnet50,jpeg_10,fake,fake,0.9615384615384616,0.7567567567567568,0.39473684210526316,27,38
test/000027.mp4,000027,resnet50,jpeg_20,fake,fake,0.68,0.7567567567567568,0.5263157894736842,26,38
test/000027.mp4,000027,resnet50,jpeg_30,fake,fake,0.72,0.7567567567567568,0.5526315789473685,26,38
test/000027.mp4,000027,resnet50,jpeg_40,fake,fake,0.6,0.7567567567567568,0.5526315789473685,26,38
test/000027.mp4,000027,resnet50,jpeg_50,fake,fake,0.56,0.7567567567567568,0.5789473684210527,26,38
test/000027.mp4,000027,resnet50,jpeg_60,fake,fake,0.64,0.7567567567567568,0.5263157894736842,26,38
test/000027.mp4,000027,resnet50,jpeg_70,fake,fake,0.56,0.7567567567567568,0.5263157894736842,26,38
test/000027.mp4,000027,resnet50,jpeg_80,fake,fake,0.6,0.7567567567567568,0.5263157894736842,26,38
test/000027.mp4,000027,resnet50,jpeg_90,fake,fake,0.68,0.7567567567567568,0.5789473684210527,26,38
test/000027.mp4,000027,resnet50,jpeg_95,fake,fake,0.6,0.7567567567567568,0.6052631578947368,26,38
test/000027.mp4,000027,resnet50,h264_18_keepaudio,fake,fake,0.64,0.7567567567567568,0.5526315789473685,26,38
test/000027.mp4,000027,resnet50,h264_23_keepaudio,fake,fake,0.44,0.7567567567567568,0.631578947368421,26,38
test/000027.mp4,000027,resnet50,h264_28_keepaudio,fake,fake,0.6538461538461539,0.7567567567567568,0.631578947368421,27,38
test/000027.mp4,000027,resnet50,h264_33_keepaudio,fake,fake,0.5384615384615384,0.7567567567567568,0.7105263157894737,27,38
test/000027.mp4,000027,resnet50,h264_38_keepaudio,fake,fake,0.56,0.7567567567567568,0.6578947368421053,26,38
test/000027.mp4,000027,resnet50,h264_43_keepaudio,fake,fake,0.5333333333333333,0.7567567567567568,0.5526315789473685,31,38
test/000028.mp4,000028,resnet50,clean,fake,real,0.7727272727272727,0.6538461538461539,0.5185185185185185,23,27
test/000028.mp4,000028,resnet50,jpeg_10,fake,real,0.7272727272727273,0.6538461538461539,0.5185185185185185,23,27
test/000028.mp4,000028,resnet50,jpeg_20,fake,real,0.7272727272727273,0.6538461538461539,0.5185185185185185,23,27
test/000028.mp4,000028,resnet50,jpeg_30,fake,real,0.7272727272727273,0.6538461538461539,0.5555555555555556,23,27
test/000028.mp4,000028,resnet50,jpeg_40,fake,real,0.7272727272727273,0.6538461538461539,0.48148148148148145,23,27
test/000028.mp4,000028,resnet50,jpeg_50,fake,real,0.7272727272727273,0.6538461538461539,0.48148148148148145,23,27
test/000028.mp4,000028,resnet50,jpeg_60,fake,real,0.8181818181818182,0.6538461538461539,0.5555555555555556,23,27
test/000028.mp4,000028,resnet50,jpeg_70,fake,real,0.7727272727272727,0.6538461538461539,0.5185185185185185,23,27
test/000028.mp4,000028,resnet50,jpeg_80,fake,real,0.8181818181818182,0.6538461538461539,0.5185185185185185,23,27
test/000028.mp4,000028,resnet50,jpeg_90,fake,real,0.7727272727272727,0.6538461538461539,0.5185185185185185,23,27
test/000028.mp4,000028,resnet50,jpeg_95,fake,real,0.7272727272727273,0.6538461538461539,0.5555555555555556,23,27
test/000028.mp4,000028,resnet50,h264_18_keepaudio,fake,real,0.7727272727272727,0.6538461538461539,0.4444444444444444,23,27
test/000028.mp4,000028,resnet50,h264_23_keepaudio,fake,real,0.7727272727272727,0.6538461538461539,0.48148148148148145,23,27
test/000028.mp4,000028,resnet50,h264_28_keepaudio,fake,real,0.8181818181818182,0.6538461538461539,0.5185185185185185,23,27
test/000028.mp4,000028,resnet50,h264_33_keepaudio,fake,real,0.7727272727272727,0.6538461538461539,0.5185185185185185,23,27
test/000028.mp4,000028,resnet50,h264_38_keepaudio,fake,real,0.5909090909090909,0.6538461538461539,0.5925925925925926,23,27
test/000028.mp4,000028,resnet50,h264_43_keepaudio,fake,real,0.7727272727272727,0.6538461538461539,0.5185185185185185,23,27
test/000029.mp4,000029,resnet50,clean,fake,fake,0.8333333333333334,0.6333333333333333,0.5483870967741935,25,31
test/000029.mp4,000029,resnet50,jpeg_10,fake,fake,0.7916666666666666,0.6333333333333333,0.6129032258064516,25,31
test/000029.mp4,000029,resnet50,jpeg_20,fake,fake,0.875,0.6333333333333333,0.5806451612903226,25,31
test/000029.mp4,000029,resnet50,jpeg_30,fake,fake,0.7916666666666666,0.6333333333333333,0.5806451612903226,25,31
test/000029.mp4,000029,resnet50,jpeg_40,fake,fake,0.7916666666666666,0.6333333333333333,0.5483870967741935,25,31
test/000029.mp4,000029,resnet50,jpeg_50,fake,fake,0.8333333333333334,0.6333333333333333,0.5483870967741935,25,31
test/000029.mp4,000029,resnet50,jpeg_60,fake,fake,0.7916666666666666,0.6333333333333333,0.5483870967741935,25,31
test/000029.mp4,000029,resnet50,jpeg_70,fake,fake,0.7916666666666666,0.6333333333333333,0.5483870967741935,25,31
test/000029.mp4,000029,resnet50,jpeg_80,fake,fake,0.8333333333333334,0.6333333333333333,0.5161290322580645,25,31
test/000029.mp4,000029,resnet50,jpeg_90,fake,fake,0.75,0.6333333333333333,0.5161290322580645,25,31
test/000029.mp4,000029,resnet50,jpeg_95,fake,fake,0.7916666666666666,0.6333333333333333,0.5483870967741935,25,31
test/000029.mp4,000029,resnet50,h264_18_keepaudio,fake,fake,0.8333333333333334,0.6333333333333333,0.5483870967741935,25,31
test/000029.mp4,000029,resnet50,h264_23_keepaudio,fake,fake,0.8333333333333334,0.6333333333333333,0.5806451612903226,25,31
test/000029.mp4,000029,resnet50,h264_28_keepaudio,fake,fake,0.75,0.6333333333333333,0.5806451612903226,25,31
test/000029.mp4,000029,resnet50,h264_33_keepaudio,fake,fake,0.75,0.6333333333333333,0.5806451612903226,25,31
test/000029.mp4,000029,resnet50,h264_38_keepaudio,fake,fake,0.7083333333333334,0.6333333333333333,0.5483870967741935,25,31
test/000029.mp4,000029,resnet50,h264_43_keepaudio,fake,fake,0.6666666666666666,0.6333333333333333,0.7096774193548387,25,31
test/000030.mp4,000030,resnet50,clean,fake,fake,0.6818181818181818,0.7037037037037037,0.4642857142857143,23,28
test/000030.mp4,000030,resnet50,jpeg_10,fake,fake,0.7727272727272727,0.7037037037037037,0.5357142857142857,23,28
test/000030.mp4,000030,resnet50,jpeg_20,fake,fake,0.8636363636363636,0.7037037037037037,0.4642857142857143,23,28
test/000030.mp4,000030,resnet50,jpeg_30,fake,fake,0.9090909090909091,0.7037037037037037,0.5,23,28
test/000030.mp4,000030,resnet50,jpeg_40,fake,fake,0.7727272727272727,0.7037037037037037,0.4642857142857143,23,28
test/000030.mp4,000030,resnet50,jpeg_50,fake,fake,0.6818181818181818,0.7037037037037037,0.4642857142857143,23,28
test/000030.mp4,000030,resnet50,jpeg_60,fake,fake,0.7727272727272727,0.7037037037037037,0.4642857142857143,23,28
test/000030.mp4,000030,resnet50,jpeg_70,fake,fake,0.8181818181818182,0.7037037037037037,0.4642857142857143,23,28
test/000030.mp4,000030,resnet50,jpeg_80,fake,fake,0.8181818181818182,0.7037037037037037,0.4642857142857143,23,28
test/000030.mp4,000030,resnet50,jpeg_90,fake,fake,0.7727272727272727,0.7037037037037037,0.4642857142857143,23,28
test/000030.mp4,000030,resnet50,jpeg_95,fake,fake,0.7727272727272727,0.7037037037037037,0.4642857142857143,23,28
test/000030.mp4,000030,resnet50,h264_18_keepaudio,fake,fake,0.8181818181818182,0.7037037037037037,0.4642857142857143,23,28
test/000030.mp4,000030,resnet50,h264_23_keepaudio,fake,fake,0.8181818181818182,0.7037037037037037,0.5,23,28
test/000030.mp4,000030,resnet50,h264_28_keepaudio,fake,fake,0.8636363636363636,0.7037037037037037,0.5,23,28
test/000030.mp4,000030,resnet50,h264_33_keepaudio,fake,fake,0.8636363636363636,0.7037037037037037,0.5,23,28
test/000030.mp4,000030,resnet50,h264_38_keepaudio,fake,fake,0.8636363636363636,0.7037037037037037,0.5357142857142857,23,28
test/000030.mp4,000030,resnet50,h264_43_keepaudio,fake,fake,0.5454545454545454,0.7037037037037037,0.6071428571428571,23,28
test/000031.mp4,000031,resnet50,clean,fake,fake,0.8333333333333334,0.6333333333333333,0.5483870967741935,25,31
test/000031.mp4,000031,resnet50,jpeg_10,fake,fake,0.75,0.6333333333333333,0.6451612903225806,25,31
test/000031.mp4,000031,resnet50,jpeg_20,fake,fake,0.9166666666666666,0.6333333333333333,0.5806451612903226,25,31
test/000031.mp4,000031,resnet50,jpeg_30,fake,fake,0.9166666666666666,0.6333333333333333,0.5806451612903226,25,31
test/000031.mp4,000031,resnet50,jpeg_40,fake,fake,0.75,0.6333333333333333,0.5483870967741935,25,31
test/000031.mp4,000031,resnet50,jpeg_50,fake,fake,0.8333333333333334,0.6333333333333333,0.5483870967741935,25,31
test/000031.mp4,000031,resnet50,jpeg_60,fake,fake,0.75,0.6333333333333333,0.5161290322580645,25,31
test/000031.mp4,000031,resnet50,jpeg_70,fake,fake,0.8333333333333334,0.6333333333333333,0.5483870967741935,25,31
test/000031.mp4,000031,resnet50,jpeg_80,fake,fake,0.8333333333333334,0.6333333333333333,0.5483870967741935,25,31
test/000031.mp4,000031,resnet50,jpeg_90,fake,fake,0.8333333333333334,0.6333333333333333,0.5483870967741935,25,31
test/000031.mp4,000031,resnet50,jpeg_95,fake,fake,0.8333333333333334,0.6333333333333333,0.5483870967741935,25,31
test/000031.mp4,000031,resnet50,h264_18_keepaudio,fake,fake,0.8333333333333334,0.6333333333333333,0.5483870967741935,25,31
test/000031.mp4,000031,resnet50,h264_23_keepaudio,fake,fake,0.875,0.6333333333333333,0.5806451612903226,25,31
test/000031.mp4,000031,resnet50,h264_28_keepaudio,fake,fake,0.8333333333333334,0.6333333333333333,0.6451612903225806,25,31
test/000031.mp4,000031,resnet50,h264_33_keepaudio,fake,fake,0.8333333333333334,0.6333333333333333,0.6129032258064516,25,31
test/000031.mp4,000031,resnet50,h264_38_keepaudio,fake,fake,0.8333333333333334,0.6333333333333333,0.6774193548387096,25,31
test/000031.mp4,000031,resnet50,h264_43_keepaudio,fake,fake,0.7916666666666666,0.6333333333333333,0.7419354838709677,25,31
test/000032.mp4,000032,resnet50,clean,fake,real,0.6875,0.7368421052631579,0.7,17,20
test/000032.mp4,000032,resnet50,jpeg_10,fake,real,0.9375,0.7368421052631579,0.6,17,20
test/000032.mp4,000032,resnet50,jpeg_20,fake,real,0.875,0.7368421052631579,0.6,17,20
test/000032.mp4,000032,resnet50,jpeg_30,fake,real,0.75,0.7368421052631579,0.7,17,20
test/000032.mp4,000032,resnet50,jpeg_40,fake,real,0.875,0.7368421052631579,0.6,17,20
test/000032.mp4,000032,resnet50,jpeg_50,fake,real,0.6875,0.7368421052631579,0.7,17,20
test/000032.mp4,000032,resnet50,jpeg_60,fake,real,0.6875,0.7368421052631579,0.7,17,20
test/000032.mp4,000032,resnet50,jpeg_70,fake,real,0.625,0.7368421052631579,0.75,17,20
test/000032.mp4,000032,resnet50,jpeg_80,fake,real,0.5625,0.7368421052631579,0.75,17,20
test/000032.mp4,000032,resnet50,jpeg_90,fake,real,0.6875,0.7368421052631579,0.75,17,20
test/000032.mp4,000032,resnet50,jpeg_95,fake,real,0.75,0.7368421052631579,0.7,17,20
test/000032.mp4,000032,resnet50,h264_18_keepaudio,fake,real,0.625,0.7368421052631579,0.7,17,20
test/000032.mp4,000032,resnet50,h264_23_keepaudio,fake,real,0.625,0.7368421052631579,0.75,17,20
test/000032.mp4,000032,resnet50,h264_28_keepaudio,fake,real,0.6875,0.7368421052631579,0.7,17,20
test/000032.mp4,000032,resnet50,h264_33_keepaudio,fake,real,0.5,0.7368421052631579,0.55,17,20
test/000032.mp4,000032,resnet50,h264_38_keepaudio,fake,real,0.6875,0.7368421052631579,0.7,17,20
test/000032.mp4,000032,resnet50,h264_43_keepaudio,fake,real,0.5,0.7368421052631579,0.7,17,20
test/000033.mp4,000033,resnet50,clean,fake,fake,0.8421052631578947,0.782608695652174,0.625,20,24
test/000033.mp4,000033,resnet50,jpeg_10,fake,fake,0.8421052631578947,0.782608695652174,0.5833333333333334,20,24
test/000033.mp4,000033,resnet50,jpeg_20,fake,fake,0.9473684210526315,0.782608695652174,0.5833333333333334,20,24
test/000033.mp4,000033,resnet50,jpeg_30,fake,fake,0.631578947368421,0.782608695652174,0.75,20,24
test/000033.mp4,000033,resnet50,jpeg_40,fake,fake,0.9473684210526315,0.782608695652174,0.625,20,24
test/000033.mp4,000033,resnet50,jpeg_50,fake,fake,0.631578947368421,0.782608695652174,0.625,20,24
test/000033.mp4,000033,resnet50,jpeg_60,fake,fake,0.7894736842105263,0.782608695652174,0.5833333333333334,20,24
test/000033.mp4,000033,resnet50,jpeg_70,fake,fake,0.631578947368421,0.782608695652174,0.6666666666666666,20,24
test/000033.mp4,000033,resnet50,jpeg_80,fake,fake,1.0,0.782608695652174,0.5833333333333334,20,24
test/000033.mp4,000033,resnet50,jpeg_90,fake,fake,0.7368421052631579,0.782608695652174,0.6666666666666666,20,24
test/000033.mp4,000033,resnet50,jpeg_95,fake,fake,0.6842105263157895,0.782608695652174,0.625,20,24
test/000033.mp4,000033,resnet50,h264_18_keepaudio,fake,fake,0.5789473684210527,0.782608695652174,0.6666666666666666,20,24
test/000033.mp4,000033,resnet50,h264_23_keepaudio,fake,fake,0.7368421052631579,0.782608695652174,0.6666666666666666,20,24
test/000033.mp4,000033,resnet50,h264_28_keepaudio,fake,fake,0.42105263157894735,0.782608695652174,0.6666666666666666,20,24
test/000033.mp4,000033,resnet50,h264_33_keepaudio,fake,fake,0.47368421052631576,0.782608695652174,0.6666666666666666,20,24
test/000033.mp4,000033,resnet50,h264_38_keepaudio,fake,fake,0.42105263157894735,0.782608695652174,0.5,20,24
test/000033.mp4,000033,resnet50,h264_43_keepaudio,fake,fake,0.631578947368421,0.782608695652174,0.75,20,24
test/000034.mp4,000034,resnet50,clean,fake,fake,0.75,0.8,0.6190476190476191,17,21
test/000034.mp4,000034,resnet50,jpeg_10,fake,fake,0.875,0.8,0.5238095238095238,17,21
test/000034.mp4,000034,resnet50,jpeg_20,fake,fake,0.9375,0.8,0.5714285714285714,17,21
test/000034.mp4,000034,resnet50,jpeg_30,fake,fake,0.75,0.8,0.6190476190476191,17,21
test/000034.mp4,000034,resnet50,jpeg_40,fake,fake,0.875,0.8,0.5714285714285714,17,21
test/000034.mp4,000034,resnet50,jpeg_50,fake,fake,0.9375,0.8,0.5238095238095238,17,21
test/000034.mp4,000034,resnet50,jpeg_60,fake,fake,0.75,0.8,0.5714285714285714,17,21
test/000034.mp4,000034,resnet50,jpeg_70,fake,fake,0.75,0.8,0.6190476190476191,17,21
test/000034.mp4,000034,resnet50,jpeg_80,fake,fake,0.875,0.8,0.6190476190476191,17,21
test/000034.mp4,000034,resnet50,jpeg_90,fake,fake,0.8125,0.8,0.6190476190476191,17,21
test/000034.mp4,000034,resnet50,jpeg_95,fake,fake,0.6875,0.8,0.6190476190476191,17,21
test/000034.mp4,000034,resnet50,h264_18_keepaudio,fake,fake,0.75,0.8,0.5714285714285714,17,21
test/000034.mp4,000034,resnet50,h264_23_keepaudio,fake,fake,0.8125,0.8,0.6190476190476191,17,21
test/000034.mp4,000034,resnet50,h264_28_keepaudio,fake,fake,0.3125,0.8,0.5714285714285714,17,21
test/000034.mp4,000034,resnet50,h264_33_keepaudio,fake,fake,0.625,0.8,0.6666666666666666,17,21
test/000034.mp4,000034,resnet50,h264_38_keepaudio,fake,fake,0.5625,0.8,0.7142857142857143,17,21
test/000034.mp4,000034,resnet50,h264_43_keepaudio,fake,fake,0.5625,0.8,0.6666666666666666,17,21
test/000035.mp4,000035,resnet50,clean,fake,fake,0.8421052631578947,0.8695652173913043,0.625,20,24
test/000035.mp4,000035,resnet50,jpeg_10,fake,fake,0.7368421052631579,0.8695652173913043,0.625,20,24
test/000035.mp4,000035,resnet50,jpeg_20,fake,fake,0.7894736842105263,0.8695652173913043,0.5833333333333334,20,24
test/000035.mp4,000035,resnet50,jpeg_30,fake,fake,0.6842105263157895,0.8695652173913043,0.7083333333333334,20,24
test/000035.mp4,000035,resnet50,jpeg_40,fake,fake,0.8421052631578947,0.8695652173913043,0.625,20,24
test/000035.mp4,000035,resnet50,jpeg_50,fake,fake,0.8947368421052632,0.8695652173913043,0.5,20,24
test/000035.mp4,000035,resnet50,jpeg_60,fake,fake,0.5789473684210527,0.8695652173913043,0.625,20,24
test/000035.mp4,000035,resnet50,jpeg_70,fake,fake,0.7894736842105263,0.8695652173913043,0.6666666666666666,20,24
test/000035.mp4,000035,resnet50,jpeg_80,fake,fake,0.7368421052631579,0.8695652173913043,0.6666666666666666,20,24
test/000035.mp4,000035,resnet50,jpeg_90,fake,fake,0.8421052631578947,0.8695652173913043,0.625,20,24
test/000035.mp4,000035,resnet50,jpeg_95,fake,fake,0.7368421052631579,0.8695652173913043,0.6666666666666666,20,24
test/000035.mp4,000035,resnet50,h264_18_keepaudio,fake,fake,0.631578947368421,0.8695652173913043,0.6666666666666666,20,24
test/000035.mp4,000035,resnet50,h264_23_keepaudio,fake,fake,0.7368421052631579,0.8695652173913043,0.6666666666666666,20,24
test/000035.mp4,000035,resnet50,h264_28_keepaudio,fake,fake,0.631578947368421,0.8695652173913043,0.6666666666666666,20,24
test/000035.mp4,000035,resnet50,h264_33_keepaudio,fake,fake,0.5789473684210527,0.8695652173913043,0.6666666666666666,20,24
test/000035.mp4,000035,resnet50,h264_38_keepaudio,fake,fake,0.7368421052631579,0.8695652173913043,0.6666666666666666,20,24
test/000035.mp4,000035,resnet50,h264_43_keepaudio,fake,fake,0.5263157894736842,0.8695652173913043,0.75,20,24
test/000036.mp4,000036,resnet50,clean,fake,real,0.75,0.7058823529411765,0.6666666666666666,9,18
test/000036.mp4,000036,resnet50,jpeg_10,fake,real,0.7142857142857143,0.7058823529411765,0.7222222222222222,8,18
test/000036.mp4,000036,resnet50,jpeg_20,fake,real,0.6666666666666666,0.7058823529411765,0.6666666666666666,10,18
test/000036.mp4,000036,resnet50,jpeg_30,fake,real,0.4444444444444444,0.7058823529411765,0.6666666666666666,10,18
test/000036.mp4,000036,resnet50,jpeg_40,fake,real,0.6666666666666666,0.7058823529411765,0.7777777777777778,10,18
test/000036.mp4,000036,resnet50,jpeg_50,fake,real,0.75,0.7058823529411765,0.6666666666666666,9,18
test/000036.mp4,000036,resnet50,jpeg_60,fake,real,0.4,0.7058823529411765,0.6666666666666666,11,18
test/000036.mp4,000036,resnet50,jpeg_70,fake,real,0.625,0.7058823529411765,0.6666666666666666,9,18
test/000036.mp4,000036,resnet50,jpeg_80,fake,real,0.4444444444444444,0.7058823529411765,0.6666666666666666,10,18
test/000036.mp4,000036,resnet50,jpeg_90,fake,real,0.5,0.7058823529411765,0.6666666666666666,11,18
test/000036.mp4,000036,resnet50,jpeg_95,fake,real,0.6666666666666666,0.7058823529411765,0.6666666666666666,7,18
test/000036.mp4,000036,resnet50,h264_18_keepaudio,fake,real,0.5,0.7058823529411765,0.7222222222222222,7,18
test/000036.mp4,000036,resnet50,h264_23_keepaudio,fake,real,0.875,0.7058823529411765,0.7777777777777778,9,18
test/000036.mp4,000036,resnet50,h264_28_keepaudio,fake,real,0.6666666666666666,0.7058823529411765,0.7777777777777778,7,18
test/000036.mp4,000036,resnet50,h264_33_keepaudio,fake,real,1.0,0.7058823529411765,0.6666666666666666,7,18
test/000036.mp4,000036,resnet50,h264_38_keepaudio,fake,real,1.0,0.7058823529411765,0.9444444444444444,2,18
test/000036.mp4,000036,resnet50,h264_43_keepaudio,fake,real,0.75,0.7058823529411765,0.7222222222222222,5,18
test/000037.mp4,000037,resnet50,clean,fake,fake,0.6666666666666666,0.6666666666666666,0.7368421052631579,10,19
test/000037.mp4,000037,resnet50,jpeg_10,fake,fake,0.8571428571428571,0.6666666666666666,0.5789473684210527,8,19
test/000037.mp4,000037,resnet50,jpeg_20,fake,fake,0.4444444444444444,0.6666666666666666,0.6842105263157895,10,19
test/000037.mp4,000037,resnet50,jpeg_30,fake,fake,1.0,0.6666666666666666,0.7368421052631579,8,19
test/000037.mp4,000037,resnet50,jpeg_40,fake,fake,0.625,0.6666666666666666,0.6842105263157895,9,19
test/000037.mp4,000037,resnet50,jpeg_50,fake,fake,0.45454545454545453,0.6666666666666666,0.7368421052631579,12,19
test/000037.mp4,000037,resnet50,jpeg_60,fake,fake,0.7,0.6666666666666666,0.7368421052631579,11,19
test/000037.mp4,000037,resnet50,jpeg_70,fake,fake,0.8888888888888888,0.6666666666666666,0.7368421052631579,10,19
test/000037.mp4,000037,resnet50,jpeg_80,fake,fake,0.7777777777777778,0.6666666666666666,0.7368421052631579,10,19
test/000037.mp4,000037,resnet50,jpeg_90,fake,fake,0.7777777777777778,0.6666666666666666,0.7368421052631579,10,19
test/000037.mp4,000037,resnet50,jpeg_95,fake,fake,0.7777777777777778,0.6666666666666666,0.7368421052631579,10,19
test/000037.mp4,000037,resnet50,h264_18_keepaudio,fake,fake,0.75,0.6666666666666666,0.7368421052631579,9,19
test/000037.mp4,000037,resnet50,h264_23_keepaudio,fake,fake,0.7777777777777778,0.6666666666666666,0.7894736842105263,10,19
test/000037.mp4,000037,resnet50,h264_28_keepaudio,fake,fake,0.5,0.6666666666666666,0.7368421052631579,9,19
test/000037.mp4,000037,resnet50,h264_33_keepaudio,fake,fake,0.625,0.6666666666666666,0.5263157894736842,9,19
test/000037.mp4,000037,resnet50,h264_38_keepaudio,fake,fake,0.8888888888888888,0.6666666666666666,0.631578947368421,10,19
test/000037.mp4,000037,resnet50,h264_43_keepaudio,fake,fake,0.8571428571428571,0.6666666666666666,0.8947368421052632,8,19
test/000038.mp4,000038,resnet50,clean,fake,fake,0.8181818181818182,0.6470588235294118,0.8333333333333334,12,18
test/000038.mp4,000038,resnet50,jpeg_10,fake,fake,0.25,0.6470588235294118,0.7222222222222222,9,18
test/000038.mp4,000038,resnet50,jpeg_20,fake,fake,0.6666666666666666,0.6470588235294118,0.7222222222222222,13,18
test/000038.mp4,000038,resnet50,jpeg_30,fake,fake,0.6,0.6470588235294118,0.6666666666666666,11,18
test/000038.mp4,000038,resnet50,jpeg_40,fake,fake,0.6666666666666666,0.6470588235294118,0.6666666666666666,10,18
test/000038.mp4,000038,resnet50,jpeg_50,fake,fake,0.4444444444444444,0.6470588235294118,0.8333333333333334,10,18
test/000038.mp4,000038,resnet50,jpeg_60,fake,fake,0.8181818181818182,0.6470588235294118,0.7222222222222222,12,18
test/000038.mp4,000038,resnet50,jpeg_70,fake,fake,0.8,0.6470588235294118,0.7222222222222222,11,18
test/000038.mp4,000038,resnet50,jpeg_80,fake,fake,0.7777777777777778,0.6470588235294118,0.7222222222222222,10,18
test/000038.mp4,000038,resnet50,jpeg_90,fake,fake,0.9,0.6470588235294118,0.8333333333333334,11,18
test/000038.mp4,000038,resnet50,jpeg_95,fake,fake,0.7777777777777778,0.6470588235294118,0.7777777777777778,10,18
test/000038.mp4,000038,resnet50,h264_18_keepaudio,fake,fake,0.75,0.6470588235294118,0.7777777777777778,13,18
test/000038.mp4,000038,resnet50,h264_23_keepaudio,fake,fake,0.45454545454545453,0.6470588235294118,0.7777777777777778,12,18
test/000038.mp4,000038,resnet50,h264_28_keepaudio,fake,fake,0.6666666666666666,0.6470588235294118,0.7222222222222222,13,18
test/000038.mp4,000038,resnet50,h264_33_keepaudio,fake,fake,0.875,0.6470588235294118,0.8333333333333334,9,18
test/000038.mp4,000038,resnet50,h264_38_keepaudio,fake,fake,0.5,0.6470588235294118,0.6666666666666666,11,18
test/000038.mp4,000038,resnet50,h264_43_keepaudio,fake,fake,0.6666666666666666,0.6470588235294118,0.7222222222222222,4,18
test/000039.mp4,000039,resnet50,clean,fake,fake,0.75,0.6666666666666666,0.7368421052631579,9,19
test/000039.mp4,000039,resnet50,jpeg_10,fake,fake,0.6666666666666666,0.6666666666666666,0.631578947368421,7,19
test/000039.mp4,000039,resnet50,jpeg_20,fake,fake,0.375,0.6666666666666666,0.631578947368421,9,19
test/000039.mp4,000039,resnet50,jpeg_30,fake,fake,0.875,0.6666666666666666,0.7894736842105263,9,19
test/000039.mp4,000039,resnet50,jpeg_40,fake,fake,0.6666666666666666,0.6666666666666666,0.631578947368421,7,19
test/000039.mp4,000039,resnet50,jpeg_50,fake,fake,0.6,0.6666666666666666,0.7894736842105263,11,19
test/000039.mp4,000039,resnet50,jpeg_60,fake,fake,0.7,0.6666666666666666,0.7368421052631579,11,19
test/000039.mp4,000039,resnet50,jpeg_70,fake,fake,0.42857142857142855,0.6666666666666666,0.631578947368421,8,19
test/000039.mp4,000039,resnet50,jpeg_80,fake,fake,0.625,0.6666666666666666,0.631578947368421,9,19
test/000039.mp4,000039,resnet50,jpeg_90,fake,fake,0.625,0.6666666666666666,0.631578947368421,9,19
test/000039.mp4,000039,resnet50,jpeg_95,fake,fake,0.625,0.6666666666666666,0.631578947368421,9,19
test/000039.mp4,000039,resnet50,h264_18_keepaudio,fake,fake,1.0,0.6666666666666666,0.7368421052631579,9,19
test/000039.mp4,000039,resnet50,h264_23_keepaudio,fake,fake,0.8,0.6666666666666666,0.631578947368421,11,19
test/000039.mp4,000039,resnet50,h264_28_keepaudio,fake,fake,0.4444444444444444,0.6666666666666666,0.7894736842105263,10,19
test/000039.mp4,000039,resnet50,h264_33_keepaudio,fake,fake,0.7142857142857143,0.6666666666666666,0.7368421052631579,8,19
test/000039.mp4,000039,resnet50,h264_38_keepaudio,fake,fake,1.0,0.6666666666666666,0.7894736842105263,4,19
test/000039.mp4,000039,resnet50,h264_43_keepaudio,fake,fake,0.6666666666666666,0.6666666666666666,0.5789473684210527,4,19
test/000040.mp4,000040,resnet50,clean,fake,real,0.4166666666666667,0.7692307692307693,0.2857142857142857,13,14
test/000040.mp4,000040,resnet50,jpeg_10,fake,real,0.8333333333333334,0.7692307692307693,0.5,13,14
test/000040.mp4,000040,resnet50,jpeg_20,fake,real,0.6666666666666666,0.7692307692307693,0.35714285714285715,13,14
test/000040.mp4,000040,resnet50,jpeg_30,fake,real,0.75,0.7692307692307693,0.42857142857142855,13,14
test/000040.mp4,000040,resnet50,jpeg_40,fake,real,0.9166666666666666,0.7692307692307693,0.42857142857142855,13,14
test/000040.mp4,000040,resnet50,jpeg_50,fake,real,0.6666666666666666,0.7692307692307693,0.35714285714285715,13,14
test/000040.mp4,000040,resnet50,jpeg_60,fake,real,0.5,0.7692307692307693,0.5,13,14
test/000040.mp4,000040,resnet50,jpeg_70,fake,real,0.5,0.7692307692307693,0.35714285714285715,13,14
test/000040.mp4,000040,resnet50,jpeg_80,fake,real,0.75,0.7692307692307693,0.35714285714285715,13,14
test/000040.mp4,000040,resnet50,jpeg_90,fake,real,0.5833333333333334,0.7692307692307693,0.35714285714285715,13,14
test/000040.mp4,000040,resnet50,jpeg_95,fake,real,0.75,0.7692307692307693,0.35714285714285715,13,14
test/000040.mp4,000040,resnet50,h264_18_keepaudio,fake,real,0.5,0.7692307692307693,0.35714285714285715,13,14
test/000040.mp4,000040,resnet50,h264_23_keepaudio,fake,real,0.6666666666666666,0.7692307692307693,0.35714285714285715,13,14
test/000040.mp4,000040,resnet50,h264_28_keepaudio,fake,real,0.5833333333333334,0.7692307692307693,0.42857142857142855,13,14
test/000040.mp4,000040,resnet50,h264_33_keepaudio,fake,real,0.5833333333333334,0.7692307692307693,0.5,13,14
test/000040.mp4,000040,resnet50,h264_38_keepaudio,fake,real,0.75,0.7692307692307693,0.5714285714285714,13,14
test/000040.mp4,000040,resnet50,h264_43_keepaudio,fake,real,0.6666666666666666,0.7692307692307693,0.7857142857142857,13,14
test/000041.mp4,000041,resnet50,clean,fake,fake,0.8461538461538461,0.7142857142857143,0.5333333333333333,14,15
test/000041.mp4,000041,resnet50,jpeg_10,fake,fake,0.9230769230769231,0.7142857142857143,0.4666666666666667,14,15
test/000041.mp4,000041,resnet50,jpeg_20,fake,fake,0.9230769230769231,0.7142857142857143,0.5333333333333333,14,15
test/000041.mp4,000041,resnet50,jpeg_30,fake,fake,0.7692307692307693,0.7142857142857143,0.4666666666666667,14,15
test/000041.mp4,000041,resnet50,jpeg_40,fake,fake,0.7692307692307693,0.7142857142857143,0.7333333333333333,14,15
test/000041.mp4,000041,resnet50,jpeg_50,fake,fake,0.6153846153846154,0.7142857142857143,0.4,14,15
test/000041.mp4,000041,resnet50,jpeg_60,fake,fake,0.6923076923076923,0.7142857142857143,0.6,14,15
test/000041.mp4,000041,resnet50,jpeg_70,fake,fake,0.7692307692307693,0.7142857142857143,0.4666666666666667,14,15
test/000041.mp4,000041,resnet50,jpeg_80,fake,fake,0.8461538461538461,0.7142857142857143,0.5333333333333333,14,15
test/000041.mp4,000041,resnet50,jpeg_90,fake,fake,0.8461538461538461,0.7142857142857143,0.4666666666666667,14,15
test/000041.mp4,000041,resnet50,jpeg_95,fake,fake,0.6923076923076923,0.7142857142857143,0.4666666666666667,14,15
test/000041.mp4,000041,resnet50,h264_18_keepaudio,fake,fake,0.9230769230769231,0.7142857142857143,0.4666666666666667,14,15
test/000041.mp4,000041,resnet50,h264_23_keepaudio,fake,fake,0.6153846153846154,0.7142857142857143,0.6,14,15
test/000041.mp4,000041,resnet50,h264_28_keepaudio,fake,fake,0.7692307692307693,0.7142857142857143,0.6,14,15
test/000041.mp4,000041,resnet50,h264_33_keepaudio,fake,fake,0.6153846153846154,0.7142857142857143,0.6,14,15
test/000041.mp4,000041,resnet50,h264_38_keepaudio,fake,fake,0.3076923076923077,0.7142857142857143,0.6,14,15
test/000041.mp4,000041,resnet50,h264_43_keepaudio,fake,fake,0.6923076923076923,0.7142857142857143,0.6666666666666666,14,15
test/000042.mp4,000042,resnet50,clean,fake,fake,0.9166666666666666,0.7857142857142857,0.4666666666666667,13,15
test/000042.mp4,000042,resnet50,jpeg_10,fake,fake,0.6666666666666666,0.7857142857142857,0.26666666666666666,13,15
test/000042.mp4,000042,resnet50,jpeg_20,fake,fake,0.9166666666666666,0.7857142857142857,0.3333333333333333,13,15
test/000042.mp4,000042,resnet50,jpeg_30,fake,fake,0.8333333333333334,0.7857142857142857,0.26666666666666666,13,15
test/000042.mp4,000042,resnet50,jpeg_40,fake,fake,0.9166666666666666,0.7857142857142857,0.4666666666666667,13,15
test/000042.mp4,000042,resnet50,jpeg_50,fake,fake,0.75,0.7857142857142857,0.4,13,15
test/000042.mp4,000042,resnet50,jpeg_60,fake,fake,0.9166666666666666,0.7857142857142857,0.4,13,15
test/000042.mp4,000042,resnet50,jpeg_70,fake,fake,0.6666666666666666,0.7857142857142857,0.3333333333333333,13,15
test/000042.mp4,000042,resnet50,jpeg_80,fake,fake,0.6666666666666666,0.7857142857142857,0.3333333333333333,13,15
test/000042.mp4,000042,resnet50,jpeg_90,fake,fake,0.9166666666666666,0.7857142857142857,0.4,13,15
test/000042.mp4,000042,resnet50,jpeg_95,fake,fake,0.8333333333333334,0.7857142857142857,0.4666666666666667,13,15
test/000042.mp4,000042,resnet50,h264_18_keepaudio,fake,fake,0.8333333333333334,0.7857142857142857,0.4,13,15
test/000042.mp4,000042,resnet50,h264_23_keepaudio,fake,fake,0.6666666666666666,0.7857142857142857,0.4,13,15
test/000042.mp4,000042,resnet50,h264_28_keepaudio,fake,fake,0.6666666666666666,0.7857142857142857,0.4666666666666667,13,15
test/000042.mp4,000042,resnet50,h264_33_keepaudio,fake,fake,0.6666666666666666,0.7857142857142857,0.3333333333333333,13,15
test/000042.mp4,000042,resnet50,h264_38_keepaudio,fake,fake,0.4166666666666667,0.7857142857142857,0.4666666666666667,13,15
test/000042.mp4,000042,resnet50,h264_43_keepaudio,fake,fake,0.6666666666666666,0.7857142857142857,0.5333333333333333,13,15
test/000043.mp4,000043,resnet50,clean,fake,fake,0.5833333333333334,0.5714285714285714,0.4666666666666667,13,15
test/000043.mp4,000043,resnet50,jpeg_10,fake,fake,0.75,0.5714285714285714,0.6,13,15
test/000043.mp4,000043,resnet50,jpeg_20,fake,fake,0.6666666666666666,0.5714285714285714,0.3333333333333333,13,15
test/000043.mp4,000043,resnet50,jpeg_30,fake,fake,0.8333333333333334,0.5714285714285714,0.4666666666666667,13,15
test/000043.mp4,000043,resnet50,jpeg_40,fake,fake,0.8333333333333334,0.5714285714285714,0.3333333333333333,13,15
test/000043.mp4,000043,resnet50,jpeg_50,fake,fake,0.6666666666666666,0.5714285714285714,0.4,13,15
test/000043.mp4,000043,resnet50,jpeg_60,fake,fake,0.9166666666666666,0.5714285714285714,0.3333333333333333,13,15
test/000043.mp4,000043,resnet50,jpeg_70,fake,fake,0.8333333333333334,0.5714285714285714,0.4666666666666667,13,15
test/000043.mp4,000043,resnet50,jpeg_80,fake,fake,0.8333333333333334,0.5714285714285714,0.4666666666666667,13,15
test/000043.mp4,000043,resnet50,jpeg_90,fake,fake,0.5833333333333334,0.5714285714285714,0.26666666666666666,13,15
test/000043.mp4,000043,resnet50,jpeg_95,fake,fake,0.75,0.5714285714285714,0.5333333333333333,13,15
test/000043.mp4,000043,resnet50,h264_18_keepaudio,fake,fake,0.6666666666666666,0.5714285714285714,0.26666666666666666,13,15
test/000043.mp4,000043,resnet50,h264_23_keepaudio,fake,fake,0.5,0.5714285714285714,0.3333333333333333,13,15
test/000043.mp4,000043,resnet50,h264_28_keepaudio,fake,fake,0.4166666666666667,0.5714285714285714,0.26666666666666666,13,15
test/000043.mp4,000043,resnet50,h264_33_keepaudio,fake,fake,0.6666666666666666,0.5714285714285714,0.7333333333333333,13,15
test/000043.mp4,000043,resnet50,h264_38_keepaudio,fake,fake,0.5833333333333334,0.5714285714285714,0.6,13,15
test/000043.mp4,000043,resnet50,h264_43_keepaudio,fake,fake,0.5833333333333334,0.5714285714285714,0.8,13,15
test/000044.mp4,000044,resnet50,clean,fake,real,0.6956521739130435,0.6071428571428571,0.6551724137931034,24,29
test/000044.mp4,000044,resnet50,jpeg_10,fake,real,0.782608695652174,0.6071428571428571,0.6551724137931034,24,29
test/000044.mp4,000044,resnet50,jpeg_20,fake,real,0.7391304347826086,0.6071428571428571,0.6551724137931034,24,29
test/000044.mp4,000044,resnet50,jpeg_30,fake,real,0.6086956521739131,0.6071428571428571,0.6896551724137931,24,29
test/000044.mp4,000044,resnet50,jpeg_40,fake,real,0.6521739130434783,0.6071428571428571,0.6551724137931034,24,29
test/000044.mp4,000044,resnet50,jpeg_50,fake,real,0.6956521739130435,0.6071428571428571,0.6896551724137931,24,29
test/000044.mp4,000044,resnet50,jpeg_60,fake,real,0.7391304347826086,0.6071428571428571,0.6551724137931034,24,29
test/000044.mp4,000044,resnet50,jpeg_70,fake,real,0.6521739130434783,0.6071428571428571,0.6896551724137931,24,29
test/000044.mp4,000044,resnet50,jpeg_80,fake,real,0.6521739130434783,0.6071428571428571,0.6896551724137931,24,29
test/000044.mp4,000044,resnet50,jpeg_90,fake,real,0.6086956521739131,0.6071428571428571,0.6206896551724138,24,29
test/000044.mp4,000044,resnet50,jpeg_95,fake,real,0.7391304347826086,0.6071428571428571,0.6551724137931034,24,29
test/000044.mp4,000044,resnet50,h264_18_keepaudio,fake,real,0.782608695652174,0.6071428571428571,0.6206896551724138,24,29
test/000044.mp4,000044,resnet50,h264_23_keepaudio,fake,real,0.6086956521739131,0.6071428571428571,0.7586206896551724,24,29
test/000044.mp4,000044,resnet50,h264_28_keepaudio,fake,real,0.7391304347826086,0.6071428571428571,0.6896551724137931,24,29
test/000044.mp4,000044,resnet50,h264_33_keepaudio,fake,real,0.5652173913043478,0.6071428571428571,0.6896551724137931,24,29
test/000044.mp4,000044,resnet50,h264_38_keepaudio,fake,real,0.6086956521739131,0.6071428571428571,0.6551724137931034,24,29
test/000044.mp4,000044,resnet50,h264_43_keepaudio,fake,real,0.5652173913043478,0.6071428571428571,0.7241379310344828,24,29
test/000045.mp4,000045,resnet50,clean,fake,fake,0.8333333333333334,0.6206896551724138,0.7333333333333333,25,30
test/000045.mp4,000045,resnet50,jpeg_10,fake,fake,0.75,0.6206896551724138,0.5666666666666667,25,30
test/000045.mp4,000045,resnet50,jpeg_20,fake,fake,0.625,0.6206896551724138,0.6666666666666666,25,30
test/000045.mp4,000045,resnet50,jpeg_30,fake,fake,0.75,0.6206896551724138,0.7333333333333333,25,30
test/000045.mp4,000045,resnet50,jpeg_40,fake,fake,0.7916666666666666,0.6206896551724138,0.6666666666666666,25,30
test/000045.mp4,000045,resnet50,jpeg_50,fake,fake,0.75,0.6206896551724138,0.6666666666666666,25,30
test/000045.mp4,000045,resnet50,jpeg_60,fake,fake,0.8333333333333334,0.6206896551724138,0.7666666666666667,25,30
test/000045.mp4,000045,resnet50,jpeg_70,fake,fake,0.75,0.6206896551724138,0.7,25,30
test/000045.mp4,000045,resnet50,jpeg_80,fake,fake,0.75,0.6206896551724138,0.7333333333333333,25,30
test/000045.mp4,000045,resnet50,jpeg_90,fake,fake,0.7916666666666666,0.6206896551724138,0.7,25,30
test/000045.mp4,000045,resnet50,jpeg_95,fake,fake,0.75,0.6206896551724138,0.6666666666666666,25,30
test/000045.mp4,000045,resnet50,h264_18_keepaudio,fake,fake,0.8333333333333334,0.6206896551724138,0.7666666666666667,25,30
test/000045.mp4,000045,resnet50,h264_23_keepaudio,fake,fake,0.7083333333333334,0.6206896551724138,0.6666666666666666,25,30
test/000045.mp4,000045,resnet50,h264_28_keepaudio,fake,fake,0.5416666666666666,0.6206896551724138,0.7333333333333333,25,30
test/000045.mp4,000045,resnet50,h264_33_keepaudio,fake,fake,0.5,0.6206896551724138,0.6666666666666666,25,30
test/000045.mp4,000045,resnet50,h264_38_keepaudio,fake,fake,0.7083333333333334,0.6206896551724138,0.6666666666666666,25,30
test/000045.mp4,000045,resnet50,h264_43_keepaudio,fake,fake,0.4583333333333333,0.6206896551724138,0.6333333333333333,25,30
test/000046.mp4,000046,resnet50,clean,fake,fake,0.7391304347826086,0.5714285714285714,0.7931034482758621,24,29
test/000046.mp4,000046,resnet50,jpeg_10,fake,fake,0.6956521739130435,0.5714285714285714,0.7586206896551724,24,29
test/000046.mp4,000046,resnet50,jpeg_20,fake,fake,0.7391304347826086,0.5714285714285714,0.7586206896551724,24,29
test/000046.mp4,000046,resnet50,jpeg_30,fake,fake,0.782608695652174,0.5714285714285714,0.7241379310344828,24,29
test/000046.mp4,000046,resnet50,jpeg_40,fake,fake,0.6521739130434783,0.5714285714285714,0.7586206896551724,24,29
test/000046.mp4,000046,resnet50,jpeg_50,fake,fake,0.6956521739130435,0.5714285714285714,0.7241379310344828,24,29
test/000046.mp4,000046,resnet50,jpeg_60,fake,fake,0.6956521739130435,0.5714285714285714,0.7931034482758621,24,29
test/000046.mp4,000046,resnet50,jpeg_70,fake,fake,0.782608695652174,0.5714285714285714,0.7931034482758621,24,29
test/000046.mp4,000046,resnet50,jpeg_80,fake,fake,0.6956521739130435,0.5714285714285714,0.7931034482758621,24,29
test/000046.mp4,000046,resnet50,jpeg_90,fake,fake,0.7391304347826086,0.5714285714285714,0.8275862068965517,24,29
test/000046.mp4,000046,resnet50,jpeg_95,fake,fake,0.6521739130434783,0.5714285714285714,0.7931034482758621,24,29
test/000046.mp4,000046,resnet50,h264_18_keepaudio,fake,fake,0.7391304347826086,0.5714285714285714,0.7931034482758621,24,29
test/000046.mp4,000046,resnet50,h264_23_keepaudio,fake,fake,0.782608695652174,0.5714285714285714,0.7586206896551724,24,29
test/000046.mp4,000046,resnet50,h264_28_keepaudio,fake,fake,0.6521739130434783,0.5714285714285714,0.6896551724137931,24,29
test/000046.mp4,000046,resnet50,h264_33_keepaudio,fake,fake,0.6086956521739131,0.5714285714285714,0.7241379310344828,24,29
test/000046.mp4,000046,resnet50,h264_38_keepaudio,fake,fake,0.5217391304347826,0.5714285714285714,0.7241379310344828,24,29
test/000046.mp4,000046,resnet50,h264_43_keepaudio,fake,fake,0.5652173913043478,0.5714285714285714,0.7586206896551724,24,29
test/000047.mp4,000047,resnet50,clean,fake,fake,0.8333333333333334,0.6206896551724138,0.7333333333333333,25,30
test/000047.mp4,000047,resnet50,jpeg_10,fake,fake,0.5833333333333334,0.6206896551724138,0.7,25,30
test/000047.mp4,000047,resnet50,jpeg_20,fake,fake,0.6666666666666666,0.6206896551724138,0.7,25,30
test/000047.mp4,000047,resnet50,jpeg_30,fake,fake,0.7916666666666666,0.6206896551724138,0.7666666666666667,25,30
test/000047.mp4,000047,resnet50,jpeg_40,fake,fake,0.75,0.6206896551724138,0.6666666666666666,25,30
test/000047.mp4,000047,resnet50,jpeg_50,fake,fake,0.8333333333333334,0.6206896551724138,0.7333333333333333,25,30
test/000047.mp4,000047,resnet50,jpeg_60,fake,fake,0.75,0.6206896551724138,0.6666666666666666,25,30
test/000047.mp4,000047,resnet50,jpeg_70,fake,fake,0.6666666666666666,0.6206896551724138,0.8333333333333334,25,30
test/000047.mp4,000047,resnet50,jpeg_80,fake,fake,0.8333333333333334,0.6206896551724138,0.8333333333333334,25,30
test/000047.mp4,000047,resnet50,jpeg_90,fake,fake,0.75,0.6206896551724138,0.7666666666666667,25,30
test/000047.mp4,000047,resnet50,jpeg_95,fake,fake,0.7083333333333334,0.6206896551724138,0.8,25,30
test/000047.mp4,000047,resnet50,h264_18_keepaudio,fake,fake,0.8333333333333334,0.6206896551724138,0.7333333333333333,25,30
test/000047.mp4,000047,resnet50,h264_23_keepaudio,fake,fake,0.7916666666666666,0.6206896551724138,0.7666666666666667,25,30
test/000047.mp4,000047,resnet50,h264_28_keepaudio,fake,fake,0.5833333333333334,0.6206896551724138,0.6666666666666666,25,30
test/000047.mp4,000047,resnet50,h264_33_keepaudio,fake,fake,0.6666666666666666,0.6206896551724138,0.7,25,30
test/000047.mp4,000047,resnet50,h264_38_keepaudio,fake,fake,0.8333333333333334,0.6206896551724138,0.6666666666666666,25,30
test/000047.mp4,000047,resnet50,h264_43_keepaudio,fake,fake,0.625,0.6206896551724138,0.7333333333333333,25,30
test/000048.mp4,000048,resnet50,clean,fake,real,0.88,0.7741935483870968,0.75,26,32
test/000048.mp4,000048,resnet50,jpeg_10,fake,real,0.72,0.7741935483870968,0.75,26,32
test/000048.mp4,000048,resnet50,jpeg_20,fake,real,0.88,0.7741935483870968,0.65625,26,32
test/000048.mp4,000048,resnet50,jpeg_30,fake,real,0.76,0.7741935483870968,0.71875,26,32
test/000048.mp4,000048,resnet50,jpeg_40,fake,real,0.92,0.7741935483870968,0.6875,26,32
test/000048.mp4,000048,resnet50,jpeg_50,fake,real,0.72,0.7741935483870968,0.75,26,32
test/000048.mp4,000048,resnet50,jpeg_60,fake,real,0.8,0.7741935483870968,0.6875,26,32
test/000048.mp4,000048,resnet50,jpeg_70,fake,real,0.92,0.7741935483870968,0.65625,26,32
test/000048.mp4,000048,resnet50,jpeg_80,fake,real,0.84,0.7741935483870968,0.65625,26,32
test/000048.mp4,000048,resnet50,jpeg_90,fake,real,0.84,0.7741935483870968,0.71875,26,32
test/000048.mp4,000048,resnet50,jpeg_95,fake,real,0.88,0.7741935483870968,0.6875,26,32
test/000048.mp4,000048,resnet50,h264_18_keepaudio,fake,real,0.84,0.7741935483870968,0.75,26,32
test/000048.mp4,000048,resnet50,h264_23_keepaudio,fake,real,0.96,0.7741935483870968,0.6875,26,32
test/000048.mp4,000048,resnet50,h264_28_keepaudio,fake,real,0.76,0.7741935483870968,0.75,26,32
test/000048.mp4,000048,resnet50,h264_33_keepaudio,fake,real,0.68,0.7741935483870968,0.78125,26,32
test/000048.mp4,000048,resnet50,h264_38_keepaudio,fake,real,0.6,0.7741935483870968,0.8125,26,32
test/000048.mp4,000048,resnet50,h264_43_keepaudio,fake,real,0.6,0.7741935483870968,0.8125,26,32
test/000049.mp4,000049,resnet50,clean,fake,fake,0.8888888888888888,0.8484848484848485,0.6176470588235294,28,34
test/000049.mp4,000049,resnet50,jpeg_10,fake,fake,0.8518518518518519,0.8484848484848485,0.6176470588235294,28,34
test/000049.mp4,000049,resnet50,jpeg_20,fake,fake,0.8518518518518519,0.8484848484848485,0.5882352941176471,28,34
test/000049.mp4,000049,resnet50,jpeg_30,fake,fake,0.9629629629629629,0.8484848484848485,0.5882352941176471,28,34
test/000049.mp4,000049,resnet50,jpeg_40,fake,fake,0.9629629629629629,0.8484848484848485,0.5882352941176471,28,34
test/000049.mp4,000049,resnet50,jpeg_50,fake,fake,0.8148148148148148,0.8484848484848485,0.6470588235294118,28,34
test/000049.mp4,000049,resnet50,jpeg_60,fake,fake,0.7777777777777778,0.8484848484848485,0.5882352941176471,28,34
test/000049.mp4,000049,resnet50,jpeg_70,fake,fake,0.9259259259259259,0.8484848484848485,0.5588235294117647,28,34
test/000049.mp4,000049,resnet50,jpeg_80,fake,fake,0.8888888888888888,0.8484848484848485,0.6176470588235294,28,34
test/000049.mp4,000049,resnet50,jpeg_90,fake,fake,0.9259259259259259,0.8484848484848485,0.5882352941176471,28,34
test/000049.mp4,000049,resnet50,jpeg_95,fake,fake,0.9629629629629629,0.8484848484848485,0.5588235294117647,28,34
test/000049.mp4,000049,resnet50,h264_18_keepaudio,fake,fake,0.8888888888888888,0.8484848484848485,0.5882352941176471,28,34
test/000049.mp4,000049,resnet50,h264_23_keepaudio,fake,fake,0.9629629629629629,0.8484848484848485,0.6176470588235294,28,34
test/000049.mp4,000049,resnet50,h264_28_keepaudio,fake,fake,0.8148148148148148,0.8484848484848485,0.5882352941176471,28,34
test/000049.mp4,000049,resnet50,h264_33_keepaudio,fake,fake,0.7037037037037037,0.8484848484848485,0.5882352941176471,28,34
test/000049.mp4,000049,resnet50,h264_38_keepaudio,fake,fake,0.7037037037037037,0.8484848484848485,0.7352941176470589,28,34
test/000049.mp4,000049,resnet50,h264_43_keepaudio,fake,fake,0.6666666666666666,0.8484848484848485,0.6176470588235294,28,34
test/000050.mp4,000050,resnet50,clean,fake,fake,0.9615384615384616,0.9032258064516129,0.65625,27,32
test/000050.mp4,000050,resnet50,jpeg_10,fake,fake,0.8461538461538461,0.9032258064516129,0.53125,27,32
test/000050.mp4,000050,resnet50,jpeg_20,fake,fake,0.8461538461538461,0.9032258064516129,0.5625,27,32
test/000050.mp4,000050,resnet50,jpeg_30,fake,fake,0.8076923076923077,0.9032258064516129,0.5625,27,32
test/000050.mp4,000050,resnet50,jpeg_40,fake,fake,0.8846153846153846,0.9032258064516129,0.65625,27,32
test/000050.mp4,000050,resnet50,jpeg_50,fake,fake,0.9230769230769231,0.9032258064516129,0.625,27,32
test/000050.mp4,000050,resnet50,jpeg_60,fake,fake,0.8461538461538461,0.9032258064516129,0.59375,27,32
test/000050.mp4,000050,resnet50,jpeg_70,fake,fake,0.8076923076923077,0.9032258064516129,0.53125,27,32
test/000050.mp4,000050,resnet50,jpeg_80,fake,fake,0.9230769230769231,0.9032258064516129,0.65625,27,32
test/000050.mp4,000050,resnet50,jpeg_90,fake,fake,0.9615384615384616,0.9032258064516129,0.625,27,32
test/000050.mp4,000050,resnet50,jpeg_95,fake,fake,1.0,0.9032258064516129,0.5625,27,32
test/000050.mp4,000050,resnet50,h264_18_keepaudio,fake,fake,0.9615384615384616,0.9032258064516129,0.5625,27,32
test/000050.mp4,000050,resnet50,h264_23_keepaudio,fake,fake,0.9615384615384616,0.9032258064516129,0.59375,27,32
test/000050.mp4,000050,resnet50,h264_28_keepaudio,fake,fake,0.9615384615384616,0.9032258064516129,0.625,27,32
test/000050.mp4,000050,resnet50,h264_33_keepaudio,fake,fake,0.6153846153846154,0.9032258064516129,0.625,27,32
test/000050.mp4,000050,resnet50,h264_38_keepaudio,fake,fake,0.7307692307692307,0.9032258064516129,0.625,27,32
test/000050.mp4,000050,resnet50,h264_43_keepaudio,fake,fake,0.5384615384615384,0.9032258064516129,0.6875,27,32
test/000051.mp4,000051,resnet50,clean,fake,fake,0.8461538461538461,0.78125,0.696969696969697,27,33
test/000051.mp4,000051,resnet50,jpeg_10,fake,fake,0.7307692307692307,0.78125,0.7272727272727273,27,33
test/000051.mp4,000051,resnet50,jpeg_20,fake,fake,0.8846153846153846,0.78125,0.6666666666666666,27,33
test/000051.mp4,000051,resnet50,jpeg_30,fake,fake,0.7307692307692307,0.78125,0.7272727272727273,27,33
test/000051.mp4,000051,resnet50,jpeg_40,fake,fake,0.8076923076923077,0.78125,0.6666666666666666,27,33
test/000051.mp4,000051,resnet50,jpeg_50,fake,fake,0.8076923076923077,0.78125,0.7575757575757576,27,33
test/000051.mp4,000051,resnet50,jpeg_60,fake,fake,0.8846153846153846,0.78125,0.6666666666666666,27,33
test/000051.mp4,000051,resnet50,jpeg_70,fake,fake,0.7307692307692307,0.78125,0.6060606060606061,27,33
test/000051.mp4,000051,resnet50,jpeg_80,fake,fake,0.8076923076923077,0.78125,0.6666666666666666,27,33
test/000051.mp4,000051,resnet50,jpeg_90,fake,fake,0.7307692307692307,0.78125,0.7272727272727273,27,33
test/000051.mp4,000051,resnet50,jpeg_95,fake,fake,0.8846153846153846,0.78125,0.8181818181818182,27,33
test/000051.mp4,000051,resnet50,h264_18_keepaudio,fake,fake,0.9230769230769231,0.78125,0.7878787878787878,27,33
test/000051.mp4,000051,resnet50,h264_23_keepaudio,fake,fake,0.9230769230769231,0.78125,0.7878787878787878,27,33
test/000051.mp4,000051,resnet50,h264_28_keepaudio,fake,fake,0.8846153846153846,0.78125,0.7272727272727273,27,33
test/000051.mp4,000051,resnet50,h264_33_keepaudio,fake,fake,0.6538461538461539,0.78125,0.8181818181818182,27,33
test/000051.mp4,000051,resnet50,h264_38_keepaudio,fake,fake,0.7692307692307693,0.78125,0.8787878787878788,27,33
test/000051.mp4,000051,resnet50,h264_43_keepaudio,fake,fake,0.38461538461538464,0.78125,0.7272727272727273,27,33
test/000052.mp4,000052,resnet50,clean,fake,real,0.6956521739130435,0.5862068965517241,0.7666666666666667,24,30
test/000052.mp4,000052,resnet50,jpeg_10,fake,real,0.5909090909090909,0.5862068965517241,0.8,23,30
test/000052.mp4,000052,resnet50,jpeg_20,fake,real,0.7727272727272727,0.5862068965517241,0.7666666666666667,23,30
test/000052.mp4,000052,resnet50,jpeg_30,fake,real,0.6363636363636364,0.5862068965517241,0.7666666666666667,23,30
test/000052.mp4,000052,resnet50,jpeg_40,fake,real,0.5909090909090909,0.5862068965517241,0.7666666666666667,23,30
test/000052.mp4,000052,resnet50,jpeg_50,fake,real,0.5454545454545454,0.5862068965517241,0.8,23,30
test/000052.mp4,000052,resnet50,jpeg_60,fake,real,0.5909090909090909,0.5862068965517241,0.7666666666666667,23,30
test/000052.mp4,000052,resnet50,jpeg_70,fake,real,0.6521739130434783,0.5862068965517241,0.7666666666666667,24,30
test/000052.mp4,000052,resnet50,jpeg_80,fake,real,0.6521739130434783,0.5862068965517241,0.7666666666666667,24,30
test/000052.mp4,000052,resnet50,jpeg_90,fake,real,0.5,0.5862068965517241,0.7666666666666667,23,30
test/000052.mp4,000052,resnet50,jpeg_95,fake,real,0.6363636363636364,0.5862068965517241,0.8,23,30
test/000052.mp4,000052,resnet50,h264_18_keepaudio,fake,real,0.5909090909090909,0.5862068965517241,0.7666666666666667,23,30
test/000052.mp4,000052,resnet50,h264_23_keepaudio,fake,real,0.6818181818181818,0.5862068965517241,0.8333333333333334,23,30
test/000052.mp4,000052,resnet50,h264_28_keepaudio,fake,real,0.6666666666666666,0.5862068965517241,0.8333333333333334,22,30
test/000052.mp4,000052,resnet50,h264_33_keepaudio,fake,real,0.6086956521739131,0.5862068965517241,0.7666666666666667,24,30
test/000052.mp4,000052,resnet50,h264_38_keepaudio,fake,real,0.5714285714285714,0.5862068965517241,0.7666666666666667,22,30
test/000052.mp4,000052,resnet50,h264_43_keepaudio,fake,real,0.7,0.5862068965517241,0.8,21,30
test/000053.mp4,000053,resnet50,clean,fake,fake,0.84,0.5483870967741935,0.625,26,32
test/000053.mp4,000053,resnet50,jpeg_10,fake,fake,0.7916666666666666,0.5483870967741935,0.65625,25,32
test/000053.mp4,000053,resnet50,jpeg_20,fake,fake,0.6086956521739131,0.5483870967741935,0.625,24,32
test/000053.mp4,000053,resnet50,jpeg_30,fake,fake,0.625,0.5483870967741935,0.71875,25,32
test/000053.mp4,000053,resnet50,jpeg_40,fake,fake,0.7391304347826086,0.5483870967741935,0.75,24,32
test/000053.mp4,000053,resnet50,jpeg_50,fake,fake,0.8,0.5483870967741935,0.65625,26,32
test/000053.mp4,000053,resnet50,jpeg_60,fake,fake,0.7916666666666666,0.5483870967741935,0.6875,25,32
test/000053.mp4,000053,resnet50,jpeg_70,fake,fake,0.7916666666666666,0.5483870967741935,0.71875,25,32
test/000053.mp4,000053,resnet50,jpeg_80,fake,fake,0.84,0.5483870967741935,0.65625,26,32
test/000053.mp4,000053,resnet50,jpeg_90,fake,fake,0.7916666666666666,0.5483870967741935,0.6875,25,32
test/000053.mp4,000053,resnet50,jpeg_95,fake,fake,0.8333333333333334,0.5483870967741935,0.65625,25,32
test/000053.mp4,000053,resnet50,h264_18_keepaudio,fake,fake,0.7916666666666666,0.5483870967741935,0.6875,25,32
test/000053.mp4,000053,resnet50,h264_23_keepaudio,fake,fake,0.6666666666666666,0.5483870967741935,0.6875,25,32
test/000053.mp4,000053,resnet50,h264_28_keepaudio,fake,fake,0.6666666666666666,0.5483870967741935,0.6875,25,32
test/000053.mp4,000053,resnet50,h264_33_keepaudio,fake,fake,0.6521739130434783,0.5483870967741935,0.71875,24,32
test/000053.mp4,000053,resnet50,h264_38_keepaudio,fake,fake,0.8636363636363636,0.5483870967741935,0.875,23,32
test/000053.mp4,000053,resnet50,h264_43_keepaudio,fake,fake,0.8333333333333334,0.5483870967741935,0.84375,25,32
test/000054.mp4,000054,resnet50,clean,fake,fake,0.8695652173913043,0.6,0.8709677419354839,24,31
test/000054.mp4,000054,resnet50,jpeg_10,fake,fake,0.8695652173913043,0.6,0.7741935483870968,24,31
test/000054.mp4,000054,resnet50,jpeg_20,fake,fake,0.782608695652174,0.6,0.7419354838709677,24,31
test/000054.mp4,000054,resnet50,jpeg_30,fake,fake,0.625,0.6,0.6774193548387096,25,31
test/000054.mp4,000054,resnet50,jpeg_40,fake,fake,0.6086956521739131,0.6,0.7419354838709677,24,31
test/000054.mp4,000054,resnet50,jpeg_50,fake,fake,0.6666666666666666,0.6,0.8064516129032258,25,31
test/000054.mp4,000054,resnet50,jpeg_60,fake,fake,0.8333333333333334,0.6,0.8064516129032258,25,31
test/000054.mp4,000054,resnet50,jpeg_70,fake,fake,0.782608695652174,0.6,0.8387096774193549,24,31
test/000054.mp4,000054,resnet50,jpeg_80,fake,fake,0.7391304347826086,0.6,0.7741935483870968,24,31
test/000054.mp4,000054,resnet50,jpeg_90,fake,fake,0.8181818181818182,0.6,0.7741935483870968,23,31
test/000054.mp4,000054,resnet50,jpeg_95,fake,fake,0.8260869565217391,0.6,0.8387096774193549,24,31
test/000054.mp4,000054,resnet50,h264_18_keepaudio,fake,fake,0.9090909090909091,0.6,0.8387096774193549,23,31
test/000054.mp4,000054,resnet50,h264_23_keepaudio,fake,fake,0.7391304347826086,0.6,0.8709677419354839,24,31
test/000054.mp4,000054,resnet50,h264_28_keepaudio,fake,fake,0.6086956521739131,0.6,0.7741935483870968,24,31
test/000054.mp4,000054,resnet50,h264_33_keepaudio,fake,fake,0.782608695652174,0.6,0.8387096774193549,24,31
test/000054.mp4,000054,resnet50,h264_38_keepaudio,fake,fake,0.7727272727272727,0.6,0.7741935483870968,23,31
test/000054.mp4,000054,resnet50,h264_43_keepaudio,fake,fake,0.7083333333333334,0.6,0.6451612903225806,25,31
test/000055.mp4,000055,resnet50,clean,fake,fake,0.7391304347826086,0.6451612903225806,0.75,24,32
test/000055.mp4,000055,resnet50,jpeg_10,fake,fake,0.5217391304347826,0.6451612903225806,0.625,24,32
test/000055.mp4,000055,resnet50,jpeg_20,fake,fake,0.7391304347826086,0.6451612903225806,0.71875,24,32
test/000055.mp4,000055,resnet50,jpeg_30,fake,fake,0.7391304347826086,0.6451612903225806,0.71875,24,32
test/000055.mp4,000055,resnet50,jpeg_40,fake,fake,0.8333333333333334,0.6451612903225806,0.71875,25,32
test/000055.mp4,000055,resnet50,jpeg_50,fake,fake,0.6086956521739131,0.6451612903225806,0.71875,24,32
test/000055.mp4,000055,resnet50,jpeg_60,fake,fake,0.8260869565217391,0.6451612903225806,0.75,24,32
test/000055.mp4,000055,resnet50,jpeg_70,fake,fake,0.7391304347826086,0.6451612903225806,0.78125,24,32
test/000055.mp4,000055,resnet50,jpeg_80,fake,fake,0.6521739130434783,0.6451612903225806,0.78125,24,32
test/000055.mp4,000055,resnet50,jpeg_90,fake,fake,0.7916666666666666,0.6451612903225806,0.71875,25,32
test/000055.mp4,000055,resnet50,jpeg_95,fake,fake,0.7391304347826086,0.6451612903225806,0.71875,24,32
test/000055.mp4,000055,resnet50,h264_18_keepaudio,fake,fake,0.7083333333333334,0.6451612903225806,0.75,25,32
test/000055.mp4,000055,resnet50,h264_23_keepaudio,fake,fake,0.76,0.6451612903225806,0.8125,26,32
test/000055.mp4,000055,resnet50,h264_28_keepaudio,fake,fake,0.782608695652174,0.6451612903225806,0.75,24,32
test/000055.mp4,000055,resnet50,h264_33_keepaudio,fake,fake,0.8333333333333334,0.6451612903225806,0.875,25,32
test/000055.mp4,000055,resnet50,h264_38_keepaudio,fake,fake,0.7391304347826086,0.6451612903225806,0.875,24,32
test/000055.mp4,000055,resnet50,h264_43_keepaudio,fake,fake,0.6363636363636364,0.6451612903225806,0.59375,23,32
test/000056.mp4,000056,resnet50,clean,fake,real,0.5185185185185185,0.6060606060606061,0.7352941176470589,28,34
test/000056.mp4,000056,resnet50,jpeg_10,fake,real,0.7407407407407407,0.6060606060606061,0.6764705882352942,28,34
test/000056.mp4,000056,resnet50,jpeg_20,fake,real,0.5555555555555556,0.6060606060606061,0.7352941176470589,28,34
test/000056.mp4,000056,resnet50,jpeg_30,fake,real,0.6666666666666666,0.6060606060606061,0.7058823529411765,28,34
test/000056.mp4,000056,resnet50,jpeg_40,fake,real,0.5555555555555556,0.6060606060606061,0.7647058823529411,28,34
test/000056.mp4,000056,resnet50,jpeg_50,fake,real,0.7037037037037037,0.6060606060606061,0.6470588235294118,28,34
test/000056.mp4,000056,resnet50,jpeg_60,fake,real,0.5185185185185185,0.6060606060606061,0.7352941176470589,28,34
test/000056.mp4,000056,resnet50,jpeg_70,fake,real,0.48148148148148145,0.6060606060606061,0.7058823529411765,28,34
test/000056.mp4,000056,resnet50,jpeg_80,fake,real,0.5555555555555556,0.6060606060606061,0.7352941176470589,28,34
test/000056.mp4,000056,resnet50,jpeg_90,fake,real,0.48148148148148145,0.6060606060606061,0.7647058823529411,28,34
test/000056.mp4,000056,resnet50,jpeg_95,fake,real,0.5925925925925926,0.6060606060606061,0.7941176470588235,28,34
test/000056.mp4,000056,resnet50,h264_18_keepaudio,fake,real,0.5185185185185185,0.6060606060606061,0.7647058823529411,28,34
test/000056.mp4,000056,resnet50,h264_23_keepaudio,fake,real,0.5925925925925926,0.6060606060606061,0.7647058823529411,28,34
test/000056.mp4,000056,resnet50,h264_28_keepaudio,fake,real,0.4074074074074074,0.6060606060606061,0.7941176470588235,28,34
test/000056.mp4,000056,resnet50,h264_33_keepaudio,fake,real,0.3333333333333333,0.6060606060606061,0.8235294117647058,28,34
test/000056.mp4,000056,resnet50,h264_38_keepaudio,fake,real,0.6296296296296297,0.6060606060606061,0.8235294117647058,28,34
test/000056.mp4,000056,resnet50,h264_43_keepaudio,fake,real,0.2962962962962963,0.6060606060606061,0.7352941176470589,28,34
test/000057.mp4,000057,resnet50,clean,fake,real,0.5882352941176471,0.65,0.7142857142857143,18,21
test/000057.mp4,000057,resnet50,jpeg_10,fake,real,1.0,0.65,0.6190476190476191,18,21
test/000057.mp4,000057,resnet50,jpeg_20,fake,real,0.8823529411764706,0.65,0.6190476190476191,18,21
test/000057.mp4,000057,resnet50,jpeg_30,fake,real,0.7058823529411765,0.65,0.6190476190476191,18,21
test/000057.mp4,000057,resnet50,jpeg_40,fake,real,0.6470588235294118,0.65,0.6666666666666666,18,21
test/000057.mp4,000057,resnet50,jpeg_50,fake,real,0.6470588235294118,0.65,0.6190476190476191,18,21
test/000057.mp4,000057,resnet50,jpeg_60,fake,real,0.6470588235294118,0.65,0.6666666666666666,18,21
test/000057.mp4,000057,resnet50,jpeg_70,fake,real,0.47058823529411764,0.65,0.7142857142857143,18,21
test/000057.mp4,000057,resnet50,jpeg_80,fake,real,0.5882352941176471,0.65,0.7142857142857143,18,21
test/000057.mp4,000057,resnet50,jpeg_90,fake,real,0.5882352941176471,0.65,0.7142857142857143,18,21
test/000057.mp4,000057,resnet50,jpeg_95,fake,real,0.5882352941176471,0.65,0.7619047619047619,18,21
test/000057.mp4,000057,resnet50,h264_18_keepaudio,fake,real,0.5882352941176471,0.65,0.7619047619047619,18,21
test/000057.mp4,000057,resnet50,h264_23_keepaudio,fake,real,0.8235294117647058,0.65,0.6190476190476191,18,21
test/000057.mp4,000057,resnet50,h264_28_keepaudio,fake,real,0.7058823529411765,0.65,0.6666666666666666,18,21
test/000057.mp4,000057,resnet50,h264_33_keepaudio,fake,real,0.6470588235294118,0.65,0.7142857142857143,18,21
test/000057.mp4,000057,resnet50,h264_38_keepaudio,fake,real,0.7058823529411765,0.65,0.6666666666666666,18,21
test/000057.mp4,000057,resnet50,h264_43_keepaudio,fake,real,0.29411764705882354,0.65,0.6666666666666666,18,21
test/000058.mp4,000058,resnet50,clean,fake,fake,0.8823529411764706,0.6190476190476191,0.5454545454545454,18,22
test/000058.mp4,000058,resnet50,jpeg_10,fake,fake,0.7647058823529411,0.6190476190476191,0.6818181818181818,18,22
test/000058.mp4,000058,resnet50,jpeg_20,fake,fake,0.8823529411764706,0.6190476190476191,0.6818181818181818,18,22
test/000058.mp4,000058,resnet50,jpeg_30,fake,fake,0.8823529411764706,0.6190476190476191,0.5454545454545454,18,22
test/000058.mp4,000058,resnet50,jpeg_40,fake,fake,0.8823529411764706,0.6190476190476191,0.6363636363636364,18,22
test/000058.mp4,000058,resnet50,jpeg_50,fake,fake,0.8235294117647058,0.6190476190476191,0.6363636363636364,18,22
test/000058.mp4,000058,resnet50,jpeg_60,fake,fake,0.8235294117647058,0.6190476190476191,0.5909090909090909,18,22
test/000058.mp4,000058,resnet50,jpeg_70,fake,fake,0.8823529411764706,0.6190476190476191,0.6818181818181818,18,22
test/000058.mp4,000058,resnet50,jpeg_80,fake,fake,0.9411764705882353,0.6190476190476191,0.5454545454545454,18,22
test/000058.mp4,000058,resnet50,jpeg_90,fake,fake,0.8235294117647058,0.6190476190476191,0.5454545454545454,18,22
test/000058.mp4,000058,resnet50,jpeg_95,fake,fake,0.9411764705882353,0.6190476190476191,0.5909090909090909,18,22
test/000058.mp4,000058,resnet50,h264_18_keepaudio,fake,fake,0.7647058823529411,0.6190476190476191,0.5454545454545454,18,22
test/000058.mp4,000058,resnet50,h264_23_keepaudio,fake,fake,0.8823529411764706,0.6190476190476191,0.6363636363636364,18,22
test/000058.mp4,000058,resnet50,h264_28_keepaudio,fake,fake,0.8235294117647058,0.6190476190476191,0.7272727272727273,18,22
test/000058.mp4,000058,resnet50,h264_33_keepaudio,fake,fake,0.47058823529411764,0.6190476190476191,0.6363636363636364,18,22
test/000058.mp4,000058,resnet50,h264_38_keepaudio,fake,fake,0.5294117647058824,0.6190476190476191,0.7727272727272727,18,22
test/000058.mp4,000058,resnet50,h264_43_keepaudio,fake,fake,0.8823529411764706,0.6190476190476191,0.6818181818181818,18,22
test/000059.mp4,000059,resnet50,clean,fake,fake,0.9411764705882353,0.65,0.5714285714285714,18,21
test/000059.mp4,000059,resnet50,jpeg_10,fake,fake,0.7058823529411765,0.65,0.6666666666666666,18,21
test/000059.mp4,000059,resnet50,jpeg_20,fake,fake,0.8235294117647058,0.65,0.7142857142857143,18,21
test/000059.mp4,000059,resnet50,jpeg_30,fake,fake,0.8823529411764706,0.65,0.5714285714285714,18,21
test/000059.mp4,000059,resnet50,jpeg_40,fake,fake,0.8823529411764706,0.65,0.5714285714285714,18,21
test/000059.mp4,000059,resnet50,jpeg_50,fake,fake,0.7647058823529411,0.65,0.6190476190476191,18,21
test/000059.mp4,000059,resnet50,jpeg_60,fake,fake,0.8823529411764706,0.65,0.6666666666666666,18,21
test/000059.mp4,000059,resnet50,jpeg_70,fake,fake,0.9411764705882353,0.65,0.6190476190476191,18,21
test/000059.mp4,000059,resnet50,jpeg_80,fake,fake,0.8823529411764706,0.65,0.6190476190476191,18,21
test/000059.mp4,000059,resnet50,jpeg_90,fake,fake,0.7647058823529411,0.65,0.6190476190476191,18,21
test/000059.mp4,000059,resnet50,jpeg_95,fake,fake,1.0,0.65,0.6190476190476191,18,21
test/000059.mp4,000059,resnet50,h264_18_keepaudio,fake,fake,0.7647058823529411,0.65,0.6190476190476191,18,21
test/000059.mp4,000059,resnet50,h264_23_keepaudio,fake,fake,0.9411764705882353,0.65,0.6190476190476191,18,21
test/000059.mp4,000059,resnet50,h264_28_keepaudio,fake,fake,0.7647058823529411,0.65,0.6666666666666666,18,21
test/000059.mp4,000059,resnet50,h264_33_keepaudio,fake,fake,0.5882352941176471,0.65,0.5238095238095238,18,21
test/000059.mp4,000059,resnet50,h264_38_keepaudio,fake,fake,0.6470588235294118,0.65,0.8571428571428571,18,21
test/000059.mp4,000059,resnet50,h264_43_keepaudio,fake,fake,0.8235294117647058,0.65,0.6190476190476191,18,21
test/000060.mp4,000060,resnet50,clean,fake,fake,0.9411764705882353,0.6190476190476191,0.6363636363636364,18,22
test/000060.mp4,000060,resnet50,jpeg_10,fake,fake,0.6470588235294118,0.6190476190476191,0.7272727272727273,18,22
test/000060.mp4,000060,resnet50,jpeg_20,fake,fake,0.8823529411764706,0.6190476190476191,0.6818181818181818,18,22
test/000060.mp4,000060,resnet50,jpeg_30,fake,fake,1.0,0.6190476190476191,0.6363636363636364,18,22
test/000060.mp4,000060,resnet50,jpeg_40,fake,fake,0.9411764705882353,0.6190476190476191,0.5909090909090909,18,22
test/000060.mp4,000060,resnet50,jpeg_50,fake,fake,0.5882352941176471,0.6190476190476191,0.6818181818181818,18,22
test/000060.mp4,000060,resnet50,jpeg_60,fake,fake,0.8235294117647058,0.6190476190476191,0.6818181818181818,18,22
test/000060.mp4,000060,resnet50,jpeg_70,fake,fake,0.7647058823529411,0.6190476190476191,0.7272727272727273,18,22
test/000060.mp4,000060,resnet50,jpeg_80,fake,fake,0.8823529411764706,0.6190476190476191,0.6818181818181818,18,22
test/000060.mp4,000060,resnet50,jpeg_90,fake,fake,0.6470588235294118,0.6190476190476191,0.6818181818181818,18,22
test/000060.mp4,000060,resnet50,jpeg_95,fake,fake,1.0,0.6190476190476191,0.6818181818181818,18,22
test/000060.mp4,000060,resnet50,h264_18_keepaudio,fake,fake,0.7647058823529411,0.6190476190476191,0.6363636363636364,18,22
test/000060.mp4,000060,resnet50,h264_23_keepaudio,fake,fake,0.8823529411764706,0.6190476190476191,0.6363636363636364,18,22
test/000060.mp4,000060,resnet50,h264_28_keepaudio,fake,fake,0.8235294117647058,0.6190476190476191,0.6818181818181818,18,22
test/000060.mp4,000060,resnet50,h264_33_keepaudio,fake,fake,0.4117647058823529,0.6190476190476191,0.6363636363636364,18,22
test/000060.mp4,000060,resnet50,h264_38_keepaudio,fake,fake,0.5294117647058824,0.6190476190476191,0.8636363636363636,18,22
test/000060.mp4,000060,resnet50,h264_43_keepaudio,fake,fake,0.7647058823529411,0.6190476190476191,0.6818181818181818,18,22
test/000061.mp4,000061,resnet50,clean,fake,real,0.6666666666666666,0.7058823529411765,0.3888888888888889,16,18
test/000061.mp4,000061,resnet50,jpeg_10,fake,real,0.6666666666666666,0.7058823529411765,0.3333333333333333,16,18
test/000061.mp4,000061,resnet50,jpeg_20,fake,real,0.8666666666666667,0.7058823529411765,0.3333333333333333,16,18
test/000061.mp4,000061,resnet50,jpeg_30,fake,real,0.8666666666666667,0.7058823529411765,0.3888888888888889,16,18
test/000061.mp4,000061,resnet50,jpeg_40,fake,real,0.8,0.7058823529411765,0.4444444444444444,16,18
test/000061.mp4,000061,resnet50,jpeg_50,fake,real,0.6666666666666666,0.7058823529411765,0.3888888888888889,16,18
test/000061.mp4,000061,resnet50,jpeg_60,fake,real,0.6,0.7058823529411765,0.3888888888888889,16,18
test/000061.mp4,000061,resnet50,jpeg_70,fake,real,0.8,0.7058823529411765,0.3333333333333333,16,18
test/000061.mp4,000061,resnet50,jpeg_80,fake,real,0.7333333333333333,0.7058823529411765,0.3888888888888889,16,18
test/000061.mp4,000061,resnet50,jpeg_90,fake,real,0.5333333333333333,0.7058823529411765,0.3888888888888889,16,18
test/000061.mp4,000061,resnet50,jpeg_95,fake,real,0.6,0.7058823529411765,0.3888888888888889,16,18
test/000061.mp4,000061,resnet50,h264_18_keepaudio,fake,real,0.8666666666666667,0.7058823529411765,0.5,16,18
test/000061.mp4,000061,resnet50,h264_23_keepaudio,fake,real,0.6666666666666666,0.7058823529411765,0.4444444444444444,16,18
test/000061.mp4,000061,resnet50,h264_28_keepaudio,fake,real,0.7333333333333333,0.7058823529411765,0.2222222222222222,16,18
test/000061.mp4,000061,resnet50,h264_33_keepaudio,fake,real,0.6,0.7058823529411765,0.2222222222222222,16,18
test/000061.mp4,000061,resnet50,h264_38_keepaudio,fake,real,0.7333333333333333,0.7058823529411765,0.4444444444444444,16,18
test/000061.mp4,000061,resnet50,h264_43_keepaudio,fake,real,0.5333333333333333,0.7058823529411765,0.6666666666666666,16,18
test/000062.mp4,000062,resnet50,clean,fake,fake,0.8823529411764706,0.75,0.3333333333333333,18,21
test/000062.mp4,000062,resnet50,jpeg_10,fake,fake,0.7647058823529411,0.75,0.2857142857142857,18,21
test/000062.mp4,000062,resnet50,jpeg_20,fake,fake,0.8823529411764706,0.75,0.2857142857142857,18,21
test/000062.mp4,000062,resnet50,jpeg_30,fake,fake,0.8235294117647058,0.75,0.38095238095238093,18,21
test/000062.mp4,000062,resnet50,jpeg_40,fake,fake,0.7647058823529411,0.75,0.47619047619047616,18,21
test/000062.mp4,000062,resnet50,jpeg_50,fake,fake,0.9411764705882353,0.75,0.38095238095238093,18,21
test/000062.mp4,000062,resnet50,jpeg_60,fake,fake,0.8235294117647058,0.75,0.3333333333333333,18,21
test/000062.mp4,000062,resnet50,jpeg_70,fake,fake,0.8235294117647058,0.75,0.2857142857142857,18,21
test/000062.mp4,000062,resnet50,jpeg_80,fake,fake,0.8235294117647058,0.75,0.3333333333333333,18,21
test/000062.mp4,000062,resnet50,jpeg_90,fake,fake,0.8235294117647058,0.75,0.3333333333333333,18,21
test/000062.mp4,000062,resnet50,jpeg_95,fake,fake,0.9411764705882353,0.75,0.3333333333333333,18,21
test/000062.mp4,000062,resnet50,h264_18_keepaudio,fake,fake,0.8823529411764706,0.75,0.42857142857142855,18,21
test/000062.mp4,000062,resnet50,h264_23_keepaudio,fake,fake,1.0,0.75,0.2857142857142857,18,21
test/000062.mp4,000062,resnet50,h264_28_keepaudio,fake,fake,0.6470588235294118,0.75,0.2857142857142857,18,21
test/000062.mp4,000062,resnet50,h264_33_keepaudio,fake,fake,0.5882352941176471,0.75,0.3333333333333333,18,21
test/000062.mp4,000062,resnet50,h264_38_keepaudio,fake,fake,0.7058823529411765,0.75,0.7619047619047619,18,21
test/000062.mp4,000062,resnet50,h264_43_keepaudio,fake,fake,0.7058823529411765,0.75,0.42857142857142855,18,21
test/000063.mp4,000063,resnet50,clean,fake,fake,0.9333333333333333,0.8333333333333334,0.3157894736842105,16,19
test/000063.mp4,000063,resnet50,jpeg_10,fake,fake,0.7333333333333333,0.8333333333333334,0.47368421052631576,16,19
test/000063.mp4,000063,resnet50,jpeg_20,fake,fake,0.8666666666666667,0.8333333333333334,0.3157894736842105,16,19
test/000063.mp4,000063,resnet50,jpeg_30,fake,fake,0.7333333333333333,0.8333333333333334,0.42105263157894735,16,19
test/000063.mp4,000063,resnet50,jpeg_40,fake,fake,0.7333333333333333,0.8333333333333334,0.42105263157894735,16,19
test/000063.mp4,000063,resnet50,jpeg_50,fake,fake,1.0,0.8333333333333334,0.3157894736842105,16,19
test/000063.mp4,000063,resnet50,jpeg_60,fake,fake,0.9333333333333333,0.8333333333333334,0.3157894736842105,16,19
test/000063.mp4,000063,resnet50,jpeg_70,fake,fake,0.8666666666666667,0.8333333333333334,0.3684210526315789,16,19
test/000063.mp4,000063,resnet50,jpeg_80,fake,fake,1.0,0.8333333333333334,0.3157894736842105,16,19
test/000063.mp4,000063,resnet50,jpeg_90,fake,fake,0.8666666666666667,0.8333333333333334,0.42105263157894735,16,19
test/000063.mp4,000063,resnet50,jpeg_95,fake,fake,0.9333333333333333,0.8333333333333334,0.3684210526315789,16,19
test/000063.mp4,000063,resnet50,h264_18_keepaudio,fake,fake,0.9333333333333333,0.8333333333333334,0.3157894736842105,16,19
test/000063.mp4,000063,resnet50,h264_23_keepaudio,fake,fake,1.0,0.8333333333333334,0.3684210526315789,16,19
test/000063.mp4,000063,resnet50,h264_28_keepaudio,fake,fake,0.7333333333333333,0.8333333333333334,0.3684210526315789,16,19
test/000063.mp4,000063,resnet50,h264_33_keepaudio,fake,fake,0.8,0.8333333333333334,0.3157894736842105,16,19
test/000063.mp4,000063,resnet50,h264_38_keepaudio,fake,fake,0.8666666666666667,0.8333333333333334,0.5789473684210527,16,19
test/000063.mp4,000063,resnet50,h264_43_keepaudio,fake,fake,0.6666666666666666,0.8333333333333334,0.5263157894736842,16,19
test/000064.mp4,000064,resnet50,clean,fake,fake,0.7647058823529411,0.6190476190476191,0.36363636363636365,18,22
test/000064.mp4,000064,resnet50,jpeg_10,fake,fake,0.5882352941176471,0.6190476190476191,0.4090909090909091,18,22
test/000064.mp4,000064,resnet50,jpeg_20,fake,fake,0.6470588235294118,0.6190476190476191,0.4090909090909091,18,22
test/000064.mp4,000064,resnet50,jpeg_30,fake,fake,0.8823529411764706,0.6190476190476191,0.3181818181818182,18,22
test/000064.mp4,000064,resnet50,jpeg_40,fake,fake,0.7058823529411765,0.6190476190476191,0.36363636363636365,18,22
test/000064.mp4,000064,resnet50,jpeg_50,fake,fake,0.7058823529411765,0.6190476190476191,0.45454545454545453,18,22
test/000064.mp4,000064,resnet50,jpeg_60,fake,fake,0.8235294117647058,0.6190476190476191,0.5,18,22
test/000064.mp4,000064,resnet50,jpeg_70,fake,fake,0.7647058823529411,0.6190476190476191,0.4090909090909091,18,22
test/000064.mp4,000064,resnet50,jpeg_80,fake,fake,0.7647058823529411,0.6190476190476191,0.4090909090909091,18,22
test/000064.mp4,000064,resnet50,jpeg_90,fake,fake,0.8235294117647058,0.6190476190476191,0.5,18,22
test/000064.mp4,000064,resnet50,jpeg_95,fake,fake,0.8823529411764706,0.6190476190476191,0.4090909090909091,18,22
test/000064.mp4,000064,resnet50,h264_18_keepaudio,fake,fake,0.7058823529411765,0.6190476190476191,0.36363636363636365,18,22
test/000064.mp4,000064,resnet50,h264_23_keepaudio,fake,fake,0.8235294117647058,0.6190476190476191,0.2727272727272727,18,22
test/000064.mp4,000064,resnet50,h264_28_keepaudio,fake,fake,0.7647058823529411,0.6190476190476191,0.22727272727272727,18,22
test/000064.mp4,000064,resnet50,h264_33_keepaudio,fake,fake,0.9411764705882353,0.6190476190476191,0.5454545454545454,18,22
test/000064.mp4,000064,resnet50,h264_38_keepaudio,fake,fake,0.6470588235294118,0.6190476190476191,0.7272727272727273,18,22
test/000064.mp4,000064,resnet50,h264_43_keepaudio,fake,fake,0.35294117647058826,0.6190476190476191,0.45454545454545453,18,22
test/000065.mp4,000065,resnet50,clean,fake,real,0.6666666666666666,0.5294117647058824,0.8888888888888888,16,18
test/000065.mp4,000065,resnet50,jpeg_10,fake,real,0.9333333333333333,0.5294117647058824,0.7222222222222222,16,18
test/000065.mp4,000065,resnet50,jpeg_20,fake,real,0.8666666666666667,0.5294117647058824,0.7222222222222222,16,18
test/000065.mp4,000065,resnet50,jpeg_30,fake,real,0.8666666666666667,0.5294117647058824,0.7222222222222222,16,18
test/000065.mp4,000065,resnet50,jpeg_40,fake,real,0.7333333333333333,0.5294117647058824,0.7777777777777778,16,18
test/000065.mp4,000065,resnet50,jpeg_50,fake,real,0.6666666666666666,0.5294117647058824,0.8333333333333334,16,18
test/000065.mp4,000065,resnet50,jpeg_60,fake,real,0.6666666666666666,0.5294117647058824,0.8888888888888888,16,18
test/000065.mp4,000065,resnet50,jpeg_70,fake,real,0.6,0.5294117647058824,0.7777777777777778,16,18
test/000065.mp4,000065,resnet50,jpeg_80,fake,real,0.6666666666666666,0.5294117647058824,0.8333333333333334,16,18
test/000065.mp4,000065,resnet50,jpeg_90,fake,real,0.6666666666666666,0.5294117647058824,0.8333333333333334,16,18
test/000065.mp4,000065,resnet50,jpeg_95,fake,real,0.6,0.5294117647058824,0.8333333333333334,16,18
test/000065.mp4,000065,resnet50,h264_18_keepaudio,fake,real,0.6666666666666666,0.5294117647058824,0.8333333333333334,16,18
test/000065.mp4,000065,resnet50,h264_23_keepaudio,fake,real,0.8,0.5294117647058824,0.8888888888888888,16,18
test/000065.mp4,000065,resnet50,h264_28_keepaudio,fake,real,0.6666666666666666,0.5294117647058824,0.8888888888888888,16,18
test/000065.mp4,000065,resnet50,h264_33_keepaudio,fake,real,0.8,0.5294117647058824,0.7777777777777778,16,18
test/000065.mp4,000065,resnet50,h264_38_keepaudio,fake,real,0.6,0.5294117647058824,0.7777777777777778,16,18
test/000065.mp4,000065,resnet50,h264_43_keepaudio,fake,real,0.7333333333333333,0.5294117647058824,0.7777777777777778,16,18
test/000066.mp4,000066,resnet50,clean,fake,fake,0.9411764705882353,0.5,0.7619047619047619,18,21
test/000066.mp4,000066,resnet50,jpeg_10,fake,fake,0.7058823529411765,0.5,0.6666666666666666,18,21
test/000066.mp4,000066,resnet50,jpeg_20,fake,fake,0.8823529411764706,0.5,0.7142857142857143,18,21
test/000066.mp4,000066,resnet50,jpeg_30,fake,fake,0.7647058823529411,0.5,0.7619047619047619,18,21
test/000066.mp4,000066,resnet50,jpeg_40,fake,fake,0.8823529411764706,0.5,0.7619047619047619,18,21
test/000066.mp4,000066,resnet50,jpeg_50,fake,fake,0.8823529411764706,0.5,0.7619047619047619,18,21
test/000066.mp4,000066,resnet50,jpeg_60,fake,fake,0.8823529411764706,0.5,0.7619047619047619,18,21
test/000066.mp4,000066,resnet50,jpeg_70,fake,fake,0.8235294117647058,0.5,0.7619047619047619,18,21
test/000066.mp4,000066,resnet50,jpeg_80,fake,fake,0.8823529411764706,0.5,0.7619047619047619,18,21
test/000066.mp4,000066,resnet50,jpeg_90,fake,fake,0.9411764705882353,0.5,0.7619047619047619,18,21
test/000066.mp4,000066,resnet50,jpeg_95,fake,fake,0.8235294117647058,0.5,0.7619047619047619,18,21
test/000066.mp4,000066,resnet50,h264_18_keepaudio,fake,fake,0.5882352941176471,0.5,0.8095238095238095,18,21
test/000066.mp4,000066,resnet50,h264_23_keepaudio,fake,fake,0.7647058823529411,0.5,0.7619047619047619,18,21
test/000066.mp4,000066,resnet50,h264_28_keepaudio,fake,fake,0.7647058823529411,0.5,0.7142857142857143,18,21
test/000066.mp4,000066,resnet50,h264_33_keepaudio,fake,fake,0.6470588235294118,0.5,0.8095238095238095,18,21
test/000066.mp4,000066,resnet50,h264_38_keepaudio,fake,fake,0.5882352941176471,0.5,0.9047619047619048,18,21
test/000066.mp4,000066,resnet50,h264_43_keepaudio,fake,fake,0.7647058823529411,0.5,0.7142857142857143,18,21
test/000067.mp4,000067,resnet50,clean,fake,fake,0.9333333333333333,0.6111111111111112,0.7894736842105263,16,19
test/000067.mp4,000067,resnet50,jpeg_10,fake,fake,0.8666666666666667,0.6111111111111112,0.631578947368421,16,19
test/000067.mp4,000067,resnet50,jpeg_20,fake,fake,0.8666666666666667,0.6111111111111112,0.6842105263157895,16,19
test/000067.mp4,000067,resnet50,jpeg_30,fake,fake,0.7333333333333333,0.6111111111111112,0.631578947368421,16,19
test/000067.mp4,000067,resnet50,jpeg_40,fake,fake,0.8666666666666667,0.6111111111111112,0.6842105263157895,16,19
test/000067.mp4,000067,resnet50,jpeg_50,fake,fake,0.9333333333333333,0.6111111111111112,0.6842105263157895,16,19
test/000067.mp4,000067,resnet50,jpeg_60,fake,fake,0.9333333333333333,0.6111111111111112,0.6842105263157895,16,19
test/000067.mp4,000067,resnet50,jpeg_70,fake,fake,0.8666666666666667,0.6111111111111112,0.7894736842105263,16,19
test/000067.mp4,000067,resnet50,jpeg_80,fake,fake,0.9333333333333333,0.6111111111111112,0.6842105263157895,16,19
test/000067.mp4,000067,resnet50,jpeg_90,fake,fake,0.8666666666666667,0.6111111111111112,0.6842105263157895,16,19
test/000067.mp4,000067,resnet50,jpeg_95,fake,fake,0.9333333333333333,0.6111111111111112,0.7894736842105263,16,19
test/000067.mp4,000067,resnet50,h264_18_keepaudio,fake,fake,0.8666666666666667,0.6111111111111112,0.6842105263157895,16,19
test/000067.mp4,000067,resnet50,h264_23_keepaudio,fake,fake,0.7333333333333333,0.6111111111111112,0.6842105263157895,16,19
test/000067.mp4,000067,resnet50,h264_28_keepaudio,fake,fake,0.8666666666666667,0.6111111111111112,0.631578947368421,16,19
test/000067.mp4,000067,resnet50,h264_33_keepaudio,fake,fake,0.7333333333333333,0.6111111111111112,0.6842105263157895,16,19
test/000067.mp4,000067,resnet50,h264_38_keepaudio,fake,fake,0.6,0.6111111111111112,0.7368421052631579,16,19
test/000067.mp4,000067,resnet50,h264_43_keepaudio,fake,fake,0.4,0.6111111111111112,0.8947368421052632,16,19
test/000068.mp4,000068,resnet50,clean,fake,fake,0.7058823529411765,0.5,0.8095238095238095,18,21
test/000068.mp4,000068,resnet50,jpeg_10,fake,fake,0.6470588235294118,0.5,0.5714285714285714,18,21
test/000068.mp4,000068,resnet50,jpeg_20,fake,fake,0.8235294117647058,0.5,0.7142857142857143,18,21
test/000068.mp4,000068,resnet50,jpeg_30,fake,fake,0.7647058823529411,0.5,0.7142857142857143,18,21
test/000068.mp4,000068,resnet50,jpeg_40,fake,fake,0.7647058823529411,0.5,0.8095238095238095,18,21
test/000068.mp4,000068,resnet50,jpeg_50,fake,fake,0.8823529411764706,0.5,0.7619047619047619,18,21
test/000068.mp4,000068,resnet50,jpeg_60,fake,fake,0.7058823529411765,0.5,0.8095238095238095,18,21
test/000068.mp4,000068,resnet50,jpeg_70,fake,fake,0.9411764705882353,0.5,0.7619047619047619,18,21
test/000068.mp4,000068,resnet50,jpeg_80,fake,fake,0.7647058823529411,0.5,0.8095238095238095,18,21
test/000068.mp4,000068,resnet50,jpeg_90,fake,fake,0.8235294117647058,0.5,0.8095238095238095,18,21
test/000068.mp4,000068,resnet50,jpeg_95,fake,fake,0.7058823529411765,0.5,0.8095238095238095,18,21
test/000068.mp4,000068,resnet50,h264_18_keepaudio,fake,fake,0.7647058823529411,0.5,0.8095238095238095,18,21
test/000068.mp4,000068,resnet50,h264_23_keepaudio,fake,fake,0.7647058823529411,0.5,0.8095238095238095,18,21
test/000068.mp4,000068,resnet50,h264_28_keepaudio,fake,fake,0.6470588235294118,0.5,0.8095238095238095,18,21
test/000068.mp4,000068,resnet50,h264_33_keepaudio,fake,fake,0.7647058823529411,0.5,0.6666666666666666,18,21
test/000068.mp4,000068,resnet50,h264_38_keepaudio,fake,fake,0.8235294117647058,0.5,0.7142857142857143,18,21
test/000068.mp4,000068,resnet50,h264_43_keepaudio,fake,fake,0.8235294117647058,0.5,0.7142857142857143,18,21
test/000069.mp4,000069,resnet50,clean,fake,real,0.8055555555555556,0.7333333333333333,0.5869565217391305,37,46
test/000069.mp4,000069,resnet50,jpeg_10,fake,real,0.7777777777777778,0.7333333333333333,0.5869565217391305,37,46
test/000069.mp4,000069,resnet50,jpeg_20,fake,real,0.8333333333333334,0.7333333333333333,0.5434782608695652,37,46
test/000069.mp4,000069,resnet50,jpeg_30,fake,real,0.8888888888888888,0.7333333333333333,0.6086956521739131,37,46
test/000069.mp4,000069,resnet50,jpeg_40,fake,real,0.8611111111111112,0.7333333333333333,0.6086956521739131,37,46
test/000069.mp4,000069,resnet50,jpeg_50,fake,real,0.8333333333333334,0.7333333333333333,0.6086956521739131,37,46
test/000069.mp4,000069,resnet50,jpeg_60,fake,real,0.8611111111111112,0.7333333333333333,0.5869565217391305,37,46
test/000069.mp4,000069,resnet50,jpeg_70,fake,real,0.8333333333333334,0.7333333333333333,0.6521739130434783,37,46
test/000069.mp4,000069,resnet50,jpeg_80,fake,real,0.8888888888888888,0.7333333333333333,0.5434782608695652,37,46
test/000069.mp4,000069,resnet50,jpeg_90,fake,real,0.9166666666666666,0.7333333333333333,0.5434782608695652,37,46
test/000069.mp4,000069,resnet50,jpeg_95,fake,real,0.8333333333333334,0.7333333333333333,0.5869565217391305,37,46
test/000069.mp4,000069,resnet50,h264_18_keepaudio,fake,real,0.8333333333333334,0.7333333333333333,0.5869565217391305,37,46
test/000069.mp4,000069,resnet50,h264_23_keepaudio,fake,real,0.7777777777777778,0.7333333333333333,0.6086956521739131,37,46
test/000069.mp4,000069,resnet50,h264_28_keepaudio,fake,real,0.7777777777777778,0.7333333333333333,0.5869565217391305,37,46
test/000069.mp4,000069,resnet50,h264_33_keepaudio,fake,real,0.7222222222222222,0.7333333333333333,0.6739130434782609,37,46
test/000069.mp4,000069,resnet50,h264_38_keepaudio,fake,real,0.6666666666666666,0.7333333333333333,0.6956521739130435,37,46
test/000069.mp4,000069,resnet50,h264_43_keepaudio,fake,real,0.5277777777777778,0.7333333333333333,0.6304347826086957,37,46
test/000070.mp4,000070,resnet50,clean,fake,fake,0.868421052631579,0.5918367346938775,0.66,39,50
test/000070.mp4,000070,resnet50,jpeg_10,fake,fake,0.6052631578947368,0.5918367346938775,0.64,39,50
test/000070.mp4,000070,resnet50,jpeg_20,fake,fake,0.7894736842105263,0.5918367346938775,0.62,39,50
test/000070.mp4,000070,resnet50,jpeg_30,fake,fake,0.868421052631579,0.5918367346938775,0.66,39,50
test/000070.mp4,000070,resnet50,jpeg_40,fake,fake,0.8421052631578947,0.5918367346938775,0.68,39,50
test/000070.mp4,000070,resnet50,jpeg_50,fake,fake,0.8717948717948718,0.5918367346938775,0.68,40,50
test/000070.mp4,000070,resnet50,jpeg_60,fake,fake,0.8421052631578947,0.5918367346938775,0.68,39,50
test/000070.mp4,000070,resnet50,jpeg_70,fake,fake,0.868421052631579,0.5918367346938775,0.64,39,50
test/000070.mp4,000070,resnet50,jpeg_80,fake,fake,0.868421052631579,0.5918367346938775,0.66,39,50
test/000070.mp4,000070,resnet50,jpeg_90,fake,fake,0.8205128205128205,0.5918367346938775,0.66,40,50
test/000070.mp4,000070,resnet50,jpeg_95,fake,fake,0.8421052631578947,0.5918367346938775,0.66,39,50
test/000070.mp4,000070,resnet50,h264_18_keepaudio,fake,fake,0.7894736842105263,0.5918367346938775,0.64,39,50
test/000070.mp4,000070,resnet50,h264_23_keepaudio,fake,fake,0.7894736842105263,0.5918367346938775,0.6,39,50
test/000070.mp4,000070,resnet50,h264_28_keepaudio,fake,fake,0.9473684210526315,0.5918367346938775,0.64,39,50
test/000070.mp4,000070,resnet50,h264_33_keepaudio,fake,fake,0.7692307692307693,0.5918367346938775,0.64,40,50
test/000070.mp4,000070,resnet50,h264_38_keepaudio,fake,fake,0.5,0.5918367346938775,0.72,39,50
test/000070.mp4,000070,resnet50,h264_43_keepaudio,fake,fake,0.5384615384615384,0.5918367346938775,0.88,40,50
test/000071.mp4,000071,resnet50,clean,fake,fake,0.8648648648648649,0.6444444444444445,0.6304347826086957,38,46
test/000071.mp4,000071,resnet50,jpeg_10,fake,fake,0.5945945945945946,0.6444444444444445,0.6304347826086957,38,46
test/000071.mp4,000071,resnet50,jpeg_20,fake,fake,0.7297297297297297,0.6444444444444445,0.6304347826086957,38,46
test/000071.mp4,000071,resnet50,jpeg_30,fake,fake,0.8378378378378378,0.6444444444444445,0.6521739130434783,38,46
test/000071.mp4,000071,resnet50,jpeg_40,fake,fake,0.8648648648648649,0.6444444444444445,0.6739130434782609,38,46
test/000071.mp4,000071,resnet50,jpeg_50,fake,fake,0.918918918918919,0.6444444444444445,0.6521739130434783,38,46
test/000071.mp4,000071,resnet50,jpeg_60,fake,fake,0.8378378378378378,0.6444444444444445,0.6521739130434783,38,46
test/000071.mp4,000071,resnet50,jpeg_70,fake,fake,0.8918918918918919,0.6444444444444445,0.6304347826086957,38,46
test/000071.mp4,000071,resnet50,jpeg_80,fake,fake,0.8378378378378378,0.6444444444444445,0.6304347826086957,38,46
test/000071.mp4,000071,resnet50,jpeg_90,fake,fake,0.8108108108108109,0.6444444444444445,0.6304347826086957,38,46
test/000071.mp4,000071,resnet50,jpeg_95,fake,fake,0.918918918918919,0.6444444444444445,0.6304347826086957,38,46
test/000071.mp4,000071,resnet50,h264_18_keepaudio,fake,fake,0.8108108108108109,0.6444444444444445,0.6304347826086957,38,46
test/000071.mp4,000071,resnet50,h264_23_keepaudio,fake,fake,0.8648648648648649,0.6444444444444445,0.6304347826086957,38,46
test/000071.mp4,000071,resnet50,h264_28_keepaudio,fake,fake,0.9459459459459459,0.6444444444444445,0.6086956521739131,38,46
test/000071.mp4,000071,resnet50,h264_33_keepaudio,fake,fake,0.7027027027027027,0.6444444444444445,0.6086956521739131,38,46
test/000071.mp4,000071,resnet50,h264_38_keepaudio,fake,fake,0.5,0.6444444444444445,0.6956521739130435,37,46
test/000071.mp4,000071,resnet50,h264_43_keepaudio,fake,fake,0.5714285714285714,0.6444444444444445,0.8478260869565217,36,46
test/000072.mp4,000072,resnet50,clean,fake,fake,0.8717948717948718,0.5918367346938775,0.66,40,50
test/000072.mp4,000072,resnet50,jpeg_10,fake,fake,0.6666666666666666,0.5918367346938775,0.6,40,50
test/000072.mp4,000072,resnet50,jpeg_20,fake,fake,0.7692307692307693,0.5918367346938775,0.66,40,50
test/000072.mp4,000072,resnet50,jpeg_30,fake,fake,0.8461538461538461,0.5918367346938775,0.68,40,50
test/000072.mp4,000072,resnet50,jpeg_40,fake,fake,0.7692307692307693,0.5918367346938775,0.7,40,50
test/000072.mp4,000072,resnet50,jpeg_50,fake,fake,0.8461538461538461,0.5918367346938775,0.68,40,50
test/000072.mp4,000072,resnet50,jpeg_60,fake,fake,0.7948717948717948,0.5918367346938775,0.68,40,50
test/000072.mp4,000072,resnet50,jpeg_70,fake,fake,0.8974358974358975,0.5918367346938775,0.66,40,50
test/000072.mp4,000072,resnet50,jpeg_80,fake,fake,0.8717948717948718,0.5918367346938775,0.66,40,50
test/000072.mp4,000072,resnet50,jpeg_90,fake,fake,0.8205128205128205,0.5918367346938775,0.66,40,50
test/000072.mp4,000072,resnet50,jpeg_95,fake,fake,0.8717948717948718,0.5918367346938775,0.66,40,50
test/000072.mp4,000072,resnet50,h264_18_keepaudio,fake,fake,0.7948717948717948,0.5918367346938775,0.66,40,50
test/000072.mp4,000072,resnet50,h264_23_keepaudio,fake,fake,0.8461538461538461,0.5918367346938775,0.66,40,50
test/000072.mp4,000072,resnet50,h264_28_keepaudio,fake,fake,0.9230769230769231,0.5918367346938775,0.64,40,50
test/000072.mp4,000072,resnet50,h264_33_keepaudio,fake,fake,0.6923076923076923,0.5918367346938775,0.66,40,50
test/000072.mp4,000072,resnet50,h264_38_keepaudio,fake,fake,0.46153846153846156,0.5918367346938775,0.7,40,50
test/000072.mp4,000072,resnet50,h264_43_keepaudio,fake,fake,0.6666666666666666,0.5918367346938775,0.88,40,50
test/000073.mp4,000073,resnet50,clean,fake,fake,0.8648648648648649,0.723404255319149,0.6041666666666666,38,48
test/000073.mp4,000073,resnet50,jpeg_10,fake,fake,0.5675675675675675,0.723404255319149,0.5208333333333334,38,48
test/000073.mp4,000073,resnet50,jpeg_20,fake,fake,0.7837837837837838,0.723404255319149,0.5625,38,48
test/000073.mp4,000073,resnet50,jpeg_30,fake,fake,0.9459459459459459,0.723404255319149,0.625,38,48
test/000073.mp4,000073,resnet50,jpeg_40,fake,fake,0.8918918918918919,0.723404255319149,0.6458333333333334,38,48
test/000073.mp4,000073,resnet50,jpeg_50,fake,fake,0.918918918918919,0.723404255319149,0.625,38,48
test/000073.mp4,000073,resnet50,jpeg_60,fake,fake,0.8378378378378378,0.723404255319149,0.625,38,48
test/000073.mp4,000073,resnet50,jpeg_70,fake,fake,0.8918918918918919,0.723404255319149,0.625,38,48
test/000073.mp4,000073,resnet50,jpeg_80,fake,fake,0.8648648648648649,0.723404255319149,0.6041666666666666,38,48
test/000073.mp4,000073,resnet50,jpeg_90,fake,fake,0.8648648648648649,0.723404255319149,0.6041666666666666,38,48
test/000073.mp4,000073,resnet50,jpeg_95,fake,fake,0.8918918918918919,0.723404255319149,0.6041666666666666,38,48
test/000073.mp4,000073,resnet50,h264_18_keepaudio,fake,fake,0.8108108108108109,0.723404255319149,0.625,38,48
test/000073.mp4,000073,resnet50,h264_23_keepaudio,fake,fake,0.8918918918918919,0.723404255319149,0.6041666666666666,38,48
test/000073.mp4,000073,resnet50,h264_28_keepaudio,fake,fake,0.8378378378378378,0.723404255319149,0.5208333333333334,38,48
test/000073.mp4,000073,resnet50,h264_33_keepaudio,fake,fake,0.7567567567567568,0.723404255319149,0.6041666666666666,38,48
test/000073.mp4,000073,resnet50,h264_38_keepaudio,fake,fake,0.3783783783783784,0.723404255319149,0.6458333333333334,38,48
test/000073.mp4,000073,resnet50,h264_43_keepaudio,fake,fake,0.6111111111111112,0.723404255319149,0.8333333333333334,37,48
test/000074.mp4,000074,resnet50,clean,fake,fake,0.8611111111111112,0.6888888888888889,0.5869565217391305,37,46
test/000074.mp4,000074,resnet50,jpeg_10,fake,fake,0.5555555555555556,0.6888888888888889,0.5869565217391305,37,46
test/000074.mp4,000074,resnet50,jpeg_20,fake,fake,0.75,0.6888888888888889,0.5869565217391305,37,46
test/000074.mp4,000074,resnet50,jpeg_30,fake,fake,0.9444444444444444,0.6888888888888889,0.6086956521739131,37,46
test/000074.mp4,000074,resnet50,jpeg_40,fake,fake,0.8611111111111112,0.6888888888888889,0.6304347826086957,37,46
test/000074.mp4,000074,resnet50,jpeg_50,fake,fake,0.8611111111111112,0.6888888888888889,0.6086956521739131,37,46
test/000074.mp4,000074,resnet50,jpeg_60,fake,fake,0.7777777777777778,0.6888888888888889,0.6086956521739131,37,46
test/000074.mp4,000074,resnet50,jpeg_70,fake,fake,0.8888888888888888,0.6888888888888889,0.5869565217391305,37,46
test/000074.mp4,000074,resnet50,jpeg_80,fake,fake,0.8611111111111112,0.6888888888888889,0.5869565217391305,37,46
test/000074.mp4,000074,resnet50,jpeg_90,fake,fake,0.8611111111111112,0.6888888888888889,0.5869565217391305,37,46
test/000074.mp4,000074,resnet50,jpeg_95,fake,fake,0.8888888888888888,0.6888888888888889,0.5869565217391305,37,46
test/000074.mp4,000074,resnet50,h264_18_keepaudio,fake,fake,0.8055555555555556,0.6888888888888889,0.5869565217391305,37,46
test/000074.mp4,000074,resnet50,h264_23_keepaudio,fake,fake,0.8888888888888888,0.6888888888888889,0.5869565217391305,37,46
test/000074.mp4,000074,resnet50,h264_28_keepaudio,fake,fake,0.9166666666666666,0.6888888888888889,0.5434782608695652,37,46
test/000074.mp4,000074,resnet50,h264_33_keepaudio,fake,fake,0.7222222222222222,0.6888888888888889,0.5869565217391305,37,46
test/000074.mp4,000074,resnet50,h264_38_keepaudio,fake,fake,0.4444444444444444,0.6888888888888889,0.6739130434782609,37,46
test/000074.mp4,000074,resnet50,h264_43_keepaudio,fake,fake,0.6111111111111112,0.6888888888888889,0.8478260869565217,37,46
test/000075.mp4,000075,resnet50,clean,fake,fake,0.8378378378378378,0.723404255319149,0.5833333333333334,38,48
test/000075.mp4,000075,resnet50,jpeg_10,fake,fake,0.5945945945945946,0.723404255319149,0.5416666666666666,38,48
test/000075.mp4,000075,resnet50,jpeg_20,fake,fake,0.7837837837837838,0.723404255319149,0.5416666666666666,38,48
test/000075.mp4,000075,resnet50,jpeg_30,fake,fake,0.918918918918919,0.723404255319149,0.5833333333333334,38,48
test/000075.mp4,000075,resnet50,jpeg_40,fake,fake,0.8108108108108109,0.723404255319149,0.625,38,48
test/000075.mp4,000075,resnet50,jpeg_50,fake,fake,0.8918918918918919,0.723404255319149,0.6041666666666666,38,48
test/000075.mp4,000075,resnet50,jpeg_60,fake,fake,0.7837837837837838,0.723404255319149,0.5833333333333334,38,48
test/000075.mp4,000075,resnet50,jpeg_70,fake,fake,0.8378378378378378,0.723404255319149,0.5625,38,48
test/000075.mp4,000075,resnet50,jpeg_80,fake,fake,0.8378378378378378,0.723404255319149,0.5833333333333334,38,48
test/000075.mp4,000075,resnet50,jpeg_90,fake,fake,0.8648648648648649,0.723404255319149,0.5833333333333334,38,48
test/000075.mp4,000075,resnet50,jpeg_95,fake,fake,0.8378378378378378,0.723404255319149,0.5833333333333334,38,48
test/000075.mp4,000075,resnet50,h264_18_keepaudio,fake,fake,0.7297297297297297,0.723404255319149,0.5625,38,48
test/000075.mp4,000075,resnet50,h264_23_keepaudio,fake,fake,0.8378378378378378,0.723404255319149,0.5625,38,48
test/000075.mp4,000075,resnet50,h264_28_keepaudio,fake,fake,0.918918918918919,0.723404255319149,0.5625,38,48
test/000075.mp4,000075,resnet50,h264_33_keepaudio,fake,fake,0.7567567567567568,0.723404255319149,0.5833333333333334,38,48
test/000075.mp4,000075,resnet50,h264_38_keepaudio,fake,fake,0.43243243243243246,0.723404255319149,0.6666666666666666,38,48
test/000075.mp4,000075,resnet50,h264_43_keepaudio,fake,fake,0.5675675675675675,0.723404255319149,0.7916666666666666,38,48
test/000076.mp4,000076,resnet50,clean,fake,real,0.7,0.9130434782608695,0.375,21,24
test/000076.mp4,000076,resnet50,jpeg_10,fake,real,0.8,0.9130434782608695,0.16666666666666666,21,24
test/000076.mp4,000076,resnet50,jpeg_20,fake,real,0.55,0.9130434782608695,0.375,21,24
test/000076.mp4,000076,resnet50,jpeg_30,fake,real,0.8,0.9130434782608695,0.4166666666666667,21,24
test/000076.mp4,000076,resnet50,jpeg_40,fake,real,0.7,0.9130434782608695,0.4166666666666667,21,24
test/000076.mp4,000076,resnet50,jpeg_50,fake,real,0.8,0.9130434782608695,0.3333333333333333,21,24
test/000076.mp4,000076,resnet50,jpeg_60,fake,real,0.85,0.9130434782608695,0.4583333333333333,21,24
test/000076.mp4,000076,resnet50,jpeg_70,fake,real,0.75,0.9130434782608695,0.4583333333333333,21,24
test/000076.mp4,000076,resnet50,jpeg_80,fake,real,0.65,0.9130434782608695,0.4166666666666667,21,24
test/000076.mp4,000076,resnet50,jpeg_90,fake,real,0.8,0.9130434782608695,0.4583333333333333,21,24
test/000076.mp4,000076,resnet50,jpeg_95,fake,real,0.75,0.9130434782608695,0.375,21,24
test/000076.mp4,000076,resnet50,h264_18_keepaudio,fake,real,0.7,0.9130434782608695,0.375,21,24
test/000076.mp4,000076,resnet50,h264_23_keepaudio,fake,real,0.55,0.9130434782608695,0.375,21,24
test/000076.mp4,000076,resnet50,h264_28_keepaudio,fake,real,0.75,0.9130434782608695,0.25,21,24
test/000076.mp4,000076,resnet50,h264_33_keepaudio,fake,real,0.8,0.9130434782608695,0.4166666666666667,21,24
test/000076.mp4,000076,resnet50,h264_38_keepaudio,fake,real,0.55,0.9130434782608695,0.375,21,24
test/000076.mp4,000076,resnet50,h264_43_keepaudio,fake,real,0.65,0.9130434782608695,0.4583333333333333,21,24
test/000077.mp4,000077,resnet50,clean,fake,real,0.5333333333333333,0.8235294117647058,0.5555555555555556,16,18
test/000077.mp4,000077,resnet50,jpeg_10,fake,real,0.8666666666666667,0.8235294117647058,0.5,16,18
test/000077.mp4,000077,resnet50,jpeg_20,fake,real,0.6666666666666666,0.8235294117647058,0.5555555555555556,16,18
test/000077.mp4,000077,resnet50,jpeg_30,fake,real,0.9333333333333333,0.8235294117647058,0.4444444444444444,16,18
test/000077.mp4,000077,resnet50,jpeg_40,fake,real,0.7333333333333333,0.8235294117647058,0.4444444444444444,16,18
test/000077.mp4,000077,resnet50,jpeg_50,fake,real,0.7333333333333333,0.8235294117647058,0.5555555555555556,16,18
test/000077.mp4,000077,resnet50,jpeg_60,fake,real,0.8,0.8235294117647058,0.6111111111111112,16,18
test/000077.mp4,000077,resnet50,jpeg_70,fake,real,0.7333333333333333,0.8235294117647058,0.5555555555555556,16,18
test/000077.mp4,000077,resnet50,jpeg_80,fake,real,0.6666666666666666,0.8235294117647058,0.6111111111111112,16,18
test/000077.mp4,000077,resnet50,jpeg_90,fake,real,0.7333333333333333,0.8235294117647058,0.7222222222222222,16,18
test/000077.mp4,000077,resnet50,jpeg_95,fake,real,0.6666666666666666,0.8235294117647058,0.6666666666666666,16,18
test/000077.mp4,000077,resnet50,h264_18_keepaudio,fake,real,0.8,0.8235294117647058,0.5,16,18
test/000077.mp4,000077,resnet50,h264_23_keepaudio,fake,real,0.7333333333333333,0.8235294117647058,0.4444444444444444,16,18
test/000077.mp4,000077,resnet50,h264_28_keepaudio,fake,real,0.9333333333333333,0.8235294117647058,0.4444444444444444,16,18
test/000077.mp4,000077,resnet50,h264_33_keepaudio,fake,real,0.9333333333333333,0.8235294117647058,0.4444444444444444,16,18
test/000077.mp4,000077,resnet50,h264_38_keepaudio,fake,real,0.8,0.8235294117647058,0.5555555555555556,16,18
test/000077.mp4,000077,resnet50,h264_43_keepaudio,fake,real,0.5333333333333333,0.8235294117647058,0.7777777777777778,16,18
test/000078.mp4,000078,resnet50,clean,fake,fake,0.7647058823529411,0.8095238095238095,0.5454545454545454,18,22
test/000078.mp4,000078,resnet50,jpeg_10,fake,fake,1.0,0.8095238095238095,0.45454545454545453,18,22
test/000078.mp4,000078,resnet50,jpeg_20,fake,fake,1.0,0.8095238095238095,0.45454545454545453,18,22
test/000078.mp4,000078,resnet50,jpeg_30,fake,fake,1.0,0.8095238095238095,0.45454545454545453,18,22
test/000078.mp4,000078,resnet50,jpeg_40,fake,fake,0.7647058823529411,0.8095238095238095,0.5454545454545454,18,22
test/000078.mp4,000078,resnet50,jpeg_50,fake,fake,0.7647058823529411,0.8095238095238095,0.5,18,22
test/000078.mp4,000078,resnet50,jpeg_60,fake,fake,0.8235294117647058,0.8095238095238095,0.5,18,22
test/000078.mp4,000078,resnet50,jpeg_70,fake,fake,0.8823529411764706,0.8095238095238095,0.45454545454545453,18,22
test/000078.mp4,000078,resnet50,jpeg_80,fake,fake,0.8823529411764706,0.8095238095238095,0.5,18,22
test/000078.mp4,000078,resnet50,jpeg_90,fake,fake,0.8235294117647058,0.8095238095238095,0.5,18,22
test/000078.mp4,000078,resnet50,jpeg_95,fake,fake,0.8823529411764706,0.8095238095238095,0.5,18,22
test/000078.mp4,000078,resnet50,h264_18_keepaudio,fake,fake,0.8235294117647058,0.8095238095238095,0.5454545454545454,18,22
test/000078.mp4,000078,resnet50,h264_23_keepaudio,fake,fake,0.7058823529411765,0.8095238095238095,0.6818181818181818,18,22
test/000078.mp4,000078,resnet50,h264_28_keepaudio,fake,fake,0.9411764705882353,0.8095238095238095,0.5,18,22
test/000078.mp4,000078,resnet50,h264_33_keepaudio,fake,fake,0.7058823529411765,0.8095238095238095,0.5909090909090909,18,22
test/000078.mp4,000078,resnet50,h264_38_keepaudio,fake,fake,0.5294117647058824,0.8095238095238095,0.5909090909090909,18,22
test/000078.mp4,000078,resnet50,h264_43_keepaudio,fake,fake,0.7058823529411765,0.8095238095238095,0.6818181818181818,18,22
test/000079.mp4,000079,resnet50,clean,fake,fake,0.8,0.7777777777777778,0.5789473684210527,16,19
test/000079.mp4,000079,resnet50,jpeg_10,fake,fake,0.8666666666666667,0.7777777777777778,0.5263157894736842,16,19
test/000079.mp4,000079,resnet50,jpeg_20,fake,fake,0.9333333333333333,0.7777777777777778,0.5263157894736842,16,19
test/000079.mp4,000079,resnet50,jpeg_30,fake,fake,0.8,0.7777777777777778,0.631578947368421,16,19
test/000079.mp4,000079,resnet50,jpeg_40,fake,fake,0.9333333333333333,0.7777777777777778,0.5263157894736842,16,19
test/000079.mp4,000079,resnet50,jpeg_50,fake,fake,1.0,0.7777777777777778,0.5263157894736842,16,19
test/000079.mp4,000079,resnet50,jpeg_60,fake,fake,1.0,0.7777777777777778,0.5263157894736842,16,19
test/000079.mp4,000079,resnet50,jpeg_70,fake,fake,0.8,0.7777777777777778,0.5789473684210527,16,19
test/000079.mp4,000079,resnet50,jpeg_80,fake,fake,0.8666666666666667,0.7777777777777778,0.5789473684210527,16,19
test/000079.mp4,000079,resnet50,jpeg_90,fake,fake,0.6666666666666666,0.7777777777777778,0.5789473684210527,16,19
test/000079.mp4,000079,resnet50,jpeg_95,fake,fake,0.8,0.7777777777777778,0.5789473684210527,16,19
test/000079.mp4,000079,resnet50,h264_18_keepaudio,fake,fake,0.8666666666666667,0.7777777777777778,0.5789473684210527,16,19
test/000079.mp4,000079,resnet50,h264_23_keepaudio,fake,fake,0.8666666666666667,0.7777777777777778,0.5263157894736842,16,19
test/000079.mp4,000079,resnet50,h264_28_keepaudio,fake,fake,0.8,0.7777777777777778,0.5789473684210527,16,19
test/000079.mp4,000079,resnet50,h264_33_keepaudio,fake,fake,0.6666666666666666,0.7777777777777778,0.631578947368421,16,19
test/000079.mp4,000079,resnet50,h264_38_keepaudio,fake,fake,0.8666666666666667,0.7777777777777778,0.47368421052631576,16,19
test/000079.mp4,000079,resnet50,h264_43_keepaudio,fake,fake,0.6,0.7777777777777778,0.631578947368421,16,19
test/000080.mp4,000080,resnet50,clean,fake,fake,0.8235294117647058,0.8095238095238095,0.5,18,22
test/000080.mp4,000080,resnet50,jpeg_10,fake,fake,0.7058823529411765,0.8095238095238095,0.5454545454545454,18,22
test/000080.mp4,000080,resnet50,jpeg_20,fake,fake,0.8235294117647058,0.8095238095238095,0.5,18,22
test/000080.mp4,000080,resnet50,jpeg_30,fake,fake,0.8235294117647058,0.8095238095238095,0.5,18,22
test/000080.mp4,000080,resnet50,jpeg_40,fake,fake,0.8235294117647058,0.8095238095238095,0.5,18,22
test/000080.mp4,000080,resnet50,jpeg_50,fake,fake,0.6470588235294118,0.8095238095238095,0.5454545454545454,18,22
test/000080.mp4,000080,resnet50,jpeg_60,fake,fake,1.0,0.8095238095238095,0.45454545454545453,18,22
test/000080.mp4,000080,resnet50,jpeg_70,fake,fake,0.7647058823529411,0.8095238095238095,0.5,18,22
test/000080.mp4,000080,resnet50,jpeg_80,fake,fake,0.8235294117647058,0.8095238095238095,0.5454545454545454,18,22
test/000080.mp4,000080,resnet50,jpeg_90,fake,fake,1.0,0.8095238095238095,0.45454545454545453,18,22
test/000080.mp4,000080,resnet50,jpeg_95,fake,fake,0.6470588235294118,0.8095238095238095,0.5454545454545454,18,22
test/000080.mp4,000080,resnet50,h264_18_keepaudio,fake,fake,0.8823529411764706,0.8095238095238095,0.45454545454545453,18,22
test/000080.mp4,000080,resnet50,h264_23_keepaudio,fake,fake,0.8235294117647058,0.8095238095238095,0.5,18,22
test/000080.mp4,000080,resnet50,h264_28_keepaudio,fake,fake,0.7647058823529411,0.8095238095238095,0.5,18,22
test/000080.mp4,000080,resnet50,h264_33_keepaudio,fake,fake,0.8823529411764706,0.8095238095238095,0.5454545454545454,18,22
test/000080.mp4,000080,resnet50,h264_38_keepaudio,fake,fake,0.9411764705882353,0.8095238095238095,0.45454545454545453,18,22
test/000080.mp4,000080,resnet50,h264_43_keepaudio,fake,fake,0.6470588235294118,0.8095238095238095,0.6363636363636364,18,22
test/000081.mp4,000081,resnet50,clean,fake,real,0.5454545454545454,0.7804878048780488,0.5952380952380952,34,42
test/000081.mp4,000081,resnet50,jpeg_10,fake,real,0.84375,0.7804878048780488,0.38095238095238093,33,42
test/000081.mp4,000081,resnet50,jpeg_20,fake,real,0.75,0.7804878048780488,0.47619047619047616,33,42
test/000081.mp4,000081,resnet50,jpeg_30,fake,real,0.5625,0.7804878048780488,0.5476190476190477,33,42
test/000081.mp4,000081,resnet50,jpeg_40,fake,real,0.6060606060606061,0.7804878048780488,0.5238095238095238,34,42
test/000081.mp4,000081,resnet50,jpeg_50,fake,real,0.625,0.7804878048780488,0.4523809523809524,33,42
test/000081.mp4,000081,resnet50,jpeg_60,fake,real,0.53125,0.7804878048780488,0.6666666666666666,33,42
test/000081.mp4,000081,resnet50,jpeg_70,fake,real,0.65625,0.7804878048780488,0.5476190476190477,33,42
test/000081.mp4,000081,resnet50,jpeg_80,fake,real,0.6666666666666666,0.7804878048780488,0.6428571428571429,34,42
test/000081.mp4,000081,resnet50,jpeg_90,fake,real,0.5625,0.7804878048780488,0.6190476190476191,33,42
test/000081.mp4,000081,resnet50,jpeg_95,fake,real,0.71875,0.7804878048780488,0.5714285714285714,33,42
test/000081.mp4,000081,resnet50,h264_18_keepaudio,fake,real,0.75,0.7804878048780488,0.6190476190476191,33,42
test/000081.mp4,000081,resnet50,h264_23_keepaudio,fake,real,0.7575757575757576,0.7804878048780488,0.5714285714285714,34,42
test/000081.mp4,000081,resnet50,h264_28_keepaudio,fake,real,0.5625,0.7804878048780488,0.6428571428571429,33,42
test/000081.mp4,000081,resnet50,h264_33_keepaudio,fake,real,0.71875,0.7804878048780488,0.5714285714285714,33,42
test/000081.mp4,000081,resnet50,h264_38_keepaudio,fake,real,0.5625,0.7804878048780488,0.5714285714285714,33,42
test/000081.mp4,000081,resnet50,h264_43_keepaudio,fake,real,0.59375,0.7804878048780488,0.40476190476190477,33,42
test/000082.mp4,000082,resnet50,clean,fake,fake,0.7777777777777778,0.782608695652174,0.574468085106383,37,47
test/000082.mp4,000082,resnet50,jpeg_10,fake,fake,0.7567567567567568,0.782608695652174,0.40425531914893614,38,47
test/000082.mp4,000082,resnet50,jpeg_20,fake,fake,0.6756756756756757,0.782608695652174,0.5531914893617021,38,47
test/000082.mp4,000082,resnet50,jpeg_30,fake,fake,0.5277777777777778,0.782608695652174,0.574468085106383,37,47
test/000082.mp4,000082,resnet50,jpeg_40,fake,fake,0.6944444444444444,0.782608695652174,0.5957446808510638,37,47
test/000082.mp4,000082,resnet50,jpeg_50,fake,fake,0.6388888888888888,0.782608695652174,0.5106382978723404,37,47
test/000082.mp4,000082,resnet50,jpeg_60,fake,fake,0.5833333333333334,0.782608695652174,0.5957446808510638,37,47
test/000082.mp4,000082,resnet50,jpeg_70,fake,fake,0.5675675675675675,0.782608695652174,0.5957446808510638,38,47
test/000082.mp4,000082,resnet50,jpeg_80,fake,fake,0.6111111111111112,0.782608695652174,0.6808510638297872,37,47
test/000082.mp4,000082,resnet50,jpeg_90,fake,fake,0.5277777777777778,0.782608695652174,0.6170212765957447,37,47
test/000082.mp4,000082,resnet50,jpeg_95,fake,fake,0.7222222222222222,0.782608695652174,0.6382978723404256,37,47
test/000082.mp4,000082,resnet50,h264_18_keepaudio,fake,fake,0.6666666666666666,0.782608695652174,0.6808510638297872,37,47
test/000082.mp4,000082,resnet50,h264_23_keepaudio,fake,fake,0.6388888888888888,0.782608695652174,0.5531914893617021,37,47
test/000082.mp4,000082,resnet50,h264_28_keepaudio,fake,fake,0.5277777777777778,0.782608695652174,0.5106382978723404,37,47
test/000082.mp4,000082,resnet50,h264_33_keepaudio,fake,fake,0.6756756756756757,0.782608695652174,0.6808510638297872,38,47
test/000082.mp4,000082,resnet50,h264_38_keepaudio,fake,fake,0.40540540540540543,0.782608695652174,0.5106382978723404,38,47
test/000082.mp4,000082,resnet50,h264_43_keepaudio,fake,fake,0.7714285714285715,0.782608695652174,0.5319148936170213,36,47
test/000083.mp4,000083,resnet50,clean,fake,fake,0.8181818181818182,0.7857142857142857,0.5581395348837209,34,43
test/000083.mp4,000083,resnet50,jpeg_10,fake,fake,0.8235294117647058,0.7857142857142857,0.32558139534883723,35,43
test/000083.mp4,000083,resnet50,jpeg_20,fake,fake,0.6470588235294118,0.7857142857142857,0.4418604651162791,35,43
test/000083.mp4,000083,resnet50,jpeg_30,fake,fake,0.6060606060606061,0.7857142857142857,0.5116279069767442,34,43
test/000083.mp4,000083,resnet50,jpeg_40,fake,fake,0.5757575757575758,0.7857142857142857,0.6511627906976745,34,43
test/000083.mp4,000083,resnet50,jpeg_50,fake,fake,0.6060606060606061,0.7857142857142857,0.4883720930232558,34,43
test/000083.mp4,000083,resnet50,jpeg_60,fake,fake,0.696969696969697,0.7857142857142857,0.5581395348837209,34,43
test/000083.mp4,000083,resnet50,jpeg_70,fake,fake,0.5882352941176471,0.7857142857142857,0.5581395348837209,35,43
test/000083.mp4,000083,resnet50,jpeg_80,fake,fake,0.5151515151515151,0.7857142857142857,0.627906976744186,34,43
test/000083.mp4,000083,resnet50,jpeg_90,fake,fake,0.6060606060606061,0.7857142857142857,0.5348837209302325,34,43
test/000083.mp4,000083,resnet50,jpeg_95,fake,fake,0.7575757575757576,0.7857142857142857,0.5581395348837209,34,43
test/000083.mp4,000083,resnet50,h264_18_keepaudio,fake,fake,0.696969696969697,0.7857142857142857,0.6511627906976745,34,43
test/000083.mp4,000083,resnet50,h264_23_keepaudio,fake,fake,0.5757575757575758,0.7857142857142857,0.5116279069767442,34,43
test/000083.mp4,000083,resnet50,h264_28_keepaudio,fake,fake,0.48484848484848486,0.7857142857142857,0.4418604651162791,34,43
test/000083.mp4,000083,resnet50,h264_33_keepaudio,fake,fake,0.6176470588235294,0.7857142857142857,0.627906976744186,35,43
test/000083.mp4,000083,resnet50,h264_38_keepaudio,fake,fake,0.4411764705882353,0.7857142857142857,0.4883720930232558,35,43
test/000083.mp4,000083,resnet50,h264_43_keepaudio,fake,fake,0.6666666666666666,0.7857142857142857,0.4418604651162791,34,43
test/000084.mp4,000084,resnet50,clean,fake,fake,0.7647058823529411,0.75,0.6444444444444445,35,45
test/000084.mp4,000084,resnet50,jpeg_10,fake,fake,0.8,0.75,0.4222222222222222,36,45
test/000084.mp4,000084,resnet50,jpeg_20,fake,fake,0.6571428571428571,0.75,0.6,36,45
test/000084.mp4,000084,resnet50,jpeg_30,fake,fake,0.6176470588235294,0.75,0.6222222222222222,35,45
test/000084.mp4,000084,resnet50,jpeg_40,fake,fake,0.6470588235294118,0.75,0.6888888888888889,35,45
test/000084.mp4,000084,resnet50,jpeg_50,fake,fake,0.5294117647058824,0.75,0.5777777777777777,35,45
test/000084.mp4,000084,resnet50,jpeg_60,fake,fake,0.6764705882352942,0.75,0.6444444444444445,35,45
test/000084.mp4,000084,resnet50,jpeg_70,fake,fake,0.5428571428571428,0.75,0.6222222222222222,36,45
test/000084.mp4,000084,resnet50,jpeg_80,fake,fake,0.6176470588235294,0.75,0.6888888888888889,35,45
test/000084.mp4,000084,resnet50,jpeg_90,fake,fake,0.5,0.75,0.5777777777777777,35,45
test/000084.mp4,000084,resnet50,jpeg_95,fake,fake,0.6470588235294118,0.75,0.6,35,45
test/000084.mp4,000084,resnet50,h264_18_keepaudio,fake,fake,0.6470588235294118,0.75,0.6444444444444445,35,45
test/000084.mp4,000084,resnet50,h264_23_keepaudio,fake,fake,0.47058823529411764,0.75,0.5777777777777777,35,45
test/000084.mp4,000084,resnet50,h264_28_keepaudio,fake,fake,0.5882352941176471,0.75,0.5111111111111111,35,45
test/000084.mp4,000084,resnet50,h264_33_keepaudio,fake,fake,0.6571428571428571,0.75,0.6666666666666666,36,45
test/000084.mp4,000084,resnet50,h264_38_keepaudio,fake,fake,0.3142857142857143,0.75,0.5555555555555556,36,45
test/000084.mp4,000084,resnet50,h264_43_keepaudio,fake,fake,0.7352941176470589,0.75,0.5111111111111111,35,45
test/000085.mp4,000085,resnet50,clean,fake,fake,0.7878787878787878,0.7380952380952381,0.5813953488372093,34,43
test/000085.mp4,000085,resnet50,jpeg_10,fake,fake,0.7941176470588235,0.7380952380952381,0.32558139534883723,35,43
test/000085.mp4,000085,resnet50,jpeg_20,fake,fake,0.7058823529411765,0.7380952380952381,0.5581395348837209,35,43
test/000085.mp4,000085,resnet50,jpeg_30,fake,fake,0.5757575757575758,0.7380952380952381,0.5581395348837209,34,43
test/000085.mp4,000085,resnet50,jpeg_40,fake,fake,0.6363636363636364,0.7380952380952381,0.627906976744186,34,43
test/000085.mp4,000085,resnet50,jpeg_50,fake,fake,0.5454545454545454,0.7380952380952381,0.5348837209302325,34,43
test/000085.mp4,000085,resnet50,jpeg_60,fake,fake,0.6666666666666666,0.7380952380952381,0.627906976744186,34,43
test/000085.mp4,000085,resnet50,jpeg_70,fake,fake,0.6176470588235294,0.7380952380952381,0.5581395348837209,35,43
test/000085.mp4,000085,resnet50,jpeg_80,fake,fake,0.5454545454545454,0.7380952380952381,0.6511627906976745,34,43
test/000085.mp4,000085,resnet50,jpeg_90,fake,fake,0.5151515151515151,0.7380952380952381,0.5581395348837209,34,43
test/000085.mp4,000085,resnet50,jpeg_95,fake,fake,0.7272727272727273,0.7380952380952381,0.6046511627906976,34,43
test/000085.mp4,000085,resnet50,h264_18_keepaudio,fake,fake,0.6666666666666666,0.7380952380952381,0.6744186046511628,34,43
test/000085.mp4,000085,resnet50,h264_23_keepaudio,fake,fake,0.5757575757575758,0.7380952380952381,0.627906976744186,34,43
test/000085.mp4,000085,resnet50,h264_28_keepaudio,fake,fake,0.48484848484848486,0.7380952380952381,0.4883720930232558,34,43
test/000085.mp4,000085,resnet50,h264_33_keepaudio,fake,fake,0.7058823529411765,0.7380952380952381,0.6744186046511628,35,43
test/000085.mp4,000085,resnet50,h264_38_keepaudio,fake,fake,0.4117647058823529,0.7380952380952381,0.5813953488372093,35,43
test/000085.mp4,000085,resnet50,h264_43_keepaudio,fake,fake,0.696969696969697,0.7380952380952381,0.5348837209302325,34,43
test/000086.mp4,000086,resnet50,clean,fake,fake,0.6875,0.7804878048780488,0.6190476190476191,33,42
test/000086.mp4,000086,resnet50,jpeg_10,fake,fake,0.7272727272727273,0.7804878048780488,0.3333333333333333,34,42
test/000086.mp4,000086,resnet50,jpeg_20,fake,fake,0.6363636363636364,0.7804878048780488,0.5476190476190477,34,42
test/000086.mp4,000086,resnet50,jpeg_30,fake,fake,0.5,0.7804878048780488,0.5476190476190477,33,42
test/000086.mp4,000086,resnet50,jpeg_40,fake,fake,0.5,0.7804878048780488,0.6904761904761905,33,42
test/000086.mp4,000086,resnet50,jpeg_50,fake,fake,0.59375,0.7804878048780488,0.42857142857142855,33,42
test/000086.mp4,000086,resnet50,jpeg_60,fake,fake,0.625,0.7804878048780488,0.6190476190476191,33,42
test/000086.mp4,000086,resnet50,jpeg_70,fake,fake,0.5757575757575758,0.7804878048780488,0.5714285714285714,34,42
test/000086.mp4,000086,resnet50,jpeg_80,fake,fake,0.5625,0.7804878048780488,0.6428571428571429,33,42
test/000086.mp4,000086,resnet50,jpeg_90,fake,fake,0.5625,0.7804878048780488,0.5952380952380952,33,42
test/000086.mp4,000086,resnet50,jpeg_95,fake,fake,0.59375,0.7804878048780488,0.6190476190476191,33,42
test/000086.mp4,000086,resnet50,h264_18_keepaudio,fake,fake,0.625,0.7804878048780488,0.6666666666666666,33,42
test/000086.mp4,000086,resnet50,h264_23_keepaudio,fake,fake,0.5625,0.7804878048780488,0.5476190476190477,33,42
test/000086.mp4,000086,resnet50,h264_28_keepaudio,fake,fake,0.40625,0.7804878048780488,0.47619047619047616,33,42
test/000086.mp4,000086,resnet50,h264_33_keepaudio,fake,fake,0.5757575757575758,0.7804878048780488,0.6904761904761905,34,42
test/000086.mp4,000086,resnet50,h264_38_keepaudio,fake,fake,0.45454545454545453,0.7804878048780488,0.5238095238095238,34,42
test/000086.mp4,000086,resnet50,h264_43_keepaudio,fake,fake,0.75,0.7804878048780488,0.47619047619047616,33,42
test/000087.mp4,000087,resnet50,clean,fake,fake,0.7272727272727273,0.7619047619047619,0.5813953488372093,34,43
test/000087.mp4,000087,resnet50,jpeg_10,fake,fake,0.7647058823529411,0.7619047619047619,0.32558139534883723,35,43
test/000087.mp4,000087,resnet50,jpeg_20,fake,fake,0.6470588235294118,0.7619047619047619,0.5581395348837209,35,43
test/000087.mp4,000087,resnet50,jpeg_30,fake,fake,0.6060606060606061,0.7619047619047619,0.5813953488372093,34,43
test/000087.mp4,000087,resnet50,jpeg_40,fake,fake,0.5454545454545454,0.7619047619047619,0.6511627906976745,34,43
test/000087.mp4,000087,resnet50,jpeg_50,fake,fake,0.5151515151515151,0.7619047619047619,0.5348837209302325,34,43
test/000087.mp4,000087,resnet50,jpeg_60,fake,fake,0.5454545454545454,0.7619047619047619,0.627906976744186,34,43
test/000087.mp4,000087,resnet50,jpeg_70,fake,fake,0.5,0.7619047619047619,0.5813953488372093,35,43
test/000087.mp4,000087,resnet50,jpeg_80,fake,fake,0.5757575757575758,0.7619047619047619,0.6511627906976745,34,43
test/000087.mp4,000087,resnet50,jpeg_90,fake,fake,0.3939393939393939,0.7619047619047619,0.5813953488372093,34,43
test/000087.mp4,000087,resnet50,jpeg_95,fake,fake,0.5757575757575758,0.7619047619047619,0.6046511627906976,34,43
test/000087.mp4,000087,resnet50,h264_18_keepaudio,fake,fake,0.5454545454545454,0.7619047619047619,0.6744186046511628,34,43
test/000087.mp4,000087,resnet50,h264_23_keepaudio,fake,fake,0.5454545454545454,0.7619047619047619,0.5581395348837209,34,43
test/000087.mp4,000087,resnet50,h264_28_keepaudio,fake,fake,0.42424242424242425,0.7619047619047619,0.46511627906976744,34,43
test/000087.mp4,000087,resnet50,h264_33_keepaudio,fake,fake,0.6470588235294118,0.7619047619047619,0.6976744186046512,35,43
test/000087.mp4,000087,resnet50,h264_38_keepaudio,fake,fake,0.4411764705882353,0.7619047619047619,0.5581395348837209,35,43
test/000087.mp4,000087,resnet50,h264_43_keepaudio,fake,fake,0.696969696969697,0.7619047619047619,0.4883720930232558,34,43
test/000088.mp4,000088,resnet50,clean,fake,real,0.6875,0.5714285714285714,0.5454545454545454,17,22
test/000088.mp4,000088,resnet50,jpeg_10,fake,real,0.6666666666666666,0.5714285714285714,0.6818181818181818,16,22
test/000088.mp4,000088,resnet50,jpeg_20,fake,real,0.7142857142857143,0.5714285714285714,0.5909090909090909,15,22
test/000088.mp4,000088,resnet50,jpeg_30,fake,real,0.8125,0.5714285714285714,0.5,17,22
test/000088.mp4,000088,resnet50,jpeg_40,fake,real,0.8,0.5714285714285714,0.4090909090909091,16,22
test/000088.mp4,000088,resnet50,jpeg_50,fake,real,0.4666666666666667,0.5714285714285714,0.6363636363636364,16,22
test/000088.mp4,000088,resnet50,jpeg_60,fake,real,0.6,0.5714285714285714,0.45454545454545453,16,22
test/000088.mp4,000088,resnet50,jpeg_70,fake,real,0.8666666666666667,0.5714285714285714,0.5454545454545454,16,22
test/000088.mp4,000088,resnet50,jpeg_80,fake,real,0.75,0.5714285714285714,0.5909090909090909,17,22
test/000088.mp4,000088,resnet50,jpeg_90,fake,real,0.625,0.5714285714285714,0.6818181818181818,17,22
test/000088.mp4,000088,resnet50,jpeg_95,fake,real,0.8125,0.5714285714285714,0.6363636363636364,17,22
test/000088.mp4,000088,resnet50,h264_18_keepaudio,fake,real,0.6,0.5714285714285714,0.5,16,22
test/000088.mp4,000088,resnet50,h264_23_keepaudio,fake,real,0.625,0.5714285714285714,0.45454545454545453,17,22
test/000088.mp4,000088,resnet50,h264_28_keepaudio,fake,real,0.6875,0.5714285714285714,0.5,17,22
test/000088.mp4,000088,resnet50,h264_33_keepaudio,fake,real,0.375,0.5714285714285714,0.5909090909090909,17,22
test/000088.mp4,000088,resnet50,h264_38_keepaudio,fake,real,0.5714285714285714,0.5714285714285714,0.7727272727272727,15,22
test/000088.mp4,000088,resnet50,h264_43_keepaudio,fake,real,0.5,0.5714285714285714,0.6363636363636364,15,22
test/000089.mp4,000089,resnet50,clean,fake,fake,0.7777777777777778,0.625,0.6,19,25
test/000089.mp4,000089,resnet50,jpeg_10,fake,fake,0.8235294117647058,0.625,0.52,18,25
test/000089.mp4,000089,resnet50,jpeg_20,fake,fake,0.7222222222222222,0.625,0.68,19,25
test/000089.mp4,000089,resnet50,jpeg_30,fake,fake,0.6666666666666666,0.625,0.6,19,25
test/000089.mp4,000089,resnet50,jpeg_40,fake,fake,0.8823529411764706,0.625,0.52,18,25
test/000089.mp4,000089,resnet50,jpeg_50,fake,fake,0.8888888888888888,0.625,0.44,19,25
test/000089.mp4,000089,resnet50,jpeg_60,fake,fake,0.8235294117647058,0.625,0.72,18,25
test/000089.mp4,000089,resnet50,jpeg_70,fake,fake,0.5882352941176471,0.625,0.72,18,25
test/000089.mp4,000089,resnet50,jpeg_80,fake,fake,0.7222222222222222,0.625,0.64,19,25
test/000089.mp4,000089,resnet50,jpeg_90,fake,fake,0.875,0.625,0.6,17,25
test/000089.mp4,000089,resnet50,jpeg_95,fake,fake,0.7777777777777778,0.625,0.64,19,25
test/000089.mp4,000089,resnet50,h264_18_keepaudio,fake,fake,0.8823529411764706,0.625,0.6,18,25
test/000089.mp4,000089,resnet50,h264_23_keepaudio,fake,fake,0.7647058823529411,0.625,0.56,18,25
test/000089.mp4,000089,resnet50,h264_28_keepaudio,fake,fake,0.8125,0.625,0.56,17,25
test/000089.mp4,000089,resnet50,h264_33_keepaudio,fake,fake,0.5625,0.625,0.64,17,25
test/000089.mp4,000089,resnet50,h264_38_keepaudio,fake,fake,0.6875,0.625,0.84,17,25
test/000089.mp4,000089,resnet50,h264_43_keepaudio,fake,fake,0.7222222222222222,0.625,0.48,19,25
test/000090.mp4,000090,resnet50,clean,fake,fake,0.7333333333333333,0.6363636363636364,0.6956521739130435,16,23
test/000090.mp4,000090,resnet50,jpeg_10,fake,fake,0.6428571428571429,0.6363636363636364,0.6086956521739131,15,23
test/000090.mp4,000090,resnet50,jpeg_20,fake,fake,0.7142857142857143,0.6363636363636364,0.5652173913043478,15,23
test/000090.mp4,000090,resnet50,jpeg_30,fake,fake,0.7333333333333333,0.6363636363636364,0.4782608695652174,16,23
test/000090.mp4,000090,resnet50,jpeg_40,fake,fake,0.7857142857142857,0.6363636363636364,0.7391304347826086,15,23
test/000090.mp4,000090,resnet50,jpeg_50,fake,fake,0.7857142857142857,0.6363636363636364,0.4782608695652174,15,23
test/000090.mp4,000090,resnet50,jpeg_60,fake,fake,0.7857142857142857,0.6363636363636364,0.8260869565217391,15,23
test/000090.mp4,000090,resnet50,jpeg_70,fake,fake,0.7142857142857143,0.6363636363636364,0.7391304347826086,15,23
test/000090.mp4,000090,resnet50,jpeg_80,fake,fake,0.7142857142857143,0.6363636363636364,0.7391304347826086,15,23
test/000090.mp4,000090,resnet50,jpeg_90,fake,fake,0.8666666666666667,0.6363636363636364,0.6086956521739131,16,23
test/000090.mp4,000090,resnet50,jpeg_95,fake,fake,0.7857142857142857,0.6363636363636364,0.7391304347826086,15,23
test/000090.mp4,000090,resnet50,h264_18_keepaudio,fake,fake,0.7857142857142857,0.6363636363636364,0.6956521739130435,15,23
test/000090.mp4,000090,resnet50,h264_23_keepaudio,fake,fake,0.7857142857142857,0.6363636363636364,0.4782608695652174,15,23
test/000090.mp4,000090,resnet50,h264_28_keepaudio,fake,fake,0.9333333333333333,0.6363636363636364,0.5217391304347826,16,23
test/000090.mp4,000090,resnet50,h264_33_keepaudio,fake,fake,0.7333333333333333,0.6363636363636364,0.5652173913043478,16,23
test/000090.mp4,000090,resnet50,h264_38_keepaudio,fake,fake,0.7333333333333333,0.6363636363636364,0.6521739130434783,16,23
test/000090.mp4,000090,resnet50,h264_43_keepaudio,fake,fake,0.5,0.6363636363636364,0.5217391304347826,13,23
test/000091.mp4,000091,resnet50,clean,fake,fake,0.8125,0.625,0.56,17,25
test/000091.mp4,000091,resnet50,jpeg_10,fake,fake,0.8823529411764706,0.625,0.56,18,25
test/000091.mp4,000091,resnet50,jpeg_20,fake,fake,0.9375,0.625,0.44,17,25
test/000091.mp4,000091,resnet50,jpeg_30,fake,fake,0.6470588235294118,0.625,0.6,18,25
test/000091.mp4,000091,resnet50,jpeg_40,fake,fake,0.7647058823529411,0.625,0.56,18,25
test/000091.mp4,000091,resnet50,jpeg_50,fake,fake,0.8235294117647058,0.625,0.56,18,25
test/000091.mp4,000091,resnet50,jpeg_60,fake,fake,0.7647058823529411,0.625,0.6,18,25
test/000091.mp4,000091,resnet50,jpeg_70,fake,fake,0.7647058823529411,0.625,0.56,18,25
test/000091.mp4,000091,resnet50,jpeg_80,fake,fake,0.6470588235294118,0.625,0.64,18,25
test/000091.mp4,000091,resnet50,jpeg_90,fake,fake,0.75,0.625,0.56,17,25
test/000091.mp4,000091,resnet50,jpeg_95,fake,fake,0.75,0.625,0.56,17,25
test/000091.mp4,000091,resnet50,h264_18_keepaudio,fake,fake,0.6470588235294118,0.625,0.6,18,25
test/000091.mp4,000091,resnet50,h264_23_keepaudio,fake,fake,0.7058823529411765,0.625,0.72,18,25
test/000091.mp4,000091,resnet50,h264_28_keepaudio,fake,fake,0.8125,0.625,0.68,17,25
test/000091.mp4,000091,resnet50,h264_33_keepaudio,fake,fake,0.7058823529411765,0.625,0.6,18,25
test/000091.mp4,000091,resnet50,h264_38_keepaudio,fake,fake,0.3333333333333333,0.625,0.48,16,25
test/000091.mp4,000091,resnet50,h264_43_keepaudio,fake,fake,0.7368421052631579,0.625,0.56,20,25
test/000092.mp4,000092,resnet50,clean,fake,real,0.6666666666666666,0.7857142857142857,0.7333333333333333,13,15
test/000092.mp4,000092,resnet50,jpeg_10,fake,real,0.6666666666666666,0.7857142857142857,0.4666666666666667,13,15
test/000092.mp4,000092,resnet50,jpeg_20,fake,real,0.75,0.7857142857142857,0.8,13,15
test/000092.mp4,000092,resnet50,jpeg_30,fake,real,0.9166666666666666,0.7857142857142857,0.6,13,15
test/000092.mp4,000092,resnet50,jpeg_40,fake,real,0.75,0.7857142857142857,0.6,13,15
test/000092.mp4,000092,resnet50,jpeg_50,fake,real,0.75,0.7857142857142857,0.6,13,15
test/000092.mp4,000092,resnet50,jpeg_60,fake,real,0.6666666666666666,0.7857142857142857,0.6,13,15
test/000092.mp4,000092,resnet50,jpeg_70,fake,real,0.75,0.7857142857142857,0.6,13,15
test/000092.mp4,000092,resnet50,jpeg_80,fake,real,0.8333333333333334,0.7857142857142857,0.6666666666666666,13,15
test/000092.mp4,000092,resnet50,jpeg_90,fake,real,0.5,0.7857142857142857,0.6666666666666666,13,15
test/000092.mp4,000092,resnet50,jpeg_95,fake,real,0.5833333333333334,0.7857142857142857,0.6666666666666666,13,15
test/000092.mp4,000092,resnet50,h264_18_keepaudio,fake,real,0.9166666666666666,0.7857142857142857,0.6,13,15
test/000092.mp4,000092,resnet50,h264_23_keepaudio,fake,real,0.5833333333333334,0.7857142857142857,0.5333333333333333,13,15
test/000092.mp4,000092,resnet50,h264_28_keepaudio,fake,real,0.75,0.7857142857142857,0.6,13,15
test/000092.mp4,000092,resnet50,h264_33_keepaudio,fake,real,0.5833333333333334,0.7857142857142857,0.6666666666666666,13,15
test/000092.mp4,000092,resnet50,h264_38_keepaudio,fake,real,0.9166666666666666,0.7857142857142857,0.6,13,15
test/000092.mp4,000092,resnet50,h264_43_keepaudio,fake,real,0.75,0.7857142857142857,0.7333333333333333,13,15
test/000093.mp4,000093,resnet50,clean,fake,fake,1.0,0.9285714285714286,0.6,13,15
test/000093.mp4,000093,resnet50,jpeg_10,fake,fake,0.75,0.9285714285714286,0.4666666666666667,13,15
test/000093.mp4,000093,resnet50,jpeg_20,fake,fake,0.5833333333333334,0.9285714285714286,0.4,13,15
test/000093.mp4,000093,resnet50,jpeg_30,fake,fake,0.6666666666666666,0.9285714285714286,0.5333333333333333,13,15
test/000093.mp4,000093,resnet50,jpeg_40,fake,fake,0.9166666666666666,0.9285714285714286,0.6,13,15
test/000093.mp4,000093,resnet50,jpeg_50,fake,fake,0.9166666666666666,0.9285714285714286,0.5333333333333333,13,15
test/000093.mp4,000093,resnet50,jpeg_60,fake,fake,0.8333333333333334,0.9285714285714286,0.5333333333333333,13,15
test/000093.mp4,000093,resnet50,jpeg_70,fake,fake,0.9166666666666666,0.9285714285714286,0.6,13,15
test/000093.mp4,000093,resnet50,jpeg_80,fake,fake,0.75,0.9285714285714286,0.5333333333333333,13,15
test/000093.mp4,000093,resnet50,jpeg_90,fake,fake,0.6666666666666666,0.9285714285714286,0.6666666666666666,13,15
test/000093.mp4,000093,resnet50,jpeg_95,fake,fake,0.8333333333333334,0.9285714285714286,0.6,13,15
test/000093.mp4,000093,resnet50,h264_18_keepaudio,fake,fake,0.6666666666666666,0.9285714285714286,0.6666666666666666,13,15
test/000093.mp4,000093,resnet50,h264_23_keepaudio,fake,fake,0.8333333333333334,0.9285714285714286,0.5333333333333333,13,15
test/000093.mp4,000093,resnet50,h264_28_keepaudio,fake,fake,0.9166666666666666,0.9285714285714286,0.6,13,15
test/000093.mp4,000093,resnet50,h264_33_keepaudio,fake,fake,0.75,0.9285714285714286,0.6,13,15
test/000093.mp4,000093,resnet50,h264_38_keepaudio,fake,fake,0.5833333333333334,0.9285714285714286,0.5333333333333333,13,15
test/000093.mp4,000093,resnet50,h264_43_keepaudio,fake,fake,0.4166666666666667,0.9285714285714286,0.6,13,15
test/000094.mp4,000094,resnet50,clean,fake,fake,0.9166666666666666,0.7857142857142857,0.6666666666666666,13,15
test/000094.mp4,000094,resnet50,jpeg_10,fake,fake,0.75,0.7857142857142857,0.4666666666666667,13,15
test/000094.mp4,000094,resnet50,jpeg_20,fake,fake,0.75,0.7857142857142857,0.5333333333333333,13,15
test/000094.mp4,000094,resnet50,jpeg_30,fake,fake,0.5833333333333334,0.7857142857142857,0.4666666666666667,13,15
test/000094.mp4,000094,resnet50,jpeg_40,fake,fake,0.8333333333333334,0.7857142857142857,0.6,13,15
test/000094.mp4,000094,resnet50,jpeg_50,fake,fake,0.8333333333333334,0.7857142857142857,0.6,13,15
test/000094.mp4,000094,resnet50,jpeg_60,fake,fake,0.8333333333333334,0.7857142857142857,0.6666666666666666,13,15
test/000094.mp4,000094,resnet50,jpeg_70,fake,fake,0.75,0.7857142857142857,0.6,13,15
test/000094.mp4,000094,resnet50,jpeg_80,fake,fake,0.5,0.7857142857142857,0.5333333333333333,13,15
test/000094.mp4,000094,resnet50,jpeg_90,fake,fake,0.8333333333333334,0.7857142857142857,0.6666666666666666,13,15
test/000094.mp4,000094,resnet50,jpeg_95,fake,fake,0.6666666666666666,0.7857142857142857,0.6,13,15
test/000094.mp4,000094,resnet50,h264_18_keepaudio,fake,fake,1.0,0.7857142857142857,0.6666666666666666,13,15
test/000094.mp4,000094,resnet50,h264_23_keepaudio,fake,fake,0.9166666666666666,0.7857142857142857,0.6,13,15
test/000094.mp4,000094,resnet50,h264_28_keepaudio,fake,fake,0.9166666666666666,0.7857142857142857,0.6,13,15
test/000094.mp4,000094,resnet50,h264_33_keepaudio,fake,fake,0.75,0.7857142857142857,0.6,13,15
test/000094.mp4,000094,resnet50,h264_38_keepaudio,fake,fake,0.5833333333333334,0.7857142857142857,0.6666666666666666,13,15
test/000094.mp4,000094,resnet50,h264_43_keepaudio,fake,fake,0.5833333333333334,0.7857142857142857,0.6,13,15
test/000095.mp4,000095,resnet50,clean,fake,fake,0.8333333333333334,0.9285714285714286,0.6,13,15
test/000095.mp4,000095,resnet50,jpeg_10,fake,fake,0.5833333333333334,0.9285714285714286,0.4666666666666667,13,15
test/000095.mp4,000095,resnet50,jpeg_20,fake,fake,0.8333333333333334,0.9285714285714286,0.5333333333333333,13,15
test/000095.mp4,000095,resnet50,jpeg_30,fake,fake,0.5833333333333334,0.9285714285714286,0.4666666666666667,13,15
test/000095.mp4,000095,resnet50,jpeg_40,fake,fake,0.75,0.9285714285714286,0.5333333333333333,13,15
test/000095.mp4,000095,resnet50,jpeg_50,fake,fake,0.75,0.9285714285714286,0.5333333333333333,13,15
test/000095.mp4,000095,resnet50,jpeg_60,fake,fake,0.9166666666666666,0.9285714285714286,0.6,13,15
test/000095.mp4,000095,resnet50,jpeg_70,fake,fake,0.8333333333333334,0.9285714285714286,0.4666666666666667,13,15
test/000095.mp4,000095,resnet50,jpeg_80,fake,fake,0.9166666666666666,0.9285714285714286,0.6,13,15
test/000095.mp4,000095,resnet50,jpeg_90,fake,fake,0.9166666666666666,0.9285714285714286,0.6,13,15
test/000095.mp4,000095,resnet50,jpeg_95,fake,fake,0.9166666666666666,0.9285714285714286,0.6,13,15
test/000095.mp4,000095,resnet50,h264_18_keepaudio,fake,fake,0.6666666666666666,0.9285714285714286,0.5333333333333333,13,15
test/000095.mp4,000095,resnet50,h264_23_keepaudio,fake,fake,0.8333333333333334,0.9285714285714286,0.6,13,15
test/000095.mp4,000095,resnet50,h264_28_keepaudio,fake,fake,0.75,0.9285714285714286,0.4666666666666667,13,15
test/000095.mp4,000095,resnet50,h264_33_keepaudio,fake,fake,0.6666666666666666,0.9285714285714286,0.6,13,15
test/000095.mp4,000095,resnet50,h264_38_keepaudio,fake,fake,0.9166666666666666,0.9285714285714286,0.5333333333333333,13,15
test/000095.mp4,000095,resnet50,h264_43_keepaudio,fake,fake,0.4166666666666667,0.9285714285714286,0.5333333333333333,13,15
test/000096.mp4,000096,resnet50,clean,fake,real,0.6428571428571429,0.75,0.5294117647058824,15,17
test/000096.mp4,000096,resnet50,jpeg_10,fake,real,0.7857142857142857,0.75,0.4117647058823529,15,17
test/000096.mp4,000096,resnet50,jpeg_20,fake,real,0.6428571428571429,0.75,0.7058823529411765,15,17
test/000096.mp4,000096,resnet50,jpeg_30,fake,real,0.5,0.75,0.5294117647058824,15,17
test/000096.mp4,000096,resnet50,jpeg_40,fake,real,0.7857142857142857,0.75,0.5294117647058824,15,17
test/000096.mp4,000096,resnet50,jpeg_50,fake,real,0.9285714285714286,0.75,0.47058823529411764,15,17
test/000096.mp4,000096,resnet50,jpeg_60,fake,real,0.6428571428571429,0.75,0.4117647058823529,15,17
test/000096.mp4,000096,resnet50,jpeg_70,fake,real,0.7142857142857143,0.75,0.47058823529411764,15,17
test/000096.mp4,000096,resnet50,jpeg_80,fake,real,0.6428571428571429,0.75,0.5294117647058824,15,17
test/000096.mp4,000096,resnet50,jpeg_90,fake,real,0.7142857142857143,0.75,0.5294117647058824,15,17
test/000096.mp4,000096,resnet50,jpeg_95,fake,real,0.5714285714285714,0.75,0.5294117647058824,15,17
test/000096.mp4,000096,resnet50,h264_18_keepaudio,fake,real,0.7142857142857143,0.75,0.5294117647058824,15,17
test/000096.mp4,000096,resnet50,h264_23_keepaudio,fake,real,0.5714285714285714,0.75,0.7647058823529411,15,17
test/000096.mp4,000096,resnet50,h264_28_keepaudio,fake,real,0.5714285714285714,0.75,0.5882352941176471,15,17
test/000096.mp4,000096,resnet50,h264_33_keepaudio,fake,real,0.7142857142857143,0.75,0.5882352941176471,15,17
test/000096.mp4,000096,resnet50,h264_38_keepaudio,fake,real,0.6428571428571429,0.75,0.7647058823529411,15,17
test/000096.mp4,000096,resnet50,h264_43_keepaudio,fake,real,0.07142857142857142,0.75,0.8823529411764706,15,17
test/000097.mp4,000097,resnet50,clean,fake,real,0.8,0.6111111111111112,0.7368421052631579,16,19
test/000097.mp4,000097,resnet50,jpeg_10,fake,real,0.8666666666666667,0.6111111111111112,0.631578947368421,16,19
test/000097.mp4,000097,resnet50,jpeg_20,fake,real,0.7333333333333333,0.6111111111111112,0.7368421052631579,16,19
test/000097.mp4,000097,resnet50,jpeg_30,fake,real,0.8,0.6111111111111112,0.7894736842105263,16,19
test/000097.mp4,000097,resnet50,jpeg_40,fake,real,0.7333333333333333,0.6111111111111112,0.6842105263157895,16,19
test/000097.mp4,000097,resnet50,jpeg_50,fake,real,0.8666666666666667,0.6111111111111112,0.7894736842105263,16,19
test/000097.mp4,000097,resnet50,jpeg_60,fake,real,0.8666666666666667,0.6111111111111112,0.6842105263157895,16,19
test/000097.mp4,000097,resnet50,jpeg_70,fake,real,0.8666666666666667,0.6111111111111112,0.6842105263157895,16,19
test/000097.mp4,000097,resnet50,jpeg_80,fake,real,0.7333333333333333,0.6111111111111112,0.6842105263157895,16,19
test/000097.mp4,000097,resnet50,jpeg_90,fake,real,0.8,0.6111111111111112,0.7368421052631579,16,19
test/000097.mp4,000097,resnet50,jpeg_95,fake,real,0.8,0.6111111111111112,0.7368421052631579,16,19
test/000097.mp4,000097,resnet50,h264_18_keepaudio,fake,real,0.9333333333333333,0.6111111111111112,0.8421052631578947,16,19
test/000097.mp4,000097,resnet50,h264_23_keepaudio,fake,real,0.8666666666666667,0.6111111111111112,0.7894736842105263,16,19
test/000097.mp4,000097,resnet50,h264_28_keepaudio,fake,real,0.8666666666666667,0.6111111111111112,0.7368421052631579,16,19
test/000097.mp4,000097,resnet50,h264_33_keepaudio,fake,real,0.8666666666666667,0.6111111111111112,0.7894736842105263,16,19
test/000097.mp4,000097,resnet50,h264_38_keepaudio,fake,real,0.7333333333333333,0.6111111111111112,0.631578947368421,16,19
test/000097.mp4,000097,resnet50,h264_43_keepaudio,fake,real,0.7333333333333333,0.6111111111111112,0.631578947368421,16,19
test/000098.mp4,000098,resnet50,clean,fake,fake,0.9411764705882353,0.55,0.7142857142857143,18,21
test/000098.mp4,000098,resnet50,jpeg_10,fake,fake,0.8823529411764706,0.55,0.7142857142857143,18,21
test/000098.mp4,000098,resnet50,jpeg_20,fake,fake,0.9411764705882353,0.55,0.7142857142857143,18,21
test/000098.mp4,000098,resnet50,jpeg_30,fake,fake,0.9411764705882353,0.55,0.7142857142857143,18,21
test/000098.mp4,000098,resnet50,jpeg_40,fake,fake,0.9411764705882353,0.55,0.7142857142857143,18,21
test/000098.mp4,000098,resnet50,jpeg_50,fake,fake,0.9411764705882353,0.55,0.7142857142857143,18,21
test/000098.mp4,000098,resnet50,jpeg_60,fake,fake,0.9411764705882353,0.55,0.7142857142857143,18,21
test/000098.mp4,000098,resnet50,jpeg_70,fake,fake,0.8823529411764706,0.55,0.7142857142857143,18,21
test/000098.mp4,000098,resnet50,jpeg_80,fake,fake,0.8823529411764706,0.55,0.7142857142857143,18,21
test/000098.mp4,000098,resnet50,jpeg_90,fake,fake,0.9411764705882353,0.55,0.7142857142857143,18,21
test/000098.mp4,000098,resnet50,jpeg_95,fake,fake,0.9411764705882353,0.55,0.7142857142857143,18,21
test/000098.mp4,000098,resnet50,h264_18_keepaudio,fake,fake,0.8235294117647058,0.55,0.7142857142857143,18,21
test/000098.mp4,000098,resnet50,h264_23_keepaudio,fake,fake,0.9411764705882353,0.55,0.7142857142857143,18,21
test/000098.mp4,000098,resnet50,h264_28_keepaudio,fake,fake,0.8235294117647058,0.55,0.7142857142857143,18,21
test/000098.mp4,000098,resnet50,h264_33_keepaudio,fake,fake,0.8823529411764706,0.55,0.7619047619047619,18,21
test/000098.mp4,000098,resnet50,h264_38_keepaudio,fake,fake,0.5294117647058824,0.55,0.7619047619047619,18,21
test/000098.mp4,000098,resnet50,h264_43_keepaudio,fake,fake,0.8235294117647058,0.55,0.8571428571428571,18,21
test/000099.mp4,000099,resnet50,clean,fake,fake,0.9333333333333333,0.6111111111111112,0.7894736842105263,16,19
test/000099.mp4,000099,resnet50,jpeg_10,fake,fake,0.9333333333333333,0.6111111111111112,0.631578947368421,16,19
test/000099.mp4,000099,resnet50,jpeg_20,fake,fake,0.8666666666666667,0.6111111111111112,0.7368421052631579,16,19
test/000099.mp4,000099,resnet50,jpeg_30,fake,fake,0.9333333333333333,0.6111111111111112,0.7368421052631579,16,19
test/000099.mp4,000099,resnet50,jpeg_40,fake,fake,0.8,0.6111111111111112,0.631578947368421,16,19
test/000099.mp4,000099,resnet50,jpeg_50,fake,fake,0.8,0.6111111111111112,0.7368421052631579,16,19
test/000099.mp4,000099,resnet50,jpeg_60,fake,fake,0.9333333333333333,0.6111111111111112,0.7368421052631579,16,19
test/000099.mp4,000099,resnet50,jpeg_70,fake,fake,0.9333333333333333,0.6111111111111112,0.7368421052631579,16,19
test/000099.mp4,000099,resnet50,jpeg_80,fake,fake,0.8666666666666667,0.6111111111111112,0.7368421052631579,16,19
test/000099.mp4,000099,resnet50,jpeg_90,fake,fake,0.8,0.6111111111111112,0.7894736842105263,16,19
test/000099.mp4,000099,resnet50,jpeg_95,fake,fake,0.9333333333333333,0.6111111111111112,0.631578947368421,16,19
test/000099.mp4,000099,resnet50,h264_18_keepaudio,fake,fake,0.8666666666666667,0.6111111111111112,0.7368421052631579,16,19
test/000099.mp4,000099,resnet50,h264_23_keepaudio,fake,fake,0.8,0.6111111111111112,0.7894736842105263,16,19
test/000099.mp4,000099,resnet50,h264_28_keepaudio,fake,fake,0.9333333333333333,0.6111111111111112,0.631578947368421,16,19
test/000099.mp4,000099,resnet50,h264_33_keepaudio,fake,fake,0.8,0.6111111111111112,0.7894736842105263,16,19
test/000099.mp4,000099,resnet50,h264_38_keepaudio,fake,fake,0.6666666666666666,0.6111111111111112,0.6842105263157895,16,19
test/000099.mp4,000099,resnet50,h264_43_keepaudio,fake,fake,0.8666666666666667,0.6111111111111112,0.8947368421052632,16,19
test/000100.mp4,000100,resnet50,clean,fake,fake,0.875,0.7,0.6666666666666666,17,21
test/000100.mp4,000100,resnet50,jpeg_10,fake,fake,0.875,0.7,0.5714285714285714,17,21
test/000100.mp4,000100,resnet50,jpeg_20,fake,fake,0.8125,0.7,0.5714285714285714,17,21
test/000100.mp4,000100,resnet50,jpeg_30,fake,fake,0.8125,0.7,0.6190476190476191,17,21
test/000100.mp4,000100,resnet50,jpeg_40,fake,fake,0.9375,0.7,0.5714285714285714,17,21
test/000100.mp4,000100,resnet50,jpeg_50,fake,fake,0.6875,0.7,0.6190476190476191,17,21
test/000100.mp4,000100,resnet50,jpeg_60,fake,fake,0.9375,0.7,0.6666666666666666,17,21
test/000100.mp4,000100,resnet50,jpeg_70,fake,fake,0.8125,0.7,0.6666666666666666,17,21
test/000100.mp4,000100,resnet50,jpeg_80,fake,fake,0.875,0.7,0.6666666666666666,17,21
test/000100.mp4,000100,resnet50,jpeg_90,fake,fake,0.8125,0.7,0.6666666666666666,17,21
test/000100.mp4,000100,resnet50,jpeg_95,fake,fake,0.8125,0.7,0.6666666666666666,17,21
test/000100.mp4,000100,resnet50,h264_18_keepaudio,fake,fake,0.9375,0.7,0.7142857142857143,17,21
test/000100.mp4,000100,resnet50,h264_23_keepaudio,fake,fake,0.9375,0.7,0.7142857142857143,17,21
test/000100.mp4,000100,resnet50,h264_28_keepaudio,fake,fake,0.9375,0.7,0.6666666666666666,17,21
test/000100.mp4,000100,resnet50,h264_33_keepaudio,fake,fake,0.9375,0.7,0.7142857142857143,17,21
test/000100.mp4,000100,resnet50,h264_38_keepaudio,fake,fake,0.75,0.7,0.7142857142857143,17,21
test/000100.mp4,000100,resnet50,h264_43_keepaudio,fake,fake,0.375,0.7,0.6190476190476191,17,21
test/000101.mp4,000101,resnet50,clean,fake,real,0.35714285714285715,0.8823529411764706,0.5,15,18
test/000101.mp4,000101,resnet50,jpeg_10,fake,real,0.8571428571428571,0.8823529411764706,0.5,15,18
test/000101.mp4,000101,resnet50,jpeg_20,fake,real,0.6428571428571429,0.8823529411764706,0.3333333333333333,15,18
test/000101.mp4,000101,resnet50,jpeg_30,fake,real,0.6428571428571429,0.8823529411764706,0.4444444444444444,15,18
test/000101.mp4,000101,resnet50,jpeg_40,fake,real,0.5,0.8823529411764706,0.5,15,18
test/000101.mp4,000101,resnet50,jpeg_50,fake,real,0.2857142857142857,0.8823529411764706,0.5555555555555556,15,18
test/000101.mp4,000101,resnet50,jpeg_60,fake,real,0.42857142857142855,0.8823529411764706,0.5555555555555556,15,18
test/000101.mp4,000101,resnet50,jpeg_70,fake,real,0.2857142857142857,0.8823529411764706,0.5,15,18
test/000101.mp4,000101,resnet50,jpeg_80,fake,real,0.2857142857142857,0.8823529411764706,0.5,15,18
test/000101.mp4,000101,resnet50,jpeg_90,fake,real,0.35714285714285715,0.8823529411764706,0.5,15,18
test/000101.mp4,000101,resnet50,jpeg_95,fake,real,0.2857142857142857,0.8823529411764706,0.5555555555555556,15,18
test/000101.mp4,000101,resnet50,h264_18_keepaudio,fake,real,0.35714285714285715,0.8823529411764706,0.5,15,18
test/000101.mp4,000101,resnet50,h264_23_keepaudio,fake,real,0.14285714285714285,0.8823529411764706,0.5555555555555556,15,18
test/000101.mp4,000101,resnet50,h264_28_keepaudio,fake,real,0.07142857142857142,0.8823529411764706,0.5555555555555556,15,18
test/000101.mp4,000101,resnet50,h264_33_keepaudio,fake,real,0.2857142857142857,0.8823529411764706,0.5,15,18
test/000101.mp4,000101,resnet50,h264_38_keepaudio,fake,real,0.5714285714285714,0.8823529411764706,0.5555555555555556,15,18
test/000101.mp4,000101,resnet50,h264_43_keepaudio,fake,real,0.6428571428571429,0.8823529411764706,0.6666666666666666,15,18
test/000102.mp4,000102,resnet50,clean,fake,real,0.75,0.7857142857142857,0.8,13,15
test/000102.mp4,000102,resnet50,jpeg_10,fake,real,0.5833333333333334,0.7857142857142857,0.6,13,15
test/000102.mp4,000102,resnet50,jpeg_20,fake,real,0.75,0.7857142857142857,0.7333333333333333,13,15
test/000102.mp4,000102,resnet50,jpeg_30,fake,real,0.5833333333333334,0.7857142857142857,0.6666666666666666,13,15
test/000102.mp4,000102,resnet50,jpeg_40,fake,real,0.6666666666666666,0.7857142857142857,0.6,13,15
test/000102.mp4,000102,resnet50,jpeg_50,fake,real,0.6666666666666666,0.7857142857142857,0.6,13,15
test/000102.mp4,000102,resnet50,jpeg_60,fake,real,0.8333333333333334,0.7857142857142857,0.8,13,15
test/000102.mp4,000102,resnet50,jpeg_70,fake,real,0.5833333333333334,0.7857142857142857,0.6666666666666666,13,15
test/000102.mp4,000102,resnet50,jpeg_80,fake,real,0.6666666666666666,0.7857142857142857,0.6666666666666666,13,15
test/000102.mp4,000102,resnet50,jpeg_90,fake,real,0.6666666666666666,0.7857142857142857,0.7333333333333333,13,15
test/000102.mp4,000102,resnet50,jpeg_95,fake,real,0.75,0.7857142857142857,0.8,13,15
test/000102.mp4,000102,resnet50,h264_18_keepaudio,fake,real,0.5833333333333334,0.7857142857142857,0.6666666666666666,13,15
test/000102.mp4,000102,resnet50,h264_23_keepaudio,fake,real,0.6666666666666666,0.7857142857142857,0.7333333333333333,13,15
test/000102.mp4,000102,resnet50,h264_28_keepaudio,fake,real,0.8333333333333334,0.7857142857142857,0.8,13,15
test/000102.mp4,000102,resnet50,h264_33_keepaudio,fake,real,0.9166666666666666,0.7857142857142857,0.7333333333333333,13,15
test/000102.mp4,000102,resnet50,h264_38_keepaudio,fake,real,0.75,0.7857142857142857,0.8,13,15
test/000102.mp4,000102,resnet50,h264_43_keepaudio,fake,real,0.6666666666666666,0.7857142857142857,0.8666666666666667,13,15
test/000103.mp4,000103,resnet50,clean,fake,fake,0.6153846153846154,0.75,0.6470588235294118,14,17
test/000103.mp4,000103,resnet50,jpeg_10,fake,fake,0.7692307692307693,0.75,0.4117647058823529,14,17
test/000103.mp4,000103,resnet50,jpeg_20,fake,fake,0.3076923076923077,0.75,0.4117647058823529,14,17
test/000103.mp4,000103,resnet50,jpeg_30,fake,fake,0.46153846153846156,0.75,0.35294117647058826,14,17
test/000103.mp4,000103,resnet50,jpeg_40,fake,fake,0.38461538461538464,0.75,0.4117647058823529,14,17
test/000103.mp4,000103,resnet50,jpeg_50,fake,fake,0.46153846153846156,0.75,0.5294117647058824,14,17
test/000103.mp4,000103,resnet50,jpeg_60,fake,fake,0.5384615384615384,0.75,0.47058823529411764,14,17
test/000103.mp4,000103,resnet50,jpeg_70,fake,fake,0.5384615384615384,0.75,0.4117647058823529,14,17
test/000103.mp4,000103,resnet50,jpeg_80,fake,fake,0.5384615384615384,0.75,0.5882352941176471,14,17
test/000103.mp4,000103,resnet50,jpeg_90,fake,fake,0.5384615384615384,0.75,0.5882352941176471,14,17
test/000103.mp4,000103,resnet50,jpeg_95,fake,fake,0.5384615384615384,0.75,0.5882352941176471,14,17
test/000103.mp4,000103,resnet50,h264_18_keepaudio,fake,fake,0.5384615384615384,0.75,0.6470588235294118,14,17
test/000103.mp4,000103,resnet50,h264_23_keepaudio,fake,fake,0.5384615384615384,0.75,0.47058823529411764,14,17
test/000103.mp4,000103,resnet50,h264_28_keepaudio,fake,fake,0.46153846153846156,0.75,0.6470588235294118,14,17
test/000103.mp4,000103,resnet50,h264_33_keepaudio,fake,fake,0.6153846153846154,0.75,0.6470588235294118,14,17
test/000103.mp4,000103,resnet50,h264_38_keepaudio,fake,fake,0.6153846153846154,0.75,0.7058823529411765,14,17
test/000103.mp4,000103,resnet50,h264_43_keepaudio,fake,fake,0.6153846153846154,0.75,0.8823529411764706,14,17
test/000104.mp4,000104,resnet50,clean,fake,fake,0.5833333333333334,0.6428571428571429,0.7333333333333333,13,15
test/000104.mp4,000104,resnet50,jpeg_10,fake,fake,0.5833333333333334,0.6428571428571429,0.5333333333333333,13,15
test/000104.mp4,000104,resnet50,jpeg_20,fake,fake,0.5,0.6428571428571429,0.6666666666666666,13,15
test/000104.mp4,000104,resnet50,jpeg_30,fake,fake,0.5,0.6428571428571429,0.6,13,15
test/000104.mp4,000104,resnet50,jpeg_40,fake,fake,0.5833333333333334,0.6428571428571429,0.7333333333333333,13,15
test/000104.mp4,000104,resnet50,jpeg_50,fake,fake,0.5,0.6428571428571429,0.6666666666666666,13,15
test/000104.mp4,000104,resnet50,jpeg_60,fake,fake,0.5833333333333334,0.6428571428571429,0.6,13,15
test/000104.mp4,000104,resnet50,jpeg_70,fake,fake,0.5833333333333334,0.6428571428571429,0.6666666666666666,13,15
test/000104.mp4,000104,resnet50,jpeg_80,fake,fake,0.75,0.6428571428571429,0.8,13,15
test/000104.mp4,000104,resnet50,jpeg_90,fake,fake,0.8333333333333334,0.6428571428571429,0.7333333333333333,13,15
test/000104.mp4,000104,resnet50,jpeg_95,fake,fake,0.5833333333333334,0.6428571428571429,0.7333333333333333,13,15
test/000104.mp4,000104,resnet50,h264_18_keepaudio,fake,fake,0.8333333333333334,0.6428571428571429,0.8,13,15
test/000104.mp4,000104,resnet50,h264_23_keepaudio,fake,fake,0.6666666666666666,0.6428571428571429,0.8,13,15
test/000104.mp4,000104,resnet50,h264_28_keepaudio,fake,fake,0.5833333333333334,0.6428571428571429,0.6666666666666666,13,15
test/000104.mp4,000104,resnet50,h264_33_keepaudio,fake,fake,0.8333333333333334,0.6428571428571429,0.7333333333333333,13,15
test/000104.mp4,000104,resnet50,h264_38_keepaudio,fake,fake,0.75,0.6428571428571429,0.6,13,15
test/000104.mp4,000104,resnet50,h264_43_keepaudio,fake,fake,1.0,0.6428571428571429,0.4666666666666667,13,15
test/000105.mp4,000105,resnet50,clean,fake,fake,0.6153846153846154,0.75,0.5882352941176471,14,17
test/000105.mp4,000105,resnet50,jpeg_10,fake,fake,0.5384615384615384,0.75,0.47058823529411764,14,17
test/000105.mp4,000105,resnet50,jpeg_20,fake,fake,0.5384615384615384,0.75,0.35294117647058826,14,17
test/000105.mp4,000105,resnet50,jpeg_30,fake,fake,0.6923076923076923,0.75,0.23529411764705882,14,17
test/000105.mp4,000105,resnet50,jpeg_40,fake,fake,0.5384615384615384,0.75,0.47058823529411764,14,17
test/000105.mp4,000105,resnet50,jpeg_50,fake,fake,0.6153846153846154,0.75,0.4117647058823529,14,17
test/000105.mp4,000105,resnet50,jpeg_60,fake,fake,0.6153846153846154,0.75,0.4117647058823529,14,17
test/000105.mp4,000105,resnet50,jpeg_70,fake,fake,0.8461538461538461,0.75,0.5882352941176471,14,17
test/000105.mp4,000105,resnet50,jpeg_80,fake,fake,0.6923076923076923,0.75,0.47058823529411764,14,17
test/000105.mp4,000105,resnet50,jpeg_90,fake,fake,0.6923076923076923,0.75,0.4117647058823529,14,17
test/000105.mp4,000105,resnet50,jpeg_95,fake,fake,0.6923076923076923,0.75,0.5294117647058824,14,17
test/000105.mp4,000105,resnet50,h264_18_keepaudio,fake,fake,0.6923076923076923,0.75,0.5882352941176471,14,17
test/000105.mp4,000105,resnet50,h264_23_keepaudio,fake,fake,0.7692307692307693,0.75,0.5882352941176471,14,17
test/000105.mp4,000105,resnet50,h264_28_keepaudio,fake,fake,0.6923076923076923,0.75,0.5882352941176471,14,17
test/000105.mp4,000105,resnet50,h264_33_keepaudio,fake,fake,0.8461538461538461,0.75,0.7647058823529411,14,17
test/000105.mp4,000105,resnet50,h264_38_keepaudio,fake,fake,0.6153846153846154,0.75,0.5882352941176471,14,17
test/000105.mp4,000105,resnet50,h264_43_keepaudio,fake,fake,0.6153846153846154,0.75,0.7058823529411765,14,17
test/000106.mp4,000106,resnet50,clean,fake,real,0.7058823529411765,0.65,0.47619047619047616,18,21
test/000106.mp4,000106,resnet50,jpeg_10,fake,real,0.5882352941176471,0.65,0.3333333333333333,18,21
test/000106.mp4,000106,resnet50,jpeg_20,fake,real,0.5294117647058824,0.65,0.3333333333333333,18,21
test/000106.mp4,000106,resnet50,jpeg_30,fake,real,0.7647058823529411,0.65,0.42857142857142855,18,21
test/000106.mp4,000106,resnet50,jpeg_40,fake,real,0.5294117647058824,0.65,0.47619047619047616,18,21
test/000106.mp4,000106,resnet50,jpeg_50,fake,real,0.5882352941176471,0.65,0.2857142857142857,18,21
test/000106.mp4,000106,resnet50,jpeg_60,fake,real,0.7058823529411765,0.65,0.38095238095238093,18,21
test/000106.mp4,000106,resnet50,jpeg_70,fake,real,0.7647058823529411,0.65,0.47619047619047616,18,21
test/000106.mp4,000106,resnet50,jpeg_80,fake,real,0.5882352941176471,0.65,0.42857142857142855,18,21
test/000106.mp4,000106,resnet50,jpeg_90,fake,real,0.5882352941176471,0.65,0.5714285714285714,18,21
test/000106.mp4,000106,resnet50,jpeg_95,fake,real,0.5882352941176471,0.65,0.42857142857142855,18,21
test/000106.mp4,000106,resnet50,h264_18_keepaudio,fake,real,0.5294117647058824,0.65,0.38095238095238093,18,21
test/000106.mp4,000106,resnet50,h264_23_keepaudio,fake,real,0.47058823529411764,0.65,0.42857142857142855,18,21
test/000106.mp4,000106,resnet50,h264_28_keepaudio,fake,real,0.7058823529411765,0.65,0.2857142857142857,18,21
test/000106.mp4,000106,resnet50,h264_33_keepaudio,fake,real,0.5294117647058824,0.65,0.2857142857142857,18,21
test/000106.mp4,000106,resnet50,h264_38_keepaudio,fake,real,0.7058823529411765,0.65,0.3333333333333333,18,21
test/000106.mp4,000106,resnet50,h264_43_keepaudio,fake,real,0.7058823529411765,0.65,0.5714285714285714,18,21
test/000107.mp4,000107,resnet50,clean,fake,fake,0.7222222222222222,0.7142857142857143,0.4090909090909091,19,22
test/000107.mp4,000107,resnet50,jpeg_10,fake,fake,0.8333333333333334,0.7142857142857143,0.3181818181818182,19,22
test/000107.mp4,000107,resnet50,jpeg_20,fake,fake,0.7777777777777778,0.7142857142857143,0.36363636363636365,19,22
test/000107.mp4,000107,resnet50,jpeg_30,fake,fake,0.7222222222222222,0.7142857142857143,0.36363636363636365,19,22
test/000107.mp4,000107,resnet50,jpeg_40,fake,fake,0.5555555555555556,0.7142857142857143,0.4090909090909091,19,22
test/000107.mp4,000107,resnet50,jpeg_50,fake,fake,0.5555555555555556,0.7142857142857143,0.4090909090909091,19,22
test/000107.mp4,000107,resnet50,jpeg_60,fake,fake,0.7777777777777778,0.7142857142857143,0.36363636363636365,19,22
test/000107.mp4,000107,resnet50,jpeg_70,fake,fake,0.6666666666666666,0.7142857142857143,0.4090909090909091,19,22
test/000107.mp4,000107,resnet50,jpeg_80,fake,fake,0.8333333333333334,0.7142857142857143,0.45454545454545453,19,22
test/000107.mp4,000107,resnet50,jpeg_90,fake,fake,0.6666666666666666,0.7142857142857143,0.4090909090909091,19,22
test/000107.mp4,000107,resnet50,jpeg_95,fake,fake,0.7222222222222222,0.7142857142857143,0.5,19,22
test/000107.mp4,000107,resnet50,h264_18_keepaudio,fake,fake,0.7222222222222222,0.7142857142857143,0.4090909090909091,19,22
test/000107.mp4,000107,resnet50,h264_23_keepaudio,fake,fake,0.6666666666666666,0.7142857142857143,0.3181818181818182,19,22
test/000107.mp4,000107,resnet50,h264_28_keepaudio,fake,fake,0.7222222222222222,0.7142857142857143,0.36363636363636365,19,22
test/000107.mp4,000107,resnet50,h264_33_keepaudio,fake,fake,0.6111111111111112,0.7142857142857143,0.4090909090909091,19,22
test/000107.mp4,000107,resnet50,h264_38_keepaudio,fake,fake,0.7222222222222222,0.7142857142857143,0.22727272727272727,19,22
test/000107.mp4,000107,resnet50,h264_43_keepaudio,fake,fake,0.2777777777777778,0.7142857142857143,0.4090909090909091,19,22
test/000108.mp4,000108,resnet50,clean,fake,fake,0.7058823529411765,0.7619047619047619,0.45454545454545453,18,22
test/000108.mp4,000108,resnet50,jpeg_10,fake,fake,0.5882352941176471,0.7619047619047619,0.36363636363636365,18,22
test/000108.mp4,000108,resnet50,jpeg_20,fake,fake,0.7058823529411765,0.7619047619047619,0.4090909090909091,18,22
test/000108.mp4,000108,resnet50,jpeg_30,fake,fake,0.5882352941176471,0.7619047619047619,0.4090909090909091,18,22
test/000108.mp4,000108,resnet50,jpeg_40,fake,fake,0.5294117647058824,0.7619047619047619,0.45454545454545453,18,22
test/000108.mp4,000108,resnet50,jpeg_50,fake,fake,0.6470588235294118,0.7619047619047619,0.5,18,22
test/000108.mp4,000108,resnet50,jpeg_60,fake,fake,0.6470588235294118,0.7619047619047619,0.4090909090909091,18,22
test/000108.mp4,000108,resnet50,jpeg_70,fake,fake,0.5882352941176471,0.7619047619047619,0.45454545454545453,18,22
test/000108.mp4,000108,resnet50,jpeg_80,fake,fake,0.7058823529411765,0.7619047619047619,0.5,18,22
test/000108.mp4,000108,resnet50,jpeg_90,fake,fake,0.6470588235294118,0.7619047619047619,0.45454545454545453,18,22
test/000108.mp4,000108,resnet50,jpeg_95,fake,fake,0.5294117647058824,0.7619047619047619,0.5454545454545454,18,22
test/000108.mp4,000108,resnet50,h264_18_keepaudio,fake,fake,0.6470588235294118,0.7619047619047619,0.4090909090909091,18,22
test/000108.mp4,000108,resnet50,h264_23_keepaudio,fake,fake,0.5294117647058824,0.7619047619047619,0.3181818181818182,18,22
test/000108.mp4,000108,resnet50,h264_28_keepaudio,fake,fake,0.8235294117647058,0.7619047619047619,0.36363636363636365,18,22
test/000108.mp4,000108,resnet50,h264_33_keepaudio,fake,fake,0.7058823529411765,0.7619047619047619,0.4090909090909091,18,22
test/000108.mp4,000108,resnet50,h264_38_keepaudio,fake,fake,0.7058823529411765,0.7619047619047619,0.45454545454545453,18,22
test/000108.mp4,000108,resnet50,h264_43_keepaudio,fake,fake,0.23529411764705882,0.7619047619047619,0.45454545454545453,18,22
test/000109.mp4,000109,resnet50,clean,fake,fake,0.6666666666666666,0.7142857142857143,0.4090909090909091,19,22
test/000109.mp4,000109,resnet50,jpeg_10,fake,fake,0.5,0.7142857142857143,0.3181818181818182,19,22
test/000109.mp4,000109,resnet50,jpeg_20,fake,fake,0.7222222222222222,0.7142857142857143,0.36363636363636365,19,22
test/000109.mp4,000109,resnet50,jpeg_30,fake,fake,0.5555555555555556,0.7142857142857143,0.36363636363636365,19,22
test/000109.mp4,000109,resnet50,jpeg_40,fake,fake,0.5,0.7142857142857143,0.4090909090909091,19,22
test/000109.mp4,000109,resnet50,jpeg_50,fake,fake,0.4444444444444444,0.7142857142857143,0.4090909090909091,19,22
test/000109.mp4,000109,resnet50,jpeg_60,fake,fake,0.6111111111111112,0.7142857142857143,0.36363636363636365,19,22
test/000109.mp4,000109,resnet50,jpeg_70,fake,fake,0.4444444444444444,0.7142857142857143,0.4090909090909091,19,22
test/000109.mp4,000109,resnet50,jpeg_80,fake,fake,0.6111111111111112,0.7142857142857143,0.4090909090909091,19,22
test/000109.mp4,000109,resnet50,jpeg_90,fake,fake,0.7222222222222222,0.7142857142857143,0.4090909090909091,19,22
test/000109.mp4,000109,resnet50,jpeg_95,fake,fake,0.6666666666666666,0.7142857142857143,0.5454545454545454,19,22
test/000109.mp4,000109,resnet50,h264_18_keepaudio,fake,fake,0.6666666666666666,0.7142857142857143,0.4090909090909091,19,22
test/000109.mp4,000109,resnet50,h264_23_keepaudio,fake,fake,0.6111111111111112,0.7142857142857143,0.3181818181818182,19,22
test/000109.mp4,000109,resnet50,h264_28_keepaudio,fake,fake,0.6666666666666666,0.7142857142857143,0.36363636363636365,19,22
test/000109.mp4,000109,resnet50,h264_33_keepaudio,fake,fake,0.4444444444444444,0.7142857142857143,0.36363636363636365,19,22
test/000109.mp4,000109,resnet50,h264_38_keepaudio,fake,fake,0.6111111111111112,0.7142857142857143,0.2727272727272727,19,22
test/000109.mp4,000109,resnet50,h264_43_keepaudio,fake,fake,0.5,0.7142857142857143,0.4090909090909091,19,22
test/000110.mp4,000110,resnet50,clean,fake,real,0.6333333333333333,0.7567567567567568,0.6052631578947368,31,38
test/000110.mp4,000110,resnet50,jpeg_10,fake,real,0.9,0.7567567567567568,0.3157894736842105,31,38
test/000110.mp4,000110,resnet50,jpeg_20,fake,real,0.7,0.7567567567567568,0.4473684210526316,31,38
test/000110.mp4,000110,resnet50,jpeg_30,fake,real,0.8333333333333334,0.7567567567567568,0.5526315789473685,31,38
test/000110.mp4,000110,resnet50,jpeg_40,fake,real,0.7333333333333333,0.7567567567567568,0.5526315789473685,31,38
test/000110.mp4,000110,resnet50,jpeg_50,fake,real,0.6666666666666666,0.7567567567567568,0.5526315789473685,31,38
test/000110.mp4,000110,resnet50,jpeg_60,fake,real,0.7,0.7567567567567568,0.631578947368421,31,38
test/000110.mp4,000110,resnet50,jpeg_70,fake,real,0.7333333333333333,0.7567567567567568,0.631578947368421,31,38
test/000110.mp4,000110,resnet50,jpeg_80,fake,real,0.7333333333333333,0.7567567567567568,0.5526315789473685,31,38
test/000110.mp4,000110,resnet50,jpeg_90,fake,real,0.6666666666666666,0.7567567567567568,0.6578947368421053,31,38
test/000110.mp4,000110,resnet50,jpeg_95,fake,real,0.6333333333333333,0.7567567567567568,0.6052631578947368,31,38
test/000110.mp4,000110,resnet50,h264_18_keepaudio,fake,real,0.7666666666666667,0.7567567567567568,0.5263157894736842,31,38
test/000110.mp4,000110,resnet50,h264_23_keepaudio,fake,real,0.6333333333333333,0.7567567567567568,0.631578947368421,31,38
test/000110.mp4,000110,resnet50,h264_28_keepaudio,fake,real,0.8,0.7567567567567568,0.5526315789473685,31,38
test/000110.mp4,000110,resnet50,h264_33_keepaudio,fake,real,0.6666666666666666,0.7567567567567568,0.5,31,38
test/000110.mp4,000110,resnet50,h264_38_keepaudio,fake,real,0.9333333333333333,0.7567567567567568,0.3157894736842105,31,38
test/000110.mp4,000110,resnet50,h264_43_keepaudio,fake,real,0.7333333333333333,0.7567567567567568,0.47368421052631576,31,38
test/000111.mp4,000111,resnet50,clean,fake,real,0.5,0.5714285714285714,0.7272727272727273,19,22
test/000111.mp4,000111,resnet50,jpeg_10,fake,real,0.8333333333333334,0.5714285714285714,0.5909090909090909,19,22
test/000111.mp4,000111,resnet50,jpeg_20,fake,real,0.7222222222222222,0.5714285714285714,0.6363636363636364,19,22
test/000111.mp4,000111,resnet50,jpeg_30,fake,real,0.4444444444444444,0.5714285714285714,0.7272727272727273,19,22
test/000111.mp4,000111,resnet50,jpeg_40,fake,real,0.2777777777777778,0.5714285714285714,0.7272727272727273,19,22
test/000111.mp4,000111,resnet50,jpeg_50,fake,real,0.3888888888888889,0.5714285714285714,0.6363636363636364,19,22
test/000111.mp4,000111,resnet50,jpeg_60,fake,real,0.4444444444444444,0.5714285714285714,0.7272727272727273,19,22
test/000111.mp4,000111,resnet50,jpeg_70,fake,real,0.3888888888888889,0.5714285714285714,0.7272727272727273,19,22
test/000111.mp4,000111,resnet50,jpeg_80,fake,real,0.3333333333333333,0.5714285714285714,0.6363636363636364,19,22
test/000111.mp4,000111,resnet50,jpeg_90,fake,real,0.5,0.5714285714285714,0.7272727272727273,19,22
test/000111.mp4,000111,resnet50,jpeg_95,fake,real,0.3333333333333333,0.5714285714285714,0.7272727272727273,19,22
test/000111.mp4,000111,resnet50,h264_18_keepaudio,fake,real,0.3888888888888889,0.5714285714285714,0.7272727272727273,19,22
test/000111.mp4,000111,resnet50,h264_23_keepaudio,fake,real,0.7222222222222222,0.5714285714285714,0.5909090909090909,19,22
test/000111.mp4,000111,resnet50,h264_28_keepaudio,fake,real,0.6111111111111112,0.5714285714285714,0.5454545454545454,19,22
test/000111.mp4,000111,resnet50,h264_33_keepaudio,fake,real,0.8333333333333334,0.5714285714285714,0.5,19,22
test/000111.mp4,000111,resnet50,h264_38_keepaudio,fake,real,0.6666666666666666,0.5714285714285714,0.45454545454545453,19,22
test/000111.mp4,000111,resnet50,h264_43_keepaudio,fake,real,0.6666666666666666,0.5714285714285714,0.36363636363636365,19,22
test/000112.mp4,000112,resnet50,clean,fake,real,0.5294117647058824,0.8,0.8095238095238095,18,21
test/000112.mp4,000112,resnet50,jpeg_10,fake,real,0.7647058823529411,0.8,0.6190476190476191,18,21
test/000112.mp4,000112,resnet50,jpeg_20,fake,real,0.5882352941176471,0.8,0.8095238095238095,18,21
test/000112.mp4,000112,resnet50,jpeg_30,fake,real,0.5882352941176471,0.8,0.7619047619047619,18,21
test/000112.mp4,000112,resnet50,jpeg_40,fake,real,0.7647058823529411,0.8,0.8095238095238095,18,21
test/000112.mp4,000112,resnet50,jpeg_50,fake,real,0.7058823529411765,0.8,0.8571428571428571,18,21
test/000112.mp4,000112,resnet50,jpeg_60,fake,real,0.5294117647058824,0.8,0.8095238095238095,18,21
test/000112.mp4,000112,resnet50,jpeg_70,fake,real,0.6470588235294118,0.8,0.7619047619047619,18,21
test/000112.mp4,000112,resnet50,jpeg_80,fake,real,0.5294117647058824,0.8,0.8571428571428571,18,21
test/000112.mp4,000112,resnet50,jpeg_90,fake,real,0.7058823529411765,0.8,0.7142857142857143,18,21
test/000112.mp4,000112,resnet50,jpeg_95,fake,real,0.7647058823529411,0.8,0.8571428571428571,18,21
test/000112.mp4,000112,resnet50,h264_18_keepaudio,fake,real,0.5294117647058824,0.8,0.8095238095238095,18,21
test/000112.mp4,000112,resnet50,h264_23_keepaudio,fake,real,0.7058823529411765,0.8,0.7619047619047619,18,21
test/000112.mp4,000112,resnet50,h264_28_keepaudio,fake,real,0.8235294117647058,0.8,0.7142857142857143,18,21
test/000112.mp4,000112,resnet50,h264_33_keepaudio,fake,real,0.8823529411764706,0.8,0.8095238095238095,18,21
test/000112.mp4,000112,resnet50,h264_38_keepaudio,fake,real,0.8823529411764706,0.8,0.8571428571428571,18,21
test/000112.mp4,000112,resnet50,h264_43_keepaudio,fake,real,0.8235294117647058,0.8,0.9523809523809523,18,21
test/000113.mp4,000113,resnet50,clean,fake,fake,0.5882352941176471,0.6666666666666666,0.8636363636363636,18,22
test/000113.mp4,000113,resnet50,jpeg_10,fake,fake,0.7058823529411765,0.6666666666666666,0.6363636363636364,18,22
test/000113.mp4,000113,resnet50,jpeg_20,fake,fake,0.4117647058823529,0.6666666666666666,0.7727272727272727,18,22
test/000113.mp4,000113,resnet50,jpeg_30,fake,fake,0.5294117647058824,0.6666666666666666,0.7727272727272727,18,22
test/000113.mp4,000113,resnet50,jpeg_40,fake,fake,0.7058823529411765,0.6666666666666666,0.7272727272727273,18,22
test/000113.mp4,000113,resnet50,jpeg_50,fake,fake,0.5294117647058824,0.6666666666666666,0.7727272727272727,18,22
test/000113.mp4,000113,resnet50,jpeg_60,fake,fake,0.5882352941176471,0.6666666666666666,0.7727272727272727,18,22
test/000113.mp4,000113,resnet50,jpeg_70,fake,fake,0.5294117647058824,0.6666666666666666,0.7727272727272727,18,22
test/000113.mp4,000113,resnet50,jpeg_80,fake,fake,0.5882352941176471,0.6666666666666666,0.7727272727272727,18,22
test/000113.mp4,000113,resnet50,jpeg_90,fake,fake,0.5294117647058824,0.6666666666666666,0.7727272727272727,18,22
test/000113.mp4,000113,resnet50,jpeg_95,fake,fake,0.5294117647058824,0.6666666666666666,0.8181818181818182,18,22
test/000113.mp4,000113,resnet50,h264_18_keepaudio,fake,fake,0.5882352941176471,0.6666666666666666,0.8181818181818182,18,22
test/000113.mp4,000113,resnet50,h264_23_keepaudio,fake,fake,0.5882352941176471,0.6666666666666666,0.9090909090909091,18,22
test/000113.mp4,000113,resnet50,h264_28_keepaudio,fake,fake,0.6470588235294118,0.6666666666666666,0.9090909090909091,18,22
test/000113.mp4,000113,resnet50,h264_33_keepaudio,fake,fake,0.7058823529411765,0.6666666666666666,0.9090909090909091,18,22
test/000113.mp4,000113,resnet50,h264_38_keepaudio,fake,fake,0.8823529411764706,0.6666666666666666,0.9090909090909091,18,22
test/000113.mp4,000113,resnet50,h264_43_keepaudio,fake,fake,0.8823529411764706,0.6666666666666666,0.8636363636363636,18,22
test/000114.mp4,000114,resnet50,clean,fake,fake,0.5882352941176471,0.7619047619047619,0.7272727272727273,18,22
test/000114.mp4,000114,resnet50,jpeg_10,fake,fake,0.6470588235294118,0.7619047619047619,0.6363636363636364,18,22
test/000114.mp4,000114,resnet50,jpeg_20,fake,fake,0.35294117647058826,0.7619047619047619,0.6363636363636364,18,22
test/000114.mp4,000114,resnet50,jpeg_30,fake,fake,0.5882352941176471,0.7619047619047619,0.6818181818181818,18,22
test/000114.mp4,000114,resnet50,jpeg_40,fake,fake,0.6470588235294118,0.7619047619047619,0.6818181818181818,18,22
test/000114.mp4,000114,resnet50,jpeg_50,fake,fake,0.5294117647058824,0.7619047619047619,0.6363636363636364,18,22
test/000114.mp4,000114,resnet50,jpeg_60,fake,fake,0.5882352941176471,0.7619047619047619,0.7272727272727273,18,22
test/000114.mp4,000114,resnet50,jpeg_70,fake,fake,0.6470588235294118,0.7619047619047619,0.6818181818181818,18,22
test/000114.mp4,000114,resnet50,jpeg_80,fake,fake,0.5294117647058824,0.7619047619047619,0.7272727272727273,18,22
test/000114.mp4,000114,resnet50,jpeg_90,fake,fake,0.5882352941176471,0.7619047619047619,0.6818181818181818,18,22
test/000114.mp4,000114,resnet50,jpeg_95,fake,fake,0.5294117647058824,0.7619047619047619,0.8181818181818182,18,22
test/000114.mp4,000114,resnet50,h264_18_keepaudio,fake,fake,0.6470588235294118,0.7619047619047619,0.6363636363636364,18,22
test/000114.mp4,000114,resnet50,h264_23_keepaudio,fake,fake,0.7647058823529411,0.7619047619047619,0.8636363636363636,18,22
test/000114.mp4,000114,resnet50,h264_28_keepaudio,fake,fake,0.6470588235294118,0.7619047619047619,0.7272727272727273,18,22
test/000114.mp4,000114,resnet50,h264_33_keepaudio,fake,fake,0.8235294117647058,0.7619047619047619,0.9090909090909091,18,22
test/000114.mp4,000114,resnet50,h264_38_keepaudio,fake,fake,1.0,0.7619047619047619,0.9545454545454546,18,22
test/000114.mp4,000114,resnet50,h264_43_keepaudio,fake,fake,0.8823529411764706,0.7619047619047619,0.8636363636363636,18,22
test/000115.mp4,000115,resnet50,clean,fake,fake,0.5294117647058824,0.6666666666666666,0.7727272727272727,18,22
test/000115.mp4,000115,resnet50,jpeg_10,fake,fake,0.7647058823529411,0.6666666666666666,0.7727272727272727,18,22
test/000115.mp4,000115,resnet50,jpeg_20,fake,fake,0.5294117647058824,0.6666666666666666,0.6363636363636364,18,22
test/000115.mp4,000115,resnet50,jpeg_30,fake,fake,0.47058823529411764,0.6666666666666666,0.7727272727272727,18,22
test/000115.mp4,000115,resnet50,jpeg_40,fake,fake,0.6470588235294118,0.6666666666666666,0.7272727272727273,18,22
test/000115.mp4,000115,resnet50,jpeg_50,fake,fake,0.4117647058823529,0.6666666666666666,0.7727272727272727,18,22
test/000115.mp4,000115,resnet50,jpeg_60,fake,fake,0.47058823529411764,0.6666666666666666,0.7727272727272727,18,22
test/000115.mp4,000115,resnet50,jpeg_70,fake,fake,0.47058823529411764,0.6666666666666666,0.8636363636363636,18,22
test/000115.mp4,000115,resnet50,jpeg_80,fake,fake,0.47058823529411764,0.6666666666666666,0.7727272727272727,18,22
test/000115.mp4,000115,resnet50,jpeg_90,fake,fake,0.5294117647058824,0.6666666666666666,0.7272727272727273,18,22
test/000115.mp4,000115,resnet50,jpeg_95,fake,fake,0.4117647058823529,0.6666666666666666,0.7272727272727273,18,22
test/000115.mp4,000115,resnet50,h264_18_keepaudio,fake,fake,0.47058823529411764,0.6666666666666666,0.8181818181818182,18,22
test/000115.mp4,000115,resnet50,h264_23_keepaudio,fake,fake,0.5294117647058824,0.6666666666666666,0.7727272727272727,18,22
test/000115.mp4,000115,resnet50,h264_28_keepaudio,fake,fake,0.7058823529411765,0.6666666666666666,0.8181818181818182,18,22
test/000115.mp4,000115,resnet50,h264_33_keepaudio,fake,fake,0.8235294117647058,0.6666666666666666,0.8181818181818182,18,22
test/000115.mp4,000115,resnet50,h264_38_keepaudio,fake,fake,0.7058823529411765,0.6666666666666666,0.8636363636363636,18,22
test/000115.mp4,000115,resnet50,h264_43_keepaudio,fake,fake,0.8823529411764706,0.6666666666666666,0.8636363636363636,18,22
test/000116.mp4,000116,resnet50,clean,fake,real,0.68,0.7419354838709677,0.5625,26,32
test/000116.mp4,000116,resnet50,jpeg_10,fake,real,0.76,0.7419354838709677,0.34375,26,32
test/000116.mp4,000116,resnet50,jpeg_20,fake,real,0.68,0.7419354838709677,0.375,26,32
test/000116.mp4,000116,resnet50,jpeg_30,fake,real,0.68,0.7419354838709677,0.4375,26,32
test/000116.mp4,000116,resnet50,jpeg_40,fake,real,0.8,0.7419354838709677,0.4375,26,32
test/000116.mp4,000116,resnet50,jpeg_50,fake,real,0.72,0.7419354838709677,0.28125,26,32
test/000116.mp4,000116,resnet50,jpeg_60,fake,real,0.72,0.7419354838709677,0.4375,26,32
test/000116.mp4,000116,resnet50,jpeg_70,fake,real,0.72,0.7419354838709677,0.3125,26,32
test/000116.mp4,000116,resnet50,jpeg_80,fake,real,0.76,0.7419354838709677,0.53125,26,32
test/000116.mp4,000116,resnet50,jpeg_90,fake,real,0.76,0.7419354838709677,0.4375,26,32
test/000116.mp4,000116,resnet50,jpeg_95,fake,real,0.64,0.7419354838709677,0.4375,26,32
test/000116.mp4,000116,resnet50,h264_18_keepaudio,fake,real,0.56,0.7419354838709677,0.3125,26,32
test/000116.mp4,000116,resnet50,h264_23_keepaudio,fake,real,0.68,0.7419354838709677,0.4375,26,32
test/000116.mp4,000116,resnet50,h264_28_keepaudio,fake,real,0.72,0.7419354838709677,0.375,26,32
test/000116.mp4,000116,resnet50,h264_33_keepaudio,fake,real,0.72,0.7419354838709677,0.375,26,32
test/000116.mp4,000116,resnet50,h264_38_keepaudio,fake,real,0.72,0.7419354838709677,0.4375,26,32
test/000116.mp4,000116,resnet50,h264_43_keepaudio,fake,real,0.76,0.7419354838709677,0.5,26,32
test/000117.mp4,000117,resnet50,clean,fake,fake,0.7931034482758621,0.7222222222222222,0.24324324324324326,30,37
test/000117.mp4,000117,resnet50,jpeg_10,fake,fake,0.896551724137931,0.7222222222222222,0.1891891891891892,30,37
test/000117.mp4,000117,resnet50,jpeg_20,fake,fake,0.896551724137931,0.7222222222222222,0.32432432432432434,30,37
test/000117.mp4,000117,resnet50,jpeg_30,fake,fake,0.6896551724137931,0.7222222222222222,0.21621621621621623,30,37
test/000117.mp4,000117,resnet50,jpeg_40,fake,fake,0.7586206896551724,0.7222222222222222,0.43243243243243246,30,37
test/000117.mp4,000117,resnet50,jpeg_50,fake,fake,0.8275862068965517,0.7222222222222222,0.2702702702702703,30,37
test/000117.mp4,000117,resnet50,jpeg_60,fake,fake,0.7586206896551724,0.7222222222222222,0.2972972972972973,30,37
test/000117.mp4,000117,resnet50,jpeg_70,fake,fake,0.8275862068965517,0.7222222222222222,0.21621621621621623,30,37
test/000117.mp4,000117,resnet50,jpeg_80,fake,fake,0.7931034482758621,0.7222222222222222,0.35135135135135137,30,37
test/000117.mp4,000117,resnet50,jpeg_90,fake,fake,0.7931034482758621,0.7222222222222222,0.24324324324324326,30,37
test/000117.mp4,000117,resnet50,jpeg_95,fake,fake,0.7586206896551724,0.7222222222222222,0.2972972972972973,30,37
test/000117.mp4,000117,resnet50,h264_18_keepaudio,fake,fake,0.8275862068965517,0.7222222222222222,0.2972972972972973,30,37
test/000117.mp4,000117,resnet50,h264_23_keepaudio,fake,fake,0.7241379310344828,0.7222222222222222,0.24324324324324326,30,37
test/000117.mp4,000117,resnet50,h264_28_keepaudio,fake,fake,0.6896551724137931,0.7222222222222222,0.4594594594594595,30,37
test/000117.mp4,000117,resnet50,h264_33_keepaudio,fake,fake,0.7241379310344828,0.7222222222222222,0.6756756756756757,30,37
test/000117.mp4,000117,resnet50,h264_38_keepaudio,fake,fake,0.6896551724137931,0.7222222222222222,0.4594594594594595,30,37
test/000117.mp4,000117,resnet50,h264_43_keepaudio,fake,fake,0.5517241379310345,0.7222222222222222,0.5405405405405406,30,37
test/000118.mp4,000118,resnet50,clean,fake,fake,0.64,0.7419354838709677,0.375,26,32
test/000118.mp4,000118,resnet50,jpeg_10,fake,fake,0.84,0.7419354838709677,0.28125,26,32
test/000118.mp4,000118,resnet50,jpeg_20,fake,fake,0.72,0.7419354838709677,0.40625,26,32
test/000118.mp4,000118,resnet50,jpeg_30,fake,fake,0.76,0.7419354838709677,0.4375,26,32
test/000118.mp4,000118,resnet50,jpeg_40,fake,fake,0.64,0.7419354838709677,0.40625,26,32
test/000118.mp4,000118,resnet50,jpeg_50,fake,fake,0.72,0.7419354838709677,0.375,26,32
test/000118.mp4,000118,resnet50,jpeg_60,fake,fake,0.76,0.7419354838709677,0.4375,26,32
test/000118.mp4,000118,resnet50,jpeg_70,fake,fake,0.68,0.7419354838709677,0.3125,26,32
test/000118.mp4,000118,resnet50,jpeg_80,fake,fake,0.68,0.7419354838709677,0.4375,26,32
test/000118.mp4,000118,resnet50,jpeg_90,fake,fake,0.72,0.7419354838709677,0.375,26,32
test/000118.mp4,000118,resnet50,jpeg_95,fake,fake,0.6,0.7419354838709677,0.375,26,32
test/000118.mp4,000118,resnet50,h264_18_keepaudio,fake,fake,0.52,0.7419354838709677,0.34375,26,32
test/000118.mp4,000118,resnet50,h264_23_keepaudio,fake,fake,0.72,0.7419354838709677,0.28125,26,32
test/000118.mp4,000118,resnet50,h264_28_keepaudio,fake,fake,0.76,0.7419354838709677,0.4375,26,32
test/000118.mp4,000118,resnet50,h264_33_keepaudio,fake,fake,0.68,0.7419354838709677,0.46875,26,32
test/000118.mp4,000118,resnet50,h264_38_keepaudio,fake,fake,0.8,0.7419354838709677,0.40625,26,32
test/000118.mp4,000118,resnet50,h264_43_keepaudio,fake,fake,0.56,0.7419354838709677,0.625,26,32
test/000119.mp4,000119,resnet50,clean,fake,fake,0.6551724137931034,0.7777777777777778,0.32432432432432434,30,37
test/000119.mp4,000119,resnet50,jpeg_10,fake,fake,0.7931034482758621,0.7777777777777778,0.2702702702702703,30,37
test/000119.mp4,000119,resnet50,jpeg_20,fake,fake,0.8620689655172413,0.7777777777777778,0.2972972972972973,30,37
test/000119.mp4,000119,resnet50,jpeg_30,fake,fake,0.8275862068965517,0.7777777777777778,0.40540540540540543,30,37
test/000119.mp4,000119,resnet50,jpeg_40,fake,fake,0.6551724137931034,0.7777777777777778,0.4594594594594595,30,37
test/000119.mp4,000119,resnet50,jpeg_50,fake,fake,0.6896551724137931,0.7777777777777778,0.2702702702702703,30,37
test/000119.mp4,000119,resnet50,jpeg_60,fake,fake,0.7241379310344828,0.7777777777777778,0.2702702702702703,30,37
test/000119.mp4,000119,resnet50,jpeg_70,fake,fake,0.7241379310344828,0.7777777777777778,0.2702702702702703,30,37
test/000119.mp4,000119,resnet50,jpeg_80,fake,fake,0.6551724137931034,0.7777777777777778,0.4594594594594595,30,37
test/000119.mp4,000119,resnet50,jpeg_90,fake,fake,0.6551724137931034,0.7777777777777778,0.35135135135135137,30,37
test/000119.mp4,000119,resnet50,jpeg_95,fake,fake,0.5172413793103449,0.7777777777777778,0.35135135135135137,30,37
test/000119.mp4,000119,resnet50,h264_18_keepaudio,fake,fake,0.5517241379310345,0.7777777777777778,0.35135135135135137,30,37
test/000119.mp4,000119,resnet50,h264_23_keepaudio,fake,fake,0.7241379310344828,0.7777777777777778,0.32432432432432434,30,37
test/000119.mp4,000119,resnet50,h264_28_keepaudio,fake,fake,0.7586206896551724,0.7777777777777778,0.43243243243243246,30,37
test/000119.mp4,000119,resnet50,h264_33_keepaudio,fake,fake,0.7586206896551724,0.7777777777777778,0.35135135135135137,30,37
test/000119.mp4,000119,resnet50,h264_38_keepaudio,fake,fake,0.5517241379310345,0.7777777777777778,0.4594594594594595,30,37
test/000119.mp4,000119,resnet50,h264_43_keepaudio,fake,fake,0.6551724137931034,0.7777777777777778,0.5945945945945946,30,37
test/000120.mp4,000120,resnet50,clean,fake,real,0.4166666666666667,0.5,0.8666666666666667,13,15
test/000120.mp4,000120,resnet50,jpeg_10,fake,real,0.75,0.5,0.4,13,15
test/000120.mp4,000120,resnet50,jpeg_20,fake,real,0.5,0.5,0.6666666666666666,13,15
test/000120.mp4,000120,resnet50,jpeg_30,fake,real,0.75,0.5,0.6666666666666666,13,15
test/000120.mp4,000120,resnet50,jpeg_40,fake,real,0.5,0.5,0.7333333333333333,13,15
test/000120.mp4,000120,resnet50,jpeg_50,fake,real,0.3333333333333333,0.5,0.9333333333333333,13,15
test/000120.mp4,000120,resnet50,jpeg_60,fake,real,0.3333333333333333,0.5,0.9333333333333333,13,15
test/000120.mp4,000120,resnet50,jpeg_70,fake,real,0.2727272727272727,0.5,1.0,12,15
test/000120.mp4,000120,resnet50,jpeg_80,fake,real,0.45454545454545453,0.5,0.9333333333333333,12,15
test/000120.mp4,000120,resnet50,jpeg_90,fake,real,0.45454545454545453,0.5,0.9333333333333333,12,15
test/000120.mp4,000120,resnet50,jpeg_95,fake,real,0.5454545454545454,0.5,0.8,12,15
test/000120.mp4,000120,resnet50,h264_18_keepaudio,fake,real,0.5833333333333334,0.5,0.7333333333333333,13,15
test/000120.mp4,000120,resnet50,h264_23_keepaudio,fake,real,0.3333333333333333,0.5,0.9333333333333333,13,15
test/000120.mp4,000120,resnet50,h264_28_keepaudio,fake,real,0.5833333333333334,0.5,0.7333333333333333,13,15
test/000120.mp4,000120,resnet50,h264_33_keepaudio,fake,real,0.5833333333333334,0.5,0.7333333333333333,13,15
test/000120.mp4,000120,resnet50,h264_38_keepaudio,fake,real,0.36363636363636365,0.5,0.5333333333333333,12,15
test/000120.mp4,000120,resnet50,h264_43_keepaudio,fake,real,0.36363636363636365,0.5,0.6666666666666666,12,15
test/000121.mp4,000121,resnet50,clean,fake,real,0.35714285714285715,0.8823529411764706,0.7222222222222222,15,18
test/000121.mp4,000121,resnet50,jpeg_10,fake,real,0.6428571428571429,0.8823529411764706,0.3888888888888889,15,18
test/000121.mp4,000121,resnet50,jpeg_20,fake,real,0.5,0.8823529411764706,0.4444444444444444,15,18
test/000121.mp4,000121,resnet50,jpeg_30,fake,real,0.42857142857142855,0.8823529411764706,0.5555555555555556,15,18
test/000121.mp4,000121,resnet50,jpeg_40,fake,real,0.6428571428571429,0.8823529411764706,0.6111111111111112,15,18
test/000121.mp4,000121,resnet50,jpeg_50,fake,real,0.5,0.8823529411764706,0.7222222222222222,15,18
test/000121.mp4,000121,resnet50,jpeg_60,fake,real,0.21428571428571427,0.8823529411764706,0.5555555555555556,15,18
test/000121.mp4,000121,resnet50,jpeg_70,fake,real,0.5714285714285714,0.8823529411764706,0.5,15,18
test/000121.mp4,000121,resnet50,jpeg_80,fake,real,0.6428571428571429,0.8823529411764706,0.8333333333333334,15,18
test/000121.mp4,000121,resnet50,jpeg_90,fake,real,0.5,0.8823529411764706,0.7777777777777778,15,18
test/000121.mp4,000121,resnet50,jpeg_95,fake,real,0.5714285714285714,0.8823529411764706,0.7222222222222222,15,18
test/000121.mp4,000121,resnet50,h264_18_keepaudio,fake,real,0.7142857142857143,0.8823529411764706,0.5,15,18
test/000121.mp4,000121,resnet50,h264_23_keepaudio,fake,real,0.5,0.8823529411764706,0.6111111111111112,15,18
test/000121.mp4,000121,resnet50,h264_28_keepaudio,fake,real,0.5,0.8823529411764706,0.5555555555555556,15,18
test/000121.mp4,000121,resnet50,h264_33_keepaudio,fake,real,0.42857142857142855,0.8823529411764706,0.2777777777777778,15,18
test/000121.mp4,000121,resnet50,h264_38_keepaudio,fake,real,0.5714285714285714,0.8823529411764706,0.5,15,18
test/000121.mp4,000121,resnet50,h264_43_keepaudio,fake,real,0.42857142857142855,0.8823529411764706,0.5555555555555556,15,18
test/000122.mp4,000122,resnet50,clean,fake,real,0.625,0.7894736842105263,0.7,17,20
test/000122.mp4,000122,resnet50,jpeg_10,fake,real,0.625,0.7894736842105263,0.45,17,20
test/000122.mp4,000122,resnet50,jpeg_20,fake,real,0.75,0.7894736842105263,0.6,17,20
test/000122.mp4,000122,resnet50,jpeg_30,fake,real,0.625,0.7894736842105263,0.35,17,20
test/000122.mp4,000122,resnet50,jpeg_40,fake,real,0.6875,0.7894736842105263,0.55,17,20
test/000122.mp4,000122,resnet50,jpeg_50,fake,real,0.625,0.7894736842105263,0.5,17,20
test/000122.mp4,000122,resnet50,jpeg_60,fake,real,0.8125,0.7894736842105263,0.65,17,20
test/000122.mp4,000122,resnet50,jpeg_70,fake,real,0.75,0.7894736842105263,0.7,17,20
test/000122.mp4,000122,resnet50,jpeg_80,fake,real,0.75,0.7894736842105263,0.6,17,20
test/000122.mp4,000122,resnet50,jpeg_90,fake,real,0.75,0.7894736842105263,0.7,17,20
test/000122.mp4,000122,resnet50,jpeg_95,fake,real,0.8125,0.7894736842105263,0.75,17,20
test/000122.mp4,000122,resnet50,h264_18_keepaudio,fake,real,0.8125,0.7894736842105263,0.65,17,20
test/000122.mp4,000122,resnet50,h264_23_keepaudio,fake,real,0.75,0.7894736842105263,0.55,17,20
test/000122.mp4,000122,resnet50,h264_28_keepaudio,fake,real,0.4375,0.7894736842105263,0.5,17,20
test/000122.mp4,000122,resnet50,h264_33_keepaudio,fake,real,0.4375,0.7894736842105263,0.4,17,20
test/000122.mp4,000122,resnet50,h264_38_keepaudio,fake,real,0.4375,0.7894736842105263,0.5,17,20
test/000122.mp4,000122,resnet50,h264_43_keepaudio,fake,real,0.0625,0.7894736842105263,0.4,17,20
test/000123.mp4,000123,resnet50,clean,fake,fake,0.6111111111111112,0.7727272727272727,0.34782608695652173,19,23
test/000123.mp4,000123,resnet50,jpeg_10,fake,fake,0.5,0.7727272727272727,0.391304347826087,19,23
test/000123.mp4,000123,resnet50,jpeg_20,fake,fake,0.7222222222222222,0.7727272727272727,0.5652173913043478,19,23
test/000123.mp4,000123,resnet50,jpeg_30,fake,fake,0.5555555555555556,0.7727272727272727,0.34782608695652173,19,23
test/000123.mp4,000123,resnet50,jpeg_40,fake,fake,0.3888888888888889,0.7727272727272727,0.43478260869565216,19,23
test/000123.mp4,000123,resnet50,jpeg_50,fake,fake,0.3888888888888889,0.7727272727272727,0.43478260869565216,19,23
test/000123.mp4,000123,resnet50,jpeg_60,fake,fake,0.4444444444444444,0.7727272727272727,0.5217391304347826,19,23
test/000123.mp4,000123,resnet50,jpeg_70,fake,fake,0.5,0.7727272727272727,0.5652173913043478,19,23
test/000123.mp4,000123,resnet50,jpeg_80,fake,fake,0.5555555555555556,0.7727272727272727,0.391304347826087,19,23
test/000123.mp4,000123,resnet50,jpeg_90,fake,fake,0.5,0.7727272727272727,0.43478260869565216,19,23
test/000123.mp4,000123,resnet50,jpeg_95,fake,fake,0.6111111111111112,0.7727272727272727,0.5217391304347826,19,23
test/000123.mp4,000123,resnet50,h264_18_keepaudio,fake,fake,0.5555555555555556,0.7727272727272727,0.5217391304347826,19,23
test/000123.mp4,000123,resnet50,h264_23_keepaudio,fake,fake,0.5555555555555556,0.7727272727272727,0.5217391304347826,19,23
test/000123.mp4,000123,resnet50,h264_28_keepaudio,fake,fake,0.4444444444444444,0.7727272727272727,0.4782608695652174,19,23
test/000123.mp4,000123,resnet50,h264_33_keepaudio,fake,fake,0.3888888888888889,0.7727272727272727,0.5217391304347826,19,23
test/000123.mp4,000123,resnet50,h264_38_keepaudio,fake,fake,0.4444444444444444,0.7727272727272727,0.8260869565217391,19,23
test/000123.mp4,000123,resnet50,h264_43_keepaudio,fake,fake,0.5,0.7727272727272727,0.21739130434782608,19,23
test/000124.mp4,000124,resnet50,clean,fake,fake,0.5882352941176471,0.8,0.38095238095238093,18,21
test/000124.mp4,000124,resnet50,jpeg_10,fake,fake,0.5294117647058824,0.8,0.38095238095238093,18,21
test/000124.mp4,000124,resnet50,jpeg_20,fake,fake,0.6470588235294118,0.8,0.5238095238095238,18,21
test/000124.mp4,000124,resnet50,jpeg_30,fake,fake,0.6470588235294118,0.8,0.47619047619047616,18,21
test/000124.mp4,000124,resnet50,jpeg_40,fake,fake,0.4117647058823529,0.8,0.47619047619047616,18,21
test/000124.mp4,000124,resnet50,jpeg_50,fake,fake,0.5882352941176471,0.8,0.42857142857142855,18,21
test/000124.mp4,000124,resnet50,jpeg_60,fake,fake,0.47058823529411764,0.8,0.42857142857142855,18,21
test/000124.mp4,000124,resnet50,jpeg_70,fake,fake,0.5294117647058824,0.8,0.47619047619047616,18,21
test/000124.mp4,000124,resnet50,jpeg_80,fake,fake,0.5882352941176471,0.8,0.38095238095238093,18,21
test/000124.mp4,000124,resnet50,jpeg_90,fake,fake,0.5882352941176471,0.8,0.5714285714285714,18,21
test/000124.mp4,000124,resnet50,jpeg_95,fake,fake,0.5882352941176471,0.8,0.5714285714285714,18,21
test/000124.mp4,000124,resnet50,h264_18_keepaudio,fake,fake,0.5294117647058824,0.8,0.5238095238095238,18,21
test/000124.mp4,000124,resnet50,h264_23_keepaudio,fake,fake,0.47058823529411764,0.8,0.5714285714285714,18,21
test/000124.mp4,000124,resnet50,h264_28_keepaudio,fake,fake,0.4117647058823529,0.8,0.47619047619047616,18,21
test/000124.mp4,000124,resnet50,h264_33_keepaudio,fake,fake,0.7058823529411765,0.8,0.47619047619047616,18,21
test/000124.mp4,000124,resnet50,h264_38_keepaudio,fake,fake,0.5294117647058824,0.8,0.5714285714285714,18,21
test/000124.mp4,000124,resnet50,h264_43_keepaudio,fake,fake,0.23529411764705882,0.8,0.5238095238095238,18,21
test/000125.mp4,000125,resnet50,clean,fake,fake,0.5555555555555556,0.7727272727272727,0.34782608695652173,19,23
test/000125.mp4,000125,resnet50,jpeg_10,fake,fake,0.6666666666666666,0.7727272727272727,0.43478260869565216,19,23
test/000125.mp4,000125,resnet50,jpeg_20,fake,fake,0.7777777777777778,0.7727272727272727,0.5652173913043478,19,23
test/000125.mp4,000125,resnet50,jpeg_30,fake,fake,0.6666666666666666,0.7727272727272727,0.391304347826087,19,23
test/000125.mp4,000125,resnet50,jpeg_40,fake,fake,0.3888888888888889,0.7727272727272727,0.5217391304347826,19,23
test/000125.mp4,000125,resnet50,jpeg_50,fake,fake,0.7222222222222222,0.7727272727272727,0.4782608695652174,19,23
test/000125.mp4,000125,resnet50,jpeg_60,fake,fake,0.5555555555555556,0.7727272727272727,0.43478260869565216,19,23
test/000125.mp4,000125,resnet50,jpeg_70,fake,fake,0.4444444444444444,0.7727272727272727,0.4782608695652174,19,23
test/000125.mp4,000125,resnet50,jpeg_80,fake,fake,0.5555555555555556,0.7727272727272727,0.391304347826087,19,23
test/000125.mp4,000125,resnet50,jpeg_90,fake,fake,0.5,0.7727272727272727,0.5217391304347826,19,23
test/000125.mp4,000125,resnet50,jpeg_95,fake,fake,0.5,0.7727272727272727,0.4782608695652174,19,23
test/000125.mp4,000125,resnet50,h264_18_keepaudio,fake,fake,0.5555555555555556,0.7727272727272727,0.43478260869565216,19,23
test/000125.mp4,000125,resnet50,h264_23_keepaudio,fake,fake,0.6111111111111112,0.7727272727272727,0.5217391304347826,19,23
test/000125.mp4,000125,resnet50,h264_28_keepaudio,fake,fake,0.3888888888888889,0.7727272727272727,0.391304347826087,19,23
test/000125.mp4,000125,resnet50,h264_33_keepaudio,fake,fake,0.4444444444444444,0.7727272727272727,0.5217391304347826,19,23
test/000125.mp4,000125,resnet50,h264_38_keepaudio,fake,fake,0.5555555555555556,0.7727272727272727,0.6521739130434783,19,23
test/000125.mp4,000125,resnet50,h264_43_keepaudio,fake,fake,0.2222222222222222,0.7727272727272727,0.5217391304347826,19,23
test/000126.mp4,000126,resnet50,clean,fake,real,0.8636363636363636,0.75,0.896551724137931,23,29
test/000126.mp4,000126,resnet50,jpeg_10,fake,real,0.5454545454545454,0.75,0.5517241379310345,23,29
test/000126.mp4,000126,resnet50,jpeg_20,fake,real,0.7727272727272727,0.75,0.8620689655172413,23,29
test/000126.mp4,000126,resnet50,jpeg_30,fake,real,0.8181818181818182,0.75,0.7586206896551724,23,29
test/000126.mp4,000126,resnet50,jpeg_40,fake,real,0.8260869565217391,0.75,0.8620689655172413,24,29
test/000126.mp4,000126,resnet50,jpeg_50,fake,real,0.8181818181818182,0.75,0.896551724137931,23,29
test/000126.mp4,000126,resnet50,jpeg_60,fake,real,0.9090909090909091,0.75,0.9310344827586207,23,29
test/000126.mp4,000126,resnet50,jpeg_70,fake,real,0.8636363636363636,0.75,0.896551724137931,23,29
test/000126.mp4,000126,resnet50,jpeg_80,fake,real,0.8181818181818182,0.75,0.8620689655172413,23,29
test/000126.mp4,000126,resnet50,jpeg_90,fake,real,0.8695652173913043,0.75,0.896551724137931,24,29
test/000126.mp4,000126,resnet50,jpeg_95,fake,real,0.8695652173913043,0.75,0.896551724137931,24,29
test/000126.mp4,000126,resnet50,h264_18_keepaudio,fake,real,0.8636363636363636,0.75,0.896551724137931,23,29
test/000126.mp4,000126,resnet50,h264_23_keepaudio,fake,real,0.7727272727272727,0.75,0.8620689655172413,23,29
test/000126.mp4,000126,resnet50,h264_28_keepaudio,fake,real,0.8181818181818182,0.75,0.8620689655172413,23,29
test/000126.mp4,000126,resnet50,h264_33_keepaudio,fake,real,0.782608695652174,0.75,0.7931034482758621,24,29
test/000126.mp4,000126,resnet50,h264_38_keepaudio,fake,real,0.8636363636363636,0.75,0.896551724137931,23,29
test/000126.mp4,000126,resnet50,h264_43_keepaudio,fake,real,0.5454545454545454,0.75,0.8620689655172413,23,29
test/000127.mp4,000127,resnet50,clean,fake,fake,0.782608695652174,0.6071428571428571,0.9310344827586207,24,29
test/000127.mp4,000127,resnet50,jpeg_10,fake,fake,0.7727272727272727,0.6071428571428571,0.7241379310344828,23,29
test/000127.mp4,000127,resnet50,jpeg_20,fake,fake,0.7272727272727273,0.6071428571428571,0.6896551724137931,23,29
test/000127.mp4,000127,resnet50,jpeg_30,fake,fake,0.782608695652174,0.6071428571428571,0.7586206896551724,24,29
test/000127.mp4,000127,resnet50,jpeg_40,fake,fake,0.8260869565217391,0.6071428571428571,0.8275862068965517,24,29
test/000127.mp4,000127,resnet50,jpeg_50,fake,fake,0.8260869565217391,0.6071428571428571,0.8620689655172413,24,29
test/000127.mp4,000127,resnet50,jpeg_60,fake,fake,0.8260869565217391,0.6071428571428571,0.8620689655172413,24,29
test/000127.mp4,000127,resnet50,jpeg_70,fake,fake,0.7391304347826086,0.6071428571428571,0.9310344827586207,24,29
test/000127.mp4,000127,resnet50,jpeg_80,fake,fake,0.782608695652174,0.6071428571428571,0.8275862068965517,24,29
test/000127.mp4,000127,resnet50,jpeg_90,fake,fake,0.8695652173913043,0.6071428571428571,0.8275862068965517,24,29
test/000127.mp4,000127,resnet50,jpeg_95,fake,fake,0.782608695652174,0.6071428571428571,0.896551724137931,24,29
test/000127.mp4,000127,resnet50,h264_18_keepaudio,fake,fake,0.8260869565217391,0.6071428571428571,0.896551724137931,24,29
test/000127.mp4,000127,resnet50,h264_23_keepaudio,fake,fake,0.782608695652174,0.6071428571428571,0.8275862068965517,24,29
test/000127.mp4,000127,resnet50,h264_28_keepaudio,fake,fake,0.782608695652174,0.6071428571428571,0.896551724137931,24,29
test/000127.mp4,000127,resnet50,h264_33_keepaudio,fake,fake,0.7272727272727273,0.6071428571428571,0.8620689655172413,23,29
test/000127.mp4,000127,resnet50,h264_38_keepaudio,fake,fake,0.9565217391304348,0.6071428571428571,0.9310344827586207,24,29
test/000127.mp4,000127,resnet50,h264_43_keepaudio,fake,fake,0.6666666666666666,0.6071428571428571,0.7586206896551724,22,29
test/000128.mp4,000128,resnet50,clean,fake,fake,0.8695652173913043,0.7142857142857143,0.8620689655172413,24,29
test/000128.mp4,000128,resnet50,jpeg_10,fake,fake,0.5652173913043478,0.7142857142857143,0.6551724137931034,24,29
test/000128.mp4,000128,resnet50,jpeg_20,fake,fake,0.7391304347826086,0.7142857142857143,0.8275862068965517,24,29
test/000128.mp4,000128,resnet50,jpeg_30,fake,fake,0.7391304347826086,0.7142857142857143,0.7931034482758621,24,29
test/000128.mp4,000128,resnet50,jpeg_40,fake,fake,0.782608695652174,0.7142857142857143,0.7586206896551724,24,29
test/000128.mp4,000128,resnet50,jpeg_50,fake,fake,0.782608695652174,0.7142857142857143,0.7586206896551724,24,29
test/000128.mp4,000128,resnet50,jpeg_60,fake,fake,0.8695652173913043,0.7142857142857143,0.8620689655172413,24,29
test/000128.mp4,000128,resnet50,jpeg_70,fake,fake,0.8260869565217391,0.7142857142857143,0.8275862068965517,24,29
test/000128.mp4,000128,resnet50,jpeg_80,fake,fake,0.8695652173913043,0.7142857142857143,0.8620689655172413,24,29
test/000128.mp4,000128,resnet50,jpeg_90,fake,fake,0.8695652173913043,0.7142857142857143,0.8620689655172413,24,29
test/000128.mp4,000128,resnet50,jpeg_95,fake,fake,0.8695652173913043,0.7142857142857143,0.8275862068965517,24,29
test/000128.mp4,000128,resnet50,h264_18_keepaudio,fake,fake,0.8695652173913043,0.7142857142857143,0.8275862068965517,24,29
test/000128.mp4,000128,resnet50,h264_23_keepaudio,fake,fake,0.8695652173913043,0.7142857142857143,0.896551724137931,24,29
test/000128.mp4,000128,resnet50,h264_28_keepaudio,fake,fake,0.782608695652174,0.7142857142857143,0.7586206896551724,24,29
test/000128.mp4,000128,resnet50,h264_33_keepaudio,fake,fake,0.8260869565217391,0.7142857142857143,0.896551724137931,24,29
test/000128.mp4,000128,resnet50,h264_38_keepaudio,fake,fake,0.8181818181818182,0.7142857142857143,0.896551724137931,23,29
test/000128.mp4,000128,resnet50,h264_43_keepaudio,fake,fake,0.5909090909090909,0.7142857142857143,0.6206896551724138,23,29
test/000129.mp4,000129,resnet50,clean,fake,fake,0.782608695652174,0.6071428571428571,0.896551724137931,24,29
test/000129.mp4,000129,resnet50,jpeg_10,fake,fake,0.6086956521739131,0.6071428571428571,0.5517241379310345,24,29
test/000129.mp4,000129,resnet50,jpeg_20,fake,fake,0.6521739130434783,0.6071428571428571,0.7931034482758621,24,29
test/000129.mp4,000129,resnet50,jpeg_30,fake,fake,0.8181818181818182,0.6071428571428571,0.8275862068965517,23,29
test/000129.mp4,000129,resnet50,jpeg_40,fake,fake,0.8695652173913043,0.6071428571428571,0.8620689655172413,24,29
test/000129.mp4,000129,resnet50,jpeg_50,fake,fake,0.782608695652174,0.6071428571428571,0.896551724137931,24,29
test/000129.mp4,000129,resnet50,jpeg_60,fake,fake,0.7391304347826086,0.6071428571428571,0.896551724137931,24,29
test/000129.mp4,000129,resnet50,jpeg_70,fake,fake,0.6956521739130435,0.6071428571428571,0.7931034482758621,24,29
test/000129.mp4,000129,resnet50,jpeg_80,fake,fake,0.782608695652174,0.6071428571428571,0.8620689655172413,24,29
test/000129.mp4,000129,resnet50,jpeg_90,fake,fake,0.8260869565217391,0.6071428571428571,0.8620689655172413,24,29
test/000129.mp4,000129,resnet50,jpeg_95,fake,fake,0.8695652173913043,0.6071428571428571,0.896551724137931,24,29
test/000129.mp4,000129,resnet50,h264_18_keepaudio,fake,fake,0.8260869565217391,0.6071428571428571,0.896551724137931,24,29
test/000129.mp4,000129,resnet50,h264_23_keepaudio,fake,fake,0.8695652173913043,0.6071428571428571,0.896551724137931,24,29
test/000129.mp4,000129,resnet50,h264_28_keepaudio,fake,fake,0.8695652173913043,0.6071428571428571,0.896551724137931,24,29
test/000129.mp4,000129,resnet50,h264_33_keepaudio,fake,fake,0.8260869565217391,0.6071428571428571,0.8620689655172413,24,29
test/000129.mp4,000129,resnet50,h264_38_keepaudio,fake,fake,0.8181818181818182,0.6071428571428571,0.896551724137931,23,29
test/000129.mp4,000129,resnet50,h264_43_keepaudio,fake,fake,0.782608695652174,0.6071428571428571,0.7241379310344828,24,29
test/000130.mp4,000130,resnet50,clean,fake,real,0.6666666666666666,0.9047619047619048,0.5454545454545454,19,22
test/000130.mp4,000130,resnet50,jpeg_10,fake,real,0.8888888888888888,0.9047619047619048,0.4090909090909091,19,22
test/000130.mp4,000130,resnet50,jpeg_20,fake,real,0.5,0.9047619047619048,0.3181818181818182,19,22
test/000130.mp4,000130,resnet50,jpeg_30,fake,real,0.7777777777777778,0.9047619047619048,0.45454545454545453,19,22
test/000130.mp4,000130,resnet50,jpeg_40,fake,real,0.7222222222222222,0.9047619047619048,0.5909090909090909,19,22
test/000130.mp4,000130,resnet50,jpeg_50,fake,real,0.4444444444444444,0.9047619047619048,0.5909090909090909,19,22
test/000130.mp4,000130,resnet50,jpeg_60,fake,real,0.5,0.9047619047619048,0.45454545454545453,19,22
test/000130.mp4,000130,resnet50,jpeg_70,fake,real,0.6111111111111112,0.9047619047619048,0.6363636363636364,19,22
test/000130.mp4,000130,resnet50,jpeg_80,fake,real,0.5555555555555556,0.9047619047619048,0.5454545454545454,19,22
test/000130.mp4,000130,resnet50,jpeg_90,fake,real,0.4444444444444444,0.9047619047619048,0.6363636363636364,19,22
test/000130.mp4,000130,resnet50,jpeg_95,fake,real,0.5555555555555556,0.9047619047619048,0.6363636363636364,19,22
test/000130.mp4,000130,resnet50,h264_18_keepaudio,fake,real,0.6111111111111112,0.9047619047619048,0.6818181818181818,19,22
test/000130.mp4,000130,resnet50,h264_23_keepaudio,fake,real,0.4444444444444444,0.9047619047619048,0.5454545454545454,19,22
test/000130.mp4,000130,resnet50,h264_28_keepaudio,fake,real,0.4444444444444444,0.9047619047619048,0.6818181818181818,19,22
test/000130.mp4,000130,resnet50,h264_33_keepaudio,fake,real,0.3888888888888889,0.9047619047619048,0.6363636363636364,19,22
test/000130.mp4,000130,resnet50,h264_38_keepaudio,fake,real,0.7222222222222222,0.9047619047619048,0.36363636363636365,19,22
test/000130.mp4,000130,resnet50,h264_43_keepaudio,fake,real,0.5,0.9047619047619048,0.6363636363636364,19,22
test/000131.mp4,000131,resnet50,clean,fake,fake,0.7368421052631579,0.8260869565217391,0.5416666666666666,20,24
test/000131.mp4,000131,resnet50,jpeg_10,fake,fake,0.8421052631578947,0.8260869565217391,0.4166666666666667,20,24
test/000131.mp4,000131,resnet50,jpeg_20,fake,fake,0.9473684210526315,0.8260869565217391,0.2916666666666667,20,24
test/000131.mp4,000131,resnet50,jpeg_30,fake,fake,0.5263157894736842,0.8260869565217391,0.5416666666666666,20,24
test/000131.mp4,000131,resnet50,jpeg_40,fake,fake,0.7894736842105263,0.8260869565217391,0.5833333333333334,20,24
test/000131.mp4,000131,resnet50,jpeg_50,fake,fake,0.631578947368421,0.8260869565217391,0.4166666666666667,20,24
test/000131.mp4,000131,resnet50,jpeg_60,fake,fake,0.631578947368421,0.8260869565217391,0.375,20,24
test/000131.mp4,000131,resnet50,jpeg_70,fake,fake,0.6842105263157895,0.8260869565217391,0.5,20,24
test/000131.mp4,000131,resnet50,jpeg_80,fake,fake,0.631578947368421,0.8260869565217391,0.4166666666666667,20,24
test/000131.mp4,000131,resnet50,jpeg_90,fake,fake,0.8421052631578947,0.8260869565217391,0.4583333333333333,20,24
test/000131.mp4,000131,resnet50,jpeg_95,fake,fake,0.6842105263157895,0.8260869565217391,0.5416666666666666,20,24
test/000131.mp4,000131,resnet50,h264_18_keepaudio,fake,fake,0.5789473684210527,0.8260869565217391,0.5416666666666666,20,24
test/000131.mp4,000131,resnet50,h264_23_keepaudio,fake,fake,0.5789473684210527,0.8260869565217391,0.3333333333333333,20,24
test/000131.mp4,000131,resnet50,h264_28_keepaudio,fake,fake,0.47368421052631576,0.8260869565217391,0.2916666666666667,20,24
test/000131.mp4,000131,resnet50,h264_33_keepaudio,fake,fake,0.42105263157894735,0.8260869565217391,0.625,20,24
test/000131.mp4,000131,resnet50,h264_38_keepaudio,fake,fake,0.6842105263157895,0.8260869565217391,0.4583333333333333,20,24
test/000131.mp4,000131,resnet50,h264_43_keepaudio,fake,fake,0.2631578947368421,0.8260869565217391,0.4583333333333333,20,24
test/000132.mp4,000132,resnet50,clean,fake,fake,0.7222222222222222,0.8181818181818182,0.4782608695652174,19,23
test/000132.mp4,000132,resnet50,jpeg_10,fake,fake,0.6666666666666666,0.8181818181818182,0.13043478260869565,19,23
test/000132.mp4,000132,resnet50,jpeg_20,fake,fake,0.7222222222222222,0.8181818181818182,0.5217391304347826,19,23
test/000132.mp4,000132,resnet50,jpeg_30,fake,fake,0.6111111111111112,0.8181818181818182,0.30434782608695654,19,23
test/000132.mp4,000132,resnet50,jpeg_40,fake,fake,0.6666666666666666,0.8181818181818182,0.43478260869565216,19,23
test/000132.mp4,000132,resnet50,jpeg_50,fake,fake,0.6666666666666666,0.8181818181818182,0.5217391304347826,19,23
test/000132.mp4,000132,resnet50,jpeg_60,fake,fake,0.7222222222222222,0.8181818181818182,0.391304347826087,19,23
test/000132.mp4,000132,resnet50,jpeg_70,fake,fake,0.8333333333333334,0.8181818181818182,0.6086956521739131,19,23
test/000132.mp4,000132,resnet50,jpeg_80,fake,fake,0.6111111111111112,0.8181818181818182,0.391304347826087,19,23
test/000132.mp4,000132,resnet50,jpeg_90,fake,fake,0.7777777777777778,0.8181818181818182,0.5652173913043478,19,23
test/000132.mp4,000132,resnet50,jpeg_95,fake,fake,0.6666666666666666,0.8181818181818182,0.4782608695652174,19,23
test/000132.mp4,000132,resnet50,h264_18_keepaudio,fake,fake,0.6666666666666666,0.8181818181818182,0.43478260869565216,19,23
test/000132.mp4,000132,resnet50,h264_23_keepaudio,fake,fake,0.8888888888888888,0.8181818181818182,0.391304347826087,19,23
test/000132.mp4,000132,resnet50,h264_28_keepaudio,fake,fake,0.7777777777777778,0.8181818181818182,0.34782608695652173,19,23
test/000132.mp4,000132,resnet50,h264_33_keepaudio,fake,fake,0.8333333333333334,0.8181818181818182,0.391304347826087,19,23
test/000132.mp4,000132,resnet50,h264_38_keepaudio,fake,fake,0.6666666666666666,0.8181818181818182,0.34782608695652173,19,23
test/000132.mp4,000132,resnet50,h264_43_keepaudio,fake,fake,0.4444444444444444,0.8181818181818182,0.6521739130434783,19,23
test/000133.mp4,000133,resnet50,clean,fake,fake,0.5789473684210527,0.8695652173913043,0.4583333333333333,20,24
test/000133.mp4,000133,resnet50,jpeg_10,fake,fake,0.5789473684210527,0.8695652173913043,0.3333333333333333,20,24
test/000133.mp4,000133,resnet50,jpeg_20,fake,fake,0.5789473684210527,0.8695652173913043,0.5416666666666666,20,24
test/000133.mp4,000133,resnet50,jpeg_30,fake,fake,0.47368421052631576,0.8695652173913043,0.4166666666666667,20,24
test/000133.mp4,000133,resnet50,jpeg_40,fake,fake,0.5789473684210527,0.8695652173913043,0.4583333333333333,20,24
test/000133.mp4,000133,resnet50,jpeg_50,fake,fake,0.47368421052631576,0.8695652173913043,0.4583333333333333,20,24
test/000133.mp4,000133,resnet50,jpeg_60,fake,fake,0.5263157894736842,0.8695652173913043,0.375,20,24
test/000133.mp4,000133,resnet50,jpeg_70,fake,fake,0.5789473684210527,0.8695652173913043,0.5,20,24
test/000133.mp4,000133,resnet50,jpeg_80,fake,fake,0.631578947368421,0.8695652173913043,0.5833333333333334,20,24
test/000133.mp4,000133,resnet50,jpeg_90,fake,fake,0.631578947368421,0.8695652173913043,0.5,20,24
test/000133.mp4,000133,resnet50,jpeg_95,fake,fake,0.631578947368421,0.8695652173913043,0.6666666666666666,20,24
test/000133.mp4,000133,resnet50,h264_18_keepaudio,fake,fake,0.5789473684210527,0.8695652173913043,0.5,20,24
test/000133.mp4,000133,resnet50,h264_23_keepaudio,fake,fake,0.47368421052631576,0.8695652173913043,0.5833333333333334,20,24
test/000133.mp4,000133,resnet50,h264_28_keepaudio,fake,fake,0.42105263157894735,0.8695652173913043,0.375,20,24
test/000133.mp4,000133,resnet50,h264_33_keepaudio,fake,fake,0.5789473684210527,0.8695652173913043,0.4583333333333333,20,24
test/000133.mp4,000133,resnet50,h264_38_keepaudio,fake,fake,0.631578947368421,0.8695652173913043,0.5,20,24
test/000133.mp4,000133,resnet50,h264_43_keepaudio,fake,fake,0.2631578947368421,0.8695652173913043,0.2916666666666667,20,24
test/000134.mp4,000134,resnet50,clean,fake,real,0.7083333333333334,0.6451612903225806,0.3125,25,32
test/000134.mp4,000134,resnet50,jpeg_10,fake,real,0.9130434782608695,0.6451612903225806,0.28125,24,32
test/000134.mp4,000134,resnet50,jpeg_20,fake,real,0.625,0.6451612903225806,0.40625,25,32
test/000134.mp4,000134,resnet50,jpeg_30,fake,real,0.8333333333333334,0.6451612903225806,0.25,25,32
test/000134.mp4,000134,resnet50,jpeg_40,fake,real,0.7083333333333334,0.6451612903225806,0.21875,25,32
test/000134.mp4,000134,resnet50,jpeg_50,fake,real,0.6666666666666666,0.6451612903225806,0.375,25,32
test/000134.mp4,000134,resnet50,jpeg_60,fake,real,0.7083333333333334,0.6451612903225806,0.25,25,32
test/000134.mp4,000134,resnet50,jpeg_70,fake,real,0.75,0.6451612903225806,0.21875,25,32
test/000134.mp4,000134,resnet50,jpeg_80,fake,real,0.8333333333333334,0.6451612903225806,0.28125,25,32
test/000134.mp4,000134,resnet50,jpeg_90,fake,real,0.75,0.6451612903225806,0.25,25,32
test/000134.mp4,000134,resnet50,jpeg_95,fake,real,0.8333333333333334,0.6451612903225806,0.28125,25,32
test/000134.mp4,000134,resnet50,h264_18_keepaudio,fake,real,0.8333333333333334,0.6451612903225806,0.3125,25,32
test/000134.mp4,000134,resnet50,h264_23_keepaudio,fake,real,0.7916666666666666,0.6451612903225806,0.28125,25,32
test/000134.mp4,000134,resnet50,h264_28_keepaudio,fake,real,0.6666666666666666,0.6451612903225806,0.34375,25,32
test/000134.mp4,000134,resnet50,h264_33_keepaudio,fake,real,0.6666666666666666,0.6451612903225806,0.375,25,32
test/000134.mp4,000134,resnet50,h264_38_keepaudio,fake,real,0.625,0.6451612903225806,0.375,25,32
test/000134.mp4,000134,resnet50,h264_43_keepaudio,fake,real,0.75,0.6451612903225806,0.4375,25,32
test/000135.mp4,000135,resnet50,clean,fake,fake,0.84,0.6129032258064516,0.25,26,32
test/000135.mp4,000135,resnet50,jpeg_10,fake,fake,0.92,0.6129032258064516,0.28125,26,32
test/000135.mp4,000135,resnet50,jpeg_20,fake,fake,0.92,0.6129032258064516,0.28125,26,32
test/000135.mp4,000135,resnet50,jpeg_30,fake,fake,0.8,0.6129032258064516,0.21875,26,32
test/000135.mp4,000135,resnet50,jpeg_40,fake,fake,0.76,0.6129032258064516,0.25,26,32
test/000135.mp4,000135,resnet50,jpeg_50,fake,fake,0.68,0.6129032258064516,0.25,26,32
test/000135.mp4,000135,resnet50,jpeg_60,fake,fake,0.76,0.6129032258064516,0.25,26,32
test/000135.mp4,000135,resnet50,jpeg_70,fake,fake,0.76,0.6129032258064516,0.25,26,32
test/000135.mp4,000135,resnet50,jpeg_80,fake,fake,0.76,0.6129032258064516,0.25,26,32
test/000135.mp4,000135,resnet50,jpeg_90,fake,fake,0.84,0.6129032258064516,0.25,26,32
test/000135.mp4,000135,resnet50,jpeg_95,fake,fake,0.8,0.6129032258064516,0.25,26,32
test/000135.mp4,000135,resnet50,h264_18_keepaudio,fake,fake,0.84,0.6129032258064516,0.21875,26,32
test/000135.mp4,000135,resnet50,h264_23_keepaudio,fake,fake,0.72,0.6129032258064516,0.28125,26,32
test/000135.mp4,000135,resnet50,h264_28_keepaudio,fake,fake,0.64,0.6129032258064516,0.28125,26,32
test/000135.mp4,000135,resnet50,h264_33_keepaudio,fake,fake,0.72,0.6129032258064516,0.375,26,32
test/000135.mp4,000135,resnet50,h264_38_keepaudio,fake,fake,0.68,0.6129032258064516,0.40625,26,32
test/000135.mp4,000135,resnet50,h264_43_keepaudio,fake,fake,0.56,0.6129032258064516,0.5,26,32
test/000136.mp4,000136,resnet50,clean,fake,fake,0.88,0.5806451612903226,0.25,26,32
test/000136.mp4,000136,resnet50,jpeg_10,fake,fake,0.92,0.5806451612903226,0.25,26,32
test/000136.mp4,000136,resnet50,jpeg_20,fake,fake,0.84,0.5806451612903226,0.3125,26,32
test/000136.mp4,000136,resnet50,jpeg_30,fake,fake,0.8,0.5806451612903226,0.21875,26,32
test/000136.mp4,000136,resnet50,jpeg_40,fake,fake,0.76,0.5806451612903226,0.21875,26,32
test/000136.mp4,000136,resnet50,jpeg_50,fake,fake,0.68,0.5806451612903226,0.21875,26,32
test/000136.mp4,000136,resnet50,jpeg_60,fake,fake,0.76,0.5806451612903226,0.21875,26,32
test/000136.mp4,000136,resnet50,jpeg_70,fake,fake,0.8,0.5806451612903226,0.21875,26,32
test/000136.mp4,000136,resnet50,jpeg_80,fake,fake,0.76,0.5806451612903226,0.25,26,32
test/000136.mp4,000136,resnet50,jpeg_90,fake,fake,0.88,0.5806451612903226,0.21875,26,32
test/000136.mp4,000136,resnet50,jpeg_95,fake,fake,0.8,0.5806451612903226,0.21875,26,32
test/000136.mp4,000136,resnet50,h264_18_keepaudio,fake,fake,0.84,0.5806451612903226,0.21875,26,32
test/000136.mp4,000136,resnet50,h264_23_keepaudio,fake,fake,0.68,0.5806451612903226,0.25,26,32
test/000136.mp4,000136,resnet50,h264_28_keepaudio,fake,fake,0.64,0.5806451612903226,0.21875,26,32
test/000136.mp4,000136,resnet50,h264_33_keepaudio,fake,fake,0.72,0.5806451612903226,0.40625,26,32
test/000136.mp4,000136,resnet50,h264_38_keepaudio,fake,fake,0.9166666666666666,0.5806451612903226,0.1875,25,32
test/000136.mp4,000136,resnet50,h264_43_keepaudio,fake,fake,0.75,0.5806451612903226,0.25,25,32
test/000137.mp4,000137,resnet50,clean,fake,fake,0.88,0.6129032258064516,0.21875,26,32
test/000137.mp4,000137,resnet50,jpeg_10,fake,fake,0.9583333333333334,0.6129032258064516,0.25,25,32
test/000137.mp4,000137,resnet50,jpeg_20,fake,fake,0.8,0.6129032258064516,0.25,26,32
test/000137.mp4,000137,resnet50,jpeg_30,fake,fake,0.7083333333333334,0.6129032258064516,0.25,25,32
test/000137.mp4,000137,resnet50,jpeg_40,fake,fake,0.72,0.6129032258064516,0.21875,26,32
test/000137.mp4,000137,resnet50,jpeg_50,fake,fake,0.72,0.6129032258064516,0.21875,26,32
test/000137.mp4,000137,resnet50,jpeg_60,fake,fake,0.8,0.6129032258064516,0.21875,26,32
test/000137.mp4,000137,resnet50,jpeg_70,fake,fake,0.68,0.6129032258064516,0.21875,26,32
test/000137.mp4,000137,resnet50,jpeg_80,fake,fake,0.72,0.6129032258064516,0.25,26,32
test/000137.mp4,000137,resnet50,jpeg_90,fake,fake,0.76,0.6129032258064516,0.25,26,32
test/000137.mp4,000137,resnet50,jpeg_95,fake,fake,0.8,0.6129032258064516,0.25,26,32
test/000137.mp4,000137,resnet50,h264_18_keepaudio,fake,fake,0.8,0.6129032258064516,0.1875,26,32
test/000137.mp4,000137,resnet50,h264_23_keepaudio,fake,fake,0.64,0.6129032258064516,0.28125,26,32
test/000137.mp4,000137,resnet50,h264_28_keepaudio,fake,fake,0.64,0.6129032258064516,0.25,26,32
test/000137.mp4,000137,resnet50,h264_33_keepaudio,fake,fake,0.72,0.6129032258064516,0.3125,26,32
test/000137.mp4,000137,resnet50,h264_38_keepaudio,fake,fake,0.8,0.6129032258064516,0.375,26,32
test/000137.mp4,000137,resnet50,h264_43_keepaudio,fake,fake,0.6666666666666666,0.6129032258064516,0.375,25,32
test/000138.mp4,000138,resnet50,clean,fake,real,0.9230769230769231,0.7333333333333333,0.375,14,16
test/000138.mp4,000138,resnet50,jpeg_10,fake,real,1.0,0.7333333333333333,0.3125,14,16
test/000138.mp4,000138,resnet50,jpeg_20,fake,real,0.8461538461538461,0.7333333333333333,0.375,14,16
test/000138.mp4,000138,resnet50,jpeg_30,fake,real,0.9230769230769231,0.7333333333333333,0.25,14,16
test/000138.mp4,000138,resnet50,jpeg_40,fake,real,0.9230769230769231,0.7333333333333333,0.375,14,16
test/000138.mp4,000138,resnet50,jpeg_50,fake,real,0.6923076923076923,0.7333333333333333,0.4375,14,16
test/000138.mp4,000138,resnet50,jpeg_60,fake,real,0.9230769230769231,0.7333333333333333,0.375,14,16
test/000138.mp4,000138,resnet50,jpeg_70,fake,real,1.0,0.7333333333333333,0.3125,14,16
test/000138.mp4,000138,resnet50,jpeg_80,fake,real,0.8461538461538461,0.7333333333333333,0.4375,14,16
test/000138.mp4,000138,resnet50,jpeg_90,fake,real,1.0,0.7333333333333333,0.3125,14,16
test/000138.mp4,000138,resnet50,jpeg_95,fake,real,0.9230769230769231,0.7333333333333333,0.4375,14,16
test/000138.mp4,000138,resnet50,h264_18_keepaudio,fake,real,0.8461538461538461,0.7333333333333333,0.3125,14,16
test/000138.mp4,000138,resnet50,h264_23_keepaudio,fake,real,1.0,0.7333333333333333,0.3125,14,16
test/000138.mp4,000138,resnet50,h264_28_keepaudio,fake,real,0.7692307692307693,0.7333333333333333,0.375,14,16
test/000138.mp4,000138,resnet50,h264_33_keepaudio,fake,real,1.0,0.7333333333333333,0.3125,14,16
test/000138.mp4,000138,resnet50,h264_38_keepaudio,fake,real,0.8461538461538461,0.7333333333333333,0.5,14,16
test/000138.mp4,000138,resnet50,h264_43_keepaudio,fake,real,0.6153846153846154,0.7333333333333333,0.5625,14,16
test/000139.mp4,000139,resnet50,clean,fake,real,0.6666666666666666,0.6666666666666666,0.7727272727272727,19,22
test/000139.mp4,000139,resnet50,jpeg_10,fake,real,0.8333333333333334,0.6666666666666666,0.5454545454545454,19,22
test/000139.mp4,000139,resnet50,jpeg_20,fake,real,0.7222222222222222,0.6666666666666666,0.8181818181818182,19,22
test/000139.mp4,000139,resnet50,jpeg_30,fake,real,0.5555555555555556,0.6666666666666666,0.7727272727272727,19,22
test/000139.mp4,000139,resnet50,jpeg_40,fake,real,0.7777777777777778,0.6666666666666666,0.6818181818181818,19,22
test/000139.mp4,000139,resnet50,jpeg_50,fake,real,0.6111111111111112,0.6666666666666666,0.7272727272727273,19,22
test/000139.mp4,000139,resnet50,jpeg_60,fake,real,0.7222222222222222,0.6666666666666666,0.7727272727272727,19,22
test/000139.mp4,000139,resnet50,jpeg_70,fake,real,0.7222222222222222,0.6666666666666666,0.7272727272727273,19,22
test/000139.mp4,000139,resnet50,jpeg_80,fake,real,0.7777777777777778,0.6666666666666666,0.6818181818181818,19,22
test/000139.mp4,000139,resnet50,jpeg_90,fake,real,0.6666666666666666,0.6666666666666666,0.7272727272727273,19,22
test/000139.mp4,000139,resnet50,jpeg_95,fake,real,0.6666666666666666,0.6666666666666666,0.7272727272727273,19,22
test/000139.mp4,000139,resnet50,h264_18_keepaudio,fake,real,0.6111111111111112,0.6666666666666666,0.6818181818181818,19,22
test/000139.mp4,000139,resnet50,h264_23_keepaudio,fake,real,0.5555555555555556,0.6666666666666666,0.6818181818181818,19,22
test/000139.mp4,000139,resnet50,h264_28_keepaudio,fake,real,0.5555555555555556,0.6666666666666666,0.7727272727272727,19,22
test/000139.mp4,000139,resnet50,h264_33_keepaudio,fake,real,0.5555555555555556,0.6666666666666666,0.8636363636363636,19,22
test/000139.mp4,000139,resnet50,h264_38_keepaudio,fake,real,0.8333333333333334,0.6666666666666666,0.8636363636363636,19,22
test/000139.mp4,000139,resnet50,h264_43_keepaudio,fake,real,0.5,0.6666666666666666,0.7727272727272727,19,22
test/000140.mp4,000140,resnet50,clean,fake,fake,0.5263157894736842,0.6818181818181818,0.8260869565217391,20,23
test/000140.mp4,000140,resnet50,jpeg_10,fake,fake,0.7368421052631579,0.6818181818181818,0.6956521739130435,20,23
test/000140.mp4,000140,resnet50,jpeg_20,fake,fake,0.631578947368421,0.6818181818181818,0.6956521739130435,20,23
test/000140.mp4,000140,resnet50,jpeg_30,fake,fake,0.6842105263157895,0.6818181818181818,0.7391304347826086,20,23
test/000140.mp4,000140,resnet50,jpeg_40,fake,fake,0.5789473684210527,0.6818181818181818,0.6521739130434783,20,23
test/000140.mp4,000140,resnet50,jpeg_50,fake,fake,0.7368421052631579,0.6818181818181818,0.7391304347826086,20,23
test/000140.mp4,000140,resnet50,jpeg_60,fake,fake,0.5789473684210527,0.6818181818181818,0.7391304347826086,20,23
test/000140.mp4,000140,resnet50,jpeg_70,fake,fake,0.631578947368421,0.6818181818181818,0.782608695652174,20,23
test/000140.mp4,000140,resnet50,jpeg_80,fake,fake,0.5789473684210527,0.6818181818181818,0.7391304347826086,20,23
test/000140.mp4,000140,resnet50,jpeg_90,fake,fake,0.631578947368421,0.6818181818181818,0.7391304347826086,20,23
test/000140.mp4,000140,resnet50,jpeg_95,fake,fake,0.5789473684210527,0.6818181818181818,0.8260869565217391,20,23
test/000140.mp4,000140,resnet50,h264_18_keepaudio,fake,fake,0.6842105263157895,0.6818181818181818,0.782608695652174,20,23
test/000140.mp4,000140,resnet50,h264_23_keepaudio,fake,fake,0.6842105263157895,0.6818181818181818,0.8695652173913043,20,23
test/000140.mp4,000140,resnet50,h264_28_keepaudio,fake,fake,0.631578947368421,0.6818181818181818,0.8695652173913043,20,23
test/000140.mp4,000140,resnet50,h264_33_keepaudio,fake,fake,0.47368421052631576,0.6818181818181818,0.9565217391304348,20,23
test/000140.mp4,000140,resnet50,h264_38_keepaudio,fake,fake,0.7894736842105263,0.6818181818181818,0.8695652173913043,20,23
test/000140.mp4,000140,resnet50,h264_43_keepaudio,fake,fake,0.7894736842105263,0.6818181818181818,0.6086956521739131,20,23
test/000141.mp4,000141,resnet50,clean,fake,fake,0.7222222222222222,0.6666666666666666,0.7727272727272727,19,22
test/000141.mp4,000141,resnet50,jpeg_10,fake,fake,0.8333333333333334,0.6666666666666666,0.6818181818181818,19,22
test/000141.mp4,000141,resnet50,jpeg_20,fake,fake,0.6111111111111112,0.6666666666666666,0.6363636363636364,19,22
test/000141.mp4,000141,resnet50,jpeg_30,fake,fake,0.7222222222222222,0.6666666666666666,0.7727272727272727,19,22
test/000141.mp4,000141,resnet50,jpeg_40,fake,fake,0.6111111111111112,0.6666666666666666,0.5909090909090909,19,22
test/000141.mp4,000141,resnet50,jpeg_50,fake,fake,0.7777777777777778,0.6666666666666666,0.6818181818181818,19,22
test/000141.mp4,000141,resnet50,jpeg_60,fake,fake,0.8333333333333334,0.6666666666666666,0.8181818181818182,19,22
test/000141.mp4,000141,resnet50,jpeg_70,fake,fake,0.7777777777777778,0.6666666666666666,0.7272727272727273,19,22
test/000141.mp4,000141,resnet50,jpeg_80,fake,fake,0.6111111111111112,0.6666666666666666,0.7272727272727273,19,22
test/000141.mp4,000141,resnet50,jpeg_90,fake,fake,0.7222222222222222,0.6666666666666666,0.6818181818181818,19,22
test/000141.mp4,000141,resnet50,jpeg_95,fake,fake,0.6111111111111112,0.6666666666666666,0.7727272727272727,19,22
test/000141.mp4,000141,resnet50,h264_18_keepaudio,fake,fake,0.7777777777777778,0.6666666666666666,0.7272727272727273,19,22
test/000141.mp4,000141,resnet50,h264_23_keepaudio,fake,fake,0.6666666666666666,0.6666666666666666,0.7727272727272727,19,22
test/000141.mp4,000141,resnet50,h264_28_keepaudio,fake,fake,0.6666666666666666,0.6666666666666666,0.8636363636363636,19,22
test/000141.mp4,000141,resnet50,h264_33_keepaudio,fake,fake,0.4444444444444444,0.6666666666666666,0.8636363636363636,19,22
test/000141.mp4,000141,resnet50,h264_38_keepaudio,fake,fake,0.7222222222222222,0.6666666666666666,0.9545454545454546,19,22
test/000141.mp4,000141,resnet50,h264_43_keepaudio,fake,fake,0.5,0.6666666666666666,0.7272727272727273,19,22
test/000142.mp4,000142,resnet50,clean,fake,fake,0.5789473684210527,0.6818181818181818,0.6956521739130435,20,23
test/000142.mp4,000142,resnet50,jpeg_10,fake,fake,0.7894736842105263,0.6818181818181818,0.7391304347826086,20,23
test/000142.mp4,000142,resnet50,jpeg_20,fake,fake,0.5789473684210527,0.6818181818181818,0.6956521739130435,20,23
test/000142.mp4,000142,resnet50,jpeg_30,fake,fake,0.6842105263157895,0.6818181818181818,0.6956521739130435,20,23
test/000142.mp4,000142,resnet50,jpeg_40,fake,fake,0.5263157894736842,0.6818181818181818,0.6086956521739131,20,23
test/000142.mp4,000142,resnet50,jpeg_50,fake,fake,0.7368421052631579,0.6818181818181818,0.6956521739130435,20,23
test/000142.mp4,000142,resnet50,jpeg_60,fake,fake,0.7368421052631579,0.6818181818181818,0.6956521739130435,20,23
test/000142.mp4,000142,resnet50,jpeg_70,fake,fake,0.6842105263157895,0.6818181818181818,0.7391304347826086,20,23
test/000142.mp4,000142,resnet50,jpeg_80,fake,fake,0.5789473684210527,0.6818181818181818,0.7391304347826086,20,23
test/000142.mp4,000142,resnet50,jpeg_90,fake,fake,0.6842105263157895,0.6818181818181818,0.6521739130434783,20,23
test/000142.mp4,000142,resnet50,jpeg_95,fake,fake,0.6842105263157895,0.6818181818181818,0.8260869565217391,20,23
test/000142.mp4,000142,resnet50,h264_18_keepaudio,fake,fake,0.6842105263157895,0.6818181818181818,0.7391304347826086,20,23
test/000142.mp4,000142,resnet50,h264_23_keepaudio,fake,fake,0.631578947368421,0.6818181818181818,0.8260869565217391,20,23
test/000142.mp4,000142,resnet50,h264_28_keepaudio,fake,fake,0.7368421052631579,0.6818181818181818,0.8695652173913043,20,23
test/000142.mp4,000142,resnet50,h264_33_keepaudio,fake,fake,0.5789473684210527,0.6818181818181818,0.782608695652174,20,23
test/000142.mp4,000142,resnet50,h264_38_keepaudio,fake,fake,0.7368421052631579,0.6818181818181818,1.0,20,23
test/000142.mp4,000142,resnet50,h264_43_keepaudio,fake,fake,0.631578947368421,0.6818181818181818,0.6521739130434783,20,23
test/000143.mp4,000143,resnet50,clean,fake,real,0.8181818181818182,0.6538461538461539,0.5185185185185185,23,27
test/000143.mp4,000143,resnet50,jpeg_10,fake,real,0.9545454545454546,0.6538461538461539,0.48148148148148145,23,27
test/000143.mp4,000143,resnet50,jpeg_20,fake,real,0.7272727272727273,0.6538461538461539,0.5555555555555556,23,27
test/000143.mp4,000143,resnet50,jpeg_30,fake,real,0.8636363636363636,0.6538461538461539,0.5185185185185185,23,27
test/000143.mp4,000143,resnet50,jpeg_40,fake,real,0.8181818181818182,0.6538461538461539,0.5555555555555556,23,27
test/000143.mp4,000143,resnet50,jpeg_50,fake,real,0.7272727272727273,0.6538461538461539,0.5185185185185185,23,27
test/000143.mp4,000143,resnet50,jpeg_60,fake,real,0.7272727272727273,0.6538461538461539,0.5185185185185185,23,27
test/000143.mp4,000143,resnet50,jpeg_70,fake,real,0.8636363636363636,0.6538461538461539,0.5555555555555556,23,27
test/000143.mp4,000143,resnet50,jpeg_80,fake,real,0.9090909090909091,0.6538461538461539,0.5555555555555556,23,27
test/000143.mp4,000143,resnet50,jpeg_90,fake,real,0.9090909090909091,0.6538461538461539,0.5185185185185185,23,27
test/000143.mp4,000143,resnet50,jpeg_95,fake,real,0.8636363636363636,0.6538461538461539,0.5555555555555556,23,27
test/000143.mp4,000143,resnet50,h264_18_keepaudio,fake,real,0.8636363636363636,0.6538461538461539,0.5555555555555556,23,27
test/000143.mp4,000143,resnet50,h264_23_keepaudio,fake,real,0.8181818181818182,0.6538461538461539,0.5555555555555556,23,27
test/000143.mp4,000143,resnet50,h264_28_keepaudio,fake,real,0.7727272727272727,0.6538461538461539,0.5555555555555556,23,27
test/000143.mp4,000143,resnet50,h264_33_keepaudio,fake,real,0.7727272727272727,0.6538461538461539,0.6296296296296297,23,27
test/000143.mp4,000143,resnet50,h264_38_keepaudio,fake,real,0.8181818181818182,0.6538461538461539,0.5925925925925926,23,27
test/000143.mp4,000143,resnet50,h264_43_keepaudio,fake,real,1.0,0.6538461538461539,0.9629629629629629,23,27
test/000144.mp4,000144,resnet50,clean,fake,fake,0.9166666666666666,0.7,0.5161290322580645,25,31
test/000144.mp4,000144,resnet50,jpeg_10,fake,fake,0.8333333333333334,0.7,0.5806451612903226,25,31
test/000144.mp4,000144,resnet50,jpeg_20,fake,fake,1.0,0.7,0.5161290322580645,25,31
test/000144.mp4,000144,resnet50,jpeg_30,fake,fake,0.9166666666666666,0.7,0.5483870967741935,25,31
test/000144.mp4,000144,resnet50,jpeg_40,fake,fake,1.0,0.7,0.5161290322580645,25,31
test/000144.mp4,000144,resnet50,jpeg_50,fake,fake,0.9166666666666666,0.7,0.5161290322580645,25,31
test/000144.mp4,000144,resnet50,jpeg_60,fake,fake,1.0,0.7,0.5161290322580645,25,31
test/000144.mp4,000144,resnet50,jpeg_70,fake,fake,0.9166666666666666,0.7,0.5483870967741935,25,31
test/000144.mp4,000144,resnet50,jpeg_80,fake,fake,0.9166666666666666,0.7,0.5161290322580645,25,31
test/000144.mp4,000144,resnet50,jpeg_90,fake,fake,0.9166666666666666,0.7,0.5483870967741935,25,31
test/000144.mp4,000144,resnet50,jpeg_95,fake,fake,0.9166666666666666,0.7,0.5161290322580645,25,31
test/000144.mp4,000144,resnet50,h264_18_keepaudio,fake,fake,0.9166666666666666,0.7,0.5161290322580645,25,31
test/000144.mp4,000144,resnet50,h264_23_keepaudio,fake,fake,0.875,0.7,0.5483870967741935,25,31
test/000144.mp4,000144,resnet50,h264_28_keepaudio,fake,fake,0.875,0.7,0.5161290322580645,25,31
test/000144.mp4,000144,resnet50,h264_33_keepaudio,fake,fake,0.875,0.7,0.6129032258064516,25,31
test/000144.mp4,000144,resnet50,h264_38_keepaudio,fake,fake,0.6666666666666666,0.7,0.7741935483870968,25,31
test/000144.mp4,000144,resnet50,h264_43_keepaudio,fake,fake,0.7083333333333334,0.7,0.7741935483870968,25,31
test/000145.mp4,000145,resnet50,clean,fake,fake,0.9090909090909091,0.7037037037037037,0.4642857142857143,23,28
test/000145.mp4,000145,resnet50,jpeg_10,fake,fake,0.8636363636363636,0.7037037037037037,0.5714285714285714,23,28
test/000145.mp4,000145,resnet50,jpeg_20,fake,fake,1.0,0.7037037037037037,0.4642857142857143,23,28
test/000145.mp4,000145,resnet50,jpeg_30,fake,fake,0.8636363636363636,0.7037037037037037,0.5,23,28
test/000145.mp4,000145,resnet50,jpeg_40,fake,fake,0.9545454545454546,0.7037037037037037,0.4642857142857143,23,28
test/000145.mp4,000145,resnet50,jpeg_50,fake,fake,0.8181818181818182,0.7037037037037037,0.5,23,28
test/000145.mp4,000145,resnet50,jpeg_60,fake,fake,0.8181818181818182,0.7037037037037037,0.5,23,28
test/000145.mp4,000145,resnet50,jpeg_70,fake,fake,0.9090909090909091,0.7037037037037037,0.4642857142857143,23,28
test/000145.mp4,000145,resnet50,jpeg_80,fake,fake,0.9090909090909091,0.7037037037037037,0.4642857142857143,23,28
test/000145.mp4,000145,resnet50,jpeg_90,fake,fake,0.9090909090909091,0.7037037037037037,0.4642857142857143,23,28
test/000145.mp4,000145,resnet50,jpeg_95,fake,fake,0.9090909090909091,0.7037037037037037,0.4642857142857143,23,28
test/000145.mp4,000145,resnet50,h264_18_keepaudio,fake,fake,0.8181818181818182,0.7037037037037037,0.5,23,28
test/000145.mp4,000145,resnet50,h264_23_keepaudio,fake,fake,0.9090909090909091,0.7037037037037037,0.5,23,28
test/000145.mp4,000145,resnet50,h264_28_keepaudio,fake,fake,0.9090909090909091,0.7037037037037037,0.5357142857142857,23,28
test/000145.mp4,000145,resnet50,h264_33_keepaudio,fake,fake,0.7272727272727273,0.7037037037037037,0.5714285714285714,23,28
test/000145.mp4,000145,resnet50,h264_38_keepaudio,fake,fake,0.6818181818181818,0.7037037037037037,0.6785714285714286,23,28
test/000145.mp4,000145,resnet50,h264_43_keepaudio,fake,fake,0.7727272727272727,0.7037037037037037,0.8214285714285714,23,28
test/000146.mp4,000146,resnet50,clean,fake,fake,0.9166666666666666,0.7,0.5483870967741935,25,31
test/000146.mp4,000146,resnet50,jpeg_10,fake,fake,0.9583333333333334,0.7,0.5161290322580645,25,31
test/000146.mp4,000146,resnet50,jpeg_20,fake,fake,1.0,0.7,0.5483870967741935,25,31
test/000146.mp4,000146,resnet50,jpeg_30,fake,fake,0.9166666666666666,0.7,0.5483870967741935,25,31
test/000146.mp4,000146,resnet50,jpeg_40,fake,fake,1.0,0.7,0.5161290322580645,25,31
test/000146.mp4,000146,resnet50,jpeg_50,fake,fake,1.0,0.7,0.5161290322580645,25,31
test/000146.mp4,000146,resnet50,jpeg_60,fake,fake,1.0,0.7,0.5161290322580645,25,31
test/000146.mp4,000146,resnet50,jpeg_70,fake,fake,1.0,0.7,0.5161290322580645,25,31
test/000146.mp4,000146,resnet50,jpeg_80,fake,fake,1.0,0.7,0.5161290322580645,25,31
test/000146.mp4,000146,resnet50,jpeg_90,fake,fake,0.8333333333333334,0.7,0.5483870967741935,25,31
test/000146.mp4,000146,resnet50,jpeg_95,fake,fake,0.9166666666666666,0.7,0.5161290322580645,25,31
test/000146.mp4,000146,resnet50,h264_18_keepaudio,fake,fake,0.9166666666666666,0.7,0.5161290322580645,25,31
test/000146.mp4,000146,resnet50,h264_23_keepaudio,fake,fake,0.9166666666666666,0.7,0.5161290322580645,25,31
test/000146.mp4,000146,resnet50,h264_28_keepaudio,fake,fake,0.9166666666666666,0.7,0.5161290322580645,25,31
test/000146.mp4,000146,resnet50,h264_33_keepaudio,fake,fake,0.8333333333333334,0.7,0.6129032258064516,25,31
test/000146.mp4,000146,resnet50,h264_38_keepaudio,fake,fake,0.7083333333333334,0.7,0.7096774193548387,25,31
test/000146.mp4,000146,resnet50,h264_43_keepaudio,fake,fake,0.8333333333333334,0.7,0.9032258064516129,25,31
test/000147.mp4,000147,resnet50,clean,fake,real,0.75,0.8666666666666667,0.625,13,16
test/000147.mp4,000147,resnet50,jpeg_10,fake,real,0.75,0.8666666666666667,0.5,13,16
test/000147.mp4,000147,resnet50,jpeg_20,fake,real,0.75,0.8666666666666667,0.625,13,16
test/000147.mp4,000147,resnet50,jpeg_30,fake,real,0.2727272727272727,0.8666666666666667,0.8125,12,16
test/000147.mp4,000147,resnet50,jpeg_40,fake,real,0.5,0.8666666666666667,0.6875,13,16
test/000147.mp4,000147,resnet50,jpeg_50,fake,real,0.9166666666666666,0.8666666666666667,0.625,13,16
test/000147.mp4,000147,resnet50,jpeg_60,fake,real,0.75,0.8666666666666667,0.625,13,16
test/000147.mp4,000147,resnet50,jpeg_70,fake,real,0.75,0.8666666666666667,0.625,13,16
test/000147.mp4,000147,resnet50,jpeg_80,fake,real,0.9166666666666666,0.8666666666666667,0.5625,13,16
test/000147.mp4,000147,resnet50,jpeg_90,fake,real,0.75,0.8666666666666667,0.625,13,16
test/000147.mp4,000147,resnet50,jpeg_95,fake,real,0.6666666666666666,0.8666666666666667,0.625,13,16
test/000147.mp4,000147,resnet50,h264_18_keepaudio,fake,real,0.75,0.8666666666666667,0.625,13,16
test/000147.mp4,000147,resnet50,h264_23_keepaudio,fake,real,0.5833333333333334,0.8666666666666667,0.5625,13,16
test/000147.mp4,000147,resnet50,h264_28_keepaudio,fake,real,0.4166666666666667,0.8666666666666667,0.625,13,16
test/000147.mp4,000147,resnet50,h264_33_keepaudio,fake,real,0.6666666666666666,0.8666666666666667,0.75,13,16
test/000147.mp4,000147,resnet50,h264_38_keepaudio,fake,real,0.75,0.8666666666666667,0.75,13,16
test/000147.mp4,000147,resnet50,h264_43_keepaudio,fake,real,0.3,0.8666666666666667,0.8125,11,16
test/000148.mp4,000148,resnet50,clean,fake,fake,0.7857142857142857,0.8235294117647058,0.7222222222222222,15,18
test/000148.mp4,000148,resnet50,jpeg_10,fake,fake,0.7142857142857143,0.8235294117647058,0.7777777777777778,15,18
test/000148.mp4,000148,resnet50,jpeg_20,fake,fake,0.5714285714285714,0.8235294117647058,0.6666666666666666,15,18
test/000148.mp4,000148,resnet50,jpeg_30,fake,fake,0.8571428571428571,0.8235294117647058,0.6111111111111112,15,18
test/000148.mp4,000148,resnet50,jpeg_40,fake,fake,0.7142857142857143,0.8235294117647058,0.7222222222222222,15,18
test/000148.mp4,000148,resnet50,jpeg_50,fake,fake,0.7142857142857143,0.8235294117647058,0.7222222222222222,15,18
test/000148.mp4,000148,resnet50,jpeg_60,fake,fake,0.7857142857142857,0.8235294117647058,0.7222222222222222,15,18
test/000148.mp4,000148,resnet50,jpeg_70,fake,fake,0.6923076923076923,0.8235294117647058,0.7777777777777778,14,18
test/000148.mp4,000148,resnet50,jpeg_80,fake,fake,0.7857142857142857,0.8235294117647058,0.7222222222222222,15,18
test/000148.mp4,000148,resnet50,jpeg_90,fake,fake,0.8571428571428571,0.8235294117647058,0.7222222222222222,15,18
test/000148.mp4,000148,resnet50,jpeg_95,fake,fake,0.7142857142857143,0.8235294117647058,0.7777777777777778,15,18
test/000148.mp4,000148,resnet50,h264_18_keepaudio,fake,fake,0.6428571428571429,0.8235294117647058,0.7222222222222222,15,18
test/000148.mp4,000148,resnet50,h264_23_keepaudio,fake,fake,0.7857142857142857,0.8235294117647058,0.8888888888888888,15,18
test/000148.mp4,000148,resnet50,h264_28_keepaudio,fake,fake,0.6428571428571429,0.8235294117647058,0.8888888888888888,15,18
test/000148.mp4,000148,resnet50,h264_33_keepaudio,fake,fake,0.5714285714285714,0.8235294117647058,0.8888888888888888,15,18
test/000148.mp4,000148,resnet50,h264_38_keepaudio,fake,fake,0.5714285714285714,0.8235294117647058,0.6111111111111112,15,18
test/000148.mp4,000148,resnet50,h264_43_keepaudio,fake,fake,0.7272727272727273,0.8235294117647058,0.5555555555555556,12,18
test/000149.mp4,000149,resnet50,clean,fake,fake,0.75,0.8,0.625,13,16
test/000149.mp4,000149,resnet50,jpeg_10,fake,fake,0.75,0.8,0.625,13,16
test/000149.mp4,000149,resnet50,jpeg_20,fake,fake,0.5,0.8,0.8125,13,16
test/000149.mp4,000149,resnet50,jpeg_30,fake,fake,0.8333333333333334,0.8,0.75,13,16
test/000149.mp4,000149,resnet50,jpeg_40,fake,fake,0.75,0.8,0.75,13,16
test/000149.mp4,000149,resnet50,jpeg_50,fake,fake,0.6666666666666666,0.8,0.75,13,16
test/000149.mp4,000149,resnet50,jpeg_60,fake,fake,0.9166666666666666,0.8,0.5625,13,16
test/000149.mp4,000149,resnet50,jpeg_70,fake,fake,0.5454545454545454,0.8,0.625,12,16
test/000149.mp4,000149,resnet50,jpeg_80,fake,fake,0.75,0.8,0.6875,13,16
test/000149.mp4,000149,resnet50,jpeg_90,fake,fake,0.8333333333333334,0.8,0.75,13,16
test/000149.mp4,000149,resnet50,jpeg_95,fake,fake,0.5,0.8,0.625,13,16
test/000149.mp4,000149,resnet50,h264_18_keepaudio,fake,fake,0.5833333333333334,0.8,0.625,13,16
test/000149.mp4,000149,resnet50,h264_23_keepaudio,fake,fake,0.8333333333333334,0.8,0.6875,13,16
test/000149.mp4,000149,resnet50,h264_28_keepaudio,fake,fake,0.5,0.8,0.5625,13,16
test/000149.mp4,000149,resnet50,h264_33_keepaudio,fake,fake,0.5,0.8,0.6875,13,16
test/000149.mp4,000149,resnet50,h264_38_keepaudio,fake,fake,0.5,0.8,0.5625,13,16
test/000149.mp4,000149,resnet50,h264_43_keepaudio,fake,fake,0.7272727272727273,0.8,0.5625,12,16
test/000150.mp4,000150,resnet50,clean,fake,fake,0.7857142857142857,0.8235294117647058,0.7777777777777778,15,18
test/000150.mp4,000150,resnet50,jpeg_10,fake,fake,0.7857142857142857,0.8235294117647058,0.7777777777777778,15,18
test/000150.mp4,000150,resnet50,jpeg_20,fake,fake,0.42857142857142855,0.8235294117647058,0.8888888888888888,15,18
test/000150.mp4,000150,resnet50,jpeg_30,fake,fake,0.7857142857142857,0.8235294117647058,0.7222222222222222,15,18
test/000150.mp4,000150,resnet50,jpeg_40,fake,fake,0.5714285714285714,0.8235294117647058,0.7777777777777778,15,18
test/000150.mp4,000150,resnet50,jpeg_50,fake,fake,0.5714285714285714,0.8235294117647058,0.8888888888888888,15,18
test/000150.mp4,000150,resnet50,jpeg_60,fake,fake,0.6428571428571429,0.8235294117647058,0.8888888888888888,15,18
test/000150.mp4,000150,resnet50,jpeg_70,fake,fake,0.6153846153846154,0.8235294117647058,0.7777777777777778,14,18
test/000150.mp4,000150,resnet50,jpeg_80,fake,fake,0.7857142857142857,0.8235294117647058,0.7777777777777778,15,18
test/000150.mp4,000150,resnet50,jpeg_90,fake,fake,0.6428571428571429,0.8235294117647058,0.7777777777777778,15,18
test/000150.mp4,000150,resnet50,jpeg_95,fake,fake,0.5714285714285714,0.8235294117647058,0.7777777777777778,15,18
test/000150.mp4,000150,resnet50,h264_18_keepaudio,fake,fake,0.7857142857142857,0.8235294117647058,0.7777777777777778,15,18
test/000150.mp4,000150,resnet50,h264_23_keepaudio,fake,fake,0.8571428571428571,0.8235294117647058,0.7777777777777778,15,18
test/000150.mp4,000150,resnet50,h264_28_keepaudio,fake,fake,0.6428571428571429,0.8235294117647058,0.7777777777777778,15,18
test/000150.mp4,000150,resnet50,h264_33_keepaudio,fake,fake,0.6428571428571429,0.8235294117647058,0.7222222222222222,15,18
test/000150.mp4,000150,resnet50,h264_38_keepaudio,fake,fake,0.8571428571428571,0.8235294117647058,0.7777777777777778,15,18
test/000150.mp4,000150,resnet50,h264_43_keepaudio,fake,fake,0.5454545454545454,0.8235294117647058,0.6666666666666666,12,18
test/000151.mp4,000151,resnet50,clean,fake,real,0.7619047619047619,0.92,0.2692307692307692,22,26
test/000151.mp4,000151,resnet50,jpeg_10,fake,real,0.7619047619047619,0.92,0.3076923076923077,22,26
test/000151.mp4,000151,resnet50,jpeg_20,fake,real,0.9047619047619048,0.92,0.19230769230769232,22,26
test/000151.mp4,000151,resnet50,jpeg_30,fake,real,0.7619047619047619,0.92,0.19230769230769232,22,26
test/000151.mp4,000151,resnet50,jpeg_40,fake,real,0.8095238095238095,0.92,0.2692307692307692,22,26
test/000151.mp4,000151,resnet50,jpeg_50,fake,real,0.9047619047619048,0.92,0.2692307692307692,22,26
test/000151.mp4,000151,resnet50,jpeg_60,fake,real,0.8571428571428571,0.92,0.3076923076923077,22,26
test/000151.mp4,000151,resnet50,jpeg_70,fake,real,0.7619047619047619,0.92,0.23076923076923078,22,26
test/000151.mp4,000151,resnet50,jpeg_80,fake,real,0.8095238095238095,0.92,0.23076923076923078,22,26
test/000151.mp4,000151,resnet50,jpeg_90,fake,real,0.8571428571428571,0.92,0.23076923076923078,22,26
test/000151.mp4,000151,resnet50,jpeg_95,fake,real,0.6666666666666666,0.92,0.2692307692307692,22,26
test/000151.mp4,000151,resnet50,h264_18_keepaudio,fake,real,0.8095238095238095,0.92,0.23076923076923078,22,26
test/000151.mp4,000151,resnet50,h264_23_keepaudio,fake,real,0.6666666666666666,0.92,0.3076923076923077,22,26
test/000151.mp4,000151,resnet50,h264_28_keepaudio,fake,real,0.9523809523809523,0.92,0.19230769230769232,22,26
test/000151.mp4,000151,resnet50,h264_33_keepaudio,fake,real,0.7619047619047619,0.92,0.4230769230769231,22,26
test/000151.mp4,000151,resnet50,h264_38_keepaudio,fake,real,0.6666666666666666,0.92,0.6538461538461539,22,26
test/000151.mp4,000151,resnet50,h264_43_keepaudio,fake,real,0.6666666666666666,0.92,0.5769230769230769,22,26
test/000152.mp4,000152,resnet50,clean,fake,fake,0.7727272727272727,0.8846153846153846,0.2962962962962963,23,27
test/000152.mp4,000152,resnet50,jpeg_10,fake,fake,0.9090909090909091,0.8846153846153846,0.3333333333333333,23,27
test/000152.mp4,000152,resnet50,jpeg_20,fake,fake,0.7727272727272727,0.8846153846153846,0.37037037037037035,23,27
test/000152.mp4,000152,resnet50,jpeg_30,fake,fake,0.9545454545454546,0.8846153846153846,0.3333333333333333,23,27
test/000152.mp4,000152,resnet50,jpeg_40,fake,fake,0.8636363636363636,0.8846153846153846,0.3333333333333333,23,27
test/000152.mp4,000152,resnet50,jpeg_50,fake,fake,0.8181818181818182,0.8846153846153846,0.37037037037037035,23,27
test/000152.mp4,000152,resnet50,jpeg_60,fake,fake,0.8181818181818182,0.8846153846153846,0.37037037037037035,23,27
test/000152.mp4,000152,resnet50,jpeg_70,fake,fake,0.9090909090909091,0.8846153846153846,0.2962962962962963,23,27
test/000152.mp4,000152,resnet50,jpeg_80,fake,fake,0.8181818181818182,0.8846153846153846,0.37037037037037035,23,27
test/000152.mp4,000152,resnet50,jpeg_90,fake,fake,0.7727272727272727,0.8846153846153846,0.4074074074074074,23,27
test/000152.mp4,000152,resnet50,jpeg_95,fake,fake,0.7727272727272727,0.8846153846153846,0.2962962962962963,23,27
test/000152.mp4,000152,resnet50,h264_18_keepaudio,fake,fake,0.7727272727272727,0.8846153846153846,0.37037037037037035,23,27
test/000152.mp4,000152,resnet50,h264_23_keepaudio,fake,fake,0.8181818181818182,0.8846153846153846,0.37037037037037035,23,27
test/000152.mp4,000152,resnet50,h264_28_keepaudio,fake,fake,0.9090909090909091,0.8846153846153846,0.3333333333333333,23,27
test/000152.mp4,000152,resnet50,h264_33_keepaudio,fake,fake,0.5909090909090909,0.8846153846153846,0.4074074074074074,23,27
test/000152.mp4,000152,resnet50,h264_38_keepaudio,fake,fake,0.6818181818181818,0.8846153846153846,0.4074074074074074,23,27
test/000152.mp4,000152,resnet50,h264_43_keepaudio,fake,fake,0.6818181818181818,0.8846153846153846,0.6666666666666666,23,27
test/000153.mp4,000153,resnet50,clean,fake,fake,0.7619047619047619,0.8846153846153846,0.3333333333333333,22,27
test/000153.mp4,000153,resnet50,jpeg_10,fake,fake,1.0,0.8846153846153846,0.25925925925925924,22,27
test/000153.mp4,000153,resnet50,jpeg_20,fake,fake,0.9523809523809523,0.8846153846153846,0.2962962962962963,22,27
test/000153.mp4,000153,resnet50,jpeg_30,fake,fake,0.9047619047619048,0.8846153846153846,0.2962962962962963,22,27
test/000153.mp4,000153,resnet50,jpeg_40,fake,fake,0.9047619047619048,0.8846153846153846,0.25925925925925924,22,27
test/000153.mp4,000153,resnet50,jpeg_50,fake,fake,0.7619047619047619,0.8846153846153846,0.3333333333333333,22,27
test/000153.mp4,000153,resnet50,jpeg_60,fake,fake,0.8095238095238095,0.8846153846153846,0.3333333333333333,22,27
test/000153.mp4,000153,resnet50,jpeg_70,fake,fake,0.8571428571428571,0.8846153846153846,0.2962962962962963,22,27
test/000153.mp4,000153,resnet50,jpeg_80,fake,fake,0.8095238095238095,0.8846153846153846,0.37037037037037035,22,27
test/000153.mp4,000153,resnet50,jpeg_90,fake,fake,0.7619047619047619,0.8846153846153846,0.3333333333333333,22,27
test/000153.mp4,000153,resnet50,jpeg_95,fake,fake,0.7619047619047619,0.8846153846153846,0.3333333333333333,22,27
test/000153.mp4,000153,resnet50,h264_18_keepaudio,fake,fake,0.7619047619047619,0.8846153846153846,0.3333333333333333,22,27
test/000153.mp4,000153,resnet50,h264_23_keepaudio,fake,fake,0.7619047619047619,0.8846153846153846,0.3333333333333333,22,27
test/000153.mp4,000153,resnet50,h264_28_keepaudio,fake,fake,0.8571428571428571,0.8846153846153846,0.3333333333333333,22,27
test/000153.mp4,000153,resnet50,h264_33_keepaudio,fake,fake,0.6190476190476191,0.8846153846153846,0.2962962962962963,22,27
test/000153.mp4,000153,resnet50,h264_38_keepaudio,fake,fake,0.7619047619047619,0.8846153846153846,0.37037037037037035,22,27
test/000153.mp4,000153,resnet50,h264_43_keepaudio,fake,fake,0.6190476190476191,0.8846153846153846,0.6666666666666666,22,27
test/000154.mp4,000154,resnet50,clean,fake,fake,0.8636363636363636,0.8846153846153846,0.4074074074074074,23,27
test/000154.mp4,000154,resnet50,jpeg_10,fake,fake,0.7272727272727273,0.8846153846153846,0.4074074074074074,23,27
test/000154.mp4,000154,resnet50,jpeg_20,fake,fake,0.9545454545454546,0.8846153846153846,0.37037037037037035,23,27
test/000154.mp4,000154,resnet50,jpeg_30,fake,fake,0.9090909090909091,0.8846153846153846,0.3333333333333333,23,27
test/000154.mp4,000154,resnet50,jpeg_40,fake,fake,0.9090909090909091,0.8846153846153846,0.37037037037037035,23,27
test/000154.mp4,000154,resnet50,jpeg_50,fake,fake,0.8636363636363636,0.8846153846153846,0.4074074074074074,23,27
test/000154.mp4,000154,resnet50,jpeg_60,fake,fake,0.8181818181818182,0.8846153846153846,0.4074074074074074,23,27
test/000154.mp4,000154,resnet50,jpeg_70,fake,fake,0.9545454545454546,0.8846153846153846,0.37037037037037035,23,27
test/000154.mp4,000154,resnet50,jpeg_80,fake,fake,0.8181818181818182,0.8846153846153846,0.4074074074074074,23,27
test/000154.mp4,000154,resnet50,jpeg_90,fake,fake,0.8181818181818182,0.8846153846153846,0.4074074074074074,23,27
test/000154.mp4,000154,resnet50,jpeg_95,fake,fake,0.8181818181818182,0.8846153846153846,0.4074074074074074,23,27
test/000154.mp4,000154,resnet50,h264_18_keepaudio,fake,fake,0.8181818181818182,0.8846153846153846,0.4074074074074074,23,27
test/000154.mp4,000154,resnet50,h264_23_keepaudio,fake,fake,0.7727272727272727,0.8846153846153846,0.4074074074074074,23,27
test/000154.mp4,000154,resnet50,h264_28_keepaudio,fake,fake,0.8181818181818182,0.8846153846153846,0.37037037037037035,23,27
test/000154.mp4,000154,resnet50,h264_33_keepaudio,fake,fake,0.6818181818181818,0.8846153846153846,0.37037037037037035,23,27
test/000154.mp4,000154,resnet50,h264_38_keepaudio,fake,fake,0.6363636363636364,0.8846153846153846,0.4444444444444444,23,27
test/000154.mp4,000154,resnet50,h264_43_keepaudio,fake,fake,0.6363636363636364,0.8846153846153846,0.7777777777777778,23,27
test/000155.mp4,000155,resnet50,clean,fake,real,0.6774193548387096,0.8947368421052632,0.48717948717948717,32,39
test/000155.mp4,000155,resnet50,jpeg_10,fake,real,0.6774193548387096,0.8947368421052632,0.48717948717948717,32,39
test/000155.mp4,000155,resnet50,jpeg_20,fake,real,0.41935483870967744,0.8947368421052632,0.5128205128205128,32,39
test/000155.mp4,000155,resnet50,jpeg_30,fake,real,0.6774193548387096,0.8947368421052632,0.5897435897435898,32,39
test/000155.mp4,000155,resnet50,jpeg_40,fake,real,0.8387096774193549,0.8947368421052632,0.5897435897435898,32,39
test/000155.mp4,000155,resnet50,jpeg_50,fake,real,0.5806451612903226,0.8947368421052632,0.5641025641025641,32,39
test/000155.mp4,000155,resnet50,jpeg_60,fake,real,0.5161290322580645,0.8947368421052632,0.5641025641025641,32,39
test/000155.mp4,000155,resnet50,jpeg_70,fake,real,0.6451612903225806,0.8947368421052632,0.5128205128205128,32,39
test/000155.mp4,000155,resnet50,jpeg_80,fake,real,0.5806451612903226,0.8947368421052632,0.5128205128205128,32,39
test/000155.mp4,000155,resnet50,jpeg_90,fake,real,0.7419354838709677,0.8947368421052632,0.5128205128205128,32,39
test/000155.mp4,000155,resnet50,jpeg_95,fake,real,0.6451612903225806,0.8947368421052632,0.46153846153846156,32,39
test/000155.mp4,000155,resnet50,h264_18_keepaudio,fake,real,0.6129032258064516,0.8947368421052632,0.4358974358974359,32,39
test/000155.mp4,000155,resnet50,h264_23_keepaudio,fake,real,0.6129032258064516,0.8947368421052632,0.48717948717948717,32,39
test/000155.mp4,000155,resnet50,h264_28_keepaudio,fake,real,0.6451612903225806,0.8947368421052632,0.48717948717948717,32,39
test/000155.mp4,000155,resnet50,h264_33_keepaudio,fake,real,0.6129032258064516,0.8947368421052632,0.6410256410256411,32,39
test/000155.mp4,000155,resnet50,h264_38_keepaudio,fake,real,0.7419354838709677,0.8947368421052632,0.7435897435897436,32,39
test/000155.mp4,000155,resnet50,h264_43_keepaudio,fake,real,0.6129032258064516,0.8947368421052632,0.6153846153846154,32,39
test/000156.mp4,000156,resnet50,clean,fake,real,0.9583333333333334,0.6333333333333333,0.6774193548387096,25,31
test/000156.mp4,000156,resnet50,jpeg_10,fake,real,0.9166666666666666,0.6333333333333333,0.6774193548387096,25,31
test/000156.mp4,000156,resnet50,jpeg_20,fake,real,0.9583333333333334,0.6333333333333333,0.6774193548387096,25,31
test/000156.mp4,000156,resnet50,jpeg_30,fake,real,0.9583333333333334,0.6333333333333333,0.6774193548387096,25,31
test/000156.mp4,000156,resnet50,jpeg_40,fake,real,0.875,0.6333333333333333,0.7096774193548387,25,31
test/000156.mp4,000156,resnet50,jpeg_50,fake,real,0.9583333333333334,0.6333333333333333,0.6774193548387096,25,31
test/000156.mp4,000156,resnet50,jpeg_60,fake,real,0.9583333333333334,0.6333333333333333,0.7096774193548387,25,31
test/000156.mp4,000156,resnet50,jpeg_70,fake,real,0.9583333333333334,0.6333333333333333,0.6774193548387096,25,31
test/000156.mp4,000156,resnet50,jpeg_80,fake,real,1.0,0.6333333333333333,0.6451612903225806,25,31
test/000156.mp4,000156,resnet50,jpeg_90,fake,real,0.9583333333333334,0.6333333333333333,0.7096774193548387,25,31
test/000156.mp4,000156,resnet50,jpeg_95,fake,real,1.0,0.6333333333333333,0.6451612903225806,25,31
test/000156.mp4,000156,resnet50,h264_18_keepaudio,fake,real,0.9583333333333334,0.6333333333333333,0.6774193548387096,25,31
test/000156.mp4,000156,resnet50,h264_23_keepaudio,fake,real,0.875,0.6333333333333333,0.6774193548387096,25,31
test/000156.mp4,000156,resnet50,h264_28_keepaudio,fake,real,0.9166666666666666,0.6333333333333333,0.6774193548387096,25,31
test/000156.mp4,000156,resnet50,h264_33_keepaudio,fake,real,0.9166666666666666,0.6333333333333333,0.7096774193548387,25,31
test/000156.mp4,000156,resnet50,h264_38_keepaudio,fake,real,0.7083333333333334,0.6333333333333333,0.7419354838709677,25,31
test/000156.mp4,000156,resnet50,h264_43_keepaudio,fake,real,0.625,0.6333333333333333,0.7741935483870968,25,31
test/000157.mp4,000157,resnet50,clean,fake,fake,0.9615384615384616,0.59375,0.696969696969697,27,33
test/000157.mp4,000157,resnet50,jpeg_10,fake,fake,0.9230769230769231,0.59375,0.6363636363636364,27,33
test/000157.mp4,000157,resnet50,jpeg_20,fake,fake,1.0,0.59375,0.6363636363636364,27,33
test/000157.mp4,000157,resnet50,jpeg_30,fake,fake,1.0,0.59375,0.6363636363636364,27,33
test/000157.mp4,000157,resnet50,jpeg_40,fake,fake,1.0,0.59375,0.6363636363636364,27,33
test/000157.mp4,000157,resnet50,jpeg_50,fake,fake,0.9615384615384616,0.59375,0.696969696969697,27,33
test/000157.mp4,000157,resnet50,jpeg_60,fake,fake,1.0,0.59375,0.6363636363636364,27,33
test/000157.mp4,000157,resnet50,jpeg_70,fake,fake,0.9615384615384616,0.59375,0.696969696969697,27,33
test/000157.mp4,000157,resnet50,jpeg_80,fake,fake,0.9615384615384616,0.59375,0.696969696969697,27,33
test/000157.mp4,000157,resnet50,jpeg_90,fake,fake,0.9615384615384616,0.59375,0.696969696969697,27,33
test/000157.mp4,000157,resnet50,jpeg_95,fake,fake,1.0,0.59375,0.6363636363636364,27,33
test/000157.mp4,000157,resnet50,h264_18_keepaudio,fake,fake,1.0,0.59375,0.6363636363636364,27,33
test/000157.mp4,000157,resnet50,h264_23_keepaudio,fake,fake,0.9615384615384616,0.59375,0.7272727272727273,27,33
test/000157.mp4,000157,resnet50,h264_28_keepaudio,fake,fake,0.9615384615384616,0.59375,0.696969696969697,27,33
test/000157.mp4,000157,resnet50,h264_33_keepaudio,fake,fake,0.7307692307692307,0.59375,0.8181818181818182,27,33
test/000157.mp4,000157,resnet50,h264_38_keepaudio,fake,fake,0.5769230769230769,0.59375,0.8484848484848485,27,33
test/000157.mp4,000157,resnet50,h264_43_keepaudio,fake,fake,0.7307692307692307,0.59375,0.7272727272727273,27,33
test/000158.mp4,000158,resnet50,clean,fake,fake,0.96,0.6,0.6774193548387096,26,31
test/000158.mp4,000158,resnet50,jpeg_10,fake,fake,0.76,0.6,0.6451612903225806,26,31
test/000158.mp4,000158,resnet50,jpeg_20,fake,fake,1.0,0.6,0.6129032258064516,26,31
test/000158.mp4,000158,resnet50,jpeg_30,fake,fake,0.92,0.6,0.6451612903225806,26,31
test/000158.mp4,000158,resnet50,jpeg_40,fake,fake,1.0,0.6,0.6129032258064516,26,31
test/000158.mp4,000158,resnet50,jpeg_50,fake,fake,0.88,0.6,0.6774193548387096,26,31
test/000158.mp4,000158,resnet50,jpeg_60,fake,fake,0.96,0.6,0.6129032258064516,26,31
test/000158.mp4,000158,resnet50,jpeg_70,fake,fake,0.96,0.6,0.6774193548387096,26,31
test/000158.mp4,000158,resnet50,jpeg_80,fake,fake,0.96,0.6,0.6774193548387096,26,31
test/000158.mp4,000158,resnet50,jpeg_90,fake,fake,0.96,0.6,0.6774193548387096,26,31
test/000158.mp4,000158,resnet50,jpeg_95,fake,fake,1.0,0.6,0.6129032258064516,26,31
test/000158.mp4,000158,resnet50,h264_18_keepaudio,fake,fake,1.0,0.6,0.6129032258064516,26,31
test/000158.mp4,000158,resnet50,h264_23_keepaudio,fake,fake,0.96,0.6,0.7096774193548387,26,31
test/000158.mp4,000158,resnet50,h264_28_keepaudio,fake,fake,0.96,0.6,0.6774193548387096,26,31
test/000158.mp4,000158,resnet50,h264_33_keepaudio,fake,fake,0.84,0.6,0.7419354838709677,26,31
test/000158.mp4,000158,resnet50,h264_38_keepaudio,fake,fake,0.76,0.6,0.7419354838709677,26,31
test/000158.mp4,000158,resnet50,h264_43_keepaudio,fake,fake,0.68,0.6,0.8064516129032258,26,31
test/000159.mp4,000159,resnet50,clean,fake,fake,0.96,0.5483870967741935,0.71875,26,32
test/000159.mp4,000159,resnet50,jpeg_10,fake,fake,0.92,0.5483870967741935,0.65625,26,32
test/000159.mp4,000159,resnet50,jpeg_20,fake,fake,1.0,0.5483870967741935,0.65625,26,32
test/000159.mp4,000159,resnet50,jpeg_30,fake,fake,1.0,0.5483870967741935,0.65625,26,32
test/000159.mp4,000159,resnet50,jpeg_40,fake,fake,1.0,0.5483870967741935,0.65625,26,32
test/000159.mp4,000159,resnet50,jpeg_50,fake,fake,0.96,0.5483870967741935,0.71875,26,32
test/000159.mp4,000159,resnet50,jpeg_60,fake,fake,1.0,0.5483870967741935,0.65625,26,32
test/000159.mp4,000159,resnet50,jpeg_70,fake,fake,0.96,0.5483870967741935,0.71875,26,32
test/000159.mp4,000159,resnet50,jpeg_80,fake,fake,0.96,0.5483870967741935,0.71875,26,32
test/000159.mp4,000159,resnet50,jpeg_90,fake,fake,0.96,0.5483870967741935,0.71875,26,32
test/000159.mp4,000159,resnet50,jpeg_95,fake,fake,1.0,0.5483870967741935,0.65625,26,32
test/000159.mp4,000159,resnet50,h264_18_keepaudio,fake,fake,1.0,0.5483870967741935,0.65625,26,32
test/000159.mp4,000159,resnet50,h264_23_keepaudio,fake,fake,0.96,0.5483870967741935,0.75,26,32
test/000159.mp4,000159,resnet50,h264_28_keepaudio,fake,fake,0.96,0.5483870967741935,0.71875,26,32
test/000159.mp4,000159,resnet50,h264_33_keepaudio,fake,fake,0.84,0.5483870967741935,0.78125,26,32
test/000159.mp4,000159,resnet50,h264_38_keepaudio,fake,fake,0.6,0.5483870967741935,0.75,26,32
test/000159.mp4,000159,resnet50,h264_43_keepaudio,fake,fake,0.72,0.5483870967741935,0.75,26,32
test/000160.mp4,000160,resnet50,clean,fake,real,0.6521739130434783,0.6428571428571429,0.7931034482758621,24,29
test/000160.mp4,000160,resnet50,jpeg_10,fake,real,0.8695652173913043,0.6428571428571429,0.5862068965517241,24,29
test/000160.mp4,000160,resnet50,jpeg_20,fake,real,0.6521739130434783,0.6428571428571429,0.6896551724137931,24,29
test/000160.mp4,000160,resnet50,jpeg_30,fake,real,0.6956521739130435,0.6428571428571429,0.7241379310344828,24,29
test/000160.mp4,000160,resnet50,jpeg_40,fake,real,0.6086956521739131,0.6428571428571429,0.7241379310344828,24,29
test/000160.mp4,000160,resnet50,jpeg_50,fake,real,0.7391304347826086,0.6428571428571429,0.7931034482758621,24,29
test/000160.mp4,000160,resnet50,jpeg_60,fake,real,0.5652173913043478,0.6428571428571429,0.7586206896551724,24,29
test/000160.mp4,000160,resnet50,jpeg_70,fake,real,0.7391304347826086,0.6428571428571429,0.7241379310344828,24,29
test/000160.mp4,000160,resnet50,jpeg_80,fake,real,0.5652173913043478,0.6428571428571429,0.7931034482758621,24,29
test/000160.mp4,000160,resnet50,jpeg_90,fake,real,0.6086956521739131,0.6428571428571429,0.7586206896551724,24,29
test/000160.mp4,000160,resnet50,jpeg_95,fake,real,0.6521739130434783,0.6428571428571429,0.7931034482758621,24,29
test/000160.mp4,000160,resnet50,h264_18_keepaudio,fake,real,0.6956521739130435,0.6428571428571429,0.7241379310344828,24,29
test/000160.mp4,000160,resnet50,h264_23_keepaudio,fake,real,0.7391304347826086,0.6428571428571429,0.7586206896551724,24,29
test/000160.mp4,000160,resnet50,h264_28_keepaudio,fake,real,0.7391304347826086,0.6428571428571429,0.6206896551724138,24,29
test/000160.mp4,000160,resnet50,h264_33_keepaudio,fake,real,0.6521739130434783,0.6428571428571429,0.6551724137931034,24,29
test/000160.mp4,000160,resnet50,h264_38_keepaudio,fake,real,0.43478260869565216,0.6428571428571429,0.7931034482758621,24,29
test/000160.mp4,000160,resnet50,h264_43_keepaudio,fake,real,0.6956521739130435,0.6428571428571429,0.7241379310344828,24,29
test/000161.mp4,000161,resnet50,clean,fake,fake,0.5652173913043478,0.7142857142857143,0.6551724137931034,24,29
test/000161.mp4,000161,resnet50,jpeg_10,fake,fake,0.9565217391304348,0.7142857142857143,0.6206896551724138,24,29
test/000161.mp4,000161,resnet50,jpeg_20,fake,fake,0.8260869565217391,0.7142857142857143,0.6551724137931034,24,29
test/000161.mp4,000161,resnet50,jpeg_30,fake,fake,0.8260869565217391,0.7142857142857143,0.7241379310344828,24,29
test/000161.mp4,000161,resnet50,jpeg_40,fake,fake,0.6086956521739131,0.7142857142857143,0.6206896551724138,24,29
test/000161.mp4,000161,resnet50,jpeg_50,fake,fake,0.6956521739130435,0.7142857142857143,0.6551724137931034,24,29
test/000161.mp4,000161,resnet50,jpeg_60,fake,fake,0.6521739130434783,0.7142857142857143,0.6551724137931034,24,29
test/000161.mp4,000161,resnet50,jpeg_70,fake,fake,0.7391304347826086,0.7142857142857143,0.6896551724137931,24,29
test/000161.mp4,000161,resnet50,jpeg_80,fake,fake,0.8260869565217391,0.7142857142857143,0.6896551724137931,24,29
test/000161.mp4,000161,resnet50,jpeg_90,fake,fake,0.7391304347826086,0.7142857142857143,0.6896551724137931,24,29
test/000161.mp4,000161,resnet50,jpeg_95,fake,fake,0.6956521739130435,0.7142857142857143,0.6896551724137931,24,29
test/000161.mp4,000161,resnet50,h264_18_keepaudio,fake,fake,0.5652173913043478,0.7142857142857143,0.6206896551724138,24,29
test/000161.mp4,000161,resnet50,h264_23_keepaudio,fake,fake,0.5217391304347826,0.7142857142857143,0.6206896551724138,24,29
test/000161.mp4,000161,resnet50,h264_28_keepaudio,fake,fake,0.5217391304347826,0.7142857142857143,0.6896551724137931,24,29
test/000161.mp4,000161,resnet50,h264_33_keepaudio,fake,fake,0.6956521739130435,0.7142857142857143,0.6206896551724138,24,29
test/000161.mp4,000161,resnet50,h264_38_keepaudio,fake,fake,0.6086956521739131,0.7142857142857143,0.7586206896551724,24,29
test/000161.mp4,000161,resnet50,h264_43_keepaudio,fake,fake,0.6956521739130435,0.7142857142857143,0.5862068965517241,24,29
test/000162.mp4,000162,resnet50,clean,fake,fake,0.4782608695652174,0.6428571428571429,0.8275862068965517,24,29
test/000162.mp4,000162,resnet50,jpeg_10,fake,fake,0.8260869565217391,0.6428571428571429,0.6551724137931034,24,29
test/000162.mp4,000162,resnet50,jpeg_20,fake,fake,0.8695652173913043,0.6428571428571429,0.7241379310344828,24,29
test/000162.mp4,000162,resnet50,jpeg_30,fake,fake,0.6521739130434783,0.6428571428571429,0.7586206896551724,24,29
test/000162.mp4,000162,resnet50,jpeg_40,fake,fake,0.6956521739130435,0.6428571428571429,0.8275862068965517,24,29
test/000162.mp4,000162,resnet50,jpeg_50,fake,fake,0.5217391304347826,0.6428571428571429,0.7586206896551724,24,29
test/000162.mp4,000162,resnet50,jpeg_60,fake,fake,0.6521739130434783,0.6428571428571429,0.7586206896551724,24,29
test/000162.mp4,000162,resnet50,jpeg_70,fake,fake,0.5652173913043478,0.6428571428571429,0.8620689655172413,24,29
test/000162.mp4,000162,resnet50,jpeg_80,fake,fake,0.782608695652174,0.6428571428571429,0.7931034482758621,24,29
test/000162.mp4,000162,resnet50,jpeg_90,fake,fake,0.5217391304347826,0.6428571428571429,0.8275862068965517,24,29
test/000162.mp4,000162,resnet50,jpeg_95,fake,fake,0.5652173913043478,0.6428571428571429,0.7241379310344828,24,29
test/000162.mp4,000162,resnet50,h264_18_keepaudio,fake,fake,0.6521739130434783,0.6428571428571429,0.7586206896551724,24,29
test/000162.mp4,000162,resnet50,h264_23_keepaudio,fake,fake,0.5217391304347826,0.6428571428571429,0.7586206896551724,24,29
test/000162.mp4,000162,resnet50,h264_28_keepaudio,fake,fake,0.6521739130434783,0.6428571428571429,0.7241379310344828,24,29
test/000162.mp4,000162,resnet50,h264_33_keepaudio,fake,fake,0.6521739130434783,0.6428571428571429,0.6896551724137931,24,29
test/000162.mp4,000162,resnet50,h264_38_keepaudio,fake,fake,0.7391304347826086,0.6428571428571429,0.7241379310344828,24,29
test/000162.mp4,000162,resnet50,h264_43_keepaudio,fake,fake,0.6521739130434783,0.6428571428571429,0.6896551724137931,24,29
test/000163.mp4,000163,resnet50,clean,fake,fake,0.6956521739130435,0.7142857142857143,0.7241379310344828,24,29
test/000163.mp4,000163,resnet50,jpeg_10,fake,fake,0.6521739130434783,0.7142857142857143,0.5172413793103449,24,29
test/000163.mp4,000163,resnet50,jpeg_20,fake,fake,0.782608695652174,0.7142857142857143,0.6206896551724138,24,29
test/000163.mp4,000163,resnet50,jpeg_30,fake,fake,0.782608695652174,0.7142857142857143,0.6551724137931034,24,29
test/000163.mp4,000163,resnet50,jpeg_40,fake,fake,0.782608695652174,0.7142857142857143,0.6896551724137931,24,29
test/000163.mp4,000163,resnet50,jpeg_50,fake,fake,0.782608695652174,0.7142857142857143,0.6551724137931034,24,29
test/000163.mp4,000163,resnet50,jpeg_60,fake,fake,0.6086956521739131,0.7142857142857143,0.6896551724137931,24,29
test/000163.mp4,000163,resnet50,jpeg_70,fake,fake,0.6521739130434783,0.7142857142857143,0.7241379310344828,24,29
test/000163.mp4,000163,resnet50,jpeg_80,fake,fake,0.6956521739130435,0.7142857142857143,0.6896551724137931,24,29
test/000163.mp4,000163,resnet50,jpeg_90,fake,fake,0.6956521739130435,0.7142857142857143,0.7241379310344828,24,29
test/000163.mp4,000163,resnet50,jpeg_95,fake,fake,0.7391304347826086,0.7142857142857143,0.6896551724137931,24,29
test/000163.mp4,000163,resnet50,h264_18_keepaudio,fake,fake,0.6956521739130435,0.7142857142857143,0.7241379310344828,24,29
test/000163.mp4,000163,resnet50,h264_23_keepaudio,fake,fake,0.7391304347826086,0.7142857142857143,0.7241379310344828,24,29
test/000163.mp4,000163,resnet50,h264_28_keepaudio,fake,fake,0.6086956521739131,0.7142857142857143,0.7241379310344828,24,29
test/000163.mp4,000163,resnet50,h264_33_keepaudio,fake,fake,0.7391304347826086,0.7142857142857143,0.6896551724137931,24,29
test/000163.mp4,000163,resnet50,h264_38_keepaudio,fake,fake,0.6521739130434783,0.7142857142857143,0.7586206896551724,24,29
test/000163.mp4,000163,resnet50,h264_43_keepaudio,fake,fake,0.6086956521739131,0.7142857142857143,0.7586206896551724,24,29
test/000164.mp4,000164,resnet50,clean,fake,real,0.696969696969697,0.6511627906976745,0.7954545454545454,34,44
test/000164.mp4,000164,resnet50,jpeg_10,fake,real,0.7419354838709677,0.6511627906976745,0.6590909090909091,32,44
test/000164.mp4,000164,resnet50,jpeg_20,fake,real,0.8787878787878788,0.6511627906976745,0.75,34,44
test/000164.mp4,000164,resnet50,jpeg_30,fake,real,0.696969696969697,0.6511627906976745,0.7954545454545454,34,44
test/000164.mp4,000164,resnet50,jpeg_40,fake,real,0.8125,0.6511627906976745,0.7954545454545454,33,44
test/000164.mp4,000164,resnet50,jpeg_50,fake,real,0.7575757575757576,0.6511627906976745,0.8409090909090909,34,44
test/000164.mp4,000164,resnet50,jpeg_60,fake,real,0.78125,0.6511627906976745,0.8409090909090909,33,44
test/000164.mp4,000164,resnet50,jpeg_70,fake,real,0.6666666666666666,0.6511627906976745,0.7954545454545454,34,44
test/000164.mp4,000164,resnet50,jpeg_80,fake,real,0.696969696969697,0.6511627906976745,0.7727272727272727,34,44
test/000164.mp4,000164,resnet50,jpeg_90,fake,real,0.7878787878787878,0.6511627906976745,0.8181818181818182,34,44
test/000164.mp4,000164,resnet50,jpeg_95,fake,real,0.7272727272727273,0.6511627906976745,0.7727272727272727,34,44
test/000164.mp4,000164,resnet50,h264_18_keepaudio,fake,real,0.7575757575757576,0.6511627906976745,0.8181818181818182,34,44
test/000164.mp4,000164,resnet50,h264_23_keepaudio,fake,real,0.78125,0.6511627906976745,0.7954545454545454,33,44
test/000164.mp4,000164,resnet50,h264_28_keepaudio,fake,real,0.7096774193548387,0.6511627906976745,0.7954545454545454,32,44
test/000164.mp4,000164,resnet50,h264_33_keepaudio,fake,real,0.8484848484848485,0.6511627906976745,0.8409090909090909,34,44
test/000164.mp4,000164,resnet50,h264_38_keepaudio,fake,real,0.8666666666666667,0.6511627906976745,0.9318181818181818,31,44
test/000164.mp4,000164,resnet50,h264_43_keepaudio,fake,real,0.7666666666666667,0.6511627906976745,0.9090909090909091,31,44
test/000165.mp4,000165,resnet50,clean,fake,fake,0.8571428571428571,0.6956521739130435,0.8723404255319149,36,47
test/000165.mp4,000165,resnet50,jpeg_10,fake,fake,0.8125,0.6956521739130435,0.7872340425531915,33,47
test/000165.mp4,000165,resnet50,jpeg_20,fake,fake,0.8529411764705882,0.6956521739130435,0.851063829787234,35,47
test/000165.mp4,000165,resnet50,jpeg_30,fake,fake,0.84375,0.6956521739130435,0.8936170212765957,33,47
test/000165.mp4,000165,resnet50,jpeg_40,fake,fake,0.84375,0.6956521739130435,0.8936170212765957,33,47
test/000165.mp4,000165,resnet50,jpeg_50,fake,fake,0.7575757575757576,0.6956521739130435,0.851063829787234,34,47
test/000165.mp4,000165,resnet50,jpeg_60,fake,fake,0.8484848484848485,0.6956521739130435,0.7872340425531915,34,47
test/000165.mp4,000165,resnet50,jpeg_70,fake,fake,0.84375,0.6956521739130435,0.8723404255319149,33,47
test/000165.mp4,000165,resnet50,jpeg_80,fake,fake,0.84375,0.6956521739130435,0.851063829787234,33,47
test/000165.mp4,000165,resnet50,jpeg_90,fake,fake,0.8484848484848485,0.6956521739130435,0.8297872340425532,34,47
test/000165.mp4,000165,resnet50,jpeg_95,fake,fake,0.78125,0.6956521739130435,0.851063829787234,33,47
test/000165.mp4,000165,resnet50,h264_18_keepaudio,fake,fake,0.8235294117647058,0.6956521739130435,0.851063829787234,35,47
test/000165.mp4,000165,resnet50,h264_23_keepaudio,fake,fake,0.8125,0.6956521739130435,0.8723404255319149,33,47
test/000165.mp4,000165,resnet50,h264_28_keepaudio,fake,fake,0.8181818181818182,0.6956521739130435,0.851063829787234,34,47
test/000165.mp4,000165,resnet50,h264_33_keepaudio,fake,fake,0.8235294117647058,0.6956521739130435,0.8936170212765957,35,47
test/000165.mp4,000165,resnet50,h264_38_keepaudio,fake,fake,0.8333333333333334,0.6956521739130435,0.8297872340425532,31,47
test/000165.mp4,000165,resnet50,h264_43_keepaudio,fake,fake,0.8333333333333334,0.6956521739130435,0.9361702127659575,37,47
test/000166.mp4,000166,resnet50,clean,fake,fake,0.7878787878787878,0.6590909090909091,0.8444444444444444,34,45
test/000166.mp4,000166,resnet50,jpeg_10,fake,fake,0.7878787878787878,0.6590909090909091,0.8666666666666667,34,45
test/000166.mp4,000166,resnet50,jpeg_20,fake,fake,0.696969696969697,0.6590909090909091,0.8444444444444444,34,45
test/000166.mp4,000166,resnet50,jpeg_30,fake,fake,0.7878787878787878,0.6590909090909091,0.8888888888888888,34,45
test/000166.mp4,000166,resnet50,jpeg_40,fake,fake,0.78125,0.6590909090909091,0.8444444444444444,33,45
test/000166.mp4,000166,resnet50,jpeg_50,fake,fake,0.71875,0.6590909090909091,0.8888888888888888,33,45
test/000166.mp4,000166,resnet50,jpeg_60,fake,fake,0.7647058823529411,0.6590909090909091,0.9111111111111111,35,45
test/000166.mp4,000166,resnet50,jpeg_70,fake,fake,0.7575757575757576,0.6590909090909091,0.8444444444444444,34,45
test/000166.mp4,000166,resnet50,jpeg_80,fake,fake,0.7878787878787878,0.6590909090909091,0.8666666666666667,34,45
test/000166.mp4,000166,resnet50,jpeg_90,fake,fake,0.78125,0.6590909090909091,0.8666666666666667,33,45
test/000166.mp4,000166,resnet50,jpeg_95,fake,fake,0.7941176470588235,0.6590909090909091,0.8222222222222222,35,45
test/000166.mp4,000166,resnet50,h264_18_keepaudio,fake,fake,0.78125,0.6590909090909091,0.8222222222222222,33,45
test/000166.mp4,000166,resnet50,h264_23_keepaudio,fake,fake,0.8484848484848485,0.6590909090909091,0.8888888888888888,34,45
test/000166.mp4,000166,resnet50,h264_28_keepaudio,fake,fake,0.8125,0.6590909090909091,0.8,33,45
test/000166.mp4,000166,resnet50,h264_33_keepaudio,fake,fake,0.8787878787878788,0.6590909090909091,0.8666666666666667,34,45
test/000166.mp4,000166,resnet50,h264_38_keepaudio,fake,fake,0.8,0.6590909090909091,0.8888888888888888,36,45
test/000166.mp4,000166,resnet50,h264_43_keepaudio,fake,fake,0.7,0.6590909090909091,0.8,31,45
test/000167.mp4,000167,resnet50,clean,fake,fake,0.7777777777777778,0.6521739130434783,0.851063829787234,37,47
test/000167.mp4,000167,resnet50,jpeg_10,fake,fake,0.7352941176470589,0.6521739130434783,0.7446808510638298,35,47
test/000167.mp4,000167,resnet50,jpeg_20,fake,fake,0.7777777777777778,0.6521739130434783,0.8936170212765957,37,47
test/000167.mp4,000167,resnet50,jpeg_30,fake,fake,0.8787878787878788,0.6521739130434783,0.8936170212765957,34,47
test/000167.mp4,000167,resnet50,jpeg_40,fake,fake,0.8857142857142857,0.6521739130434783,0.8723404255319149,36,47
test/000167.mp4,000167,resnet50,jpeg_50,fake,fake,0.8571428571428571,0.6521739130434783,0.8723404255319149,36,47
test/000167.mp4,000167,resnet50,jpeg_60,fake,fake,0.8888888888888888,0.6521739130434783,0.8936170212765957,37,47
test/000167.mp4,000167,resnet50,jpeg_70,fake,fake,0.8055555555555556,0.6521739130434783,0.8723404255319149,37,47
test/000167.mp4,000167,resnet50,jpeg_80,fake,fake,0.7714285714285715,0.6521739130434783,0.8723404255319149,36,47
test/000167.mp4,000167,resnet50,jpeg_90,fake,fake,0.8285714285714286,0.6521739130434783,0.8297872340425532,36,47
test/000167.mp4,000167,resnet50,jpeg_95,fake,fake,0.7222222222222222,0.6521739130434783,0.8723404255319149,37,47
test/000167.mp4,000167,resnet50,h264_18_keepaudio,fake,fake,0.8529411764705882,0.6521739130434783,0.8297872340425532,35,47
test/000167.mp4,000167,resnet50,h264_23_keepaudio,fake,fake,0.8285714285714286,0.6521739130434783,0.8297872340425532,36,47
test/000167.mp4,000167,resnet50,h264_28_keepaudio,fake,fake,0.8285714285714286,0.6521739130434783,0.851063829787234,36,47
test/000167.mp4,000167,resnet50,h264_33_keepaudio,fake,fake,0.7575757575757576,0.6521739130434783,0.7872340425531915,34,47
test/000167.mp4,000167,resnet50,h264_38_keepaudio,fake,fake,0.8529411764705882,0.6521739130434783,0.8085106382978723,35,47
test/000167.mp4,000167,resnet50,h264_43_keepaudio,fake,fake,0.8333333333333334,0.6521739130434783,0.851063829787234,37,47
test/000168.mp4,000168,resnet50,clean,fake,fake,0.9090909090909091,0.6666666666666666,0.9130434782608695,34,46
test/000168.mp4,000168,resnet50,jpeg_10,fake,fake,0.7352941176470589,0.6666666666666666,0.8260869565217391,35,46
test/000168.mp4,000168,resnet50,jpeg_20,fake,fake,0.9696969696969697,0.6666666666666666,0.8913043478260869,34,46
test/000168.mp4,000168,resnet50,jpeg_30,fake,fake,0.9117647058823529,0.6666666666666666,0.9130434782608695,35,46
test/000168.mp4,000168,resnet50,jpeg_40,fake,fake,0.9090909090909091,0.6666666666666666,0.9130434782608695,34,46
test/000168.mp4,000168,resnet50,jpeg_50,fake,fake,0.78125,0.6666666666666666,0.8913043478260869,33,46
test/000168.mp4,000168,resnet50,jpeg_60,fake,fake,0.8484848484848485,0.6666666666666666,0.8913043478260869,34,46
test/000168.mp4,000168,resnet50,jpeg_70,fake,fake,0.8571428571428571,0.6666666666666666,0.8913043478260869,36,46
test/000168.mp4,000168,resnet50,jpeg_80,fake,fake,0.9117647058823529,0.6666666666666666,0.9130434782608695,35,46
test/000168.mp4,000168,resnet50,jpeg_90,fake,fake,0.8529411764705882,0.6666666666666666,0.8913043478260869,35,46
test/000168.mp4,000168,resnet50,jpeg_95,fake,fake,0.9117647058823529,0.6666666666666666,0.9130434782608695,35,46
test/000168.mp4,000168,resnet50,h264_18_keepaudio,fake,fake,0.9375,0.6666666666666666,0.9130434782608695,33,46
test/000168.mp4,000168,resnet50,h264_23_keepaudio,fake,fake,0.8823529411764706,0.6666666666666666,0.9130434782608695,35,46
test/000168.mp4,000168,resnet50,h264_28_keepaudio,fake,fake,0.9428571428571428,0.6666666666666666,0.8695652173913043,36,46
test/000168.mp4,000168,resnet50,h264_33_keepaudio,fake,fake,0.8181818181818182,0.6666666666666666,0.8695652173913043,34,46
test/000168.mp4,000168,resnet50,h264_38_keepaudio,fake,fake,0.8484848484848485,0.6666666666666666,0.9130434782608695,34,46
test/000168.mp4,000168,resnet50,h264_43_keepaudio,fake,fake,0.7741935483870968,0.6666666666666666,0.8913043478260869,32,46
test/000169.mp4,000169,resnet50,clean,fake,fake,0.78125,0.6744186046511628,0.8636363636363636,33,44
test/000169.mp4,000169,resnet50,jpeg_10,fake,fake,0.59375,0.6744186046511628,0.7727272727272727,33,44
test/000169.mp4,000169,resnet50,jpeg_20,fake,fake,0.8787878787878788,0.6744186046511628,0.8636363636363636,34,44
test/000169.mp4,000169,resnet50,jpeg_30,fake,fake,0.9090909090909091,0.6744186046511628,0.8636363636363636,34,44
test/000169.mp4,000169,resnet50,jpeg_40,fake,fake,0.78125,0.6744186046511628,0.8409090909090909,33,44
test/000169.mp4,000169,resnet50,jpeg_50,fake,fake,0.7878787878787878,0.6744186046511628,0.8636363636363636,34,44
test/000169.mp4,000169,resnet50,jpeg_60,fake,fake,0.84375,0.6744186046511628,0.8636363636363636,33,44
test/000169.mp4,000169,resnet50,jpeg_70,fake,fake,0.9375,0.6744186046511628,0.8636363636363636,33,44
test/000169.mp4,000169,resnet50,jpeg_80,fake,fake,0.8125,0.6744186046511628,0.8636363636363636,33,44
test/000169.mp4,000169,resnet50,jpeg_90,fake,fake,0.8787878787878788,0.6744186046511628,0.8636363636363636,34,44
test/000169.mp4,000169,resnet50,jpeg_95,fake,fake,0.875,0.6744186046511628,0.8636363636363636,33,44
test/000169.mp4,000169,resnet50,h264_18_keepaudio,fake,fake,0.7878787878787878,0.6744186046511628,0.8409090909090909,34,44
test/000169.mp4,000169,resnet50,h264_23_keepaudio,fake,fake,0.8125,0.6744186046511628,0.8863636363636364,33,44
test/000169.mp4,000169,resnet50,h264_28_keepaudio,fake,fake,0.7647058823529411,0.6744186046511628,0.8636363636363636,35,44
test/000169.mp4,000169,resnet50,h264_33_keepaudio,fake,fake,0.7272727272727273,0.6744186046511628,0.9318181818181818,34,44
test/000169.mp4,000169,resnet50,h264_38_keepaudio,fake,fake,0.8125,0.6744186046511628,0.8636363636363636,33,44
test/000169.mp4,000169,resnet50,h264_43_keepaudio,fake,fake,0.75,0.6744186046511628,0.8409090909090909,33,44
test/000170.mp4,000170,resnet50,clean,fake,fake,0.8529411764705882,0.6666666666666666,0.8913043478260869,35,46
test/000170.mp4,000170,resnet50,jpeg_10,fake,fake,0.8235294117647058,0.6666666666666666,0.782608695652174,35,46
test/000170.mp4,000170,resnet50,jpeg_20,fake,fake,0.7941176470588235,0.6666666666666666,0.8913043478260869,35,46
test/000170.mp4,000170,resnet50,jpeg_30,fake,fake,0.8529411764705882,0.6666666666666666,0.8913043478260869,35,46
test/000170.mp4,000170,resnet50,jpeg_40,fake,fake,0.8235294117647058,0.6666666666666666,0.8913043478260869,35,46
test/000170.mp4,000170,resnet50,jpeg_50,fake,fake,0.8484848484848485,0.6666666666666666,0.8913043478260869,34,46
test/000170.mp4,000170,resnet50,jpeg_60,fake,fake,0.8823529411764706,0.6666666666666666,0.8695652173913043,35,46
test/000170.mp4,000170,resnet50,jpeg_70,fake,fake,0.8285714285714286,0.6666666666666666,0.8695652173913043,36,46
test/000170.mp4,000170,resnet50,jpeg_80,fake,fake,0.7941176470588235,0.6666666666666666,0.8913043478260869,35,46
test/000170.mp4,000170,resnet50,jpeg_90,fake,fake,0.8857142857142857,0.6666666666666666,0.8913043478260869,36,46
test/000170.mp4,000170,resnet50,jpeg_95,fake,fake,0.7714285714285715,0.6666666666666666,0.8913043478260869,36,46
test/000170.mp4,000170,resnet50,h264_18_keepaudio,fake,fake,0.78125,0.6666666666666666,0.9130434782608695,33,46
test/000170.mp4,000170,resnet50,h264_23_keepaudio,fake,fake,0.8571428571428571,0.6666666666666666,0.8913043478260869,36,46
test/000170.mp4,000170,resnet50,h264_28_keepaudio,fake,fake,0.8,0.6666666666666666,0.8695652173913043,36,46
test/000170.mp4,000170,resnet50,h264_33_keepaudio,fake,fake,0.7878787878787878,0.6666666666666666,0.8260869565217391,34,46
test/000170.mp4,000170,resnet50,h264_38_keepaudio,fake,fake,0.8181818181818182,0.6666666666666666,0.8695652173913043,34,46
test/000170.mp4,000170,resnet50,h264_43_keepaudio,fake,fake,0.59375,0.6666666666666666,0.717391304347826,33,46
test/000171.mp4,000171,resnet50,clean,fake,real,0.8181818181818182,0.6851851851851852,0.6363636363636364,45,55
test/000171.mp4,000171,resnet50,jpeg_10,fake,real,0.7954545454545454,0.6851851851851852,0.6909090909090909,45,55
test/000171.mp4,000171,resnet50,jpeg_20,fake,real,0.75,0.6851851851851852,0.6545454545454545,45,55
test/000171.mp4,000171,resnet50,jpeg_30,fake,real,0.6818181818181818,0.6851851851851852,0.7090909090909091,45,55
test/000171.mp4,000171,resnet50,jpeg_40,fake,real,0.7954545454545454,0.6851851851851852,0.7454545454545455,45,55
test/000171.mp4,000171,resnet50,jpeg_50,fake,real,0.6818181818181818,0.6851851851851852,0.6727272727272727,45,55
test/000171.mp4,000171,resnet50,jpeg_60,fake,real,0.75,0.6851851851851852,0.6909090909090909,45,55
test/000171.mp4,000171,resnet50,jpeg_70,fake,real,0.7045454545454546,0.6851851851851852,0.6909090909090909,45,55
test/000171.mp4,000171,resnet50,jpeg_80,fake,real,0.6818181818181818,0.6851851851851852,0.6545454545454545,45,55
test/000171.mp4,000171,resnet50,jpeg_90,fake,real,0.7045454545454546,0.6851851851851852,0.6727272727272727,45,55
test/000171.mp4,000171,resnet50,jpeg_95,fake,real,0.75,0.6851851851851852,0.6181818181818182,45,55
test/000171.mp4,000171,resnet50,h264_18_keepaudio,fake,real,0.8181818181818182,0.6851851851851852,0.6909090909090909,45,55
test/000171.mp4,000171,resnet50,h264_23_keepaudio,fake,real,0.6818181818181818,0.6851851851851852,0.6363636363636364,45,55
test/000171.mp4,000171,resnet50,h264_28_keepaudio,fake,real,0.8181818181818182,0.6851851851851852,0.6545454545454545,45,55
test/000171.mp4,000171,resnet50,h264_33_keepaudio,fake,real,0.75,0.6851851851851852,0.6909090909090909,45,55
test/000171.mp4,000171,resnet50,h264_38_keepaudio,fake,real,0.5,0.6851851851851852,0.7454545454545455,45,55
test/000171.mp4,000171,resnet50,h264_43_keepaudio,fake,real,0.6590909090909091,0.6851851851851852,0.7636363636363637,45,55
test/000172.mp4,000172,resnet50,clean,fake,fake,0.75,0.6271186440677966,0.7166666666666667,49,60
test/000172.mp4,000172,resnet50,jpeg_10,fake,fake,0.8333333333333334,0.6271186440677966,0.6333333333333333,49,60
test/000172.mp4,000172,resnet50,jpeg_20,fake,fake,0.8125,0.6271186440677966,0.6666666666666666,49,60
test/000172.mp4,000172,resnet50,jpeg_30,fake,fake,0.8125,0.6271186440677966,0.7333333333333333,49,60
test/000172.mp4,000172,resnet50,jpeg_40,fake,fake,0.75,0.6271186440677966,0.7,49,60
test/000172.mp4,000172,resnet50,jpeg_50,fake,fake,0.75,0.6271186440677966,0.65,49,60
test/000172.mp4,000172,resnet50,jpeg_60,fake,fake,0.75,0.6271186440677966,0.7166666666666667,49,60
test/000172.mp4,000172,resnet50,jpeg_70,fake,fake,0.6666666666666666,0.6271186440677966,0.7,49,60
test/000172.mp4,000172,resnet50,jpeg_80,fake,fake,0.7916666666666666,0.6271186440677966,0.6833333333333333,49,60
test/000172.mp4,000172,resnet50,jpeg_90,fake,fake,0.7708333333333334,0.6271186440677966,0.7166666666666667,49,60
test/000172.mp4,000172,resnet50,jpeg_95,fake,fake,0.6875,0.6271186440677966,0.6833333333333333,49,60
test/000172.mp4,000172,resnet50,h264_18_keepaudio,fake,fake,0.8958333333333334,0.6271186440677966,0.6833333333333333,49,60
test/000172.mp4,000172,resnet50,h264_23_keepaudio,fake,fake,0.6666666666666666,0.6271186440677966,0.7333333333333333,49,60
test/000172.mp4,000172,resnet50,h264_28_keepaudio,fake,fake,0.6875,0.6271186440677966,0.7166666666666667,49,60
test/000172.mp4,000172,resnet50,h264_33_keepaudio,fake,fake,0.6875,0.6271186440677966,0.65,49,60
test/000172.mp4,000172,resnet50,h264_38_keepaudio,fake,fake,0.7916666666666666,0.6271186440677966,0.7166666666666667,49,60
test/000172.mp4,000172,resnet50,h264_43_keepaudio,fake,fake,0.5625,0.6271186440677966,0.75,49,60
test/000173.mp4,000173,resnet50,clean,fake,fake,0.7045454545454546,0.6545454545454545,0.6964285714285714,45,56
test/000173.mp4,000173,resnet50,jpeg_10,fake,fake,0.7727272727272727,0.6545454545454545,0.5535714285714286,45,56
test/000173.mp4,000173,resnet50,jpeg_20,fake,fake,0.7272727272727273,0.6545454545454545,0.6428571428571429,45,56
test/000173.mp4,000173,resnet50,jpeg_30,fake,fake,0.7272727272727273,0.6545454545454545,0.6785714285714286,45,56
test/000173.mp4,000173,resnet50,jpeg_40,fake,fake,0.7727272727272727,0.6545454545454545,0.6428571428571429,45,56
test/000173.mp4,000173,resnet50,jpeg_50,fake,fake,0.6818181818181818,0.6545454545454545,0.6428571428571429,45,56
test/000173.mp4,000173,resnet50,jpeg_60,fake,fake,0.7272727272727273,0.6545454545454545,0.6607142857142857,45,56
test/000173.mp4,000173,resnet50,jpeg_70,fake,fake,0.6818181818181818,0.6545454545454545,0.6607142857142857,45,56
test/000173.mp4,000173,resnet50,jpeg_80,fake,fake,0.75,0.6545454545454545,0.625,45,56
test/000173.mp4,000173,resnet50,jpeg_90,fake,fake,0.75,0.6545454545454545,0.6785714285714286,45,56
test/000173.mp4,000173,resnet50,jpeg_95,fake,fake,0.7045454545454546,0.6545454545454545,0.6428571428571429,45,56
test/000173.mp4,000173,resnet50,h264_18_keepaudio,fake,fake,0.8409090909090909,0.6545454545454545,0.6428571428571429,45,56
test/000173.mp4,000173,resnet50,h264_23_keepaudio,fake,fake,0.6363636363636364,0.6545454545454545,0.6607142857142857,45,56
test/000173.mp4,000173,resnet50,h264_28_keepaudio,fake,fake,0.6363636363636364,0.6545454545454545,0.6785714285714286,45,56
test/000173.mp4,000173,resnet50,h264_33_keepaudio,fake,fake,0.6590909090909091,0.6545454545454545,0.6607142857142857,45,56
test/000173.mp4,000173,resnet50,h264_38_keepaudio,fake,fake,0.7727272727272727,0.6545454545454545,0.7321428571428571,45,56
test/000173.mp4,000173,resnet50,h264_43_keepaudio,fake,fake,0.6136363636363636,0.6545454545454545,0.7142857142857143,45,56
test/000174.mp4,000174,resnet50,clean,fake,fake,0.8043478260869565,0.6140350877192983,0.7241379310344828,47,58
test/000174.mp4,000174,resnet50,jpeg_10,fake,fake,0.6739130434782609,0.6140350877192983,0.6551724137931034,47,58
test/000174.mp4,000174,resnet50,jpeg_20,fake,fake,0.782608695652174,0.6140350877192983,0.6896551724137931,47,58
test/000174.mp4,000174,resnet50,jpeg_30,fake,fake,0.7608695652173914,0.6140350877192983,0.7758620689655172,47,58
test/000174.mp4,000174,resnet50,jpeg_40,fake,fake,0.8043478260869565,0.6140350877192983,0.7241379310344828,47,58
test/000174.mp4,000174,resnet50,jpeg_50,fake,fake,0.6739130434782609,0.6140350877192983,0.7068965517241379,47,58
test/000174.mp4,000174,resnet50,jpeg_60,fake,fake,0.7391304347826086,0.6140350877192983,0.7241379310344828,47,58
test/000174.mp4,000174,resnet50,jpeg_70,fake,fake,0.7391304347826086,0.6140350877192983,0.7068965517241379,47,58
test/000174.mp4,000174,resnet50,jpeg_80,fake,fake,0.782608695652174,0.6140350877192983,0.7068965517241379,47,58
test/000174.mp4,000174,resnet50,jpeg_90,fake,fake,0.7391304347826086,0.6140350877192983,0.7241379310344828,47,58
test/000174.mp4,000174,resnet50,jpeg_95,fake,fake,0.7391304347826086,0.6140350877192983,0.6896551724137931,47,58
test/000174.mp4,000174,resnet50,h264_18_keepaudio,fake,fake,0.8478260869565217,0.6140350877192983,0.7241379310344828,47,58
test/000174.mp4,000174,resnet50,h264_23_keepaudio,fake,fake,0.6739130434782609,0.6140350877192983,0.7068965517241379,47,58
test/000174.mp4,000174,resnet50,h264_28_keepaudio,fake,fake,0.6521739130434783,0.6140350877192983,0.7068965517241379,47,58
test/000174.mp4,000174,resnet50,h264_33_keepaudio,fake,fake,0.6521739130434783,0.6140350877192983,0.6551724137931034,47,58
test/000174.mp4,000174,resnet50,h264_38_keepaudio,fake,fake,0.8260869565217391,0.6140350877192983,0.7241379310344828,47,58
test/000174.mp4,000174,resnet50,h264_43_keepaudio,fake,fake,0.6739130434782609,0.6140350877192983,0.7758620689655172,47,58
test/000175.mp4,000175,resnet50,clean,fake,fake,0.8,0.6071428571428571,0.7017543859649122,46,57
test/000175.mp4,000175,resnet50,jpeg_10,fake,fake,0.7777777777777778,0.6071428571428571,0.6491228070175439,46,57
test/000175.mp4,000175,resnet50,jpeg_20,fake,fake,0.8444444444444444,0.6071428571428571,0.6842105263157895,46,57
test/000175.mp4,000175,resnet50,jpeg_30,fake,fake,0.8222222222222222,0.6071428571428571,0.7017543859649122,46,57
test/000175.mp4,000175,resnet50,jpeg_40,fake,fake,0.8222222222222222,0.6071428571428571,0.6842105263157895,46,57
test/000175.mp4,000175,resnet50,jpeg_50,fake,fake,0.7333333333333333,0.6071428571428571,0.6666666666666666,46,57
test/000175.mp4,000175,resnet50,jpeg_60,fake,fake,0.8,0.6071428571428571,0.7017543859649122,46,57
test/000175.mp4,000175,resnet50,jpeg_70,fake,fake,0.7333333333333333,0.6071428571428571,0.6842105263157895,46,57
test/000175.mp4,000175,resnet50,jpeg_80,fake,fake,0.8,0.6071428571428571,0.6842105263157895,46,57
test/000175.mp4,000175,resnet50,jpeg_90,fake,fake,0.7777777777777778,0.6071428571428571,0.7017543859649122,46,57
test/000175.mp4,000175,resnet50,jpeg_95,fake,fake,0.7111111111111111,0.6071428571428571,0.6842105263157895,46,57
test/000175.mp4,000175,resnet50,h264_18_keepaudio,fake,fake,0.8888888888888888,0.6071428571428571,0.7017543859649122,46,57
test/000175.mp4,000175,resnet50,h264_23_keepaudio,fake,fake,0.6666666666666666,0.6071428571428571,0.7017543859649122,46,57
test/000175.mp4,000175,resnet50,h264_28_keepaudio,fake,fake,0.6444444444444445,0.6071428571428571,0.6842105263157895,46,57
test/000175.mp4,000175,resnet50,h264_33_keepaudio,fake,fake,0.6888888888888889,0.6071428571428571,0.7017543859649122,46,57
test/000175.mp4,000175,resnet50,h264_38_keepaudio,fake,fake,0.7333333333333333,0.6071428571428571,0.7017543859649122,46,57
test/000175.mp4,000175,resnet50,h264_43_keepaudio,fake,fake,0.5777777777777777,0.6071428571428571,0.7719298245614035,46,57
test/000176.mp4,000176,resnet50,clean,fake,fake,0.8181818181818182,0.6181818181818182,0.7321428571428571,45,56
test/000176.mp4,000176,resnet50,jpeg_10,fake,fake,0.7272727272727273,0.6181818181818182,0.6428571428571429,45,56
test/000176.mp4,000176,resnet50,jpeg_20,fake,fake,0.8181818181818182,0.6181818181818182,0.7142857142857143,45,56
test/000176.mp4,000176,resnet50,jpeg_30,fake,fake,0.8409090909090909,0.6181818181818182,0.75,45,56
test/000176.mp4,000176,resnet50,jpeg_40,fake,fake,0.7954545454545454,0.6181818181818182,0.7321428571428571,45,56
test/000176.mp4,000176,resnet50,jpeg_50,fake,fake,0.7045454545454546,0.6181818181818182,0.6964285714285714,45,56
test/000176.mp4,000176,resnet50,jpeg_60,fake,fake,0.7727272727272727,0.6181818181818182,0.7321428571428571,45,56
test/000176.mp4,000176,resnet50,jpeg_70,fake,fake,0.75,0.6181818181818182,0.7142857142857143,45,56
test/000176.mp4,000176,resnet50,jpeg_80,fake,fake,0.8181818181818182,0.6181818181818182,0.7142857142857143,45,56
test/000176.mp4,000176,resnet50,jpeg_90,fake,fake,0.7727272727272727,0.6181818181818182,0.7142857142857143,45,56
test/000176.mp4,000176,resnet50,jpeg_95,fake,fake,0.7272727272727273,0.6181818181818182,0.7142857142857143,45,56
test/000176.mp4,000176,resnet50,h264_18_keepaudio,fake,fake,0.8181818181818182,0.6181818181818182,0.7321428571428571,45,56
test/000176.mp4,000176,resnet50,h264_23_keepaudio,fake,fake,0.6136363636363636,0.6181818181818182,0.7142857142857143,45,56
test/000176.mp4,000176,resnet50,h264_28_keepaudio,fake,fake,0.6136363636363636,0.6181818181818182,0.7321428571428571,45,56
test/000176.mp4,000176,resnet50,h264_33_keepaudio,fake,fake,0.6363636363636364,0.6181818181818182,0.6964285714285714,45,56
test/000176.mp4,000176,resnet50,h264_38_keepaudio,fake,fake,0.75,0.6181818181818182,0.75,45,56
test/000176.mp4,000176,resnet50,h264_43_keepaudio,fake,fake,0.5227272727272727,0.6181818181818182,0.7678571428571429,45,56
test/000177.mp4,000177,resnet50,clean,fake,fake,0.8222222222222222,0.6071428571428571,0.7017543859649122,46,57
test/000177.mp4,000177,resnet50,jpeg_10,fake,fake,0.7111111111111111,0.6071428571428571,0.6491228070175439,46,57
test/000177.mp4,000177,resnet50,jpeg_20,fake,fake,0.7777777777777778,0.6071428571428571,0.7017543859649122,46,57
test/000177.mp4,000177,resnet50,jpeg_30,fake,fake,0.8222222222222222,0.6071428571428571,0.7017543859649122,46,57
test/000177.mp4,000177,resnet50,jpeg_40,fake,fake,0.8222222222222222,0.6071428571428571,0.6842105263157895,46,57
test/000177.mp4,000177,resnet50,jpeg_50,fake,fake,0.6666666666666666,0.6071428571428571,0.6666666666666666,46,57
test/000177.mp4,000177,resnet50,jpeg_60,fake,fake,0.8222222222222222,0.6071428571428571,0.7017543859649122,46,57
test/000177.mp4,000177,resnet50,jpeg_70,fake,fake,0.7555555555555555,0.6071428571428571,0.6842105263157895,46,57
test/000177.mp4,000177,resnet50,jpeg_80,fake,fake,0.8222222222222222,0.6071428571428571,0.6842105263157895,46,57
test/000177.mp4,000177,resnet50,jpeg_90,fake,fake,0.8222222222222222,0.6071428571428571,0.7017543859649122,46,57
test/000177.mp4,000177,resnet50,jpeg_95,fake,fake,0.7555555555555555,0.6071428571428571,0.6842105263157895,46,57
test/000177.mp4,000177,resnet50,h264_18_keepaudio,fake,fake,0.8666666666666667,0.6071428571428571,0.7017543859649122,46,57
test/000177.mp4,000177,resnet50,h264_23_keepaudio,fake,fake,0.6444444444444445,0.6071428571428571,0.7017543859649122,46,57
test/000177.mp4,000177,resnet50,h264_28_keepaudio,fake,fake,0.6666666666666666,0.6071428571428571,0.7017543859649122,46,57
test/000177.mp4,000177,resnet50,h264_33_keepaudio,fake,fake,0.7111111111111111,0.6071428571428571,0.6666666666666666,46,57
test/000177.mp4,000177,resnet50,h264_38_keepaudio,fake,fake,0.8,0.6071428571428571,0.6842105263157895,46,57
test/000177.mp4,000177,resnet50,h264_43_keepaudio,fake,fake,0.6444444444444445,0.6071428571428571,0.7894736842105263,46,57
test/000178.mp4,000178,resnet50,clean,fake,real,0.7222222222222222,0.5909090909090909,0.4782608695652174,19,23
test/000178.mp4,000178,resnet50,jpeg_10,fake,real,0.8888888888888888,0.5909090909090909,0.5652173913043478,19,23
test/000178.mp4,000178,resnet50,jpeg_20,fake,real,0.7777777777777778,0.5909090909090909,0.4782608695652174,19,23
test/000178.mp4,000178,resnet50,jpeg_30,fake,real,0.7777777777777778,0.5909090909090909,0.4782608695652174,19,23
test/000178.mp4,000178,resnet50,jpeg_40,fake,real,0.7777777777777778,0.5909090909090909,0.4782608695652174,19,23
test/000178.mp4,000178,resnet50,jpeg_50,fake,real,0.7222222222222222,0.5909090909090909,0.6521739130434783,19,23
test/000178.mp4,000178,resnet50,jpeg_60,fake,real,0.7222222222222222,0.5909090909090909,0.4782608695652174,19,23
test/000178.mp4,000178,resnet50,jpeg_70,fake,real,0.7222222222222222,0.5909090909090909,0.4782608695652174,19,23
test/000178.mp4,000178,resnet50,jpeg_80,fake,real,0.7222222222222222,0.5909090909090909,0.4782608695652174,19,23
test/000178.mp4,000178,resnet50,jpeg_90,fake,real,0.7222222222222222,0.5909090909090909,0.4782608695652174,19,23
test/000178.mp4,000178,resnet50,jpeg_95,fake,real,0.8888888888888888,0.5909090909090909,0.5217391304347826,19,23
test/000178.mp4,000178,resnet50,h264_18_keepaudio,fake,real,0.7222222222222222,0.5909090909090909,0.4782608695652174,19,23
test/000178.mp4,000178,resnet50,h264_23_keepaudio,fake,real,0.7222222222222222,0.5909090909090909,0.4782608695652174,19,23
test/000178.mp4,000178,resnet50,h264_28_keepaudio,fake,real,0.7777777777777778,0.5909090909090909,0.5217391304347826,19,23
test/000178.mp4,000178,resnet50,h264_33_keepaudio,fake,real,0.8333333333333334,0.5909090909090909,0.5652173913043478,19,23
test/000178.mp4,000178,resnet50,h264_38_keepaudio,fake,real,0.8888888888888888,0.5909090909090909,0.6086956521739131,19,23
test/000178.mp4,000178,resnet50,h264_43_keepaudio,fake,real,0.5882352941176471,0.5909090909090909,0.5652173913043478,18,23
test/000179.mp4,000179,resnet50,clean,fake,fake,0.6842105263157895,0.6923076923076923,0.4444444444444444,20,27
test/000179.mp4,000179,resnet50,jpeg_10,fake,fake,0.8333333333333334,0.6923076923076923,0.5185185185185185,19,27
test/000179.mp4,000179,resnet50,jpeg_20,fake,fake,0.8421052631578947,0.6923076923076923,0.5185185185185185,20,27
test/000179.mp4,000179,resnet50,jpeg_30,fake,fake,0.6666666666666666,0.6923076923076923,0.4074074074074074,19,27
test/000179.mp4,000179,resnet50,jpeg_40,fake,fake,0.8888888888888888,0.6923076923076923,0.4444444444444444,19,27
test/000179.mp4,000179,resnet50,jpeg_50,fake,fake,0.6842105263157895,0.6923076923076923,0.5185185185185185,20,27
test/000179.mp4,000179,resnet50,jpeg_60,fake,fake,0.8888888888888888,0.6923076923076923,0.4444444444444444,19,27
test/000179.mp4,000179,resnet50,jpeg_70,fake,fake,0.9444444444444444,0.6923076923076923,0.4444444444444444,19,27
test/000179.mp4,000179,resnet50,jpeg_80,fake,fake,0.7368421052631579,0.6923076923076923,0.5185185185185185,20,27
test/000179.mp4,000179,resnet50,jpeg_90,fake,fake,0.7894736842105263,0.6923076923076923,0.4444444444444444,20,27
test/000179.mp4,000179,resnet50,jpeg_95,fake,fake,0.7222222222222222,0.6923076923076923,0.4074074074074074,19,27
test/000179.mp4,000179,resnet50,h264_18_keepaudio,fake,fake,0.7222222222222222,0.6923076923076923,0.5185185185185185,19,27
test/000179.mp4,000179,resnet50,h264_23_keepaudio,fake,fake,0.8888888888888888,0.6923076923076923,0.4444444444444444,19,27
test/000179.mp4,000179,resnet50,h264_28_keepaudio,fake,fake,0.5263157894736842,0.6923076923076923,0.6296296296296297,20,27
test/000179.mp4,000179,resnet50,h264_33_keepaudio,fake,fake,0.6,0.6923076923076923,0.5925925925925926,21,27
test/000179.mp4,000179,resnet50,h264_38_keepaudio,fake,fake,0.3157894736842105,0.6923076923076923,0.7037037037037037,20,27
test/000179.mp4,000179,resnet50,h264_43_keepaudio,fake,fake,0.631578947368421,0.6923076923076923,0.5185185185185185,20,27
test/000180.mp4,000180,resnet50,clean,fake,fake,0.5555555555555556,0.7391304347826086,0.4583333333333333,19,24
test/000180.mp4,000180,resnet50,jpeg_10,fake,fake,0.7777777777777778,0.7391304347826086,0.5,19,24
test/000180.mp4,000180,resnet50,jpeg_20,fake,fake,0.7222222222222222,0.7391304347826086,0.5,19,24
test/000180.mp4,000180,resnet50,jpeg_30,fake,fake,0.8888888888888888,0.7391304347826086,0.4166666666666667,19,24
test/000180.mp4,000180,resnet50,jpeg_40,fake,fake,0.7222222222222222,0.7391304347826086,0.5,19,24
test/000180.mp4,000180,resnet50,jpeg_50,fake,fake,0.7777777777777778,0.7391304347826086,0.4583333333333333,19,24
test/000180.mp4,000180,resnet50,jpeg_60,fake,fake,0.7777777777777778,0.7391304347826086,0.4583333333333333,19,24
test/000180.mp4,000180,resnet50,jpeg_70,fake,fake,0.6666666666666666,0.7391304347826086,0.5,19,24
test/000180.mp4,000180,resnet50,jpeg_80,fake,fake,0.6666666666666666,0.7391304347826086,0.5,19,24
test/000180.mp4,000180,resnet50,jpeg_90,fake,fake,0.6666666666666666,0.7391304347826086,0.5,19,24
test/000180.mp4,000180,resnet50,jpeg_95,fake,fake,0.6666666666666666,0.7391304347826086,0.4583333333333333,19,24
test/000180.mp4,000180,resnet50,h264_18_keepaudio,fake,fake,0.8888888888888888,0.7391304347826086,0.4583333333333333,19,24
test/000180.mp4,000180,resnet50,h264_23_keepaudio,fake,fake,0.5294117647058824,0.7391304347826086,0.4583333333333333,18,24
test/000180.mp4,000180,resnet50,h264_28_keepaudio,fake,fake,0.5555555555555556,0.7391304347826086,0.5,19,24
test/000180.mp4,000180,resnet50,h264_33_keepaudio,fake,fake,0.5,0.7391304347826086,0.625,19,24
test/000180.mp4,000180,resnet50,h264_38_keepaudio,fake,fake,0.5294117647058824,0.7391304347826086,0.5833333333333334,18,24
test/000180.mp4,000180,resnet50,h264_43_keepaudio,fake,fake,0.4117647058823529,0.7391304347826086,0.6666666666666666,18,24
test/000181.mp4,000181,resnet50,clean,fake,fake,0.8947368421052632,0.6538461538461539,0.48148148148148145,20,27
test/000181.mp4,000181,resnet50,jpeg_10,fake,fake,0.9473684210526315,0.6538461538461539,0.5185185185185185,20,27
test/000181.mp4,000181,resnet50,jpeg_20,fake,fake,0.7894736842105263,0.6538461538461539,0.48148148148148145,20,27
test/000181.mp4,000181,resnet50,jpeg_30,fake,fake,0.7894736842105263,0.6538461538461539,0.5185185185185185,20,27
test/000181.mp4,000181,resnet50,jpeg_40,fake,fake,0.7894736842105263,0.6538461538461539,0.5185185185185185,20,27
test/000181.mp4,000181,resnet50,jpeg_50,fake,fake,0.8421052631578947,0.6538461538461539,0.5185185185185185,20,27
test/000181.mp4,000181,resnet50,jpeg_60,fake,fake,0.8421052631578947,0.6538461538461539,0.48148148148148145,20,27
test/000181.mp4,000181,resnet50,jpeg_70,fake,fake,0.7894736842105263,0.6538461538461539,0.4444444444444444,20,27
test/000181.mp4,000181,resnet50,jpeg_80,fake,fake,0.8947368421052632,0.6538461538461539,0.48148148148148145,20,27
test/000181.mp4,000181,resnet50,jpeg_90,fake,fake,0.8947368421052632,0.6538461538461539,0.5185185185185185,20,27
test/000181.mp4,000181,resnet50,jpeg_95,fake,fake,0.8947368421052632,0.6538461538461539,0.5185185185185185,20,27
test/000181.mp4,000181,resnet50,h264_18_keepaudio,fake,fake,0.631578947368421,0.6538461538461539,0.5185185185185185,20,27
test/000181.mp4,000181,resnet50,h264_23_keepaudio,fake,fake,0.8421052631578947,0.6538461538461539,0.5185185185185185,20,27
test/000181.mp4,000181,resnet50,h264_28_keepaudio,fake,fake,0.65,0.6538461538461539,0.5555555555555556,21,27
test/000181.mp4,000181,resnet50,h264_33_keepaudio,fake,fake,0.7,0.6538461538461539,0.5185185185185185,21,27
test/000181.mp4,000181,resnet50,h264_38_keepaudio,fake,fake,0.7,0.6538461538461539,0.6296296296296297,21,27
test/000181.mp4,000181,resnet50,h264_43_keepaudio,fake,fake,0.7777777777777778,0.6538461538461539,0.7407407407407407,19,27
test/000182.mp4,000182,resnet50,clean,fake,real,0.6086956521739131,0.7241379310344828,0.8,24,30
test/000182.mp4,000182,resnet50,jpeg_10,fake,real,0.6521739130434783,0.7241379310344828,0.7333333333333333,24,30
test/000182.mp4,000182,resnet50,jpeg_20,fake,real,0.782608695652174,0.7241379310344828,0.7,24,30
test/000182.mp4,000182,resnet50,jpeg_30,fake,real,0.782608695652174,0.7241379310344828,0.7333333333333333,24,30
test/000182.mp4,000182,resnet50,jpeg_40,fake,real,0.6521739130434783,0.7241379310344828,0.8,24,30
test/000182.mp4,000182,resnet50,jpeg_50,fake,real,0.7391304347826086,0.7241379310344828,0.7333333333333333,24,30
test/000182.mp4,000182,resnet50,jpeg_60,fake,real,0.6956521739130435,0.7241379310344828,0.7666666666666667,24,30
test/000182.mp4,000182,resnet50,jpeg_70,fake,real,0.6956521739130435,0.7241379310344828,0.7666666666666667,24,30
test/000182.mp4,000182,resnet50,jpeg_80,fake,real,0.6521739130434783,0.7241379310344828,0.7666666666666667,24,30
test/000182.mp4,000182,resnet50,jpeg_90,fake,real,0.6521739130434783,0.7241379310344828,0.7333333333333333,24,30
test/000182.mp4,000182,resnet50,jpeg_95,fake,real,0.6956521739130435,0.7241379310344828,0.7333333333333333,24,30
test/000182.mp4,000182,resnet50,h264_18_keepaudio,fake,real,0.6086956521739131,0.7241379310344828,0.7,24,30
test/000182.mp4,000182,resnet50,h264_23_keepaudio,fake,real,0.6521739130434783,0.7241379310344828,0.7,24,30
test/000182.mp4,000182,resnet50,h264_28_keepaudio,fake,real,0.6521739130434783,0.7241379310344828,0.7,24,30
test/000182.mp4,000182,resnet50,h264_33_keepaudio,fake,real,0.6521739130434783,0.7241379310344828,0.7333333333333333,24,30
test/000182.mp4,000182,resnet50,h264_38_keepaudio,fake,real,0.6086956521739131,0.7241379310344828,0.7666666666666667,24,30
test/000182.mp4,000182,resnet50,h264_43_keepaudio,fake,real,0.5833333333333334,0.7241379310344828,0.5666666666666667,25,30
test/000183.mp4,000183,resnet50,clean,fake,fake,0.6153846153846154,0.7272727272727273,0.7941176470588235,27,34
test/000183.mp4,000183,resnet50,jpeg_10,fake,fake,0.7307692307692307,0.7272727272727273,0.7647058823529411,27,34
test/000183.mp4,000183,resnet50,jpeg_20,fake,fake,0.8076923076923077,0.7272727272727273,0.7352941176470589,27,34
test/000183.mp4,000183,resnet50,jpeg_30,fake,fake,0.6153846153846154,0.7272727272727273,0.6470588235294118,27,34
test/000183.mp4,000183,resnet50,jpeg_40,fake,fake,0.5769230769230769,0.7272727272727273,0.7058823529411765,27,34
test/000183.mp4,000183,resnet50,jpeg_50,fake,fake,0.5769230769230769,0.7272727272727273,0.7352941176470589,27,34
test/000183.mp4,000183,resnet50,jpeg_60,fake,fake,0.5769230769230769,0.7272727272727273,0.7941176470588235,27,34
test/000183.mp4,000183,resnet50,jpeg_70,fake,fake,0.6153846153846154,0.7272727272727273,0.7941176470588235,27,34
test/000183.mp4,000183,resnet50,jpeg_80,fake,fake,0.5769230769230769,0.7272727272727273,0.7352941176470589,27,34
test/000183.mp4,000183,resnet50,jpeg_90,fake,fake,0.5769230769230769,0.7272727272727273,0.7647058823529411,27,34
test/000183.mp4,000183,resnet50,jpeg_95,fake,fake,0.5384615384615384,0.7272727272727273,0.6764705882352942,27,34
test/000183.mp4,000183,resnet50,h264_18_keepaudio,fake,fake,0.6153846153846154,0.7272727272727273,0.7058823529411765,27,34
test/000183.mp4,000183,resnet50,h264_23_keepaudio,fake,fake,0.6923076923076923,0.7272727272727273,0.7941176470588235,27,34
test/000183.mp4,000183,resnet50,h264_28_keepaudio,fake,fake,0.5925925925925926,0.7272727272727273,0.8823529411764706,28,34
test/000183.mp4,000183,resnet50,h264_33_keepaudio,fake,fake,0.5,0.7272727272727273,0.8235294117647058,27,34
test/000183.mp4,000183,resnet50,h264_38_keepaudio,fake,fake,0.6538461538461539,0.7272727272727273,0.8529411764705882,27,34
test/000183.mp4,000183,resnet50,h264_43_keepaudio,fake,fake,0.6538461538461539,0.7272727272727273,0.8235294117647058,27,34
test/000184.mp4,000184,resnet50,clean,fake,fake,0.6086956521739131,0.6896551724137931,0.7333333333333333,24,30
test/000184.mp4,000184,resnet50,jpeg_10,fake,fake,0.6521739130434783,0.6896551724137931,0.7666666666666667,24,30
test/000184.mp4,000184,resnet50,jpeg_20,fake,fake,0.8260869565217391,0.6896551724137931,0.7,24,30
test/000184.mp4,000184,resnet50,jpeg_30,fake,fake,0.6956521739130435,0.6896551724137931,0.7333333333333333,24,30
test/000184.mp4,000184,resnet50,jpeg_40,fake,fake,0.7391304347826086,0.6896551724137931,0.6333333333333333,24,30
test/000184.mp4,000184,resnet50,jpeg_50,fake,fake,0.6956521739130435,0.6896551724137931,0.7333333333333333,24,30
test/000184.mp4,000184,resnet50,jpeg_60,fake,fake,0.6956521739130435,0.6896551724137931,0.7333333333333333,24,30
test/000184.mp4,000184,resnet50,jpeg_70,fake,fake,0.7391304347826086,0.6896551724137931,0.8,24,30
test/000184.mp4,000184,resnet50,jpeg_80,fake,fake,0.5652173913043478,0.6896551724137931,0.8,24,30
test/000184.mp4,000184,resnet50,jpeg_90,fake,fake,0.5652173913043478,0.6896551724137931,0.7666666666666667,24,30
test/000184.mp4,000184,resnet50,jpeg_95,fake,fake,0.6956521739130435,0.6896551724137931,0.7666666666666667,24,30
test/000184.mp4,000184,resnet50,h264_18_keepaudio,fake,fake,0.7391304347826086,0.6896551724137931,0.8,24,30
test/000184.mp4,000184,resnet50,h264_23_keepaudio,fake,fake,0.6086956521739131,0.6896551724137931,0.8,24,30
test/000184.mp4,000184,resnet50,h264_28_keepaudio,fake,fake,0.625,0.6896551724137931,0.7666666666666667,25,30
test/000184.mp4,000184,resnet50,h264_33_keepaudio,fake,fake,0.4782608695652174,0.6896551724137931,0.7,24,30
test/000184.mp4,000184,resnet50,h264_38_keepaudio,fake,fake,0.6956521739130435,0.6896551724137931,0.7333333333333333,24,30
test/000184.mp4,000184,resnet50,h264_43_keepaudio,fake,fake,0.4782608695652174,0.6896551724137931,0.4666666666666667,24,30
test/000185.mp4,000185,resnet50,clean,fake,fake,0.5925925925925926,0.7352941176470589,0.6571428571428571,28,35
test/000185.mp4,000185,resnet50,jpeg_10,fake,fake,0.48148148148148145,0.7352941176470589,0.6571428571428571,28,35
test/000185.mp4,000185,resnet50,jpeg_20,fake,fake,0.7037037037037037,0.7352941176470589,0.6285714285714286,28,35
test/000185.mp4,000185,resnet50,jpeg_30,fake,fake,0.7777777777777778,0.7352941176470589,0.6285714285714286,28,35
test/000185.mp4,000185,resnet50,jpeg_40,fake,fake,0.7037037037037037,0.7352941176470589,0.6571428571428571,28,35
test/000185.mp4,000185,resnet50,jpeg_50,fake,fake,0.5925925925925926,0.7352941176470589,0.6285714285714286,28,35
test/000185.mp4,000185,resnet50,jpeg_60,fake,fake,0.6296296296296297,0.7352941176470589,0.6285714285714286,28,35
test/000185.mp4,000185,resnet50,jpeg_70,fake,fake,0.7777777777777778,0.7352941176470589,0.6571428571428571,28,35
test/000185.mp4,000185,resnet50,jpeg_80,fake,fake,0.6666666666666666,0.7352941176470589,0.6857142857142857,28,35
test/000185.mp4,000185,resnet50,jpeg_90,fake,fake,0.6666666666666666,0.7352941176470589,0.6571428571428571,28,35
test/000185.mp4,000185,resnet50,jpeg_95,fake,fake,0.7407407407407407,0.7352941176470589,0.6285714285714286,28,35
test/000185.mp4,000185,resnet50,h264_18_keepaudio,fake,fake,0.6296296296296297,0.7352941176470589,0.6285714285714286,28,35
test/000185.mp4,000185,resnet50,h264_23_keepaudio,fake,fake,0.5185185185185185,0.7352941176470589,0.7142857142857143,28,35
test/000185.mp4,000185,resnet50,h264_28_keepaudio,fake,fake,0.5714285714285714,0.7352941176470589,0.7142857142857143,29,35
test/000185.mp4,000185,resnet50,h264_33_keepaudio,fake,fake,0.5555555555555556,0.7352941176470589,0.7142857142857143,28,35
test/000185.mp4,000185,resnet50,h264_38_keepaudio,fake,fake,0.8518518518518519,0.7352941176470589,0.8,28,35
test/000185.mp4,000185,resnet50,h264_43_keepaudio,fake,fake,0.4074074074074074,0.7352941176470589,0.7714285714285715,28,35
test/000186.mp4,000186,resnet50,clean,fake,real,0.4444444444444444,0.5757575757575758,0.7647058823529411,28,34
test/000186.mp4,000186,resnet50,jpeg_10,fake,real,0.6666666666666666,0.5757575757575758,0.6176470588235294,28,34
test/000186.mp4,000186,resnet50,jpeg_20,fake,real,0.7777777777777778,0.5757575757575758,0.6764705882352942,28,34
test/000186.mp4,000186,resnet50,jpeg_30,fake,real,0.48148148148148145,0.5757575757575758,0.7647058823529411,28,34
test/000186.mp4,000186,resnet50,jpeg_40,fake,real,0.2962962962962963,0.5757575757575758,0.7941176470588235,28,34
test/000186.mp4,000186,resnet50,jpeg_50,fake,real,0.5185185185185185,0.5757575757575758,0.7352941176470589,28,34
test/000186.mp4,000186,resnet50,jpeg_60,fake,real,0.4074074074074074,0.5757575757575758,0.7941176470588235,28,34
test/000186.mp4,000186,resnet50,jpeg_70,fake,real,0.48148148148148145,0.5757575757575758,0.7941176470588235,28,34
test/000186.mp4,000186,resnet50,jpeg_80,fake,real,0.6296296296296297,0.5757575757575758,0.7941176470588235,28,34
test/000186.mp4,000186,resnet50,jpeg_90,fake,real,0.5185185185185185,0.5757575757575758,0.7647058823529411,28,34
test/000186.mp4,000186,resnet50,jpeg_95,fake,real,0.5185185185185185,0.5757575757575758,0.6764705882352942,28,34
test/000186.mp4,000186,resnet50,h264_18_keepaudio,fake,real,0.4444444444444444,0.5757575757575758,0.8235294117647058,28,34
test/000186.mp4,000186,resnet50,h264_23_keepaudio,fake,real,0.6296296296296297,0.5757575757575758,0.7941176470588235,28,34
test/000186.mp4,000186,resnet50,h264_28_keepaudio,fake,real,0.5555555555555556,0.5757575757575758,0.6764705882352942,28,34
test/000186.mp4,000186,resnet50,h264_33_keepaudio,fake,real,0.7777777777777778,0.5757575757575758,0.8235294117647058,28,34
test/000186.mp4,000186,resnet50,h264_38_keepaudio,fake,real,0.6666666666666666,0.5757575757575758,0.7352941176470589,28,34
test/000186.mp4,000186,resnet50,h264_43_keepaudio,fake,real,0.5555555555555556,0.5757575757575758,0.8235294117647058,28,34
test/000187.mp4,000187,resnet50,clean,fake,real,0.717948717948718,0.5625,0.7755102040816326,40,49
test/000187.mp4,000187,resnet50,jpeg_10,fake,real,0.7435897435897436,0.5625,0.7346938775510204,40,49
test/000187.mp4,000187,resnet50,jpeg_20,fake,real,0.717948717948718,0.5625,0.8367346938775511,40,49
test/000187.mp4,000187,resnet50,jpeg_30,fake,real,0.7692307692307693,0.5625,0.7755102040816326,40,49
test/000187.mp4,000187,resnet50,jpeg_40,fake,real,0.6153846153846154,0.5625,0.7142857142857143,40,49
test/000187.mp4,000187,resnet50,jpeg_50,fake,real,0.7692307692307693,0.5625,0.8571428571428571,40,49
test/000187.mp4,000187,resnet50,jpeg_60,fake,real,0.7435897435897436,0.5625,0.8367346938775511,40,49
test/000187.mp4,000187,resnet50,jpeg_70,fake,real,0.6153846153846154,0.5625,0.7346938775510204,40,49
test/000187.mp4,000187,resnet50,jpeg_80,fake,real,0.7692307692307693,0.5625,0.7959183673469388,40,49
test/000187.mp4,000187,resnet50,jpeg_90,fake,real,0.7435897435897436,0.5625,0.7755102040816326,40,49
test/000187.mp4,000187,resnet50,jpeg_95,fake,real,0.717948717948718,0.5625,0.8163265306122449,40,49
test/000187.mp4,000187,resnet50,h264_18_keepaudio,fake,real,0.6410256410256411,0.5625,0.7959183673469388,40,49
test/000187.mp4,000187,resnet50,h264_23_keepaudio,fake,real,0.7435897435897436,0.5625,0.7551020408163265,40,49
test/000187.mp4,000187,resnet50,h264_28_keepaudio,fake,real,0.8205128205128205,0.5625,0.7346938775510204,40,49
test/000187.mp4,000187,resnet50,h264_33_keepaudio,fake,real,0.7948717948717948,0.5625,0.7959183673469388,40,49
test/000187.mp4,000187,resnet50,h264_38_keepaudio,fake,real,0.4358974358974359,0.5625,0.7959183673469388,40,49
test/000187.mp4,000187,resnet50,h264_43_keepaudio,fake,real,0.5897435897435898,0.5625,0.7346938775510204,40,49
test/000188.mp4,000188,resnet50,clean,fake,fake,0.813953488372093,0.49056603773584906,0.8333333333333334,44,54
test/000188.mp4,000188,resnet50,jpeg_10,fake,fake,0.8372093023255814,0.49056603773584906,0.7962962962962963,44,54
test/000188.mp4,000188,resnet50,jpeg_20,fake,fake,0.7209302325581395,0.49056603773584906,0.7592592592592593,44,54
test/000188.mp4,000188,resnet50,jpeg_30,fake,fake,0.8372093023255814,0.49056603773584906,0.8518518518518519,44,54
test/000188.mp4,000188,resnet50,jpeg_40,fake,fake,0.8604651162790697,0.49056603773584906,0.7592592592592593,44,54
test/000188.mp4,000188,resnet50,jpeg_50,fake,fake,0.7674418604651163,0.49056603773584906,0.8333333333333334,44,54
test/000188.mp4,000188,resnet50,jpeg_60,fake,fake,0.813953488372093,0.49056603773584906,0.8148148148148148,44,54
test/000188.mp4,000188,resnet50,jpeg_70,fake,fake,0.813953488372093,0.49056603773584906,0.8333333333333334,44,54
test/000188.mp4,000188,resnet50,jpeg_80,fake,fake,0.8604651162790697,0.49056603773584906,0.8518518518518519,44,54
test/000188.mp4,000188,resnet50,jpeg_90,fake,fake,0.7441860465116279,0.49056603773584906,0.8518518518518519,44,54
test/000188.mp4,000188,resnet50,jpeg_95,fake,fake,0.9069767441860465,0.49056603773584906,0.8148148148148148,44,54
test/000188.mp4,000188,resnet50,h264_18_keepaudio,fake,fake,0.7441860465116279,0.49056603773584906,0.8703703703703703,44,54
test/000188.mp4,000188,resnet50,h264_23_keepaudio,fake,fake,0.7209302325581395,0.49056603773584906,0.7592592592592593,44,54
test/000188.mp4,000188,resnet50,h264_28_keepaudio,fake,fake,0.6511627906976745,0.49056603773584906,0.8518518518518519,44,54
test/000188.mp4,000188,resnet50,h264_33_keepaudio,fake,fake,0.6511627906976745,0.49056603773584906,0.8703703703703703,44,54
test/000188.mp4,000188,resnet50,h264_38_keepaudio,fake,fake,0.6976744186046512,0.49056603773584906,0.8333333333333334,44,54
test/000188.mp4,000188,resnet50,h264_43_keepaudio,fake,fake,0.6744186046511628,0.49056603773584906,0.8148148148148148,44,54
test/000189.mp4,000189,resnet50,clean,fake,fake,0.725,0.6122448979591837,0.74,41,50
test/000189.mp4,000189,resnet50,jpeg_10,fake,fake,0.825,0.6122448979591837,0.72,41,50
test/000189.mp4,000189,resnet50,jpeg_20,fake,fake,0.7,0.6122448979591837,0.68,41,50
test/000189.mp4,000189,resnet50,jpeg_30,fake,fake,0.7,0.6122448979591837,0.8,41,50
test/000189.mp4,000189,resnet50,jpeg_40,fake,fake,0.75,0.6122448979591837,0.72,41,50
test/000189.mp4,000189,resnet50,jpeg_50,fake,fake,0.775,0.6122448979591837,0.8,41,50
test/000189.mp4,000189,resnet50,jpeg_60,fake,fake,0.7,0.6122448979591837,0.74,41,50
test/000189.mp4,000189,resnet50,jpeg_70,fake,fake,0.825,0.6122448979591837,0.74,41,50
test/000189.mp4,000189,resnet50,jpeg_80,fake,fake,0.775,0.6122448979591837,0.7,41,50
test/000189.mp4,000189,resnet50,jpeg_90,fake,fake,0.675,0.6122448979591837,0.74,41,50
test/000189.mp4,000189,resnet50,jpeg_95,fake,fake,0.775,0.6122448979591837,0.7,41,50
test/000189.mp4,000189,resnet50,h264_18_keepaudio,fake,fake,0.7,0.6122448979591837,0.74,41,50
test/000189.mp4,000189,resnet50,h264_23_keepaudio,fake,fake,0.7,0.6122448979591837,0.72,41,50
test/000189.mp4,000189,resnet50,h264_28_keepaudio,fake,fake,0.675,0.6122448979591837,0.8,41,50
test/000189.mp4,000189,resnet50,h264_33_keepaudio,fake,fake,0.65,0.6122448979591837,0.84,41,50
test/000189.mp4,000189,resnet50,h264_38_keepaudio,fake,fake,0.65,0.6122448979591837,0.82,41,50
test/000189.mp4,000189,resnet50,h264_43_keepaudio,fake,fake,0.675,0.6122448979591837,0.72,41,50
test/000190.mp4,000190,resnet50,clean,fake,fake,0.7142857142857143,0.5384615384615384,0.7735849056603774,43,53
test/000190.mp4,000190,resnet50,jpeg_10,fake,fake,0.7619047619047619,0.5384615384615384,0.7735849056603774,43,53
test/000190.mp4,000190,resnet50,jpeg_20,fake,fake,0.7857142857142857,0.5384615384615384,0.7547169811320755,43,53
test/000190.mp4,000190,resnet50,jpeg_30,fake,fake,0.8571428571428571,0.5384615384615384,0.8301886792452831,43,53
test/000190.mp4,000190,resnet50,jpeg_40,fake,fake,0.8095238095238095,0.5384615384615384,0.7547169811320755,43,53
test/000190.mp4,000190,resnet50,jpeg_50,fake,fake,0.7619047619047619,0.5384615384615384,0.7924528301886793,43,53
test/000190.mp4,000190,resnet50,jpeg_60,fake,fake,0.7857142857142857,0.5384615384615384,0.7358490566037735,43,53
test/000190.mp4,000190,resnet50,jpeg_70,fake,fake,0.7857142857142857,0.5384615384615384,0.7735849056603774,43,53
test/000190.mp4,000190,resnet50,jpeg_80,fake,fake,0.8095238095238095,0.5384615384615384,0.7735849056603774,43,53
test/000190.mp4,000190,resnet50,jpeg_90,fake,fake,0.7142857142857143,0.5384615384615384,0.7547169811320755,43,53
test/000190.mp4,000190,resnet50,jpeg_95,fake,fake,0.7380952380952381,0.5384615384615384,0.7547169811320755,43,53
test/000190.mp4,000190,resnet50,h264_18_keepaudio,fake,fake,0.6190476190476191,0.5384615384615384,0.7924528301886793,43,53
test/000190.mp4,000190,resnet50,h264_23_keepaudio,fake,fake,0.5952380952380952,0.5384615384615384,0.6981132075471698,43,53
test/000190.mp4,000190,resnet50,h264_28_keepaudio,fake,fake,0.6190476190476191,0.5384615384615384,0.8490566037735849,43,53
test/000190.mp4,000190,resnet50,h264_33_keepaudio,fake,fake,0.5952380952380952,0.5384615384615384,0.8867924528301887,43,53
test/000190.mp4,000190,resnet50,h264_38_keepaudio,fake,fake,0.5714285714285714,0.5384615384615384,0.8679245283018868,43,53
test/000190.mp4,000190,resnet50,h264_43_keepaudio,fake,fake,0.6904761904761905,0.5384615384615384,0.8113207547169812,43,53
test/000191.mp4,000191,resnet50,clean,fake,fake,0.7073170731707317,0.5686274509803921,0.7884615384615384,42,52
test/000191.mp4,000191,resnet50,jpeg_10,fake,fake,0.8048780487804879,0.5686274509803921,0.8269230769230769,42,52
test/000191.mp4,000191,resnet50,jpeg_20,fake,fake,0.8048780487804879,0.5686274509803921,0.7692307692307693,42,52
test/000191.mp4,000191,resnet50,jpeg_30,fake,fake,0.7560975609756098,0.5686274509803921,0.7692307692307693,42,52
test/000191.mp4,000191,resnet50,jpeg_40,fake,fake,0.7560975609756098,0.5686274509803921,0.75,42,52
test/000191.mp4,000191,resnet50,jpeg_50,fake,fake,0.7073170731707317,0.5686274509803921,0.7884615384615384,42,52
test/000191.mp4,000191,resnet50,jpeg_60,fake,fake,0.7073170731707317,0.5686274509803921,0.7307692307692307,42,52
test/000191.mp4,000191,resnet50,jpeg_70,fake,fake,0.8048780487804879,0.5686274509803921,0.7884615384615384,42,52
test/000191.mp4,000191,resnet50,jpeg_80,fake,fake,0.8048780487804879,0.5686274509803921,0.75,42,52
test/000191.mp4,000191,resnet50,jpeg_90,fake,fake,0.6585365853658537,0.5686274509803921,0.7692307692307693,42,52
test/000191.mp4,000191,resnet50,jpeg_95,fake,fake,0.7804878048780488,0.5686274509803921,0.75,42,52
test/000191.mp4,000191,resnet50,h264_18_keepaudio,fake,fake,0.6341463414634146,0.5686274509803921,0.8076923076923077,42,52
test/000191.mp4,000191,resnet50,h264_23_keepaudio,fake,fake,0.6829268292682927,0.5686274509803921,0.7307692307692307,42,52
test/000191.mp4,000191,resnet50,h264_28_keepaudio,fake,fake,0.7073170731707317,0.5686274509803921,0.8269230769230769,42,52
test/000191.mp4,000191,resnet50,h264_33_keepaudio,fake,fake,0.5365853658536586,0.5686274509803921,0.8076923076923077,42,52
test/000191.mp4,000191,resnet50,h264_38_keepaudio,fake,fake,0.5853658536585366,0.5686274509803921,0.8076923076923077,42,52
test/000191.mp4,000191,resnet50,h264_43_keepaudio,fake,fake,0.6097560975609756,0.5686274509803921,0.8461538461538461,42,52
test/000192.mp4,000192,resnet50,clean,fake,fake,0.75,0.5714285714285714,0.8,41,50
test/000192.mp4,000192,resnet50,jpeg_10,fake,fake,0.65,0.5714285714285714,0.8,41,50
test/000192.mp4,000192,resnet50,jpeg_20,fake,fake,0.7,0.5714285714285714,0.78,41,50
test/000192.mp4,000192,resnet50,jpeg_30,fake,fake,0.875,0.5714285714285714,0.78,41,50
test/000192.mp4,000192,resnet50,jpeg_40,fake,fake,0.825,0.5714285714285714,0.76,41,50
test/000192.mp4,000192,resnet50,jpeg_50,fake,fake,0.775,0.5714285714285714,0.8,41,50
test/000192.mp4,000192,resnet50,jpeg_60,fake,fake,0.75,0.5714285714285714,0.76,41,50
test/000192.mp4,000192,resnet50,jpeg_70,fake,fake,0.775,0.5714285714285714,0.8,41,50
test/000192.mp4,000192,resnet50,jpeg_80,fake,fake,0.725,0.5714285714285714,0.8,41,50
test/000192.mp4,000192,resnet50,jpeg_90,fake,fake,0.725,0.5714285714285714,0.78,41,50
test/000192.mp4,000192,resnet50,jpeg_95,fake,fake,0.8,0.5714285714285714,0.76,41,50
test/000192.mp4,000192,resnet50,h264_18_keepaudio,fake,fake,0.6,0.5714285714285714,0.76,41,50
test/000192.mp4,000192,resnet50,h264_23_keepaudio,fake,fake,0.7,0.5714285714285714,0.74,41,50
test/000192.mp4,000192,resnet50,h264_28_keepaudio,fake,fake,0.7,0.5714285714285714,0.8,41,50
test/000192.mp4,000192,resnet50,h264_33_keepaudio,fake,fake,0.625,0.5714285714285714,0.9,41,50
test/000192.mp4,000192,resnet50,h264_38_keepaudio,fake,fake,0.675,0.5714285714285714,0.72,41,50
test/000192.mp4,000192,resnet50,h264_43_keepaudio,fake,fake,0.6,0.5714285714285714,0.72,41,50
test/000193.mp4,000193,resnet50,clean,fake,fake,0.725,0.5510204081632653,0.84,41,50
test/000193.mp4,000193,resnet50,jpeg_10,fake,fake,0.775,0.5510204081632653,0.76,41,50
test/000193.mp4,000193,resnet50,jpeg_20,fake,fake,0.8,0.5510204081632653,0.74,41,50
test/000193.mp4,000193,resnet50,jpeg_30,fake,fake,0.8,0.5510204081632653,0.84,41,50
test/000193.mp4,000193,resnet50,jpeg_40,fake,fake,0.85,0.5510204081632653,0.8,41,50
test/000193.mp4,000193,resnet50,jpeg_50,fake,fake,0.775,0.5510204081632653,0.84,41,50
test/000193.mp4,000193,resnet50,jpeg_60,fake,fake,0.8,0.5510204081632653,0.78,41,50
test/000193.mp4,000193,resnet50,jpeg_70,fake,fake,0.825,0.5510204081632653,0.84,41,50
test/000193.mp4,000193,resnet50,jpeg_80,fake,fake,0.75,0.5510204081632653,0.84,41,50
test/000193.mp4,000193,resnet50,jpeg_90,fake,fake,0.675,0.5510204081632653,0.82,41,50
test/000193.mp4,000193,resnet50,jpeg_95,fake,fake,0.7,0.5510204081632653,0.84,41,50
test/000193.mp4,000193,resnet50,h264_18_keepaudio,fake,fake,0.675,0.5510204081632653,0.88,41,50
test/000193.mp4,000193,resnet50,h264_23_keepaudio,fake,fake,0.65,0.5510204081632653,0.76,41,50
test/000193.mp4,000193,resnet50,h264_28_keepaudio,fake,fake,0.625,0.5510204081632653,0.8,41,50
test/000193.mp4,000193,resnet50,h264_33_keepaudio,fake,fake,0.55,0.5510204081632653,0.86,41,50
test/000193.mp4,000193,resnet50,h264_38_keepaudio,fake,fake,0.7,0.5510204081632653,0.78,41,50
test/000193.mp4,000193,resnet50,h264_43_keepaudio,fake,fake,0.75,0.5510204081632653,0.78,41,50
test/000194.mp4,000194,resnet50,clean,fake,real,0.9375,0.42105263157894735,0.85,17,20
test/000194.mp4,000194,resnet50,jpeg_10,fake,real,1.0,0.42105263157894735,0.85,17,20
test/000194.mp4,000194,resnet50,jpeg_20,fake,real,0.875,0.42105263157894735,0.85,17,20
test/000194.mp4,000194,resnet50,jpeg_30,fake,real,0.75,0.42105263157894735,0.85,17,20
test/000194.mp4,000194,resnet50,jpeg_40,fake,real,0.75,0.42105263157894735,0.85,17,20
test/000194.mp4,000194,resnet50,jpeg_50,fake,real,0.9375,0.42105263157894735,0.8,17,20
test/000194.mp4,000194,resnet50,jpeg_60,fake,real,0.875,0.42105263157894735,0.85,17,20
test/000194.mp4,000194,resnet50,jpeg_70,fake,real,0.9375,0.42105263157894735,0.85,17,20
test/000194.mp4,000194,resnet50,jpeg_80,fake,real,0.8125,0.42105263157894735,0.85,17,20
test/000194.mp4,000194,resnet50,jpeg_90,fake,real,0.875,0.42105263157894735,0.85,17,20
test/000194.mp4,000194,resnet50,jpeg_95,fake,real,0.9375,0.42105263157894735,0.85,17,20
test/000194.mp4,000194,resnet50,h264_18_keepaudio,fake,real,0.9375,0.42105263157894735,0.85,17,20
test/000194.mp4,000194,resnet50,h264_23_keepaudio,fake,real,0.6875,0.42105263157894735,0.85,17,20
test/000194.mp4,000194,resnet50,h264_28_keepaudio,fake,real,1.0,0.42105263157894735,0.85,17,20
test/000194.mp4,000194,resnet50,h264_33_keepaudio,fake,real,1.0,0.42105263157894735,0.85,17,20
test/000194.mp4,000194,resnet50,h264_38_keepaudio,fake,real,0.875,0.42105263157894735,0.75,17,20
test/000194.mp4,000194,resnet50,h264_43_keepaudio,fake,real,0.5,0.42105263157894735,0.9,17,20
test/000195.mp4,000195,resnet50,clean,fake,real,0.972972972972973,0.8444444444444444,0.41304347826086957,38,46
test/000195.mp4,000195,resnet50,jpeg_10,fake,real,0.918918918918919,0.8444444444444444,0.3695652173913043,38,46
test/000195.mp4,000195,resnet50,jpeg_20,fake,real,0.8918918918918919,0.8444444444444444,0.43478260869565216,38,46
test/000195.mp4,000195,resnet50,jpeg_30,fake,real,0.918918918918919,0.8444444444444444,0.41304347826086957,38,46
test/000195.mp4,000195,resnet50,jpeg_40,fake,real,0.918918918918919,0.8444444444444444,0.391304347826087,38,46
test/000195.mp4,000195,resnet50,jpeg_50,fake,real,0.918918918918919,0.8444444444444444,0.391304347826087,38,46
test/000195.mp4,000195,resnet50,jpeg_60,fake,real,0.9459459459459459,0.8444444444444444,0.41304347826086957,38,46
test/000195.mp4,000195,resnet50,jpeg_70,fake,real,0.918918918918919,0.8444444444444444,0.391304347826087,38,46
test/000195.mp4,000195,resnet50,jpeg_80,fake,real,0.918918918918919,0.8444444444444444,0.41304347826086957,38,46
test/000195.mp4,000195,resnet50,jpeg_90,fake,real,0.918918918918919,0.8444444444444444,0.391304347826087,38,46
test/000195.mp4,000195,resnet50,jpeg_95,fake,real,0.918918918918919,0.8444444444444444,0.43478260869565216,38,46
test/000195.mp4,000195,resnet50,h264_18_keepaudio,fake,real,0.918918918918919,0.8444444444444444,0.391304347826087,38,46
test/000195.mp4,000195,resnet50,h264_23_keepaudio,fake,real,0.9459459459459459,0.8444444444444444,0.41304347826086957,38,46
test/000195.mp4,000195,resnet50,h264_28_keepaudio,fake,real,0.8918918918918919,0.8444444444444444,0.41304347826086957,38,46
test/000195.mp4,000195,resnet50,h264_33_keepaudio,fake,real,0.918918918918919,0.8444444444444444,0.41304347826086957,38,46
test/000195.mp4,000195,resnet50,h264_38_keepaudio,fake,real,0.918918918918919,0.8444444444444444,0.41304347826086957,38,46
test/000195.mp4,000195,resnet50,h264_43_keepaudio,fake,real,0.8918918918918919,0.8444444444444444,0.45652173913043476,38,46
test/000196.mp4,000196,resnet50,clean,fake,fake,0.925,0.7346938775510204,0.42,41,50
test/000196.mp4,000196,resnet50,jpeg_10,fake,fake,0.95,0.7346938775510204,0.38,41,50
test/000196.mp4,000196,resnet50,jpeg_20,fake,fake,0.85,0.7346938775510204,0.42,41,50
test/000196.mp4,000196,resnet50,jpeg_30,fake,fake,0.9,0.7346938775510204,0.42,41,50
test/000196.mp4,000196,resnet50,jpeg_40,fake,fake,0.925,0.7346938775510204,0.42,41,50
test/000196.mp4,000196,resnet50,jpeg_50,fake,fake,0.9,0.7346938775510204,0.4,41,50
test/000196.mp4,000196,resnet50,jpeg_60,fake,fake,0.95,0.7346938775510204,0.44,41,50
test/000196.mp4,000196,resnet50,jpeg_70,fake,fake,0.925,0.7346938775510204,0.42,41,50
test/000196.mp4,000196,resnet50,jpeg_80,fake,fake,0.925,0.7346938775510204,0.42,41,50
test/000196.mp4,000196,resnet50,jpeg_90,fake,fake,0.95,0.7346938775510204,0.42,41,50
test/000196.mp4,000196,resnet50,jpeg_95,fake,fake,0.95,0.7346938775510204,0.42,41,50
test/000196.mp4,000196,resnet50,h264_18_keepaudio,fake,fake,0.95,0.7346938775510204,0.42,41,50
test/000196.mp4,000196,resnet50,h264_23_keepaudio,fake,fake,0.9,0.7346938775510204,0.42,41,50
test/000196.mp4,000196,resnet50,h264_28_keepaudio,fake,fake,0.925,0.7346938775510204,0.42,41,50
test/000196.mp4,000196,resnet50,h264_33_keepaudio,fake,fake,0.875,0.7346938775510204,0.42,41,50
test/000196.mp4,000196,resnet50,h264_38_keepaudio,fake,fake,0.925,0.7346938775510204,0.42,41,50
test/000196.mp4,000196,resnet50,h264_43_keepaudio,fake,fake,0.925,0.7346938775510204,0.42,41,50
test/000197.mp4,000197,resnet50,clean,fake,fake,0.9459459459459459,0.8478260869565217,0.40425531914893614,38,47
test/000197.mp4,000197,resnet50,jpeg_10,fake,fake,0.7837837837837838,0.8478260869565217,0.3617021276595745,38,47
test/000197.mp4,000197,resnet50,jpeg_20,fake,fake,0.8648648648648649,0.8478260869565217,0.3829787234042553,38,47
test/000197.mp4,000197,resnet50,jpeg_30,fake,fake,0.918918918918919,0.8478260869565217,0.3404255319148936,38,47
test/000197.mp4,000197,resnet50,jpeg_40,fake,fake,0.918918918918919,0.8478260869565217,0.3404255319148936,38,47
test/000197.mp4,000197,resnet50,jpeg_50,fake,fake,0.918918918918919,0.8478260869565217,0.3617021276595745,38,47
test/000197.mp4,000197,resnet50,jpeg_60,fake,fake,0.972972972972973,0.8478260869565217,0.3404255319148936,38,47
test/000197.mp4,000197,resnet50,jpeg_70,fake,fake,0.918918918918919,0.8478260869565217,0.40425531914893614,38,47
test/000197.mp4,000197,resnet50,jpeg_80,fake,fake,0.8648648648648649,0.8478260869565217,0.3617021276595745,38,47
test/000197.mp4,000197,resnet50,jpeg_90,fake,fake,0.8918918918918919,0.8478260869565217,0.3617021276595745,38,47
test/000197.mp4,000197,resnet50,jpeg_95,fake,fake,0.9459459459459459,0.8478260869565217,0.3404255319148936,38,47
test/000197.mp4,000197,resnet50,h264_18_keepaudio,fake,fake,0.9459459459459459,0.8478260869565217,0.3404255319148936,38,47
test/000197.mp4,000197,resnet50,h264_23_keepaudio,fake,fake,0.972972972972973,0.8478260869565217,0.40425531914893614,38,47
test/000197.mp4,000197,resnet50,h264_28_keepaudio,fake,fake,0.8918918918918919,0.8478260869565217,0.40425531914893614,38,47
test/000197.mp4,000197,resnet50,h264_33_keepaudio,fake,fake,0.8378378378378378,0.8478260869565217,0.3829787234042553,38,47
test/000197.mp4,000197,resnet50,h264_38_keepaudio,fake,fake,0.7567567567567568,0.8478260869565217,0.48936170212765956,38,47
test/000197.mp4,000197,resnet50,h264_43_keepaudio,fake,fake,0.7567567567567568,0.8478260869565217,0.46808510638297873,38,47
test/000198.mp4,000198,resnet50,clean,fake,fake,0.875,0.7755102040816326,0.42,41,50
test/000198.mp4,000198,resnet50,jpeg_10,fake,fake,0.875,0.7755102040816326,0.32,41,50
test/000198.mp4,000198,resnet50,jpeg_20,fake,fake,0.925,0.7755102040816326,0.36,41,50
test/000198.mp4,000198,resnet50,jpeg_30,fake,fake,0.95,0.7755102040816326,0.4,41,50
test/000198.mp4,000198,resnet50,jpeg_40,fake,fake,0.875,0.7755102040816326,0.4,41,50
test/000198.mp4,000198,resnet50,jpeg_50,fake,fake,0.825,0.7755102040816326,0.4,41,50
test/000198.mp4,000198,resnet50,jpeg_60,fake,fake,0.85,0.7755102040816326,0.4,41,50
test/000198.mp4,000198,resnet50,jpeg_70,fake,fake,0.9,0.7755102040816326,0.4,41,50
test/000198.mp4,000198,resnet50,jpeg_80,fake,fake,0.85,0.7755102040816326,0.4,41,50
test/000198.mp4,000198,resnet50,jpeg_90,fake,fake,0.8,0.7755102040816326,0.4,41,50
test/000198.mp4,000198,resnet50,jpeg_95,fake,fake,0.95,0.7755102040816326,0.4,41,50
test/000198.mp4,000198,resnet50,h264_18_keepaudio,fake,fake,0.9,0.7755102040816326,0.36,41,50
test/000198.mp4,000198,resnet50,h264_23_keepaudio,fake,fake,0.875,0.7755102040816326,0.4,41,50
test/000198.mp4,000198,resnet50,h264_28_keepaudio,fake,fake,0.875,0.7755102040816326,0.4,41,50
test/000198.mp4,000198,resnet50,h264_33_keepaudio,fake,fake,0.875,0.7755102040816326,0.38,41,50
test/000198.mp4,000198,resnet50,h264_38_keepaudio,fake,fake,0.825,0.7755102040816326,0.44,41,50
test/000198.mp4,000198,resnet50,h264_43_keepaudio,fake,fake,0.675,0.7755102040816326,0.42,41,50
test/000199.mp4,000199,resnet50,clean,fake,real,0.8518518518518519,0.696969696969697,0.35294117647058826,28,34
test/000199.mp4,000199,resnet50,jpeg_10,fake,real,0.9259259259259259,0.696969696969697,0.29411764705882354,28,34
test/000199.mp4,000199,resnet50,jpeg_20,fake,real,0.8888888888888888,0.696969696969697,0.29411764705882354,28,34
test/000199.mp4,000199,resnet50,jpeg_30,fake,real,0.8888888888888888,0.696969696969697,0.35294117647058826,28,34
test/000199.mp4,000199,resnet50,jpeg_40,fake,real,0.7037037037037037,0.696969696969697,0.35294117647058826,28,34
test/000199.mp4,000199,resnet50,jpeg_50,fake,real,0.9259259259259259,0.696969696969697,0.35294117647058826,28,34
test/000199.mp4,000199,resnet50,jpeg_60,fake,real,0.8888888888888888,0.696969696969697,0.4117647058823529,28,34
test/000199.mp4,000199,resnet50,jpeg_70,fake,real,0.9259259259259259,0.696969696969697,0.3235294117647059,28,34
test/000199.mp4,000199,resnet50,jpeg_80,fake,real,0.8888888888888888,0.696969696969697,0.4117647058823529,28,34
test/000199.mp4,000199,resnet50,jpeg_90,fake,real,0.8518518518518519,0.696969696969697,0.35294117647058826,28,34
test/000199.mp4,000199,resnet50,jpeg_95,fake,real,0.8518518518518519,0.696969696969697,0.35294117647058826,28,34
test/000199.mp4,000199,resnet50,h264_18_keepaudio,fake,real,0.9259259259259259,0.696969696969697,0.38235294117647056,28,34
test/000199.mp4,000199,resnet50,h264_23_keepaudio,fake,real,0.8518518518518519,0.696969696969697,0.3235294117647059,28,34
test/000199.mp4,000199,resnet50,h264_28_keepaudio,fake,real,0.8518518518518519,0.696969696969697,0.4117647058823529,28,34
test/000199.mp4,000199,resnet50,h264_33_keepaudio,fake,real,0.8888888888888888,0.696969696969697,0.4117647058823529,28,34
test/000199.mp4,000199,resnet50,h264_38_keepaudio,fake,real,0.8148148148148148,0.696969696969697,0.38235294117647056,28,34
test/000199.mp4,000199,resnet50,h264_43_keepaudio,fake,real,0.7037037037037037,0.696969696969697,0.4117647058823529,28,34
test/000200.mp4,000200,resnet50,clean,fake,fake,0.9,0.7837837837837838,0.3684210526315789,31,38
test/000200.mp4,000200,resnet50,jpeg_10,fake,fake,0.8666666666666667,0.7837837837837838,0.2631578947368421,31,38
test/000200.mp4,000200,resnet50,jpeg_20,fake,fake,0.8666666666666667,0.7837837837837838,0.2631578947368421,31,38
test/000200.mp4,000200,resnet50,jpeg_30,fake,fake,0.9,0.7837837837837838,0.2631578947368421,31,38
test/000200.mp4,000200,resnet50,jpeg_40,fake,fake,0.9333333333333333,0.7837837837837838,0.3684210526315789,31,38
test/000200.mp4,000200,resnet50,jpeg_50,fake,fake,0.8666666666666667,0.7837837837837838,0.2631578947368421,31,38
test/000200.mp4,000200,resnet50,jpeg_60,fake,fake,0.8,0.7837837837837838,0.2631578947368421,31,38
test/000200.mp4,000200,resnet50,jpeg_70,fake,fake,0.9,0.7837837837837838,0.3684210526315789,31,38
test/000200.mp4,000200,resnet50,jpeg_80,fake,fake,0.9,0.7837837837837838,0.2894736842105263,31,38
test/000200.mp4,000200,resnet50,jpeg_90,fake,fake,0.9,0.7837837837837838,0.34210526315789475,31,38
test/000200.mp4,000200,resnet50,jpeg_95,fake,fake,0.9333333333333333,0.7837837837837838,0.3157894736842105,31,38
test/000200.mp4,000200,resnet50,h264_18_keepaudio,fake,fake,0.8666666666666667,0.7837837837837838,0.2631578947368421,31,38
test/000200.mp4,000200,resnet50,h264_23_keepaudio,fake,fake,0.9,0.7837837837837838,0.3157894736842105,31,38
test/000200.mp4,000200,resnet50,h264_28_keepaudio,fake,fake,0.9333333333333333,0.7837837837837838,0.3684210526315789,31,38
test/000200.mp4,000200,resnet50,h264_33_keepaudio,fake,fake,0.8333333333333334,0.7837837837837838,0.34210526315789475,31,38
test/000200.mp4,000200,resnet50,h264_38_keepaudio,fake,fake,0.8333333333333334,0.7837837837837838,0.3684210526315789,31,38
test/000200.mp4,000200,resnet50,h264_43_keepaudio,fake,fake,0.5333333333333333,0.7837837837837838,0.2894736842105263,31,38
