video,codec,crf,ok,bitrate,size,psnr
000000.mp4,h264,18,1,137222,78903,
000000.mp4,h264,28,1,45803,26337,
000000.mp4,h264,38,1,17363,9984,
000000.mp4,hevc,18,1,122217,70275,
000000.mp4,hevc,28,1,42349,24351,
000000.mp4,hevc,38,1,20721,11915,
000000.mp4,av1,20,1,104304,59975,
000000.mp4,av1,30,1,64751,37232,
000000.mp4,av1,40,1,38326,22038,
000001.mp4,h264,18,1,117831,60683,
000001.mp4,h264,28,1,37780,19457,
000001.mp4,h264,38,1,15100,7777,
000001.mp4,hevc,18,1,104454,53794,
000001.mp4,hevc,28,1,37163,19139,
000001.mp4,hevc,38,1,19687,10139,
000001.mp4,av1,20,1,88774,45719,
000001.mp4,av1,30,1,55992,28836,
000001.mp4,av1,40,1,34246,17637,
000002.mp4,h264,18,1,98556,57163,
000002.mp4,h264,28,1,33232,19275,
000002.mp4,h264,38,1,14036,8141,
000002.mp4,hevc,18,1,87572,50792,
000002.mp4,hevc,28,1,33089,19192,
000002.mp4,hevc,38,1,18432,10691,
000002.mp4,av1,20,1,75348,43702,
000002.mp4,av1,30,1,48684,28237,
000002.mp4,av1,40,1,30937,17944,
000003.mp4,h264,18,1,99392,52181,
000003.mp4,h264,28,1,34784,18262,
000003.mp4,h264,38,1,14455,7589,
000003.mp4,hevc,18,1,90889,47717,
000003.mp4,hevc,28,1,34716,18226,
000003.mp4,hevc,38,1,19350,10159,
000003.mp4,av1,20,1,79459,41716,
000003.mp4,av1,30,1,51005,26778,
000003.mp4,av1,40,1,31965,16782,
000004.mp4,h264,18,1,99178,56532,
000004.mp4,h264,28,1,33119,18878,
000004.mp4,h264,38,1,13970,7963,
000004.mp4,hevc,18,1,85877,48950,
000004.mp4,hevc,28,1,32843,18721,
000004.mp4,hevc,38,1,18771,10700,
000004.mp4,av1,20,1,76000,43320,
000004.mp4,av1,30,1,48694,27756,
000004.mp4,av1,40,1,30971,17654,
000005.mp4,h264,18,1,130310,225438,
000005.mp4,h264,28,1,40209,69563,
000005.mp4,h264,38,1,15576,26947,
000005.mp4,hevc,18,1,123777,214135,
000005.mp4,hevc,28,1,40476,70025,
000005.mp4,hevc,38,1,18250,31574,
000005.mp4,av1,20,1,111160,192308,
000005.mp4,av1,30,1,69436,120126,
000005.mp4,av1,40,1,41193,71264,
000006.mp4,h264,18,1,115532,195828,
000006.mp4,h264,28,1,37549,63646,
000006.mp4,h264,38,1,15394,26093,
000006.mp4,hevc,18,1,109984,186423,
000006.mp4,hevc,28,1,38241,64820,
000006.mp4,hevc,38,1,17785,30147,
000006.mp4,av1,20,1,101112,171386,
000006.mp4,av1,30,1,63557,107730,
000006.mp4,av1,40,1,38723,65636,
000008.mp4,h264,18,1,112720,191624,
000008.mp4,h264,28,1,37882,64400,
000008.mp4,h264,38,1,15507,26362,
000008.mp4,hevc,18,1,111450,189465,
000008.mp4,hevc,28,1,38383,65252,
000008.mp4,hevc,38,1,18085,30746,
000008.mp4,av1,20,1,102481,174219,
000008.mp4,av1,30,1,64264,109249,
000008.mp4,av1,40,1,38918,66162,
000009.mp4,h264,18,1,114808,204934,
000009.mp4,h264,28,1,37419,66793,
000009.mp4,h264,38,1,15184,27105,
000009.mp4,hevc,18,1,110038,196418,
000009.mp4,hevc,28,1,37721,67332,
000009.mp4,hevc,38,1,17863,31887,
000009.mp4,av1,20,1,100518,179425,
000009.mp4,av1,30,1,62978,112417,
000009.mp4,av1,40,1,38516,68752,
000010.mp4,h264,18,1,114841,199824,
000010.mp4,h264,28,1,37628,65474,
000010.mp4,h264,38,1,15307,26635,
000010.mp4,hevc,18,1,110460,192201,
000010.mp4,hevc,28,1,37925,65990,
000010.mp4,hevc,38,1,17832,31029,
000010.mp4,av1,20,1,101301,176265,
000010.mp4,av1,30,1,63879,111151,
000010.mp4,av1,40,1,38659,67267,
000011.mp4,h264,18,1,115302,204662,
000011.mp4,h264,28,1,37650,66829,
000011.mp4,h264,38,1,15162,26913,
000011.mp4,hevc,18,1,110846,196753,
000011.mp4,hevc,28,1,37975,67406,
000011.mp4,hevc,38,1,17841,31669,
000011.mp4,av1,20,1,100443,178288,
000011.mp4,av1,30,1,63362,112469,
000011.mp4,av1,40,1,38487,68316,
000012.mp4,h264,18,1,134548,127148,
000012.mp4,h264,28,1,42462,40127,
000012.mp4,h264,38,1,17295,16344,
000012.mp4,hevc,18,1,126390,119439,
000012.mp4,hevc,28,1,43232,40855,
000012.mp4,hevc,38,1,20638,19503,
000012.mp4,av1,20,1,115196,108861,
000012.mp4,av1,30,1,71095,67185,
000012.mp4,av1,40,1,42565,40224,
000013.mp4,h264,18,1,118460,119645,
000013.mp4,h264,28,1,39100,39491,
000013.mp4,h264,38,1,16466,16631,
000013.mp4,hevc,18,1,110585,111691,
000013.mp4,hevc,28,1,39745,40143,
000013.mp4,hevc,38,1,19523,19719,
000013.mp4,av1,20,1,102735,103763,
000013.mp4,av1,30,1,64763,65411,
000013.mp4,av1,40,1,39298,39691,
000014.mp4,h264,18,1,121863,116380,
000014.mp4,h264,28,1,39915,38119,
000014.mp4,h264,38,1,16651,15902,
000014.mp4,hevc,18,1,113858,108735,
000014.mp4,hevc,28,1,40851,39013,
000014.mp4,hevc,38,1,20018,19118,
000014.mp4,av1,20,1,104886,100167,
000014.mp4,av1,30,1,66668,63668,
000014.mp4,av1,40,1,40458,38638,
000015.mp4,h264,18,1,119011,119011,
000015.mp4,h264,28,1,39046,39046,
000015.mp4,h264,38,1,16396,16396,
000015.mp4,hevc,18,1,111164,111164,
000015.mp4,hevc,28,1,39988,39988,
000015.mp4,hevc,38,1,19577,19577,
000015.mp4,av1,20,1,102561,102561,
000015.mp4,av1,30,1,65317,65317,
000015.mp4,av1,40,1,39556,39556,
000016.mp4,h264,18,1,153519,125886,
000016.mp4,h264,28,1,52014,42652,
000016.mp4,h264,38,1,21342,17501,
000016.mp4,hevc,18,1,143269,117481,
000016.mp4,hevc,28,1,49778,40818,
000016.mp4,hevc,38,1,23121,18960,
000016.mp4,av1,20,1,129817,106450,
000016.mp4,av1,30,1,80175,65744,
000016.mp4,av1,40,1,47037,38571,
000017.mp4,h264,18,1,125140,116381,
000017.mp4,h264,28,1,43954,40878,
000017.mp4,h264,38,1,18400,17112,
000017.mp4,hevc,18,1,122404,113836,
000017.mp4,hevc,28,1,43893,40821,
000017.mp4,hevc,38,1,21175,19693,
000017.mp4,av1,20,1,114631,106607,
000017.mp4,av1,30,1,72262,67204,
000017.mp4,av1,40,1,43551,40503,
000018.mp4,h264,18,1,135650,113268,
000018.mp4,h264,28,1,47198,39411,
000018.mp4,h264,38,1,19883,16603,
000018.mp4,hevc,18,1,130950,109344,
000018.mp4,hevc,28,1,47144,39366,
000018.mp4,hevc,38,1,22269,18595,
000018.mp4,av1,20,1,120930,100977,
000018.mp4,av1,30,1,76704,64048,
000018.mp4,av1,40,1,45390,37901,
000019.mp4,h264,18,1,130684,113042,
000019.mp4,h264,28,1,45455,39319,
000019.mp4,h264,38,1,19183,16594,
000019.mp4,hevc,18,1,126504,109426,
000019.mp4,hevc,28,1,45467,39329,
000019.mp4,hevc,38,1,21500,18598,
000019.mp4,av1,20,1,115769,100141,
000019.mp4,av1,30,1,73094,63227,
000019.mp4,av1,40,1,44138,38180,
000020.mp4,h264,18,1,140983,134639,
000020.mp4,h264,28,1,46603,44506,
000020.mp4,h264,38,1,18674,17834,
000020.mp4,hevc,18,1,135924,129808,
000020.mp4,hevc,28,1,45474,43428,
000020.mp4,hevc,38,1,21019,20074,
000020.mp4,av1,20,1,122651,117132,
000020.mp4,av1,30,1,75837,72425,
000020.mp4,av1,40,1,45653,43599,
000021.mp4,h264,18,1,119228,123998,
000021.mp4,h264,28,1,40520,42141,
000021.mp4,h264,38,1,16998,17678,
000021.mp4,hevc,18,1,116701,121370,
000021.mp4,hevc,28,1,41158,42805,
000021.mp4,hevc,38,1,19867,20662,
000021.mp4,av1,20,1,106928,111206,
000021.mp4,av1,30,1,67559,70262,
000021.mp4,av1,40,1,40805,42438,
000022.mp4,h264,18,1,122717,118422,
000022.mp4,h264,28,1,42150,40675,
000022.mp4,h264,38,1,17415,16806,
000022.mp4,hevc,18,1,122083,117811,
000022.mp4,hevc,28,1,42921,41419,
000022.mp4,hevc,38,1,20572,19852,
000022.mp4,av1,20,1,111602,107696,
000022.mp4,av1,30,1,70461,67995,
000022.mp4,av1,40,1,42568,41079,
000023.mp4,h264,18,1,115607,120232,
000023.mp4,h264,28,1,40120,41725,
000023.mp4,h264,38,1,16571,17234,
000023.mp4,hevc,18,1,116605,121270,
000023.mp4,hevc,28,1,40902,42539,
000023.mp4,hevc,38,1,19780,20572,
000023.mp4,av1,20,1,107688,111996,
000023.mp4,av1,30,1,67797,70509,
000023.mp4,av1,40,1,40681,42309,
000024.mp4,h264,18,1,143648,165196,
000024.mp4,h264,28,1,47619,54762,
000024.mp4,h264,38,1,19122,21991,
000024.mp4,hevc,18,1,137483,158106,
000024.mp4,hevc,28,1,46703,53709,
000024.mp4,hevc,38,1,20984,24132,
000024.mp4,av1,20,1,123893,142478,
000024.mp4,av1,30,1,76329,87779,
000024.mp4,av1,40,1,45520,52348,
000025.mp4,h264,18,1,125580,152580,
000025.mp4,h264,28,1,42660,51832,
000025.mp4,h264,38,1,17615,21403,
000025.mp4,hevc,18,1,121316,147399,
000025.mp4,hevc,28,1,43056,52314,
000025.mp4,hevc,38,1,19926,24211,
000025.mp4,av1,20,1,111959,136031,
000025.mp4,av1,30,1,69991,85040,
000025.mp4,av1,40,1,42223,51301,
000026.mp4,h264,18,1,128515,149078,
000026.mp4,h264,28,1,43725,50722,
000026.mp4,h264,38,1,17927,20796,
000026.mp4,hevc,18,1,125677,145786,
000026.mp4,hevc,28,1,44170,51238,
000026.mp4,hevc,38,1,20279,23524,
000026.mp4,av1,20,1,114028,132273,
000026.mp4,av1,30,1,71331,82744,
000026.mp4,av1,40,1,43026,49911,
000027.mp4,h264,18,1,123486,150653,
000027.mp4,h264,28,1,41799,50995,
000027.mp4,h264,38,1,17311,21120,
000027.mp4,hevc,18,1,120278,146740,
000027.mp4,hevc,28,1,42686,52077,
000027.mp4,hevc,38,1,19872,24244,
000027.mp4,av1,20,1,110863,135254,
000027.mp4,av1,30,1,69615,84931,
000027.mp4,av1,40,1,41549,50690,
000028.mp4,h264,18,1,108532,97679,
000028.mp4,h264,28,1,31876,28689,
000028.mp4,h264,38,1,13043,11739,
000028.mp4,hevc,18,1,103637,93274,
000028.mp4,hevc,28,1,34214,30793,
000028.mp4,hevc,38,1,17002,15302,
000028.mp4,av1,20,1,92331,83098,
000028.mp4,av1,30,1,57402,51662,
000028.mp4,av1,40,1,34667,31201,
000029.mp4,h264,18,1,91382,90926,
000029.mp4,h264,28,1,28736,28593,
000029.mp4,h264,38,1,12303,12242,
000029.mp4,hevc,18,1,88408,87966,
000029.mp4,hevc,28,1,31221,31065,
000029.mp4,hevc,38,1,16192,16112,
000029.mp4,av1,20,1,82288,81877,
000029.mp4,av1,30,1,51623,51365,
000029.mp4,av1,40,1,31912,31753,
000030.mp4,h264,18,1,95684,87073,
000030.mp4,h264,28,1,30151,27438,
000030.mp4,h264,38,1,12693,11551,
000030.mp4,hevc,18,1,92778,84428,
000030.mp4,hevc,28,1,32452,29532,
000030.mp4,hevc,38,1,16678,15177,
000030.mp4,av1,20,1,84905,77264,
000030.mp4,av1,30,1,53448,48638,
000030.mp4,av1,40,1,33424,30416,
000031.mp4,h264,18,1,89238,88792,
000031.mp4,h264,28,1,28217,28076,
000031.mp4,h264,38,1,12089,12029,
000031.mp4,hevc,18,1,86632,86199,
000031.mp4,hevc,28,1,30532,30380,
000031.mp4,hevc,38,1,16137,16057,
000031.mp4,av1,20,1,81311,80905,
000031.mp4,av1,30,1,50636,50383,
000031.mp4,av1,40,1,31340,31184,
000032.mp4,h264,18,1,147954,98390,
000032.mp4,h264,28,1,48407,32191,
000032.mp4,h264,38,1,20184,13423,
000032.mp4,hevc,18,1,137854,91673,
000032.mp4,hevc,28,1,48748,32418,
000032.mp4,hevc,38,1,23353,15530,
000032.mp4,av1,20,1,124911,83066,
000032.mp4,av1,30,1,77618,51616,
000032.mp4,av1,40,1,45900,30524,
000033.mp4,h264,18,1,115778,90307,
000033.mp4,h264,28,1,41034,32007,
000033.mp4,h264,38,1,17374,13552,
000033.mp4,hevc,18,1,115273,89913,
000033.mp4,hevc,28,1,42388,33063,
000033.mp4,hevc,38,1,20962,16351,
000033.mp4,av1,20,1,106169,82812,
000033.mp4,av1,30,1,66735,52054,
000033.mp4,av1,40,1,39811,31053,
000034.mp4,h264,18,1,126109,85124,
000034.mp4,h264,28,1,45072,30424,
000034.mp4,h264,38,1,18988,12817,
000034.mp4,hevc,18,1,126023,85066,
000034.mp4,hevc,28,1,46197,31183,
000034.mp4,hevc,38,1,22758,15362,
000034.mp4,av1,20,1,113482,76601,
000034.mp4,av1,30,1,71328,48147,
000034.mp4,av1,40,1,42517,28699,
000035.mp4,h264,18,1,111796,88878,
000035.mp4,h264,28,1,39157,31130,
000035.mp4,h264,38,1,16874,13415,
000035.mp4,hevc,18,1,111337,88513,
000035.mp4,hevc,28,1,40677,32339,
000035.mp4,hevc,38,1,20622,16395,
000035.mp4,av1,20,1,103844,82556,
000035.mp4,av1,30,1,64179,51023,
000035.mp4,av1,40,1,38553,30650,
000036.mp4,h264,18,1,127476,76486,
000036.mp4,h264,28,1,43160,25896,
000036.mp4,h264,38,1,18313,10988,
000036.mp4,hevc,18,1,126705,76023,
000036.mp4,hevc,28,1,44626,26776,
000036.mp4,hevc,38,1,22140,13284,
000036.mp4,av1,20,1,112063,67238,
000036.mp4,av1,30,1,70218,42131,
000036.mp4,av1,40,1,42703,25622,
000037.mp4,h264,18,1,113593,71564,
000037.mp4,h264,28,1,40171,25308,
000037.mp4,h264,38,1,17161,10812,
000037.mp4,hevc,18,1,113328,71397,
000037.mp4,hevc,28,1,41836,26357,
000037.mp4,hevc,38,1,21301,13420,
000037.mp4,av1,20,1,101923,64212,
000037.mp4,av1,30,1,64358,40546,
000037.mp4,av1,40,1,39807,25079,
000038.mp4,h264,18,1,117009,71376,
000038.mp4,h264,28,1,40811,24895,
000038.mp4,h264,38,1,17921,10932,
000038.mp4,hevc,18,1,115447,70423,
000038.mp4,hevc,28,1,42604,25989,
000038.mp4,hevc,38,1,21513,13123,
000038.mp4,av1,20,1,104113,63509,
000038.mp4,av1,30,1,65672,40060,
000038.mp4,av1,40,1,40177,24508,
000039.mp4,h264,18,1,113703,71633,
000039.mp4,h264,28,1,39285,24750,
000039.mp4,h264,38,1,17104,10776,
000039.mp4,hevc,18,1,110579,69665,
000039.mp4,hevc,28,1,41222,25970,
000039.mp4,hevc,38,1,21209,13362,
000039.mp4,av1,20,1,100196,63124,
000039.mp4,av1,30,1,63690,40125,
000039.mp4,av1,40,1,39303,24761,
000040.mp4,h264,18,1,146436,72486,
000040.mp4,h264,28,1,48810,24161,
000040.mp4,h264,38,1,19852,9827,
000040.mp4,hevc,18,1,140329,69463,
000040.mp4,hevc,28,1,49971,24736,
000040.mp4,hevc,38,1,24470,12113,
000040.mp4,av1,20,1,121660,60222,
000040.mp4,av1,30,1,75422,37334,
000040.mp4,av1,40,1,44824,22188,
000041.mp4,h264,18,1,121790,63940,
000041.mp4,h264,28,1,42742,22440,
000041.mp4,h264,38,1,18862,9903,
000041.mp4,hevc,18,1,126060,66182,
000041.mp4,hevc,28,1,46622,24477,
000041.mp4,hevc,38,1,23272,12218,
000041.mp4,av1,20,1,110358,57938,
000041.mp4,av1,30,1,69735,36611,
000041.mp4,av1,40,1,42146,22127,
000042.mp4,h264,18,1,124000,62620,
000042.mp4,h264,28,1,44722,22585,
000042.mp4,h264,38,1,19001,9596,
000042.mp4,hevc,18,1,124215,62729,
000042.mp4,hevc,28,1,46396,23430,
000042.mp4,hevc,38,1,23590,11913,
000042.mp4,av1,20,1,111023,56067,
000042.mp4,av1,30,1,69651,35174,
000042.mp4,av1,40,1,42578,21502,
000043.mp4,h264,18,1,123906,63812,
000043.mp4,h264,28,1,43592,22450,
000043.mp4,h264,38,1,18908,9738,
000043.mp4,hevc,18,1,122910,63299,
000043.mp4,hevc,28,1,45889,23633,
000043.mp4,hevc,38,1,23588,12148,
000043.mp4,av1,20,1,108774,56019,
000043.mp4,av1,30,1,68297,35173,
000043.mp4,av1,40,1,41427,21335,
000044.mp4,h264,18,1,158035,148553,
000044.mp4,h264,28,1,51901,48787,
000044.mp4,h264,38,1,21265,19990,
000044.mp4,hevc,18,1,148953,140016,
000044.mp4,hevc,28,1,52535,49383,
000044.mp4,hevc,38,1,24023,22582,
000044.mp4,av1,20,1,140052,131649,
000044.mp4,av1,30,1,87779,82513,
000044.mp4,av1,40,1,52275,49139,
000045.mp4,h264,18,1,138228,135464,
000045.mp4,h264,28,1,47210,46266,
000045.mp4,h264,38,1,19686,19293,
000045.mp4,hevc,18,1,134312,131626,
000045.mp4,hevc,28,1,48786,47811,
000045.mp4,hevc,38,1,22825,22369,
000045.mp4,av1,20,1,127518,124968,
000045.mp4,av1,30,1,79621,78029,
000045.mp4,av1,40,1,48062,47101,
000046.mp4,h264,18,1,139938,132242,
000046.mp4,h264,28,1,47809,45180,
000046.mp4,h264,38,1,19706,18623,
000046.mp4,hevc,18,1,137561,129996,
000046.mp4,hevc,28,1,49702,46969,
000046.mp4,hevc,38,1,23227,21950,
000046.mp4,av1,20,1,131073,123864,
000046.mp4,av1,30,1,82668,78122,
000046.mp4,av1,40,1,49740,47005,
000047.mp4,h264,18,1,135365,132658,
000047.mp4,h264,28,1,47129,46187,
000047.mp4,h264,38,1,19585,19194,
000047.mp4,hevc,18,1,132827,130171,
000047.mp4,hevc,28,1,48547,47577,
000047.mp4,hevc,38,1,22571,22120,
000047.mp4,av1,20,1,125632,123120,
000047.mp4,av1,30,1,79737,78143,
000047.mp4,av1,40,1,47845,46889,
000048.mp4,h264,18,1,129268,133147,
000048.mp4,h264,28,1,41682,42933,
000048.mp4,h264,38,1,16440,16934,
000048.mp4,hevc,18,1,125193,128949,
000048.mp4,hevc,28,1,41696,42947,
000048.mp4,hevc,38,1,19307,19887,
000048.mp4,av1,20,1,113066,116459,
000048.mp4,av1,30,1,70261,72369,
000048.mp4,av1,40,1,42147,43412,
000049.mp4,h264,18,1,111036,123251,
000049.mp4,h264,28,1,36697,40734,
000049.mp4,h264,38,1,14898,16537,
000049.mp4,hevc,18,1,108795,120763,
000049.mp4,hevc,28,1,37970,42147,
000049.mp4,hevc,38,1,18198,20200,
000049.mp4,av1,20,1,100088,111098,
000049.mp4,av1,30,1,62551,69432,
000049.mp4,av1,40,1,37714,41863,
000050.mp4,h264,18,1,114698,119860,
000050.mp4,h264,28,1,38120,39836,
000050.mp4,h264,38,1,15458,16154,
000050.mp4,hevc,18,1,112424,117484,
000050.mp4,hevc,28,1,39478,41255,
000050.mp4,hevc,38,1,18811,19658,
000050.mp4,av1,20,1,102755,107379,
000050.mp4,av1,30,1,64422,67322,
000050.mp4,av1,40,1,39293,41062,
000051.mp4,h264,18,1,110516,117148,
000051.mp4,h264,28,1,36988,39208,
000051.mp4,h264,38,1,15033,15936,
000051.mp4,hevc,18,1,110259,116875,
000051.mp4,hevc,28,1,38466,40775,
000051.mp4,hevc,38,1,18401,19506,
000051.mp4,av1,20,1,101247,107322,
000051.mp4,av1,30,1,63164,66954,
000051.mp4,av1,40,1,38271,40568,
000052.mp4,h264,18,1,153215,151683,
000052.mp4,h264,28,1,49195,48704,
000052.mp4,h264,38,1,19250,19058,
000052.mp4,hevc,18,1,142630,141204,
000052.mp4,hevc,28,1,48424,47940,
000052.mp4,hevc,38,1,21715,21498,
000052.mp4,av1,20,1,130269,128967,
000052.mp4,av1,30,1,80685,79879,
000052.mp4,av1,40,1,47870,47392,
000053.mp4,h264,18,1,133131,138457,
000053.mp4,h264,28,1,43957,45716,
000053.mp4,h264,38,1,17800,18513,
000053.mp4,hevc,18,1,127589,132693,
000053.mp4,hevc,28,1,44773,46564,
000053.mp4,hevc,38,1,20625,21451,
000053.mp4,av1,20,1,115937,120575,
000053.mp4,av1,30,1,73072,75995,
000053.mp4,av1,40,1,43949,45707,
000054.mp4,h264,18,1,135367,135367,
000054.mp4,h264,28,1,45347,45347,
000054.mp4,h264,38,1,18259,18259,
000054.mp4,hevc,18,1,130452,130452,
000054.mp4,hevc,28,1,46227,46227,
000054.mp4,hevc,38,1,21090,21090,
000054.mp4,av1,20,1,118934,118934,
000054.mp4,av1,30,1,74827,74827,
000054.mp4,av1,40,1,44619,44619,
000055.mp4,h264,18,1,130569,135139,
000055.mp4,h264,28,1,43348,44866,
000055.mp4,h264,38,1,17680,18299,
000055.mp4,hevc,18,1,126237,130656,
000055.mp4,hevc,28,1,44829,46399,
000055.mp4,hevc,38,1,20571,21292,
000055.mp4,av1,20,1,114343,118346,
000055.mp4,av1,30,1,72794,75342,
000055.mp4,av1,40,1,43575,45101,
000056.mp4,h264,18,1,128324,141157,
000056.mp4,h264,28,1,39808,43789,
000056.mp4,h264,38,1,15776,17354,
000056.mp4,hevc,18,1,123772,136150,
000056.mp4,hevc,28,1,40920,45013,
000056.mp4,hevc,38,1,18958,20854,
000056.mp4,av1,20,1,109088,119997,
000056.mp4,av1,30,1,67647,74412,
000056.mp4,av1,40,1,40787,44866,
000057.mp4,h264,18,1,123934,85515,
000057.mp4,h264,28,1,39030,26931,
000057.mp4,h264,38,1,16523,11401,
000057.mp4,hevc,18,1,119165,82224,
000057.mp4,hevc,28,1,41026,28308,
000057.mp4,hevc,38,1,20608,14220,
000057.mp4,av1,20,1,105495,72792,
000057.mp4,av1,30,1,65669,45312,
000057.mp4,av1,40,1,39820,27476,
000058.mp4,h264,18,1,106215,76475,
000058.mp4,h264,28,1,36158,26034,
000058.mp4,h264,38,1,15641,11262,
000058.mp4,hevc,18,1,106995,77037,
000058.mp4,hevc,28,1,38400,27648,
000058.mp4,hevc,38,1,19900,14328,
000058.mp4,av1,20,1,96490,69473,
000058.mp4,av1,30,1,60559,43603,
000058.mp4,av1,40,1,37083,26700,
000059.mp4,h264,18,1,109251,76476,
000059.mp4,h264,28,1,36801,25761,
000059.mp4,h264,38,1,15994,11196,
000059.mp4,hevc,18,1,108191,75734,
000059.mp4,hevc,28,1,39177,27424,
000059.mp4,hevc,38,1,20147,14103,
000059.mp4,av1,20,1,97107,67975,
000059.mp4,av1,30,1,61457,43020,
000059.mp4,av1,40,1,37725,26408,
000060.mp4,h264,18,1,106038,76348,
000060.mp4,h264,28,1,35813,25786,
000060.mp4,h264,38,1,15534,11185,
000060.mp4,hevc,18,1,105934,76273,
000060.mp4,hevc,28,1,38158,27474,
000060.mp4,hevc,38,1,19830,14278,
000060.mp4,av1,20,1,94598,68111,
000060.mp4,av1,30,1,60179,43329,
000060.mp4,av1,40,1,37120,26727,
000061.mp4,h264,18,1,102434,62997,
000061.mp4,h264,28,1,31393,19307,
000061.mp4,h264,38,1,13938,8572,
000061.mp4,hevc,18,1,99052,60917,
000061.mp4,hevc,28,1,34843,21429,
000061.mp4,hevc,38,1,18521,11391,
000061.mp4,av1,20,1,83552,51385,
000061.mp4,av1,30,1,52022,31994,
000061.mp4,av1,40,1,31639,19458,
000062.mp4,h264,18,1,89185,62876,
000062.mp4,h264,28,1,28337,19978,
000062.mp4,h264,38,1,12625,8901,
000062.mp4,hevc,18,1,85739,60446,
000062.mp4,hevc,28,1,31617,22290,
000062.mp4,hevc,38,1,17574,12390,
000062.mp4,av1,20,1,74344,52413,
000062.mp4,av1,30,1,47141,33235,
000062.mp4,av1,40,1,28868,20352,
000063.mp4,h264,18,1,91521,57201,
000063.mp4,h264,28,1,29736,18585,
000063.mp4,h264,38,1,13404,8378,
000063.mp4,hevc,18,1,92707,57942,
000063.mp4,hevc,28,1,33340,20838,
000063.mp4,hevc,38,1,18281,11426,
000063.mp4,av1,20,1,78956,49348,
000063.mp4,av1,30,1,50041,31276,
000063.mp4,av1,40,1,30824,19265,
000064.mp4,h264,18,1,82986,59335,
000064.mp4,h264,28,1,26689,19083,
000064.mp4,h264,38,1,12296,8792,
000064.mp4,hevc,18,1,81702,58417,
000064.mp4,hevc,28,1,30033,21474,
000064.mp4,hevc,38,1,16864,12058,
000064.mp4,av1,20,1,72251,51660,
000064.mp4,av1,30,1,45583,32592,
000064.mp4,av1,40,1,28419,20320,
000065.mp4,h264,18,1,88696,54992,
000065.mp4,h264,28,1,25891,16053,
000065.mp4,h264,38,1,11608,7197,
000065.mp4,hevc,18,1,85893,53254,
000065.mp4,hevc,28,1,30400,18848,
000065.mp4,hevc,38,1,17185,10655,
000065.mp4,av1,20,1,73637,45655,
000065.mp4,av1,30,1,46666,28933,
000065.mp4,av1,40,1,28479,17657,
000066.mp4,h264,18,1,79265,54693,
000066.mp4,h264,28,1,24849,17146,
000066.mp4,h264,38,1,11302,7799,
000066.mp4,hevc,18,1,75614,52174,
000066.mp4,hevc,28,1,28288,19519,
000066.mp4,hevc,38,1,16495,11382,
000066.mp4,av1,20,1,67092,46294,
000066.mp4,av1,30,1,42807,29537,
000066.mp4,av1,40,1,26668,18401,
000067.mp4,h264,18,1,82142,51750,
000067.mp4,h264,28,1,26307,16574,
000067.mp4,h264,38,1,11814,7443,
000067.mp4,hevc,18,1,78849,49675,
000067.mp4,hevc,28,1,29607,18653,
000067.mp4,hevc,38,1,17144,10801,
000067.mp4,av1,20,1,68726,43298,
000067.mp4,av1,30,1,44207,27851,
000067.mp4,av1,40,1,27500,17325,
000068.mp4,h264,18,1,78011,53828,
000068.mp4,h264,28,1,24494,16901,
000068.mp4,h264,38,1,11168,7706,
000068.mp4,hevc,18,1,74184,51187,
000068.mp4,hevc,28,1,27652,19080,
000068.mp4,hevc,38,1,16285,11237,
000068.mp4,av1,20,1,65543,45225,
000068.mp4,av1,30,1,41892,28906,
000068.mp4,av1,40,1,26373,18198,
000069.mp4,h264,18,1,117234,171748,
000069.mp4,h264,28,1,37051,54280,
000069.mp4,h264,38,1,15287,22396,
000069.mp4,hevc,18,1,109127,159872,
000069.mp4,hevc,28,1,36135,52938,
000069.mp4,hevc,38,1,17094,25043,
000069.mp4,av1,20,1,95819,140375,
000069.mp4,av1,30,1,59556,87251,
000069.mp4,av1,40,1,35383,51837,
000070.mp4,h264,18,1,103277,165244,
000070.mp4,h264,28,1,33941,54306,
000070.mp4,h264,38,1,14343,22949,
000070.mp4,hevc,18,1,97101,155363,
000070.mp4,hevc,28,1,33633,53814,
000070.mp4,hevc,38,1,16443,26310,
000070.mp4,av1,20,1,85851,137363,
000070.mp4,av1,30,1,53954,86327,
000070.mp4,av1,40,1,32590,52144,
000071.mp4,h264,18,1,107147,159114,
000071.mp4,h264,28,1,34742,51592,
000071.mp4,h264,38,1,14522,21566,
000071.mp4,hevc,18,1,99472,147717,
000071.mp4,hevc,28,1,34426,51123,
000071.mp4,hevc,38,1,16723,24835,
000071.mp4,av1,20,1,87733,130284,
000071.mp4,av1,30,1,55125,81862,
000071.mp4,av1,40,1,33414,49621,
000072.mp4,h264,18,1,100522,159831,
000072.mp4,h264,28,1,33188,52770,
000072.mp4,h264,38,1,14146,22493,
000072.mp4,hevc,18,1,95820,152355,
000072.mp4,hevc,28,1,33254,52875,
000072.mp4,hevc,38,1,16435,26132,
000072.mp4,av1,20,1,85255,135557,
000072.mp4,av1,30,1,53698,85381,
000072.mp4,av1,40,1,32538,51737,
000073.mp4,h264,18,1,105315,160080,
000073.mp4,h264,28,1,34501,52443,
000073.mp4,h264,38,1,14479,22009,
000073.mp4,hevc,18,1,98246,149334,
000073.mp4,hevc,28,1,33980,51651,
000073.mp4,hevc,38,1,16660,25324,
000073.mp4,av1,20,1,87342,132760,
000073.mp4,av1,30,1,54881,83420,
000073.mp4,av1,40,1,33171,50421,
000074.mp4,h264,18,1,106761,157473,
000074.mp4,h264,28,1,34804,51337,
000074.mp4,h264,38,1,14575,21499,
000074.mp4,hevc,18,1,99218,146347,
000074.mp4,hevc,28,1,34254,50525,
000074.mp4,hevc,38,1,16785,24758,
000074.mp4,av1,20,1,87564,129157,
000074.mp4,av1,30,1,55095,81266,
000074.mp4,av1,40,1,33353,49197,
000075.mp4,h264,18,1,104251,158463,
000075.mp4,h264,28,1,34164,51930,
000075.mp4,h264,38,1,14457,21976,
000075.mp4,hevc,18,1,97746,148574,
000075.mp4,hevc,28,1,33804,51383,
000075.mp4,hevc,38,1,16603,25237,
000075.mp4,av1,20,1,86805,131945,
000075.mp4,av1,30,1,54532,82889,
000075.mp4,av1,40,1,33162,50407,
000076.mp4,h264,18,1,108022,86958,
000076.mp4,h264,28,1,33791,27202,
000076.mp4,h264,38,1,14200,11431,
000076.mp4,hevc,18,1,102691,82667,
000076.mp4,hevc,28,1,34778,27997,
000076.mp4,hevc,38,1,17883,14396,
000076.mp4,av1,20,1,88555,71287,
000076.mp4,av1,30,1,55419,44613,
000076.mp4,av1,40,1,32447,26120,
000077.mp4,h264,18,1,130608,80324,
000077.mp4,h264,28,1,43879,26986,
000077.mp4,h264,38,1,19095,11744,
000077.mp4,hevc,18,1,122546,75366,
000077.mp4,hevc,28,1,44479,27355,
000077.mp4,hevc,38,1,22738,13984,
000077.mp4,av1,20,1,108284,66595,
000077.mp4,av1,30,1,68873,42357,
000077.mp4,av1,40,1,41993,25826,
000078.mp4,h264,18,1,109636,77842,
000078.mp4,h264,28,1,38012,26989,
000078.mp4,h264,38,1,17273,12264,
000078.mp4,hevc,18,1,104790,74401,
000078.mp4,hevc,28,1,39857,28299,
000078.mp4,hevc,38,1,20859,14810,
000078.mp4,av1,20,1,94046,66773,
000078.mp4,av1,30,1,60298,42812,
000078.mp4,av1,40,1,36939,26227,
000079.mp4,h264,18,1,118529,74081,
000079.mp4,h264,28,1,41177,25736,
000079.mp4,h264,38,1,18372,11483,
000079.mp4,hevc,18,1,111060,69413,
000079.mp4,hevc,28,1,42289,26431,
000079.mp4,hevc,38,1,22129,13831,
000079.mp4,av1,20,1,98948,61843,
000079.mp4,av1,30,1,63649,39781,
000079.mp4,av1,40,1,38987,24367,
000080.mp4,h264,18,1,108374,76946,
000080.mp4,h264,28,1,37650,26732,
000080.mp4,h264,38,1,17138,12168,
000080.mp4,hevc,18,1,103030,73152,
000080.mp4,hevc,28,1,39050,27726,
000080.mp4,hevc,38,1,20811,14776,
000080.mp4,av1,20,1,92329,65554,
000080.mp4,av1,30,1,59584,42305,
000080.mp4,av1,40,1,36207,25707,
000081.mp4,h264,18,1,114686,154827,
000081.mp4,h264,28,1,35788,48314,
000081.mp4,h264,38,1,14818,20005,
000081.mp4,hevc,18,1,107711,145410,
000081.mp4,hevc,28,1,35421,47819,
000081.mp4,hevc,38,1,17231,23262,
000081.mp4,av1,20,1,95095,128379,
000081.mp4,av1,30,1,59651,80530,
000081.mp4,av1,40,1,35365,47744,
000082.mp4,h264,18,1,100426,150640,
000082.mp4,h264,28,1,32685,49028,
000082.mp4,h264,38,1,13650,20475,
000082.mp4,hevc,18,1,93712,140568,
000082.mp4,hevc,28,1,32462,48694,
000082.mp4,hevc,38,1,16107,24161,
000082.mp4,av1,20,1,84586,126880,
000082.mp4,av1,30,1,53090,79636,
000082.mp4,av1,40,1,32452,48678,
000083.mp4,h264,18,1,103887,142845,
000083.mp4,h264,28,1,33712,46355,
000083.mp4,h264,38,1,14083,19365,
000083.mp4,hevc,18,1,96559,132769,
000083.mp4,hevc,28,1,33503,46067,
000083.mp4,hevc,38,1,16464,22638,
000083.mp4,av1,20,1,86639,119129,
000083.mp4,av1,30,1,54745,75275,
000083.mp4,av1,40,1,33661,46285,
000084.mp4,h264,18,1,100751,144578,
000084.mp4,h264,28,1,32840,47126,
000084.mp4,h264,38,1,13945,20012,
000084.mp4,hevc,18,1,93931,134791,
000084.mp4,hevc,28,1,32531,46683,
000084.mp4,hevc,38,1,16266,23342,
000084.mp4,av1,20,1,84336,121023,
000084.mp4,av1,30,1,53650,76989,
000084.mp4,av1,40,1,32857,47150,
000085.mp4,h264,18,1,103795,144276,
000085.mp4,h264,28,1,33389,46411,
000085.mp4,h264,38,1,14145,19662,
000085.mp4,hevc,18,1,95955,133378,
000085.mp4,hevc,28,1,33300,46287,
000085.mp4,hevc,38,1,16464,22886,
000085.mp4,av1,20,1,86379,120068,
000085.mp4,av1,30,1,54607,75905,
000085.mp4,av1,40,1,33446,46491,
000086.mp4,h264,18,1,105152,143008,
000086.mp4,h264,28,1,33869,46062,
000086.mp4,h264,38,1,14157,19254,
000086.mp4,hevc,18,1,96842,131706,
000086.mp4,hevc,28,1,33449,45491,
000086.mp4,hevc,38,1,16457,22382,
000086.mp4,av1,20,1,87289,118714,
000086.mp4,av1,30,1,55232,75116,
000086.mp4,av1,40,1,33668,45789,
000087.mp4,h264,18,1,101748,140413,
000087.mp4,h264,28,1,33108,45690,
000087.mp4,h264,38,1,13978,19291,
000087.mp4,hevc,18,1,95537,131842,
000087.mp4,hevc,28,1,33060,45623,
000087.mp4,hevc,38,1,16371,22593,
000087.mp4,av1,20,1,85981,118655,
000087.mp4,av1,30,1,54315,74955,
000087.mp4,av1,40,1,33197,45813,
000088.mp4,h264,18,1,110511,81226,
000088.mp4,h264,28,1,35000,25725,
000088.mp4,h264,38,1,15000,11025,
000088.mp4,hevc,18,1,103010,75713,
000088.mp4,hevc,28,1,35846,26347,
000088.mp4,hevc,38,1,18906,13896,
000088.mp4,av1,20,1,88628,65142,
000088.mp4,av1,30,1,55697,40938,
000088.mp4,av1,40,1,33904,24920,
000089.mp4,h264,18,1,93601,76753,
000089.mp4,h264,28,1,31310,25675,
000089.mp4,h264,38,1,13728,11257,
000089.mp4,hevc,18,1,90131,73908,
000089.mp4,hevc,28,1,32689,26805,
000089.mp4,hevc,38,1,17685,14502,
000089.mp4,av1,20,1,81489,66821,
000089.mp4,av1,30,1,51896,42555,
000089.mp4,av1,40,1,31987,26230,
000090.mp4,h264,18,1,99632,74226,
000090.mp4,h264,28,1,33036,24612,
000090.mp4,h264,38,1,14676,10934,
000090.mp4,hevc,18,1,93720,69822,
000090.mp4,hevc,28,1,34378,25612,
000090.mp4,hevc,38,1,18297,13632,
000090.mp4,av1,20,1,81985,61079,
000090.mp4,av1,30,1,52366,39013,
000090.mp4,av1,40,1,32459,24182,
000091.mp4,h264,18,1,90321,74064,
000091.mp4,h264,28,1,30856,25302,
000091.mp4,h264,38,1,13673,11212,
000091.mp4,hevc,18,1,88234,72352,
000091.mp4,hevc,28,1,32396,26565,
000091.mp4,hevc,38,1,17512,14360,
000091.mp4,av1,20,1,80170,65740,
000091.mp4,av1,30,1,51330,42091,
000091.mp4,av1,40,1,31640,25945,
000092.mp4,h264,18,1,127286,63643,
000092.mp4,h264,28,1,41902,20951,
000092.mp4,h264,38,1,17914,8957,
000092.mp4,hevc,18,1,123556,61778,
000092.mp4,hevc,28,1,43332,21666,
000092.mp4,hevc,38,1,22372,11186,
000092.mp4,av1,20,1,104842,52421,
000092.mp4,av1,30,1,66268,33134,
000092.mp4,av1,40,1,39800,19900,
000093.mp4,h264,18,1,113265,57199,
000093.mp4,h264,28,1,38879,19634,
000093.mp4,h264,38,1,16728,8448,
000093.mp4,hevc,18,1,111207,56160,
000093.mp4,hevc,28,1,40902,20656,
000093.mp4,hevc,38,1,21726,10972,
000093.mp4,av1,20,1,95683,48320,
000093.mp4,av1,30,1,60400,30502,
000093.mp4,av1,40,1,37613,18995,
000094.mp4,h264,18,1,113607,57372,
000094.mp4,h264,28,1,38837,19613,
000094.mp4,h264,38,1,17370,8772,
000094.mp4,hevc,18,1,110514,55810,
000094.mp4,hevc,28,1,41162,20787,
000094.mp4,hevc,38,1,21643,10930,
000094.mp4,av1,20,1,94493,47719,
000094.mp4,av1,30,1,61095,30853,
000094.mp4,av1,40,1,37596,18986,
000095.mp4,h264,18,1,115158,58155,
000095.mp4,h264,28,1,38249,19316,
000095.mp4,h264,38,1,17231,8702,
000095.mp4,hevc,18,1,109316,55205,
000095.mp4,hevc,28,1,40897,20653,
000095.mp4,hevc,38,1,21764,10991,
000095.mp4,av1,20,1,94021,47481,
000095.mp4,av1,30,1,59651,30124,
000095.mp4,av1,40,1,37053,18712,
000096.mp4,h264,18,1,132978,75133,
000096.mp4,h264,28,1,44104,24919,
000096.mp4,h264,38,1,18798,10621,
000096.mp4,hevc,18,1,128840,72795,
000096.mp4,hevc,28,1,45975,25976,
000096.mp4,hevc,38,1,22867,12920,
000096.mp4,av1,20,1,110605,62492,
000096.mp4,av1,30,1,69074,39027,
000096.mp4,av1,40,1,41603,23506,
000097.mp4,h264,18,1,101795,63622,
000097.mp4,h264,28,1,32854,20534,
000097.mp4,h264,38,1,14460,9038,
000097.mp4,hevc,18,1,96200,60125,
000097.mp4,hevc,28,1,33899,21187,
000097.mp4,hevc,38,1,18916,11823,
000097.mp4,av1,20,1,83115,51947,
000097.mp4,av1,30,1,52497,32811,
000097.mp4,av1,40,1,32448,20280,
000098.mp4,h264,18,1,89661,61418,
000098.mp4,h264,28,1,30294,20752,
000098.mp4,h264,38,1,13389,9172,
000098.mp4,hevc,18,1,85893,58837,
000098.mp4,hevc,28,1,31350,21475,
000098.mp4,hevc,38,1,17725,12142,
000098.mp4,av1,20,1,75719,51868,
000098.mp4,av1,30,1,48912,33505,
000098.mp4,av1,40,1,30135,20643,
000099.mp4,h264,18,1,93796,59561,
000099.mp4,h264,28,1,31163,19789,
000099.mp4,h264,38,1,14100,8954,
000099.mp4,hevc,18,1,88878,56438,
000099.mp4,hevc,28,1,32762,20804,
000099.mp4,hevc,38,1,18585,11802,
000099.mp4,av1,20,1,78296,49718,
000099.mp4,av1,30,1,49297,31304,
000099.mp4,av1,40,1,30771,19540,
000100.mp4,h264,18,1,86914,59102,
000100.mp4,h264,28,1,29322,19939,
000100.mp4,h264,38,1,13352,9080,
000100.mp4,hevc,18,1,82613,56177,
000100.mp4,hevc,28,1,31094,21144,
000100.mp4,hevc,38,1,17964,12216,
000100.mp4,av1,20,1,73350,49878,
000100.mp4,av1,30,1,47180,32083,
000100.mp4,av1,40,1,29591,20122,
000101.mp4,h264,18,1,124217,77015,
000101.mp4,h264,28,1,40579,25159,
000101.mp4,h264,38,1,17064,10580,
000101.mp4,hevc,18,1,118791,73651,
000101.mp4,hevc,28,1,41253,25577,
000101.mp4,hevc,38,1,20695,12831,
000101.mp4,av1,20,1,100608,62377,
000101.mp4,av1,30,1,62588,38805,
000101.mp4,av1,40,1,37595,23309,
000102.mp4,h264,18,1,117992,58996,
000102.mp4,h264,28,1,38204,19102,
000102.mp4,h264,38,1,16356,8178,
000102.mp4,hevc,18,1,117738,58869,
000102.mp4,hevc,28,1,42440,21220,
000102.mp4,hevc,38,1,22324,11162,
000102.mp4,av1,20,1,103020,51510,
000102.mp4,av1,30,1,65270,32635,
000102.mp4,av1,40,1,39870,19935,
000103.mp4,h264,18,1,104482,57988,
000103.mp4,h264,28,1,34720,19270,
000103.mp4,h264,38,1,15086,8373,
000103.mp4,hevc,18,1,107846,59855,
000103.mp4,hevc,28,1,39616,21987,
000103.mp4,hevc,38,1,20749,11516,
000103.mp4,av1,20,1,96814,53732,
000103.mp4,av1,30,1,61612,34195,
000103.mp4,av1,40,1,37414,20765,
000104.mp4,h264,18,1,109972,55536,
000104.mp4,h264,28,1,36982,18676,
000104.mp4,h264,38,1,15819,7989,
000104.mp4,hevc,18,1,113512,57324,
000104.mp4,hevc,28,1,41853,21136,
000104.mp4,hevc,38,1,21847,11033,
000104.mp4,av1,20,1,100847,50928,
000104.mp4,av1,30,1,64548,32597,
000104.mp4,av1,40,1,39211,19802,
000105.mp4,h264,18,1,104929,58236,
000105.mp4,h264,28,1,34371,19076,
000105.mp4,h264,38,1,14754,8189,
000105.mp4,hevc,18,1,106079,58874,
000105.mp4,hevc,28,1,38870,21573,
000105.mp4,hevc,38,1,20717,11498,
000105.mp4,av1,20,1,94891,52665,
000105.mp4,av1,30,1,60308,33471,
000105.mp4,av1,40,1,36809,20429,
000106.mp4,h264,18,1,101268,70888,
000106.mp4,h264,28,1,31128,21790,
000106.mp4,h264,38,1,13068,9148,
000106.mp4,hevc,18,1,99884,69919,
000106.mp4,hevc,28,1,34674,24272,
000106.mp4,hevc,38,1,18672,13071,
000106.mp4,av1,20,1,85887,60121,
000106.mp4,av1,30,1,54598,38219,
000106.mp4,av1,40,1,33215,23251,
000107.mp4,h264,18,1,94562,69976,
000107.mp4,h264,28,1,29354,21722,
000107.mp4,h264,38,1,12604,9327,
000107.mp4,hevc,18,1,93855,69453,
000107.mp4,hevc,28,1,33651,24902,
000107.mp4,hevc,38,1,17775,13154,
000107.mp4,av1,20,1,83508,61796,
000107.mp4,av1,30,1,52171,38607,
000107.mp4,av1,40,1,32294,23898,
000108.mp4,h264,18,1,96201,68303,
000108.mp4,h264,28,1,30136,21397,
000108.mp4,h264,38,1,12869,9137,
000108.mp4,hevc,18,1,95078,67506,
000108.mp4,hevc,28,1,34266,24329,
000108.mp4,hevc,38,1,18150,12887,
000108.mp4,av1,20,1,85012,60359,
000108.mp4,av1,30,1,53771,38178,
000108.mp4,av1,40,1,33419,23728,
000109.mp4,h264,18,1,91004,67343,
000109.mp4,h264,28,1,28452,21055,
000109.mp4,h264,38,1,12289,9094,
000109.mp4,hevc,18,1,91867,67982,
000109.mp4,hevc,28,1,32940,24376,
000109.mp4,hevc,38,1,17708,13104,
000109.mp4,av1,20,1,81240,60118,
000109.mp4,av1,30,1,51433,38061,
000109.mp4,av1,40,1,31854,23572,
000110.mp4,h264,18,1,129737,158928,
000110.mp4,h264,28,1,42196,51691,
000110.mp4,h264,38,1,16692,20448,
000110.mp4,hevc,18,1,127742,156484,
000110.mp4,hevc,28,1,44198,54143,
000110.mp4,hevc,38,1,20011,24514,
000110.mp4,av1,20,1,116417,142611,
000110.mp4,av1,30,1,73191,89660,
000110.mp4,av1,40,1,43760,53606,
000111.mp4,h264,18,1,149256,110450,
000111.mp4,h264,28,1,51174,37869,
000111.mp4,h264,38,1,20962,15512,
000111.mp4,hevc,18,1,147839,109401,
000111.mp4,hevc,28,1,52394,38772,
000111.mp4,hevc,38,1,24302,17984,
000111.mp4,av1,20,1,133445,98750,
000111.mp4,av1,30,1,83617,61877,
000111.mp4,av1,40,1,50493,37365,
000112.mp4,h264,18,1,133285,94633,
000112.mp4,h264,28,1,43247,30706,
000112.mp4,h264,38,1,17845,12670,
000112.mp4,hevc,18,1,130005,92304,
000112.mp4,hevc,28,1,45705,32451,
000112.mp4,hevc,38,1,21661,15380,
000112.mp4,av1,20,1,114005,80944,
000112.mp4,av1,30,1,71274,50605,
000112.mp4,av1,40,1,43188,30664,
000113.mp4,h264,18,1,118848,85571,
000113.mp4,h264,28,1,40006,28805,
000113.mp4,h264,38,1,16531,11903,
000113.mp4,hevc,18,1,121555,87520,
000113.mp4,hevc,28,1,43430,31270,
000113.mp4,hevc,38,1,21208,15270,
000113.mp4,av1,20,1,107581,77459,
000113.mp4,av1,30,1,67913,48898,
000113.mp4,av1,40,1,41275,29718,
000114.mp4,h264,18,1,120633,86253,
000114.mp4,h264,28,1,40528,28978,
000114.mp4,h264,38,1,16537,11824,
000114.mp4,hevc,18,1,121158,86628,
000114.mp4,hevc,28,1,43246,30921,
000114.mp4,hevc,38,1,21068,15064,
000114.mp4,av1,20,1,107555,76902,
000114.mp4,av1,30,1,67962,48593,
000114.mp4,av1,40,1,41225,29476,
000115.mp4,h264,18,1,117009,84247,
000115.mp4,h264,28,1,39912,28737,
000115.mp4,h264,38,1,16465,11855,
000115.mp4,hevc,18,1,120050,86436,
000115.mp4,hevc,28,1,43466,31296,
000115.mp4,hevc,38,1,21025,15138,
000115.mp4,av1,20,1,105854,76215,
000115.mp4,av1,30,1,66947,48202,
000115.mp4,av1,40,1,40841,29406,
000116.mp4,h264,18,1,170001,174252,
000116.mp4,h264,28,1,59026,60502,
000116.mp4,h264,38,1,23202,23783,
000116.mp4,hevc,18,1,159489,163477,
000116.mp4,hevc,28,1,55541,56930,
000116.mp4,hevc,38,1,24338,24947,
000116.mp4,av1,20,1,148035,151736,
000116.mp4,av1,30,1,90714,92982,
000116.mp4,av1,40,1,52429,53740,
000117.mp4,h264,18,1,142594,168261,
000117.mp4,h264,28,1,47912,56537,
000117.mp4,h264,38,1,18912,22317,
000117.mp4,hevc,18,1,138181,163054,
000117.mp4,hevc,28,1,48695,57461,
000117.mp4,hevc,38,1,21497,25367,
000117.mp4,av1,20,1,128890,152091,
000117.mp4,av1,30,1,80299,94753,
000117.mp4,av1,40,1,46977,55433,
000118.mp4,h264,18,1,159781,165374,
000118.mp4,h264,28,1,53860,55746,
000118.mp4,h264,38,1,20956,21690,
000118.mp4,hevc,18,1,152287,157618,
000118.mp4,hevc,28,1,53593,55469,
000118.mp4,hevc,38,1,23106,23915,
000118.mp4,av1,20,1,139011,143877,
000118.mp4,av1,30,1,86536,89565,
000118.mp4,av1,40,1,50588,52359,
000119.mp4,h264,18,1,138201,165842,
000119.mp4,h264,28,1,47064,56477,
000119.mp4,h264,38,1,18654,22385,
000119.mp4,hevc,18,1,132945,159534,
000119.mp4,hevc,28,1,47150,56581,
000119.mp4,hevc,38,1,21161,25394,
000119.mp4,av1,20,1,126028,151234,
000119.mp4,av1,30,1,78640,94368,
000119.mp4,av1,40,1,45541,54650,
000120.mp4,h264,18,1,134500,67923,
000120.mp4,h264,28,1,43358,21896,
000120.mp4,h264,38,1,18786,9487,
000120.mp4,hevc,18,1,133562,67449,
000120.mp4,hevc,28,1,47687,24082,
000120.mp4,hevc,38,1,23877,12058,
000120.mp4,av1,20,1,117283,59228,
000120.mp4,av1,30,1,74166,37454,
000120.mp4,av1,40,1,44473,22459,
000121.mp4,h264,18,1,104921,62428,
000121.mp4,h264,28,1,33021,19648,
000121.mp4,h264,38,1,14442,8593,
000121.mp4,hevc,18,1,105460,62749,
000121.mp4,hevc,28,1,37136,22096,
000121.mp4,hevc,38,1,20332,12098,
000121.mp4,av1,20,1,90374,53773,
000121.mp4,av1,30,1,57695,34329,
000121.mp4,av1,40,1,36230,21557,
000122.mp4,h264,18,1,120608,81411,
000122.mp4,h264,28,1,37545,25343,
000122.mp4,h264,38,1,15274,10310,
000122.mp4,hevc,18,1,125059,84415,
000122.mp4,hevc,28,1,42177,28470,
000122.mp4,hevc,38,1,20456,13808,
000122.mp4,av1,20,1,107760,72738,
000122.mp4,av1,30,1,67354,45464,
000122.mp4,av1,40,1,40989,27668,
000123.mp4,h264,18,1,107096,80322,
000123.mp4,h264,28,1,33688,25266,
000123.mp4,h264,38,1,14142,10607,
000123.mp4,hevc,18,1,109912,82434,
000123.mp4,hevc,28,1,38666,29000,
000123.mp4,hevc,38,1,19257,14443,
000123.mp4,av1,20,1,100240,75180,
000123.mp4,av1,30,1,61953,46465,
000123.mp4,av1,40,1,37794,28346,
000124.mp4,h264,18,1,112675,77183,
000124.mp4,h264,28,1,35648,24419,
000124.mp4,h264,38,1,14837,10164,
000124.mp4,hevc,18,1,116531,79824,
000124.mp4,hevc,28,1,40861,27990,
000124.mp4,hevc,38,1,20103,13771,
000124.mp4,av1,20,1,102582,70269,
000124.mp4,av1,30,1,64764,44364,
000124.mp4,av1,40,1,39715,27205,
000125.mp4,h264,18,1,104389,78814,
000125.mp4,h264,28,1,32727,24709,
000125.mp4,h264,38,1,13823,10437,
000125.mp4,hevc,18,1,106735,80585,
000125.mp4,hevc,28,1,37651,28427,
000125.mp4,hevc,38,1,18728,14140,
000125.mp4,av1,20,1,96076,72538,
000125.mp4,av1,30,1,59945,45259,
000125.mp4,av1,40,1,36864,27833,
000126.mp4,h264,18,1,152830,143661,
000126.mp4,h264,28,1,49061,46118,
000126.mp4,h264,38,1,18448,17342,
000126.mp4,hevc,18,1,146260,137485,
000126.mp4,hevc,28,1,49976,46978,
000126.mp4,hevc,38,1,21906,20592,
000126.mp4,av1,20,1,131897,123984,
000126.mp4,av1,30,1,82930,77955,
000126.mp4,av1,40,1,49907,46913,
000127.mp4,h264,18,1,136835,130678,
000127.mp4,h264,28,1,45459,43414,
000127.mp4,h264,38,1,16892,16132,
000127.mp4,hevc,18,1,135461,129366,
000127.mp4,hevc,28,1,47371,45240,
000127.mp4,hevc,38,1,21350,20390,
000127.mp4,av1,20,1,122590,117074,
000127.mp4,av1,30,1,77078,73610,
000127.mp4,av1,40,1,46050,43978,
000128.mp4,h264,18,1,137857,130275,
000128.mp4,h264,28,1,45398,42902,
000128.mp4,h264,38,1,17107,16167,
000128.mp4,hevc,18,1,135777,128310,
000128.mp4,hevc,28,1,47378,44773,
000128.mp4,hevc,38,1,21393,20217,
000128.mp4,av1,20,1,122796,116043,
000128.mp4,av1,30,1,77817,73538,
000128.mp4,av1,40,1,46565,44004,
000129.mp4,h264,18,1,136607,130460,
000129.mp4,h264,28,1,44558,42553,
000129.mp4,h264,38,1,16915,16154,
000129.mp4,hevc,18,1,133842,127820,
000129.mp4,hevc,28,1,46883,44774,
000129.mp4,hevc,38,1,21086,20138,
000129.mp4,av1,20,1,122175,116678,
000129.mp4,av1,30,1,76898,73438,
000129.mp4,av1,40,1,46279,44197,
000130.mp4,h264,18,1,103673,75682,
000130.mp4,h264,28,1,32195,23503,
000130.mp4,h264,38,1,13213,9646,
000130.mp4,hevc,18,1,104819,76518,
000130.mp4,hevc,28,1,35839,26163,
000130.mp4,hevc,38,1,18567,13554,
000130.mp4,av1,20,1,93280,68095,
000130.mp4,av1,30,1,59250,43253,
000130.mp4,av1,40,1,36658,26761,
000131.mp4,h264,18,1,96123,75457,
000131.mp4,h264,28,1,30414,23875,
000131.mp4,h264,38,1,12756,10014,
000131.mp4,hevc,18,1,97691,76688,
000131.mp4,hevc,28,1,34471,27060,
000131.mp4,hevc,38,1,18087,14199,
000131.mp4,av1,20,1,87862,68972,
000131.mp4,av1,30,1,55789,43795,
000131.mp4,av1,40,1,34450,27044,
000132.mp4,h264,18,1,98235,72694,
000132.mp4,h264,28,1,31071,22993,
000132.mp4,h264,38,1,13440,9946,
000132.mp4,hevc,18,1,99398,73555,
000132.mp4,hevc,28,1,35052,25939,
000132.mp4,hevc,38,1,18283,13530,
000132.mp4,av1,20,1,88445,65450,
000132.mp4,av1,30,1,56120,41529,
000132.mp4,av1,40,1,35204,26051,
000133.mp4,h264,18,1,94662,74783,
000133.mp4,h264,28,1,30012,23710,
000133.mp4,h264,38,1,12662,10003,
000133.mp4,hevc,18,1,94730,74837,
000133.mp4,hevc,28,1,33965,26833,
000133.mp4,hevc,38,1,17764,14034,
000133.mp4,av1,20,1,85282,67373,
000133.mp4,av1,30,1,53202,42030,
000133.mp4,av1,40,1,34044,26895,
000134.mp4,h264,18,1,167490,174190,
000134.mp4,h264,28,1,59069,61432,
000134.mp4,h264,38,1,23764,24715,
000134.mp4,hevc,18,1,164012,170573,
000134.mp4,hevc,28,1,58701,61050,
000134.mp4,hevc,38,1,26335,27389,
000134.mp4,av1,20,1,154385,160561,
000134.mp4,av1,30,1,96357,100212,
000134.mp4,av1,40,1,57465,59764,
000135.mp4,h264,18,1,159919,167116,
000135.mp4,h264,28,1,55350,57841,
000135.mp4,h264,38,1,22530,23544,
000135.mp4,hevc,18,1,155023,162000,
000135.mp4,hevc,28,1,56370,58907,
000135.mp4,hevc,38,1,25272,26410,
000135.mp4,av1,20,1,145103,151633,
000135.mp4,av1,30,1,92155,96303,
000135.mp4,av1,40,1,54517,56971,
000136.mp4,h264,18,1,158858,166007,
000136.mp4,h264,28,1,55722,58230,
000136.mp4,h264,38,1,22602,23620,
000136.mp4,hevc,18,1,155409,162403,
000136.mp4,hevc,28,1,56287,58820,
000136.mp4,hevc,38,1,25403,26547,
000136.mp4,av1,20,1,146605,153203,
000136.mp4,av1,30,1,92494,96657,
000136.mp4,av1,40,1,54608,57066,
000137.mp4,h264,18,1,160474,167696,
000137.mp4,h264,28,1,55353,57844,
000137.mp4,h264,38,1,22581,23598,
000137.mp4,hevc,18,1,155449,162445,
000137.mp4,hevc,28,1,56505,59048,
000137.mp4,hevc,38,1,25309,26448,
000137.mp4,av1,20,1,146914,153526,
000137.mp4,av1,30,1,92867,97047,
000137.mp4,av1,40,1,54852,57321,
000138.mp4,h264,18,1,116260,61618,
000138.mp4,h264,28,1,36507,19349,
000138.mp4,h264,38,1,15403,8164,
000138.mp4,hevc,18,1,117101,62064,
000138.mp4,hevc,28,1,41190,21831,
000138.mp4,hevc,38,1,21298,11288,
000138.mp4,av1,20,1,98237,52066,
000138.mp4,av1,30,1,61860,32786,
000138.mp4,av1,40,1,38677,20499,
000139.mp4,h264,18,1,131587,95401,
000139.mp4,h264,28,1,42540,30842,
000139.mp4,h264,38,1,17573,12741,
000139.mp4,hevc,18,1,127961,92772,
000139.mp4,hevc,28,1,44064,31947,
000139.mp4,hevc,38,1,21325,15461,
000139.mp4,av1,20,1,116426,84409,
000139.mp4,av1,30,1,71924,52145,
000139.mp4,av1,40,1,43375,31447,
000140.mp4,h264,18,1,118819,90897,
000140.mp4,h264,28,1,38958,29803,
000140.mp4,h264,38,1,16752,12816,
000140.mp4,hevc,18,1,117900,90194,
000140.mp4,hevc,28,1,42509,32520,
000140.mp4,hevc,38,1,20785,15901,
000140.mp4,av1,20,1,108385,82915,
000140.mp4,av1,30,1,68202,52175,
000140.mp4,av1,40,1,41267,31570,
000141.mp4,h264,18,1,120202,88349,
000141.mp4,h264,28,1,39779,29238,
000141.mp4,h264,38,1,17106,12573,
000141.mp4,hevc,18,1,119829,88075,
000141.mp4,hevc,28,1,43061,31650,
000141.mp4,hevc,38,1,21103,15511,
000141.mp4,av1,20,1,109653,80595,
000141.mp4,av1,30,1,68429,50296,
000141.mp4,av1,40,1,41757,30692,
000142.mp4,h264,18,1,118071,90325,
000142.mp4,h264,28,1,38262,29271,
000142.mp4,h264,38,1,16490,12615,
000142.mp4,hevc,18,1,116356,89013,
000142.mp4,hevc,28,1,41920,32069,
000142.mp4,hevc,38,1,20648,15796,
000142.mp4,av1,20,1,107028,81877,
000142.mp4,av1,30,1,67305,51489,
000142.mp4,av1,40,1,41287,31585,
000143.mp4,h264,18,1,107451,95632,
000143.mp4,h264,28,1,31733,28243,
000143.mp4,h264,38,1,13034,11601,
000143.mp4,hevc,18,1,104914,93374,
000143.mp4,hevc,28,1,34875,31039,
000143.mp4,hevc,38,1,17173,15284,
000143.mp4,av1,20,1,96443,85835,
000143.mp4,av1,30,1,60004,53404,
000143.mp4,av1,40,1,36203,32221,
000144.mp4,h264,18,1,91178,89811,
000144.mp4,h264,28,1,29219,28781,
000144.mp4,h264,38,1,12445,12259,
000144.mp4,hevc,18,1,93707,92302,
000144.mp4,hevc,28,1,32387,31902,
000144.mp4,hevc,38,1,16458,16212,
000144.mp4,av1,20,1,86965,85661,
000144.mp4,av1,30,1,54570,53752,
000144.mp4,av1,40,1,33741,33235,
000145.mp4,h264,18,1,94960,85464,
000145.mp4,h264,28,1,30816,27735,
000145.mp4,h264,38,1,13022,11720,
000145.mp4,hevc,18,1,97932,88139,
000145.mp4,hevc,28,1,33871,30484,
000145.mp4,hevc,38,1,17153,15438,
000145.mp4,av1,20,1,90390,81351,
000145.mp4,av1,30,1,57234,51511,
000145.mp4,av1,40,1,35770,32193,
000146.mp4,h264,18,1,89207,87869,
000146.mp4,h264,28,1,28754,28323,
000146.mp4,h264,38,1,12255,12072,
000146.mp4,hevc,18,1,90811,89449,
000146.mp4,hevc,28,1,31410,30939,
000146.mp4,hevc,38,1,16224,15981,
000146.mp4,av1,20,1,84777,83506,
000146.mp4,av1,30,1,53589,52786,
000146.mp4,av1,40,1,33166,32669,
000147.mp4,h264,18,1,128943,68340,
000147.mp4,h264,28,1,42664,22612,
000147.mp4,h264,38,1,18467,9788,
000147.mp4,hevc,18,1,128788,68258,
000147.mp4,hevc,28,1,46252,24514,
000147.mp4,hevc,38,1,23298,12348,
000147.mp4,av1,20,1,115769,61358,
000147.mp4,av1,30,1,73288,38843,
000147.mp4,av1,40,1,44264,23460,
000148.mp4,h264,18,1,112493,68621,
000148.mp4,h264,28,1,37614,22945,
000148.mp4,h264,38,1,16634,10147,
000148.mp4,hevc,18,1,111968,68301,
000148.mp4,hevc,28,1,41329,25211,
000148.mp4,hevc,38,1,21616,13186,
000148.mp4,av1,20,1,102809,62714,
000148.mp4,av1,30,1,64777,39514,
000148.mp4,av1,40,1,39924,24354,
000149.mp4,h264,18,1,120403,65018,
000149.mp4,h264,28,1,40118,21664,
000149.mp4,h264,38,1,17527,9465,
000149.mp4,hevc,18,1,118253,63857,
000149.mp4,hevc,28,1,43777,23640,
000149.mp4,hevc,38,1,22879,12355,
000149.mp4,av1,20,1,105705,57081,
000149.mp4,av1,30,1,67462,36430,
000149.mp4,av1,40,1,41625,22478,
000150.mp4,h264,18,1,108645,66274,
000150.mp4,h264,28,1,36596,22324,
000150.mp4,h264,38,1,16406,10008,
000150.mp4,hevc,18,1,109614,66865,
000150.mp4,hevc,28,1,40608,24771,
000150.mp4,hevc,38,1,21545,13143,
000150.mp4,av1,20,1,99406,60638,
000150.mp4,av1,30,1,64152,39133,
000150.mp4,av1,40,1,39672,24200,
000151.mp4,h264,18,1,138856,119417,
000151.mp4,h264,28,1,46158,39696,
000151.mp4,h264,38,1,18653,16042,
000151.mp4,hevc,18,1,134409,115592,
000151.mp4,hevc,28,1,46476,39970,
000151.mp4,hevc,38,1,21417,18419,
000151.mp4,av1,20,1,124797,107326,
000151.mp4,av1,30,1,78173,67229,
000151.mp4,av1,40,1,46019,39577,
000152.mp4,h264,18,1,124868,112382,
000152.mp4,h264,28,1,42482,38234,
000152.mp4,h264,38,1,17100,15390,
000152.mp4,hevc,18,1,121594,109435,
000152.mp4,hevc,28,1,43597,39238,
000152.mp4,hevc,38,1,20506,18456,
000152.mp4,av1,20,1,114676,103209,
000152.mp4,av1,30,1,71825,64643,
000152.mp4,av1,40,1,42415,38174,
000153.mp4,h264,18,1,126775,110295,
000153.mp4,h264,28,1,43118,37513,
000153.mp4,h264,38,1,17509,15233,
000153.mp4,hevc,18,1,122542,106612,
000153.mp4,hevc,28,1,43989,38271,
000153.mp4,hevc,38,1,20863,18151,
000153.mp4,av1,20,1,114850,99920,
000153.mp4,av1,30,1,72679,63231,
000153.mp4,av1,40,1,43495,37841,
000154.mp4,h264,18,1,123376,111039,
000154.mp4,h264,28,1,41972,37775,
000154.mp4,h264,38,1,17056,15351,
000154.mp4,hevc,18,1,121431,109288,
000154.mp4,hevc,28,1,43190,38871,
000154.mp4,hevc,38,1,20525,18473,
000154.mp4,av1,20,1,113355,102020,
000154.mp4,av1,30,1,71371,64234,
000154.mp4,av1,40,1,42640,38376,
000155.mp4,h264,18,1,133625,168368,
000155.mp4,h264,28,1,42978,54153,
000155.mp4,h264,38,1,17292,21789,
000155.mp4,hevc,18,1,129325,162950,
000155.mp4,hevc,28,1,43721,55089,
000155.mp4,hevc,38,1,20150,25389,
000155.mp4,av1,20,1,118008,148691,
000155.mp4,av1,30,1,74512,93886,
000155.mp4,av1,40,1,44415,55964,
000156.mp4,h264,18,1,134823,134823,
000156.mp4,h264,28,1,42117,42117,
000156.mp4,h264,38,1,17206,17206,
000156.mp4,hevc,18,1,129890,129890,
000156.mp4,hevc,28,1,44099,44099,
000156.mp4,hevc,38,1,20710,20710,
000156.mp4,av1,20,1,117638,117638,
000156.mp4,av1,30,1,74372,74372,
000156.mp4,av1,40,1,44844,44844,
000157.mp4,h264,18,1,119122,128652,
000157.mp4,h264,28,1,38968,42086,
000157.mp4,h264,38,1,16108,17397,
000157.mp4,hevc,18,1,115079,124286,
000157.mp4,hevc,28,1,40912,44186,
000157.mp4,hevc,38,1,19938,21534,
000157.mp4,av1,20,1,107360,115949,
000157.mp4,av1,30,1,68277,73740,
000157.mp4,av1,40,1,41291,44595,
000158.mp4,h264,18,1,120799,122611,
000158.mp4,h264,28,1,40260,40864,
000158.mp4,h264,38,1,16671,16922,
000158.mp4,hevc,18,1,118262,120036,
000158.mp4,hevc,28,1,42232,42866,
000158.mp4,hevc,38,1,20331,20636,
000158.mp4,av1,20,1,110884,112548,
000158.mp4,av1,30,1,70165,71218,
000158.mp4,av1,40,1,42673,43314,
000159.mp4,h264,18,1,118050,121592,
000159.mp4,h264,28,1,39588,40776,
000159.mp4,h264,38,1,16578,17076,
000159.mp4,hevc,18,1,116722,120224,
000159.mp4,hevc,28,1,41565,42812,
000159.mp4,hevc,38,1,20226,20833,
000159.mp4,av1,20,1,108442,111696,
000159.mp4,av1,30,1,69055,71127,
000159.mp4,av1,40,1,41907,43165,
000160.mp4,h264,18,1,162513,152763,
000160.mp4,h264,28,1,54640,51362,
000160.mp4,h264,38,1,22267,20931,
000160.mp4,hevc,18,1,157206,147774,
000160.mp4,hevc,28,1,55111,51805,
000160.mp4,hevc,38,1,24590,23115,
000160.mp4,av1,20,1,151145,142077,
000160.mp4,av1,30,1,94503,88833,
000160.mp4,av1,40,1,55768,52422,
000161.mp4,h264,18,1,149033,142327,
000161.mp4,h264,28,1,51443,49129,
000161.mp4,h264,38,1,21206,20252,
000161.mp4,hevc,18,1,147279,140652,
000161.mp4,hevc,28,1,52855,50477,
000161.mp4,hevc,38,1,23949,22872,
000161.mp4,av1,20,1,140461,134141,
000161.mp4,av1,30,1,89161,85149,
000161.mp4,av1,40,1,52640,50272,
000162.mp4,h264,18,1,146703,138635,
000162.mp4,h264,28,1,51113,48302,
000162.mp4,h264,38,1,20917,19767,
000162.mp4,hevc,18,1,146044,138012,
000162.mp4,hevc,28,1,53177,50253,
000162.mp4,hevc,38,1,24192,22862,
000162.mp4,av1,20,1,140241,132528,
000162.mp4,av1,30,1,89330,84417,
000162.mp4,av1,40,1,53310,50378,
000163.mp4,h264,18,1,146211,139632,
000163.mp4,h264,28,1,50463,48193,
000163.mp4,h264,38,1,21039,20093,
000163.mp4,hevc,18,1,146087,139514,
000163.mp4,hevc,28,1,52669,50299,
000163.mp4,hevc,38,1,24055,22973,
000163.mp4,av1,20,1,140178,133870,
000163.mp4,av1,30,1,87830,83878,
000163.mp4,av1,40,1,52696,50325,
000164.mp4,h264,18,1,156277,220351,
000164.mp4,h264,28,1,53207,75022,
000164.mp4,h264,38,1,21031,29654,
000164.mp4,hevc,18,1,153490,216422,
000164.mp4,hevc,28,1,52039,73375,
000164.mp4,hevc,38,1,22298,31441,
000164.mp4,av1,20,1,140296,197818,
000164.mp4,av1,30,1,87146,122876,
000164.mp4,av1,40,1,51645,72820,
000165.mp4,h264,18,1,141098,210237,
000165.mp4,h264,28,1,47159,70267,
000165.mp4,h264,38,1,19120,28490,
000165.mp4,hevc,18,1,135604,202050,
000165.mp4,hevc,28,1,47424,70663,
000165.mp4,hevc,38,1,21008,31302,
000165.mp4,av1,20,1,126742,188846,
000165.mp4,av1,30,1,79910,119067,
000165.mp4,av1,40,1,47719,71102,
000166.mp4,h264,18,1,141079,201038,
000166.mp4,h264,28,1,48136,68594,
000166.mp4,h264,38,1,19515,27809,
000166.mp4,hevc,18,1,140609,200368,
000166.mp4,hevc,28,1,49222,70142,
000166.mp4,hevc,38,1,21473,30600,
000166.mp4,av1,20,1,129723,184856,
000166.mp4,av1,30,1,81178,115680,
000166.mp4,av1,40,1,48284,68805,
000167.mp4,h264,18,1,143353,213597,
000167.mp4,h264,28,1,47564,70871,
000167.mp4,h264,38,1,18976,28275,
000167.mp4,hevc,18,1,136955,204064,
000167.mp4,hevc,28,1,47843,71287,
000167.mp4,hevc,38,1,21081,31411,
000167.mp4,av1,20,1,128830,191957,
000167.mp4,av1,30,1,80861,120483,
000167.mp4,av1,40,1,47947,71442,
000168.mp4,h264,18,1,141367,205689,
000168.mp4,h264,28,1,48292,70266,
000168.mp4,h264,38,1,19108,27803,
000168.mp4,hevc,18,1,140248,204062,
000168.mp4,hevc,28,1,48796,70999,
000168.mp4,hevc,38,1,21478,31251,
000168.mp4,av1,20,1,129314,188153,
000168.mp4,av1,30,1,81113,118020,
000168.mp4,av1,40,1,48184,70109,
000169.mp4,h264,18,1,146192,207593,
000169.mp4,h264,28,1,48961,69526,
000169.mp4,h264,38,1,19453,27624,
000169.mp4,hevc,18,1,141138,200417,
000169.mp4,hevc,28,1,49311,70023,
000169.mp4,hevc,38,1,21598,30670,
000169.mp4,av1,20,1,129865,184409,
000169.mp4,av1,30,1,82121,116613,
000169.mp4,av1,40,1,48553,68946,
000170.mp4,h264,18,1,140196,203986,
000170.mp4,h264,28,1,47781,69522,
000170.mp4,h264,38,1,19134,27840,
000170.mp4,hevc,18,1,140461,204371,
000170.mp4,hevc,28,1,48659,70800,
000170.mp4,hevc,38,1,21336,31044,
000170.mp4,av1,20,1,129305,188140,
000170.mp4,av1,30,1,81098,117999,
000170.mp4,av1,40,1,48421,70454,
000171.mp4,h264,18,1,140891,250082,
000171.mp4,h264,28,1,44902,79702,
000171.mp4,h264,38,1,17382,30854,
000171.mp4,hevc,18,1,136718,242675,
000171.mp4,hevc,28,1,44623,79207,
000171.mp4,hevc,38,1,19661,34900,
000171.mp4,av1,20,1,124813,221544,
000171.mp4,av1,30,1,76892,136484,
000171.mp4,av1,40,1,45250,80319,
000172.mp4,h264,18,1,122827,236443,
000172.mp4,h264,28,1,40846,78629,
000172.mp4,h264,38,1,16420,31610,
000172.mp4,hevc,18,1,121113,233144,
000172.mp4,hevc,28,1,41601,80082,
000172.mp4,hevc,38,1,18695,35988,
000172.mp4,av1,20,1,113751,218971,
000172.mp4,av1,30,1,71148,136960,
000172.mp4,av1,40,1,42481,81777,
000173.mp4,h264,18,1,126524,227744,
000173.mp4,h264,28,1,42272,76091,
000173.mp4,h264,38,1,16825,30286,
000173.mp4,hevc,18,1,124697,224456,
000173.mp4,hevc,28,1,42780,77005,
000173.mp4,hevc,38,1,19150,34471,
000173.mp4,av1,20,1,116230,209214,
000173.mp4,av1,30,1,72863,131155,
000173.mp4,av1,40,1,43598,78477,
000174.mp4,h264,18,1,123751,231415,
000174.mp4,h264,28,1,41158,76967,
000174.mp4,h264,38,1,16521,30896,
000174.mp4,hevc,18,1,121820,227804,
000174.mp4,hevc,28,1,41749,78072,
000174.mp4,hevc,38,1,18764,35089,
000174.mp4,av1,20,1,114365,213863,
000174.mp4,av1,30,1,71728,134132,
000174.mp4,av1,40,1,42881,80188,
000175.mp4,h264,18,1,127181,232743,
000175.mp4,h264,28,1,41865,76613,
000175.mp4,h264,38,1,16719,30596,
000175.mp4,hevc,18,1,123773,226506,
000175.mp4,hevc,28,1,42534,77839,
000175.mp4,hevc,38,1,19040,34844,
000175.mp4,av1,20,1,115179,210778,
000175.mp4,av1,30,1,72086,131918,
000175.mp4,av1,40,1,43030,78745,
000176.mp4,h264,18,1,126631,226038,
000176.mp4,h264,28,1,42137,75216,
000176.mp4,h264,38,1,16775,29944,
000176.mp4,hevc,18,1,125242,223557,
000176.mp4,hevc,28,1,42836,76463,
000176.mp4,hevc,38,1,19172,34223,
000176.mp4,av1,20,1,116324,207640,
000176.mp4,av1,30,1,72696,129764,
000176.mp4,av1,40,1,43343,77368,
000177.mp4,h264,18,1,126472,231445,
000177.mp4,h264,28,1,41526,75994,
000177.mp4,h264,38,1,16722,30602,
000177.mp4,hevc,18,1,123238,225526,
000177.mp4,hevc,28,1,42239,77298,
000177.mp4,hevc,38,1,18960,34697,
000177.mp4,av1,20,1,114353,209267,
000177.mp4,av1,30,1,71830,131450,
000177.mp4,av1,40,1,42765,78260,
000178.mp4,h264,18,1,154603,119818,
000178.mp4,h264,28,1,52957,41042,
000178.mp4,h264,38,1,21908,16979,
000178.mp4,hevc,18,1,151054,117067,
000178.mp4,hevc,28,1,54165,41978,
000178.mp4,hevc,38,1,24970,19352,
000178.mp4,av1,20,1,141529,109685,
000178.mp4,av1,30,1,88667,68717,
000178.mp4,av1,40,1,52290,40525,
000179.mp4,h264,18,1,132719,116793,
000179.mp4,h264,28,1,46347,40786,
000179.mp4,h264,38,1,19590,17240,
000179.mp4,hevc,18,1,128675,113234,
000179.mp4,hevc,28,1,47630,41915,
000179.mp4,hevc,38,1,22817,20079,
000179.mp4,av1,20,1,124189,109287,
000179.mp4,av1,30,1,78402,68994,
000179.mp4,av1,40,1,46681,41080,
000180.mp4,h264,18,1,144941,113779,
000180.mp4,h264,28,1,50431,39589,
000180.mp4,h264,38,1,20850,16368,
000180.mp4,hevc,18,1,139557,109553,
000180.mp4,hevc,28,1,51496,40425,
000180.mp4,hevc,38,1,24133,18945,
000180.mp4,av1,20,1,130272,102264,
000180.mp4,av1,30,1,82650,64881,
000180.mp4,av1,40,1,49231,38647,
000181.mp4,h264,18,1,126366,112466,
000181.mp4,h264,28,1,44982,40034,
000181.mp4,h264,38,1,19193,17082,
000181.mp4,hevc,18,1,127834,113773,
000181.mp4,hevc,28,1,47019,41847,
000181.mp4,hevc,38,1,22567,20085,
000181.mp4,av1,20,1,123222,109668,
000181.mp4,av1,30,1,78269,69660,
000181.mp4,av1,40,1,46839,41687,
000182.mp4,h264,18,1,151690,147140,
000182.mp4,h264,28,1,50815,49291,
000182.mp4,h264,38,1,20155,19551,
000182.mp4,hevc,18,1,145177,140822,
000182.mp4,hevc,28,1,50295,48787,
000182.mp4,hevc,38,1,22598,21921,
000182.mp4,av1,20,1,134293,130265,
000182.mp4,av1,30,1,83800,81286,
000182.mp4,av1,40,1,49152,47678,
000183.mp4,h264,18,1,127960,141396,
000183.mp4,h264,28,1,43314,47862,
000183.mp4,h264,38,1,17717,19578,
000183.mp4,hevc,18,1,125883,139101,
000183.mp4,hevc,28,1,44790,49494,
000183.mp4,hevc,38,1,20680,22852,
000183.mp4,av1,20,1,118795,131269,
000183.mp4,av1,30,1,74414,82228,
000183.mp4,av1,40,1,44155,48792,
000184.mp4,h264,18,1,138804,136028,
000184.mp4,h264,28,1,46837,45901,
000184.mp4,h264,38,1,19023,18643,
000184.mp4,hevc,18,1,137529,134779,
000184.mp4,hevc,28,1,48527,47557,
000184.mp4,hevc,38,1,22042,21602,
000184.mp4,av1,20,1,127220,124676,
000184.mp4,av1,30,1,79873,78276,
000184.mp4,av1,40,1,47386,46439,
000185.mp4,h264,18,1,126484,142295,
000185.mp4,h264,28,1,41737,46955,
000185.mp4,h264,38,1,17192,19342,
000185.mp4,hevc,18,1,122195,137470,
000185.mp4,hevc,28,1,43198,48598,
000185.mp4,hevc,38,1,20016,22519,
000185.mp4,av1,20,1,115448,129879,
000185.mp4,av1,30,1,72365,81411,
000185.mp4,av1,40,1,43261,48669,
000186.mp4,h264,18,1,132130,145343,
000186.mp4,h264,28,1,41021,45124,
000186.mp4,h264,38,1,16611,18273,
000186.mp4,hevc,18,1,128484,141333,
000186.mp4,hevc,28,1,42683,46952,
000186.mp4,hevc,38,1,19332,21266,
000186.mp4,av1,20,1,114611,126073,
000186.mp4,av1,30,1,71212,78334,
000186.mp4,av1,40,1,42603,46864,
000187.mp4,h264,18,1,135359,215221,
000187.mp4,h264,28,1,44710,71089,
000187.mp4,h264,38,1,18055,28709,
000187.mp4,hevc,18,1,128835,204849,
000187.mp4,hevc,28,1,43961,69899,
000187.mp4,hevc,38,1,19993,31790,
000187.mp4,av1,20,1,119124,189408,
000187.mp4,av1,30,1,74730,118821,
000187.mp4,av1,40,1,44816,71258,
000188.mp4,h264,18,1,119351,205881,
000188.mp4,h264,28,1,41310,71260,
000188.mp4,h264,38,1,17181,29638,
000188.mp4,hevc,18,1,115905,199937,
000188.mp4,hevc,28,1,41436,71478,
000188.mp4,hevc,38,1,19105,32957,
000188.mp4,av1,20,1,109569,189008,
000188.mp4,av1,30,1,69166,119313,
000188.mp4,av1,40,1,41783,72077,
000189.mp4,h264,18,1,123079,198774,
000189.mp4,h264,28,1,42094,67983,
000189.mp4,h264,38,1,17487,28242,
000189.mp4,hevc,18,1,117873,190366,
000189.mp4,hevc,28,1,42187,68133,
000189.mp4,hevc,38,1,19393,31321,
000189.mp4,av1,20,1,111840,180623,
000189.mp4,av1,30,1,70543,113927,
000189.mp4,av1,40,1,42502,68641,
000190.mp4,h264,18,1,118453,201964,
000190.mp4,h264,28,1,40980,69872,
000190.mp4,h264,38,1,17087,29135,
000190.mp4,hevc,18,1,114382,195022,
000190.mp4,hevc,28,1,40897,69731,
000190.mp4,hevc,38,1,18984,32369,
000190.mp4,av1,20,1,109615,186894,
000190.mp4,av1,30,1,69368,118273,
000190.mp4,av1,40,1,41688,71079,
000191.mp4,h264,18,1,121093,201015,
000191.mp4,h264,28,1,41662,69160,
000191.mp4,h264,38,1,17183,28524,
000191.mp4,hevc,18,1,117723,195421,
000191.mp4,hevc,28,1,41890,69539,
000191.mp4,hevc,38,1,19214,31896,
000191.mp4,av1,20,1,111663,185361,
000191.mp4,av1,30,1,70450,116947,
000191.mp4,av1,40,1,42097,69882,
000192.mp4,h264,18,1,122923,197293,
000192.mp4,h264,28,1,42745,68606,
000192.mp4,h264,38,1,17946,28804,
000192.mp4,hevc,18,1,118273,189829,
000192.mp4,hevc,28,1,41950,67330,
000192.mp4,hevc,38,1,19284,30952,
000192.mp4,av1,20,1,111690,179263,
000192.mp4,av1,30,1,69935,112246,
000192.mp4,av1,40,1,42246,67806,
000193.mp4,h264,18,1,125087,202641,
000193.mp4,h264,28,1,42628,69058,
000193.mp4,h264,38,1,17570,28464,
000193.mp4,hevc,18,1,119219,193135,
000193.mp4,hevc,28,1,42303,68531,
000193.mp4,hevc,38,1,19507,31602,
000193.mp4,av1,20,1,113265,183490,
000193.mp4,av1,30,1,71452,115753,
000193.mp4,av1,40,1,42888,69479,
000194.mp4,h264,18,1,130148,88501,
000194.mp4,h264,28,1,40091,27262,
000194.mp4,h264,38,1,16580,11275,
000194.mp4,hevc,18,1,127138,86454,
000194.mp4,hevc,28,1,43461,29554,
000194.mp4,hevc,38,1,21326,14502,
000194.mp4,av1,20,1,111330,75705,
000194.mp4,av1,30,1,69875,47515,
000194.mp4,av1,40,1,42251,28731,
000195.mp4,h264,18,1,91911,137408,
000195.mp4,h264,28,1,26002,38874,
000195.mp4,h264,38,1,11096,16590,
000195.mp4,hevc,18,1,88650,132533,
000195.mp4,hevc,28,1,28360,42399,
000195.mp4,hevc,38,1,14272,21337,
000195.mp4,av1,20,1,79365,118651,
000195.mp4,av1,30,1,49044,73322,
000195.mp4,av1,40,1,29664,44349,
000196.mp4,h264,18,1,83121,133825,
000196.mp4,h264,28,1,24867,40036,
000196.mp4,h264,38,1,10650,17148,
000196.mp4,hevc,18,1,79504,128003,
000196.mp4,hevc,28,1,26881,43280,
000196.mp4,hevc,38,1,13994,22531,
000196.mp4,av1,20,1,72681,117017,
000196.mp4,av1,30,1,45353,73019,
000196.mp4,av1,40,1,27719,44629,
000197.mp4,h264,18,1,83061,125008,
000197.mp4,h264,28,1,25630,38574,
000197.mp4,h264,38,1,11055,16639,
000197.mp4,hevc,18,1,82033,123461,
000197.mp4,hevc,28,1,27540,41449,
000197.mp4,hevc,38,1,14132,21269,
000197.mp4,av1,20,1,73980,111341,
000197.mp4,av1,30,1,47055,70818,
000197.mp4,av1,40,1,28817,43371,
000198.mp4,h264,18,1,81406,130657,
000198.mp4,h264,28,1,24333,39055,
000198.mp4,h264,38,1,10597,17009,
000198.mp4,hevc,18,1,77571,124503,
000198.mp4,hevc,28,1,26393,42361,
000198.mp4,hevc,38,1,13932,22361,
000198.mp4,av1,20,1,71070,114068,
000198.mp4,av1,30,1,44925,72106,
000198.mp4,av1,40,1,27461,44076,
000199.mp4,h264,18,1,130155,143822,
000199.mp4,h264,28,1,42550,47018,
000199.mp4,h264,38,1,17773,19640,
000199.mp4,hevc,18,1,124954,138075,
000199.mp4,hevc,28,1,42515,46980,
000199.mp4,hevc,38,1,20019,22122,
000199.mp4,av1,20,1,113785,125733,
000199.mp4,av1,30,1,71011,78468,
000199.mp4,av1,40,1,43066,47588,
000200.mp4,h264,18,1,112737,139795,
000200.mp4,h264,28,1,37345,46308,
000200.mp4,h264,38,1,15821,19619,
000200.mp4,hevc,18,1,108658,134736,
000200.mp4,hevc,28,1,38210,47381,
000200.mp4,hevc,38,1,18748,23248,
000200.mp4,av1,20,1,103923,128865,
000200.mp4,av1,30,1,64949,80537,
000200.mp4,av1,40,1,39334,48775,
000201.mp4,h264,18,1,122609,137323,
000201.mp4,h264,28,1,40314,45152,
000201.mp4,h264,38,1,16903,18932,
000201.mp4,hevc,18,1,116570,130559,
000201.mp4,hevc,28,1,41266,46219,
000201.mp4,hevc,38,1,19790,22165,
000201.mp4,av1,20,1,107672,120593,
000201.mp4,av1,30,1,67672,75793,
000201.mp4,av1,40,1,40833,45733,
000202.mp4,h264,18,1,117345,136121,
000202.mp4,h264,28,1,38716,44911,
000202.mp4,h264,38,1,16641,19304,
000202.mp4,hevc,18,1,111488,129327,
000202.mp4,hevc,28,1,39518,45842,
000202.mp4,hevc,38,1,19180,22249,
000202.mp4,av1,20,1,104675,121424,
000202.mp4,av1,30,1,66056,76625,
000202.mp4,av1,40,1,39955,46348,
000203.mp4,h264,18,1,177176,90360,
000203.mp4,h264,28,1,61501,31366,
000203.mp4,h264,38,1,24547,12519,
000203.mp4,hevc,18,1,185633,94673,
000203.mp4,hevc,28,1,62668,31961,
000203.mp4,hevc,38,1,28805,14691,
000203.mp4,av1,20,1,167347,85347,
000203.mp4,av1,30,1,102562,52307,
000203.mp4,av1,40,1,60872,31045,
000204.mp4,h264,18,1,159655,92600,
000204.mp4,h264,28,1,53186,30848,
000204.mp4,h264,38,1,21553,12501,
000204.mp4,hevc,18,1,162812,94431,
000204.mp4,hevc,28,1,56555,32802,
000204.mp4,hevc,38,1,26348,15282,
000204.mp4,av1,20,1,148868,86344,
000204.mp4,av1,30,1,92886,53874,
000204.mp4,av1,40,1,55651,32278,
000205.mp4,h264,18,1,168705,87727,
000205.mp4,h264,28,1,56678,29473,
000205.mp4,h264,38,1,22836,11875,
000205.mp4,hevc,18,1,174530,90756,
000205.mp4,hevc,28,1,60988,31714,
000205.mp4,hevc,38,1,28109,14617,
000205.mp4,av1,20,1,158940,82649,
000205.mp4,av1,30,1,99096,51530,
000205.mp4,av1,40,1,58342,30338,
000206.mp4,h264,18,1,149058,86454,
000206.mp4,h264,28,1,50812,29471,
000206.mp4,h264,38,1,20755,12038,
000206.mp4,hevc,18,1,158998,92219,
000206.mp4,hevc,28,1,55544,32216,
000206.mp4,hevc,38,1,26089,15132,
000206.mp4,av1,20,1,145591,84443,
000206.mp4,av1,30,1,89972,52184,
000206.mp4,av1,40,1,54584,31659,
000207.mp4,h264,18,1,149176,107407,
000207.mp4,h264,28,1,47912,34497,
000207.mp4,h264,38,1,19213,13834,
000207.mp4,hevc,18,1,148140,106661,
000207.mp4,hevc,28,1,49265,35471,
000207.mp4,hevc,38,1,23075,16614,
000207.mp4,av1,20,1,130655,94072,
000207.mp4,av1,30,1,80475,57942,
000207.mp4,av1,40,1,47673,34325,
000208.mp4,h264,18,1,186277,110835,
000208.mp4,h264,28,1,66581,39616,
000208.mp4,h264,38,1,27551,16393,
000208.mp4,hevc,18,1,185773,110535,
000208.mp4,hevc,28,1,64793,38552,
000208.mp4,hevc,38,1,28694,17073,
000208.mp4,av1,20,1,168008,99965,
000208.mp4,av1,30,1,103606,61646,
000208.mp4,av1,40,1,61363,36511,
000209.mp4,h264,18,1,170402,72421,
000209.mp4,h264,28,1,61432,26109,
000209.mp4,h264,38,1,26447,11240,
000209.mp4,hevc,18,1,173028,73537,
000209.mp4,hevc,28,1,63442,26963,
000209.mp4,hevc,38,1,30155,12816,
000209.mp4,av1,20,1,154178,65526,
000209.mp4,av1,30,1,96623,41065,
000209.mp4,av1,40,1,57995,24648,
000211.mp4,h264,18,1,181356,78890,
000211.mp4,h264,28,1,65443,28468,
000211.mp4,h264,38,1,27875,12126,
000211.mp4,hevc,18,1,181156,78803,
000211.mp4,hevc,28,1,67314,29282,
000211.mp4,hevc,38,1,31163,13556,
000211.mp4,av1,20,1,162471,70675,
000211.mp4,av1,30,1,101625,44207,
000211.mp4,av1,40,1,60593,26358,
000212.mp4,h264,18,1,175208,136663,
000212.mp4,h264,28,1,58655,45751,
000212.mp4,h264,38,1,24082,18784,
000212.mp4,hevc,18,1,170480,132975,
000212.mp4,hevc,28,1,56874,44362,
000212.mp4,hevc,38,1,24930,19446,
000212.mp4,av1,20,1,152933,119288,
000212.mp4,av1,30,1,94367,73607,
000212.mp4,av1,40,1,55702,43448,
000213.mp4,h264,18,1,146500,126723,
000213.mp4,h264,28,1,50095,43333,
000213.mp4,h264,38,1,20580,17802,
000213.mp4,hevc,18,1,147810,127856,
000213.mp4,hevc,28,1,50735,43886,
000213.mp4,hevc,38,1,22935,19839,
000213.mp4,av1,20,1,136261,117866,
000213.mp4,av1,30,1,84850,73396,
000213.mp4,av1,40,1,50322,43529,
000214.mp4,h264,18,1,155929,123184,
000214.mp4,h264,28,1,52558,41521,
000214.mp4,h264,38,1,21378,16889,
000214.mp4,hevc,18,1,155593,122919,
000214.mp4,hevc,28,1,53517,42279,
000214.mp4,hevc,38,1,24069,19015,
000214.mp4,av1,20,1,140150,110719,
000214.mp4,av1,30,1,87848,69400,
000214.mp4,av1,40,1,51593,40759,
000215.mp4,h264,18,1,147932,127962,
000215.mp4,h264,28,1,49719,43007,
000215.mp4,h264,38,1,20789,17983,
000215.mp4,hevc,18,1,144596,125076,
000215.mp4,hevc,28,1,50543,43720,
000215.mp4,hevc,38,1,22885,19796,
000215.mp4,av1,20,1,135188,116938,
000215.mp4,av1,30,1,84321,72938,
000215.mp4,av1,40,1,50186,43411,
000216.mp4,h264,18,1,183119,102547,
000216.mp4,h264,28,1,64551,36149,
000216.mp4,h264,38,1,26173,14657,
000216.mp4,hevc,18,1,181833,101827,
000216.mp4,hevc,28,1,64314,36016,
000216.mp4,hevc,38,1,28533,15979,
000216.mp4,av1,20,1,161533,90459,
000216.mp4,av1,30,1,99892,55940,
000216.mp4,av1,40,1,58216,32601,
000217.mp4,h264,18,1,155528,100316,
000217.mp4,h264,28,1,53947,34796,
000217.mp4,h264,38,1,21658,13970,
000217.mp4,hevc,18,1,156055,100656,
000217.mp4,hevc,28,1,55886,36047,
000217.mp4,hevc,38,1,25706,16581,
000217.mp4,av1,20,1,142279,91770,
000217.mp4,av1,30,1,88748,57243,
000217.mp4,av1,40,1,52849,34088,
000218.mp4,h264,18,1,171608,98675,
000218.mp4,h264,28,1,59215,34049,
000218.mp4,h264,38,1,23542,13537,
000218.mp4,hevc,18,1,168685,96994,
000218.mp4,hevc,28,1,60528,34804,
000218.mp4,hevc,38,1,27453,15786,
000218.mp4,av1,20,1,152191,87510,
000218.mp4,av1,30,1,95280,54786,
000218.mp4,av1,40,1,55513,31920,
000219.mp4,h264,18,1,158749,100012,
000219.mp4,h264,28,1,54152,34116,
000219.mp4,h264,38,1,22033,13881,
000219.mp4,hevc,18,1,155706,98095,
000219.mp4,hevc,28,1,56095,35340,
000219.mp4,hevc,38,1,25887,16309,
000219.mp4,av1,20,1,140176,88311,
000219.mp4,av1,30,1,87806,55318,
000219.mp4,av1,40,1,52480,33063,
000220.mp4,h264,18,1,149710,83838,
000220.mp4,h264,28,1,49712,27839,
000220.mp4,h264,38,1,20562,11515,
000220.mp4,hevc,18,1,152323,85301,
000220.mp4,hevc,28,1,52482,29390,
000220.mp4,hevc,38,1,24355,13639,
000220.mp4,av1,20,1,132101,73977,
000220.mp4,av1,30,1,82194,46029,
000220.mp4,av1,40,1,49032,27458,
000221.mp4,h264,18,1,128865,82474,
000221.mp4,h264,28,1,42670,27309,
000221.mp4,h264,38,1,17667,11307,
000221.mp4,hevc,18,1,130920,83789,
000221.mp4,hevc,28,1,46926,30033,
000221.mp4,hevc,38,1,22565,14442,
000221.mp4,av1,20,1,116101,74305,
000221.mp4,av1,30,1,73053,46754,
000221.mp4,av1,40,1,44129,28243,
000222.mp4,h264,18,1,134426,77295,
000222.mp4,h264,28,1,46135,26528,
000222.mp4,h264,38,1,19243,11065,
000222.mp4,hevc,18,1,138120,79419,
000222.mp4,hevc,28,1,49478,28450,
000222.mp4,hevc,38,1,23796,13683,
000222.mp4,av1,20,1,124827,71776,
000222.mp4,av1,30,1,77280,44436,
000222.mp4,av1,40,1,46907,26972,
000223.mp4,h264,18,1,130186,76810,
000223.mp4,h264,28,1,44533,26275,
000223.mp4,h264,38,1,18967,11191,
000223.mp4,hevc,18,1,134705,79476,
000223.mp4,hevc,28,1,48094,28376,
000223.mp4,hevc,38,1,23225,13703,
000223.mp4,av1,20,1,120938,71354,
000223.mp4,av1,30,1,75762,44700,
000223.mp4,av1,40,1,45832,27041,
000224.mp4,h264,18,1,164882,138501,
000224.mp4,h264,28,1,55430,46562,
000224.mp4,h264,38,1,22323,18752,
000224.mp4,hevc,18,1,165407,138942,
000224.mp4,hevc,28,1,54939,46149,
000224.mp4,hevc,38,1,23873,20054,
000224.mp4,av1,20,1,151884,127583,
000224.mp4,av1,30,1,93250,78330,
000224.mp4,av1,40,1,54848,46073,
000225.mp4,h264,18,1,138048,132527,
000225.mp4,h264,28,1,46901,45025,
000225.mp4,h264,38,1,18872,18118,
000225.mp4,hevc,18,1,141098,135455,
000225.mp4,hevc,28,1,48889,46934,
000225.mp4,hevc,38,1,22028,21147,
000225.mp4,av1,20,1,129577,124394,
000225.mp4,av1,30,1,81522,78262,
000225.mp4,av1,40,1,48565,46623,
000226.mp4,h264,18,1,153162,130188,
000226.mp4,h264,28,1,50509,42933,
000226.mp4,h264,38,1,20020,17017,
000226.mp4,hevc,18,1,151764,129000,
000226.mp4,hevc,28,1,51984,44187,
000226.mp4,hevc,38,1,23309,19813,
000226.mp4,av1,20,1,138805,117985,
000226.mp4,av1,30,1,86372,73417,
000226.mp4,av1,40,1,51603,43863,
000227.mp4,h264,18,1,138311,133471,
000227.mp4,h264,28,1,45661,44063,
000227.mp4,h264,38,1,18398,17755,
000227.mp4,hevc,18,1,137570,132756,
000227.mp4,hevc,28,1,47751,46080,
000227.mp4,hevc,38,1,21433,20683,
000227.mp4,av1,20,1,126722,122287,
000227.mp4,av1,30,1,78968,76205,
000227.mp4,av1,40,1,47848,46174,
000228.mp4,h264,18,1,192891,180354,
000228.mp4,h264,28,1,71067,66448,
000228.mp4,h264,38,1,29267,27365,
000228.mp4,hevc,18,1,190245,177880,
000228.mp4,hevc,28,1,66568,62242,
000228.mp4,hevc,38,1,28269,26432,
000228.mp4,av1,20,1,177479,165943,
000228.mp4,av1,30,1,109522,102404,
000228.mp4,av1,40,1,64519,60326,
000229.mp4,h264,18,1,173023,182540,
000229.mp4,h264,28,1,60628,63963,
000229.mp4,h264,38,1,25081,26461,
000229.mp4,hevc,18,1,166397,175549,
000229.mp4,hevc,28,1,59389,62656,
000229.mp4,hevc,38,1,26139,27577,
000229.mp4,av1,20,1,157880,166564,
000229.mp4,av1,30,1,99232,104690,
000229.mp4,av1,40,1,58003,61194,
000230.mp4,h264,18,1,179193,169338,
000230.mp4,h264,28,1,64348,60809,
000230.mp4,h264,38,1,26530,25071,
000230.mp4,hevc,18,1,175437,165788,
000230.mp4,hevc,28,1,62851,59395,
000230.mp4,hevc,38,1,27274,25774,
000230.mp4,av1,20,1,162341,153413,
000230.mp4,av1,30,1,101795,96197,
000230.mp4,av1,40,1,59993,56694,
000231.mp4,h264,18,1,170253,179617,
000231.mp4,h264,28,1,60283,63599,
000231.mp4,h264,38,1,25066,26445,
000231.mp4,hevc,18,1,164426,173470,
000231.mp4,hevc,28,1,59195,62451,
000231.mp4,hevc,38,1,25917,27343,
000231.mp4,av1,20,1,156018,164600,
000231.mp4,av1,30,1,97820,103201,
000231.mp4,av1,40,1,57859,61042,
000232.mp4,h264,18,1,153241,88114,
000232.mp4,h264,28,1,52862,30396,
000232.mp4,h264,38,1,22259,12799,
000232.mp4,hevc,18,1,153093,88029,
000232.mp4,hevc,28,1,53560,30797,
000232.mp4,hevc,38,1,25231,14508,
000232.mp4,av1,20,1,136459,78464,
000232.mp4,av1,30,1,86313,49630,
000232.mp4,av1,40,1,50935,29288,
000233.mp4,h264,18,1,133343,87340,
000233.mp4,h264,28,1,45218,29618,
000233.mp4,h264,38,1,19178,12562,
000233.mp4,hevc,18,1,132427,86740,
000233.mp4,hevc,28,1,47512,31121,
000233.mp4,hevc,38,1,23003,15067,
000233.mp4,av1,20,1,120232,78752,
000233.mp4,av1,30,1,75117,49202,
000233.mp4,av1,40,1,45961,30105,
000234.mp4,h264,18,1,138081,81468,
000234.mp4,h264,28,1,47937,28283,
000234.mp4,h264,38,1,20233,11938,
000234.mp4,hevc,18,1,139805,82485,
000234.mp4,hevc,28,1,50494,29792,
000234.mp4,hevc,38,1,24462,14433,
000234.mp4,av1,20,1,125164,73847,
000234.mp4,av1,30,1,79223,46742,
000234.mp4,av1,40,1,46961,27707,
000235.mp4,h264,18,1,135899,82219,
000235.mp4,h264,28,1,47305,28620,
000235.mp4,h264,38,1,20181,12210,
000235.mp4,hevc,18,1,135145,81763,
000235.mp4,hevc,28,1,49120,29718,
000235.mp4,hevc,38,1,23904,14462,
000235.mp4,av1,20,1,123198,74535,
000235.mp4,av1,30,1,77639,46972,
000235.mp4,av1,40,1,46798,28313,
000236.mp4,h264,18,1,178792,95654,
000236.mp4,h264,28,1,64200,34347,
000236.mp4,h264,38,1,26592,14227,
000236.mp4,hevc,18,1,176669,94518,
000236.mp4,hevc,28,1,60685,32467,
000236.mp4,hevc,38,1,27743,14843,
000236.mp4,av1,20,1,156818,83898,
000236.mp4,av1,30,1,96549,51654,
000236.mp4,av1,40,1,56753,30363,
000237.mp4,h264,18,1,199748,166790,
000237.mp4,h264,28,1,67122,56047,
000237.mp4,h264,38,1,25570,21351,
000237.mp4,hevc,18,1,197720,165097,
000237.mp4,hevc,28,1,64409,53782,
000237.mp4,hevc,38,1,26870,22437,
000237.mp4,av1,20,1,190722,159253,
000237.mp4,av1,30,1,115209,96200,
000237.mp4,av1,40,1,65700,54860,
000238.mp4,h264,18,1,173434,156958,
000238.mp4,h264,28,1,58411,52862,
000238.mp4,h264,38,1,22769,20606,
000238.mp4,hevc,18,1,174187,157640,
000238.mp4,hevc,28,1,58854,53263,
000238.mp4,hevc,38,1,25211,22816,
000238.mp4,av1,20,1,169629,153515,
000238.mp4,av1,30,1,103688,93838,
000238.mp4,av1,40,1,60153,54439,
000239.mp4,h264,18,1,184670,156970,
000239.mp4,h264,28,1,60950,51808,
000239.mp4,h264,38,1,23643,20097,
000239.mp4,hevc,18,1,179968,152973,
000239.mp4,hevc,28,1,60337,51287,
000239.mp4,hevc,38,1,26020,22117,
000239.mp4,av1,20,1,172765,146851,
000239.mp4,av1,30,1,106683,90681,
000239.mp4,av1,40,1,62224,52891,
000240.mp4,h264,18,1,179376,155161,
000240.mp4,h264,28,1,60186,52061,
000240.mp4,h264,38,1,23312,20165,
000240.mp4,hevc,18,1,180423,156066,
000240.mp4,hevc,28,1,60589,52410,
000240.mp4,hevc,38,1,25805,22322,
000240.mp4,av1,20,1,171480,148331,
000240.mp4,av1,30,1,105319,91101,
000240.mp4,av1,40,1,61169,52912,
000241.mp4,h264,18,1,310300,176871,
000241.mp4,h264,28,1,112985,64402,
000241.mp4,h264,38,1,44152,25167,
000241.mp4,hevc,18,1,304742,173703,
000241.mp4,hevc,28,1,107136,61068,
000241.mp4,hevc,38,1,42810,24402,
000241.mp4,av1,20,1,317189,180798,
000241.mp4,av1,30,1,199314,113609,
000241.mp4,av1,40,1,108994,62127,
000242.mp4,h264,18,1,274097,171311,
000242.mp4,h264,28,1,96316,60198,
000242.mp4,h264,38,1,37288,23305,
000242.mp4,hevc,18,1,272950,170594,
000242.mp4,hevc,28,1,97715,61072,
000242.mp4,hevc,38,1,39720,24825,
000242.mp4,av1,20,1,278956,174348,
000242.mp4,av1,30,1,175758,109849,
000242.mp4,av1,40,1,97198,60749,
000243.mp4,h264,18,1,289074,167663,
000243.mp4,h264,28,1,101524,58884,
000243.mp4,h264,38,1,39389,22846,
000243.mp4,hevc,18,1,289191,167731,
000243.mp4,hevc,28,1,103158,59832,
000243.mp4,hevc,38,1,41494,24067,
000243.mp4,av1,20,1,300341,174198,
000243.mp4,av1,30,1,186936,108423,
000243.mp4,av1,40,1,102582,59498,
000244.mp4,h264,18,1,278270,173919,
000244.mp4,h264,28,1,96931,60582,
000244.mp4,h264,38,1,38168,23855,
000244.mp4,hevc,18,1,274456,171535,
000244.mp4,hevc,28,1,98406,61504,
000244.mp4,hevc,38,1,39950,24969,
000244.mp4,av1,20,1,283745,177341,
000244.mp4,av1,30,1,177699,111062,
000244.mp4,av1,40,1,98523,61577,
000245.mp4,h264,18,1,201054,136717,
000245.mp4,h264,28,1,62132,42250,
000245.mp4,h264,38,1,22376,15216,
000245.mp4,hevc,18,1,202266,137541,
000245.mp4,hevc,28,1,65200,44336,
000245.mp4,hevc,38,1,27869,18951,
000245.mp4,av1,20,1,191139,129975,
000245.mp4,av1,30,1,113644,77278,
000245.mp4,av1,40,1,65476,44524,
000246.mp4,h264,18,1,225857,114058,
000246.mp4,h264,28,1,78124,39453,
000246.mp4,h264,38,1,29990,15145,
000246.mp4,hevc,18,1,233211,117772,
000246.mp4,hevc,28,1,78786,39787,
000246.mp4,hevc,38,1,33295,16814,
000246.mp4,av1,20,1,224346,113295,
000246.mp4,av1,30,1,136978,69174,
000246.mp4,av1,40,1,77556,39166,
000247.mp4,h264,18,1,198669,106288,
000247.mp4,h264,28,1,67476,36100,
000247.mp4,h264,38,1,26269,14054,
000247.mp4,hevc,18,1,206323,110383,
000247.mp4,hevc,28,1,72128,38589,
000247.mp4,hevc,38,1,31514,16860,
000247.mp4,av1,20,1,196134,104932,
000247.mp4,av1,30,1,121730,65126,
000247.mp4,av1,40,1,71201,38093,
000248.mp4,h264,18,1,200070,102036,
000248.mp4,h264,28,1,69143,35263,
000248.mp4,h264,38,1,26870,13704,
000248.mp4,hevc,18,1,209041,106611,
000248.mp4,hevc,28,1,73745,37610,
000248.mp4,hevc,38,1,31986,16313,
000248.mp4,av1,20,1,198537,101254,
000248.mp4,av1,30,1,123868,63173,
000248.mp4,av1,40,1,71182,36303,
000249.mp4,h264,18,1,207371,108870,
000249.mp4,h264,28,1,69200,36330,
000249.mp4,h264,38,1,26868,14106,
000249.mp4,hevc,18,1,206441,108382,
000249.mp4,hevc,28,1,72487,38056,
000249.mp4,hevc,38,1,31291,16428,
000249.mp4,av1,20,1,199933,104965,
000249.mp4,av1,30,1,123752,64970,
000249.mp4,av1,40,1,72118,37862,
000250.mp4,h264,18,1,189308,94654,
000250.mp4,h264,28,1,61454,30727,
000250.mp4,h264,38,1,23454,11727,
000250.mp4,hevc,18,1,193798,96899,
000250.mp4,hevc,28,1,65562,32781,
000250.mp4,hevc,38,1,29070,14535,
000250.mp4,av1,20,1,180022,90011,
000250.mp4,av1,30,1,110116,55058,
000250.mp4,av1,40,1,62642,31321,
000251.mp4,h264,18,1,155204,93899,
000251.mp4,h264,28,1,51471,31140,
000251.mp4,h264,38,1,19758,11954,
000251.mp4,hevc,18,1,162671,98416,
000251.mp4,hevc,28,1,57505,34791,
000251.mp4,hevc,38,1,26216,15861,
000251.mp4,av1,20,1,152895,92502,
000251.mp4,av1,30,1,96028,58097,
000251.mp4,av1,40,1,56890,34419,
000252.mp4,h264,18,1,172750,88103,
000252.mp4,h264,28,1,56762,28949,
000252.mp4,h264,38,1,22362,11405,
000252.mp4,hevc,18,1,178543,91057,
000252.mp4,hevc,28,1,62617,31935,
000252.mp4,hevc,38,1,28398,14483,
000252.mp4,av1,20,1,163264,83265,
000252.mp4,av1,30,1,102582,52317,
000252.mp4,av1,40,1,59484,30337,
000253.mp4,h264,18,1,146633,88713,
000253.mp4,h264,28,1,49580,29996,
000253.mp4,h264,38,1,19532,11817,
000253.mp4,hevc,18,1,158758,96049,
000253.mp4,hevc,28,1,56011,33887,
000253.mp4,hevc,38,1,25813,15617,
000253.mp4,av1,20,1,148102,89602,
000253.mp4,av1,30,1,94431,57131,
000253.mp4,av1,40,1,56811,34371,
000254.mp4,h264,18,1,183934,112200,
000254.mp4,h264,28,1,60744,37054,
000254.mp4,h264,38,1,23009,14036,
000254.mp4,hevc,18,1,197416,120424,
000254.mp4,hevc,28,1,63373,38658,
000254.mp4,hevc,38,1,27547,16804,
000254.mp4,av1,20,1,182686,111439,
000254.mp4,av1,30,1,110855,67622,
000254.mp4,av1,40,1,64216,39172,
000255.mp4,h264,18,1,167488,111380,
000255.mp4,h264,28,1,54947,36540,
000255.mp4,h264,38,1,21117,14043,
000255.mp4,hevc,18,1,175314,116584,
000255.mp4,hevc,28,1,58649,39002,
000255.mp4,hevc,38,1,26051,17324,
000255.mp4,av1,20,1,164521,109407,
000255.mp4,av1,30,1,101780,67684,
000255.mp4,av1,40,1,59822,39782,
000256.mp4,h264,18,1,171016,106030,
000256.mp4,h264,28,1,56943,35305,
000256.mp4,h264,38,1,21720,13467,
000256.mp4,hevc,18,1,182924,113413,
000256.mp4,hevc,28,1,60753,37667,
000256.mp4,hevc,38,1,26411,16375,
000256.mp4,av1,20,1,167474,103834,
000256.mp4,av1,30,1,104791,64971,
000256.mp4,av1,40,1,60827,37713,
000257.mp4,h264,18,1,159978,106386,
000257.mp4,h264,28,1,53798,35776,
000257.mp4,h264,38,1,20646,13730,
000257.mp4,hevc,18,1,173613,115453,
000257.mp4,hevc,28,1,58267,38748,
000257.mp4,hevc,38,1,25956,17261,
000257.mp4,av1,20,1,162845,108292,
000257.mp4,av1,30,1,100581,66887,
000257.mp4,av1,40,1,59467,39546,
000258.mp4,h264,18,1,145694,160992,
000258.mp4,h264,28,1,45230,49980,
000258.mp4,h264,38,1,17472,19307,
000258.mp4,hevc,18,1,140523,155278,
000258.mp4,hevc,28,1,45966,50793,
000258.mp4,hevc,38,1,20722,22898,
000258.mp4,av1,20,1,125614,138804,
000258.mp4,av1,30,1,78429,86665,
000258.mp4,av1,40,1,46860,51781,
000259.mp4,h264,18,1,123203,150924,
000259.mp4,h264,28,1,39228,48055,
000259.mp4,h264,38,1,15409,18877,
000259.mp4,hevc,18,1,123193,150912,
000259.mp4,hevc,28,1,41666,51042,
000259.mp4,hevc,38,1,19413,23782,
000259.mp4,av1,20,1,112791,138170,
000259.mp4,av1,30,1,71333,87383,
000259.mp4,av1,40,1,43323,53071,
000260.mp4,h264,18,1,131326,146429,
000260.mp4,h264,28,1,41202,45941,
000260.mp4,h264,38,1,15838,17660,
000260.mp4,hevc,18,1,129893,144831,
000260.mp4,hevc,28,1,44054,49121,
000260.mp4,hevc,38,1,20146,22463,
000260.mp4,av1,20,1,117503,131016,
000260.mp4,av1,30,1,74383,82938,
000260.mp4,av1,40,1,44831,49987,
000261.mp4,h264,18,1,123475,151257,
000261.mp4,h264,28,1,38794,47523,
000261.mp4,h264,38,1,15247,18678,
000261.mp4,hevc,18,1,120444,147544,
000261.mp4,hevc,28,1,41647,51018,
000261.mp4,hevc,38,1,19395,23760,
000261.mp4,av1,20,1,110286,135101,
000261.mp4,av1,30,1,70090,85861,
000261.mp4,av1,40,1,42658,52257,
000262.mp4,h264,18,1,155314,194920,
000262.mp4,h264,28,1,50053,62817,
000262.mp4,h264,38,1,19046,23903,
000262.mp4,hevc,18,1,147578,185211,
000262.mp4,hevc,28,1,48047,60300,
000262.mp4,hevc,38,1,21042,26408,
000262.mp4,av1,20,1,131730,165322,
000262.mp4,av1,30,1,80224,100682,
000262.mp4,av1,40,1,46924,58890,
000263.mp4,h264,18,1,136783,190813,
000263.mp4,h264,28,1,44721,62386,
000263.mp4,h264,38,1,17506,24422,
000263.mp4,hevc,18,1,129350,180444,
000263.mp4,hevc,28,1,44063,61469,
000263.mp4,hevc,38,1,20005,27907,
000263.mp4,av1,20,1,117180,163467,
000263.mp4,av1,30,1,72832,101601,
000263.mp4,av1,40,1,43555,60760,
000264.mp4,h264,18,1,140734,179436,
000264.mp4,h264,28,1,46661,59494,
000264.mp4,h264,38,1,18207,23214,
000264.mp4,hevc,18,1,134617,171637,
000264.mp4,hevc,28,1,45415,57905,
000264.mp4,hevc,38,1,20596,26261,
000264.mp4,av1,20,1,121294,154651,
000264.mp4,av1,30,1,75467,96221,
000264.mp4,av1,40,1,45086,57485,
000265.mp4,h264,18,1,134943,186222,
000265.mp4,h264,28,1,44260,61079,
000265.mp4,h264,38,1,17371,23973,
000265.mp4,hevc,18,1,127461,175897,
000265.mp4,hevc,28,1,43326,59790,
000265.mp4,hevc,38,1,19766,27278,
000265.mp4,av1,20,1,115386,159234,
000265.mp4,av1,30,1,72106,99507,
000265.mp4,av1,40,1,43205,59624,
000266.mp4,h264,18,1,136893,184806,
000266.mp4,h264,28,1,45420,61317,
000266.mp4,h264,38,1,17619,23786,
000266.mp4,hevc,18,1,130128,175674,
000266.mp4,hevc,28,1,43925,59299,
000266.mp4,hevc,38,1,19872,26828,
000266.mp4,av1,20,1,117831,159073,
000266.mp4,av1,30,1,73995,99894,
000266.mp4,av1,40,1,44042,59457,
000267.mp4,h264,18,1,141750,179315,
000267.mp4,h264,28,1,46514,58841,
000267.mp4,h264,38,1,18324,23181,
000267.mp4,hevc,18,1,134263,169843,
000267.mp4,hevc,28,1,45412,57447,
000267.mp4,hevc,38,1,20520,25959,
000267.mp4,av1,20,1,120656,152631,
000267.mp4,av1,30,1,74728,94531,
000267.mp4,av1,40,1,44909,56811,
000268.mp4,h264,18,1,137629,184423,
000268.mp4,h264,28,1,45179,60541,
000268.mp4,h264,38,1,17592,23574,
000268.mp4,hevc,18,1,129109,173007,
000268.mp4,hevc,28,1,44020,58987,
000268.mp4,hevc,38,1,19925,26700,
000268.mp4,av1,20,1,117916,158008,
000268.mp4,av1,30,1,73789,98878,
000268.mp4,av1,40,1,44266,59317,
000269.mp4,h264,18,1,142606,104816,
000269.mp4,h264,28,1,45436,33396,
000269.mp4,h264,38,1,17910,13164,
000269.mp4,hevc,18,1,143567,105522,
000269.mp4,hevc,28,1,46764,34372,
000269.mp4,hevc,38,1,21519,15817,
000269.mp4,av1,20,1,125303,92098,
000269.mp4,av1,30,1,77062,56641,
000269.mp4,av1,40,1,45919,33751,
000270.mp4,h264,18,1,157247,200491,
000270.mp4,h264,28,1,50339,64183,
000270.mp4,h264,38,1,18789,23957,
000270.mp4,hevc,18,1,147465,188019,
000270.mp4,hevc,28,1,47963,61154,
000270.mp4,hevc,38,1,20807,26529,
000270.mp4,av1,20,1,130967,166984,
000270.mp4,av1,30,1,80373,102476,
000270.mp4,av1,40,1,46696,59538,
000271.mp4,h264,18,1,133433,188809,
000271.mp4,h264,28,1,43428,61451,
000271.mp4,h264,38,1,16887,23896,
000271.mp4,hevc,18,1,124828,176632,
000271.mp4,hevc,28,1,42246,59779,
000271.mp4,hevc,38,1,18998,26883,
000271.mp4,av1,20,1,113920,161198,
000271.mp4,av1,30,1,71171,100708,
000271.mp4,av1,40,1,42260,59799,
000272.mp4,h264,18,1,138810,179759,
000272.mp4,h264,28,1,46233,59872,
000272.mp4,h264,38,1,17976,23280,
000272.mp4,hevc,18,1,130372,168833,
000272.mp4,hevc,28,1,44450,57563,
000272.mp4,hevc,38,1,20181,26135,
000272.mp4,av1,20,1,117305,151911,
000272.mp4,av1,30,1,73235,94840,
000272.mp4,av1,40,1,43261,56024,
000273.mp4,h264,18,1,130895,183254,
000273.mp4,h264,28,1,42884,60038,
000273.mp4,h264,38,1,16983,23777,
000273.mp4,hevc,18,1,123456,172839,
000273.mp4,hevc,28,1,41746,58445,
000273.mp4,hevc,38,1,19171,26840,
000273.mp4,av1,20,1,112218,157106,
000273.mp4,av1,30,1,69972,97961,
000273.mp4,av1,40,1,41615,58261,
000274.mp4,h264,18,1,132421,181418,
000274.mp4,h264,28,1,44306,60700,
000274.mp4,h264,38,1,17283,23679,
000274.mp4,hevc,18,1,125553,172008,
000274.mp4,hevc,28,1,42704,58505,
000274.mp4,hevc,38,1,19583,26830,
000274.mp4,av1,20,1,113809,155919,
000274.mp4,av1,30,1,71135,97455,
000274.mp4,av1,40,1,42442,58146,
000275.mp4,h264,18,1,136923,175947,
000275.mp4,h264,28,1,45627,58631,
000275.mp4,h264,38,1,17745,22803,
000275.mp4,hevc,18,1,131594,169099,
000275.mp4,hevc,28,1,44518,57206,
000275.mp4,hevc,38,1,20210,25970,
000275.mp4,av1,20,1,116996,150340,
000275.mp4,av1,30,1,72512,93178,
000275.mp4,av1,40,1,43494,55891,
000276.mp4,h264,18,1,131421,180047,
000276.mp4,h264,28,1,43633,59778,
000276.mp4,h264,38,1,17103,23432,
000276.mp4,hevc,18,1,124967,171206,
000276.mp4,hevc,28,1,42852,58708,
000276.mp4,hevc,38,1,19427,26615,
000276.mp4,av1,20,1,114100,156317,
000276.mp4,av1,30,1,70785,96976,
000276.mp4,av1,40,1,42196,57809,
000277.mp4,h264,18,1,140893,128213,
000277.mp4,h264,28,1,42979,39111,
000277.mp4,h264,38,1,16430,14952,
000277.mp4,hevc,18,1,134018,121957,
000277.mp4,hevc,28,1,43273,39379,
000277.mp4,hevc,38,1,20053,18249,
000277.mp4,av1,20,1,119990,109191,
000277.mp4,av1,30,1,73178,66592,
000277.mp4,av1,40,1,42860,39003,
000278.mp4,h264,18,1,141813,92179,
000278.mp4,h264,28,1,42650,27723,
000278.mp4,h264,38,1,17058,11088,
000278.mp4,hevc,18,1,134876,87670,
000278.mp4,hevc,28,1,43881,28523,
000278.mp4,hevc,38,1,21156,13752,
000278.mp4,av1,20,1,118415,76970,
000278.mp4,av1,30,1,72063,46841,
000278.mp4,av1,40,1,42461,27600,
000279.mp4,h264,18,1,114756,71149,
000279.mp4,h264,28,1,32835,20358,
000279.mp4,h264,38,1,13520,8383,
000279.mp4,hevc,18,1,112182,69553,
000279.mp4,hevc,28,1,37246,23093,
000279.mp4,hevc,38,1,19011,11787,
000279.mp4,av1,20,1,98406,61012,
000279.mp4,av1,30,1,60900,37758,
000279.mp4,av1,40,1,37288,23119,
000280.mp4,h264,18,1,149276,140320,
000280.mp4,h264,28,1,47791,44924,
000280.mp4,h264,38,1,18531,17420,
000280.mp4,hevc,18,1,146115,137349,
000280.mp4,hevc,28,1,47781,44915,
000280.mp4,hevc,38,1,21459,20172,
000280.mp4,av1,20,1,131400,123516,
000280.mp4,av1,30,1,80755,75910,
000280.mp4,av1,40,1,47464,44617,
000281.mp4,h264,18,1,129858,133105,
000281.mp4,h264,28,1,42613,43679,
000281.mp4,h264,38,1,16984,17409,
000281.mp4,hevc,18,1,123557,126646,
000281.mp4,hevc,28,1,43033,44109,
000281.mp4,hevc,38,1,20437,20948,
000281.mp4,av1,20,1,113764,116609,
000281.mp4,av1,30,1,70963,72738,
000281.mp4,av1,40,1,43094,44172,
000282.mp4,h264,18,1,135056,128304,
000282.mp4,h264,28,1,44241,42029,
000282.mp4,h264,38,1,17533,16657,
000282.mp4,hevc,18,1,128724,122288,
000282.mp4,hevc,28,1,44932,42686,
000282.mp4,hevc,38,1,21084,20030,
000282.mp4,av1,20,1,118410,112490,
000282.mp4,av1,30,1,73863,70170,
000282.mp4,av1,40,1,44869,42626,
000283.mp4,h264,18,1,127512,130700,
000283.mp4,h264,28,1,42069,43121,
000283.mp4,h264,38,1,16927,17351,
000283.mp4,hevc,18,1,122545,125609,
000283.mp4,hevc,28,1,42889,43962,
000283.mp4,hevc,38,1,20338,20847,
000283.mp4,av1,20,1,113043,115870,
000283.mp4,av1,30,1,70923,72697,
000283.mp4,av1,40,1,42946,44020,
000284.mp4,h264,18,1,145284,148917,
000284.mp4,h264,28,1,45762,46907,
000284.mp4,h264,38,1,16992,17417,
000284.mp4,hevc,18,1,138965,142440,
000284.mp4,hevc,28,1,45628,46769,
000284.mp4,hevc,38,1,20149,20653,
000284.mp4,av1,20,1,124877,127999,
000284.mp4,av1,30,1,76254,78161,
000284.mp4,av1,40,1,45201,46332,
000285.mp4,h264,18,1,121342,129230,
000285.mp4,h264,28,1,40261,42879,
000285.mp4,h264,38,1,15756,16781,
000285.mp4,hevc,18,1,117110,124723,
000285.mp4,hevc,28,1,40646,43289,
000285.mp4,hevc,38,1,19088,20329,
000285.mp4,av1,20,1,109773,116909,
000285.mp4,av1,30,1,68795,73267,
000285.mp4,av1,40,1,41590,44294,
000286.mp4,h264,18,1,121511,125764,
000286.mp4,h264,28,1,40794,42222,
000286.mp4,h264,38,1,15830,16385,
000286.mp4,hevc,18,1,119164,123335,
000286.mp4,hevc,28,1,41605,43062,
000286.mp4,hevc,38,1,19438,20119,
000286.mp4,av1,20,1,110113,113967,
000286.mp4,av1,30,1,68929,71342,
000286.mp4,av1,40,1,41499,42952,
000287.mp4,h264,18,1,122346,129076,
000287.mp4,h264,28,1,40806,43051,
000287.mp4,h264,38,1,16137,17025,
000287.mp4,hevc,18,1,120253,126867,
000287.mp4,hevc,28,1,41909,44214,
000287.mp4,hevc,38,1,19247,20306,
000287.mp4,av1,20,1,110399,116471,
000287.mp4,av1,30,1,68527,72296,
000287.mp4,av1,40,1,41825,44126,
000288.mp4,h264,18,1,172260,91298,
000288.mp4,h264,28,1,55241,29278,
000288.mp4,h264,38,1,21401,11343,
000288.mp4,hevc,18,1,162464,86106,
000288.mp4,hevc,28,1,55116,29212,
000288.mp4,hevc,38,1,24820,13155,
000288.mp4,av1,20,1,140767,74607,
000288.mp4,av1,30,1,84358,44710,
000288.mp4,av1,40,1,49230,26092,
000289.mp4,h264,18,1,135019,83037,
000289.mp4,h264,28,1,45757,28141,
000289.mp4,h264,38,1,18500,11378,
000289.mp4,hevc,18,1,128788,79205,
000289.mp4,hevc,28,1,46840,28807,
000289.mp4,hevc,38,1,22269,13696,
000289.mp4,av1,20,1,116671,71753,
000289.mp4,av1,30,1,73003,44897,
000289.mp4,av1,40,1,43193,26564,
000290.mp4,h264,18,1,145846,78757,
000290.mp4,h264,28,1,48437,26156,
000290.mp4,h264,38,1,19624,10597,
000290.mp4,hevc,18,1,140085,75646,
000290.mp4,hevc,28,1,50385,27208,
000290.mp4,hevc,38,1,24016,12969,
000290.mp4,av1,20,1,122583,66195,
000290.mp4,av1,30,1,77018,41590,
000290.mp4,av1,40,1,45312,24469,
000291.mp4,h264,18,1,134058,82446,
000291.mp4,h264,28,1,44772,27535,
000291.mp4,h264,38,1,18112,11139,
000291.mp4,hevc,18,1,128557,79063,
000291.mp4,hevc,28,1,46417,28547,
000291.mp4,hevc,38,1,22069,13573,
000291.mp4,av1,20,1,117164,72056,
000291.mp4,av1,30,1,73500,45203,
000291.mp4,av1,40,1,43484,26743,
000292.mp4,h264,18,1,147198,97887,
000292.mp4,h264,28,1,46046,30621,
000292.mp4,h264,38,1,17824,11853,
000292.mp4,hevc,18,1,136951,91073,
000292.mp4,hevc,28,1,44993,29921,
000292.mp4,hevc,38,1,21302,14166,
000292.mp4,av1,20,1,118112,78545,
000292.mp4,av1,30,1,71264,47391,
000292.mp4,av1,40,1,41929,27883,
000293.mp4,h264,18,1,129929,70162,
000293.mp4,h264,28,1,42650,23031,
000293.mp4,h264,38,1,18111,9780,
000293.mp4,hevc,18,1,129922,70158,
000293.mp4,hevc,28,1,43512,23497,
000293.mp4,hevc,38,1,22022,11892,
000293.mp4,av1,20,1,113788,61446,
000293.mp4,av1,30,1,70807,38236,
000293.mp4,av1,40,1,42662,23038,
000294.mp4,h264,18,1,111950,67730,
000294.mp4,h264,28,1,38449,23262,
000294.mp4,h264,38,1,16515,9992,
000294.mp4,hevc,18,1,111390,67391,
000294.mp4,hevc,28,1,40031,24219,
000294.mp4,hevc,38,1,20517,12413,
000294.mp4,av1,20,1,100540,60827,
000294.mp4,av1,30,1,63631,38497,
000294.mp4,av1,40,1,38899,23534,
000295.mp4,h264,18,1,118918,65405,
000295.mp4,h264,28,1,40294,22162,
000295.mp4,h264,38,1,17458,9602,
000295.mp4,hevc,18,1,116929,64311,
000295.mp4,hevc,28,1,41336,22735,
000295.mp4,hevc,38,1,21490,11820,
000295.mp4,av1,20,1,103061,56684,
000295.mp4,av1,30,1,65481,36015,
000295.mp4,av1,40,1,40623,22343,
000296.mp4,h264,18,1,110322,65642,
000296.mp4,h264,28,1,37638,22395,
000296.mp4,h264,38,1,16655,9910,
000296.mp4,hevc,18,1,110310,65635,
000296.mp4,hevc,28,1,39396,23441,
000296.mp4,hevc,38,1,20473,12182,
000296.mp4,av1,20,1,98317,58499,
000296.mp4,av1,30,1,62606,37251,
000296.mp4,av1,40,1,38554,22940,
000297.mp4,h264,18,1,162704,133418,
000297.mp4,h264,28,1,57212,46914,
000297.mp4,h264,38,1,23345,19143,
000297.mp4,hevc,18,1,154303,126529,
000297.mp4,hevc,28,1,53307,43712,
000297.mp4,hevc,38,1,23973,19658,
000297.mp4,av1,20,1,144963,118870,
000297.mp4,av1,30,1,87957,72125,
000297.mp4,av1,40,1,51284,42053,
000298.mp4,h264,18,1,138934,125736,
000298.mp4,h264,28,1,48772,44139,
000298.mp4,h264,38,1,19848,17963,
000298.mp4,hevc,18,1,135246,122398,
000298.mp4,hevc,28,1,48504,43897,
000298.mp4,hevc,38,1,22274,20158,
000298.mp4,av1,20,1,126916,114859,
000298.mp4,av1,30,1,79152,71633,
000298.mp4,av1,40,1,47292,42800,
000299.mp4,h264,18,1,146113,121274,
000299.mp4,h264,28,1,51496,42742,
000299.mp4,h264,38,1,21032,17457,
000299.mp4,hevc,18,1,142713,118452,
000299.mp4,hevc,28,1,50500,41915,
000299.mp4,hevc,38,1,23102,19175,
000299.mp4,av1,20,1,132854,110269,
000299.mp4,av1,30,1,83732,69498,
000299.mp4,av1,40,1,49375,40982,
000300.mp4,h264,18,1,135959,123043,
000300.mp4,h264,28,1,48185,43608,
000300.mp4,h264,38,1,20037,18134,
000300.mp4,hevc,18,1,134577,121793,
000300.mp4,hevc,28,1,48019,43458,
000300.mp4,hevc,38,1,22090,19992,
000300.mp4,av1,20,1,126173,114187,
000300.mp4,av1,30,1,78890,71396,
000300.mp4,av1,40,1,46745,42305,
000301.mp4,h264,18,1,159819,136646,
000301.mp4,h264,28,1,53512,45753,
000301.mp4,h264,38,1,21504,18386,
000301.mp4,hevc,18,1,147375,126006,
000301.mp4,hevc,28,1,50215,42934,
000301.mp4,hevc,38,1,22849,19536,
000301.mp4,av1,20,1,136299,116536,
000301.mp4,av1,30,1,84249,72033,
000301.mp4,av1,40,1,49739,42527,
000302.mp4,h264,18,1,135255,128493,
000302.mp4,h264,28,1,47057,44705,
000302.mp4,h264,38,1,19474,18501,
000302.mp4,hevc,18,1,130802,124262,
000302.mp4,hevc,28,1,46202,43892,
000302.mp4,hevc,38,1,21585,20506,
000302.mp4,av1,20,1,121634,115553,
000302.mp4,av1,30,1,76578,72750,
000302.mp4,av1,40,1,45975,43677,
000303.mp4,h264,18,1,142891,123601,
000303.mp4,h264,28,1,49512,42828,
000303.mp4,h264,38,1,20156,17435,
000303.mp4,hevc,18,1,136909,118427,
000303.mp4,hevc,28,1,48052,41565,
000303.mp4,hevc,38,1,22272,19266,
000303.mp4,av1,20,1,126086,109065,
000303.mp4,av1,30,1,79127,68445,
000303.mp4,av1,40,1,47301,40916,
000304.mp4,h264,18,1,134760,126675,
000304.mp4,h264,28,1,46811,44003,
000304.mp4,h264,38,1,19590,18415,
000304.mp4,hevc,18,1,129781,121995,
000304.mp4,hevc,28,1,46103,43337,
000304.mp4,hevc,38,1,21352,20071,
000304.mp4,av1,20,1,122484,115135,
000304.mp4,av1,30,1,76441,71855,
000304.mp4,av1,40,1,46085,43320,
000305.mp4,h264,18,1,156533,85311,
000305.mp4,h264,28,1,55376,30180,
000305.mp4,h264,38,1,22434,12227,
000305.mp4,hevc,18,1,151132,82367,
000305.mp4,hevc,28,1,53223,29007,
000305.mp4,hevc,38,1,25436,13863,
000305.mp4,av1,20,1,138462,75462,
000305.mp4,av1,30,1,85917,46825,
000305.mp4,av1,40,1,50543,27546,
000306.mp4,h264,18,1,124781,86723,
000306.mp4,h264,28,1,44480,30914,
000306.mp4,h264,38,1,18601,12928,
000306.mp4,hevc,18,1,125113,86954,
000306.mp4,hevc,28,1,45411,31561,
000306.mp4,hevc,38,1,22234,15453,
000306.mp4,av1,20,1,116515,80978,
000306.mp4,av1,30,1,73484,51072,
000306.mp4,av1,40,1,43112,29963,
000307.mp4,h264,18,1,145201,80587,
000307.mp4,h264,28,1,50778,28182,
000307.mp4,h264,38,1,21000,11655,
000307.mp4,hevc,18,1,141931,78772,
000307.mp4,hevc,28,1,50659,28116,
000307.mp4,hevc,38,1,24488,13591,
000307.mp4,av1,20,1,129095,71648,
000307.mp4,av1,30,1,80877,44887,
000307.mp4,av1,40,1,47884,26576,
000308.mp4,h264,18,1,120420,83090,
000308.mp4,h264,28,1,43014,29680,
000308.mp4,h264,38,1,18373,12678,
000308.mp4,hevc,18,1,121007,83495,
000308.mp4,hevc,28,1,44284,30556,
000308.mp4,hevc,38,1,21779,15028,
000308.mp4,av1,20,1,113739,78480,
000308.mp4,av1,30,1,71213,49137,
000308.mp4,av1,40,1,42500,29325,
000309.mp4,h264,18,1,115057,62131,
000309.mp4,h264,28,1,34409,18581,
000309.mp4,h264,38,1,15207,8212,
000309.mp4,hevc,18,1,114244,61692,
000309.mp4,hevc,28,1,39775,21479,
000309.mp4,hevc,38,1,20600,11124,
000309.mp4,av1,20,1,97742,52781,
000309.mp4,av1,30,1,62479,33739,
000309.mp4,av1,40,1,37714,20366,
000310.mp4,h264,18,1,143200,122436,
000310.mp4,h264,28,1,43412,37118,
000310.mp4,h264,38,1,17017,14550,
000310.mp4,hevc,18,1,140681,120283,
000310.mp4,hevc,28,1,45090,38552,
000310.mp4,hevc,38,1,20523,17548,
000310.mp4,av1,20,1,124294,106272,
000310.mp4,av1,30,1,76645,65532,
000310.mp4,av1,40,1,46112,39426,
000311.mp4,h264,18,1,118370,110676,
000311.mp4,h264,28,1,38462,35962,
000311.mp4,h264,38,1,15641,14625,
000311.mp4,hevc,18,1,121204,113326,
000311.mp4,hevc,28,1,41281,38598,
000311.mp4,hevc,38,1,19375,18116,
000311.mp4,av1,20,1,108608,101549,
000311.mp4,av1,30,1,68483,64032,
000311.mp4,av1,40,1,42148,39409,
000312.mp4,h264,18,1,122926,106331,
000312.mp4,h264,28,1,40156,34735,
000312.mp4,h264,38,1,16388,14176,
000312.mp4,hevc,18,1,127078,109923,
000312.mp4,hevc,28,1,43046,37235,
000312.mp4,hevc,38,1,20164,17442,
000312.mp4,av1,20,1,113391,98084,
000312.mp4,av1,30,1,71802,62109,
000312.mp4,av1,40,1,43654,37761,
000313.mp4,h264,18,1,118071,110987,
000313.mp4,h264,28,1,38302,36004,
000313.mp4,h264,38,1,15614,14678,
000313.mp4,hevc,18,1,121208,113936,
000313.mp4,hevc,28,1,41188,38717,
000313.mp4,hevc,38,1,19510,18340,
000313.mp4,av1,20,1,108227,101734,
000313.mp4,av1,30,1,68839,64709,
000313.mp4,av1,40,1,42107,39581,
000314.mp4,h264,18,1,126234,94045,
000314.mp4,h264,28,1,37507,27943,
000314.mp4,h264,38,1,15608,11628,
000314.mp4,hevc,18,1,124417,92691,
000314.mp4,hevc,28,1,41346,30803,
000314.mp4,hevc,38,1,20008,14906,
000314.mp4,av1,20,1,107140,79820,
000314.mp4,av1,30,1,67504,50291,
000314.mp4,av1,40,1,40340,30054,
000315.mp4,h264,18,1,108469,92741,
000315.mp4,h264,28,1,34101,29157,
000315.mp4,h264,38,1,14319,12243,
000315.mp4,hevc,18,1,109929,93990,
000315.mp4,hevc,28,1,37883,32390,
000315.mp4,hevc,38,1,18460,15784,
000315.mp4,av1,20,1,100534,85957,
000315.mp4,av1,30,1,64130,54832,
000315.mp4,av1,40,1,39265,33572,
000316.mp4,h264,18,1,115380,87112,
000316.mp4,h264,28,1,36609,27640,
000316.mp4,h264,38,1,15276,11534,
000316.mp4,hevc,18,1,116430,87905,
000316.mp4,hevc,28,1,39618,29912,
000316.mp4,hevc,38,1,19374,14628,
000316.mp4,av1,20,1,100696,76026,
000316.mp4,av1,30,1,63986,48310,
000316.mp4,av1,40,1,39168,29572,
000317.mp4,h264,18,1,104308,89184,
000317.mp4,h264,28,1,33545,28681,
000317.mp4,h264,38,1,14253,12187,
000317.mp4,hevc,18,1,107865,92225,
000317.mp4,hevc,28,1,37509,32071,
000317.mp4,hevc,38,1,18576,15883,
000317.mp4,av1,20,1,98811,84484,
000317.mp4,av1,30,1,63109,53959,
000317.mp4,av1,40,1,38596,33000,
000318.mp4,h264,18,1,185746,156956,
000318.mp4,h264,28,1,62764,53036,
000318.mp4,h264,38,1,24408,20625,
000318.mp4,hevc,18,1,179052,151299,
000318.mp4,hevc,28,1,60675,51271,
000318.mp4,hevc,38,1,25694,21712,
000318.mp4,av1,20,1,163639,138275,
000318.mp4,av1,30,1,101563,85821,
000318.mp4,av1,40,1,59213,50035,
000319.mp4,h264,18,1,155544,150100,
000319.mp4,h264,28,1,53276,51412,
000319.mp4,h264,38,1,20540,19822,
000319.mp4,hevc,18,1,151884,146569,
000319.mp4,hevc,28,1,53215,51353,
000319.mp4,hevc,38,1,22727,21932,
000319.mp4,av1,20,1,141695,136736,
000319.mp4,av1,30,1,88379,85286,
000319.mp4,av1,40,1,51442,49642,
000320.mp4,h264,18,1,169675,145921,
000320.mp4,h264,28,1,57679,49604,
000320.mp4,h264,38,1,22130,19032,
000320.mp4,hevc,18,1,164697,141640,
000320.mp4,hevc,28,1,57530,49476,
000320.mp4,hevc,38,1,24320,20916,
000320.mp4,av1,20,1,150141,129122,
000320.mp4,av1,30,1,93789,80659,
000320.mp4,av1,40,1,55316,47572,
000321.mp4,h264,18,1,162064,144237,
000321.mp4,h264,28,1,55556,49445,
000321.mp4,h264,38,1,21685,19300,
000321.mp4,hevc,18,1,160007,142407,
000321.mp4,hevc,28,1,55925,49774,
000321.mp4,hevc,38,1,23810,21191,
000321.mp4,av1,20,1,146861,130707,
000321.mp4,av1,30,1,91517,81451,
000321.mp4,av1,40,1,53813,47894,
000322.mp4,h264,18,1,134731,129342,
000322.mp4,h264,28,1,41413,39757,
000322.mp4,h264,38,1,16245,15596,
000322.mp4,hevc,18,1,129443,124266,
000322.mp4,hevc,28,1,42603,40899,
000322.mp4,hevc,38,1,19481,18702,
000322.mp4,av1,20,1,115178,110571,
000322.mp4,av1,30,1,70894,68059,
000322.mp4,av1,40,1,42090,40407,
000323.mp4,h264,18,1,137944,81387,
000323.mp4,h264,28,1,41867,24702,
000323.mp4,h264,38,1,16569,9776,
000323.mp4,hevc,18,1,134069,79101,
000323.mp4,hevc,28,1,44791,26427,
000323.mp4,hevc,38,1,21730,12821,
000323.mp4,av1,20,1,114579,67602,
000323.mp4,av1,30,1,70810,41778,
000323.mp4,av1,40,1,42677,25180,
000324.mp4,h264,18,1,114103,78161,
000324.mp4,h264,28,1,36072,24710,
000324.mp4,h264,38,1,14618,10014,
000324.mp4,hevc,18,1,116118,79541,
000324.mp4,hevc,28,1,39836,27288,
000324.mp4,hevc,38,1,19754,13532,
000324.mp4,av1,20,1,102894,70483,
000324.mp4,av1,30,1,63837,43729,
000324.mp4,av1,40,1,39118,26796,
000325.mp4,h264,18,1,124705,74823,
000325.mp4,h264,28,1,38816,23290,
000325.mp4,h264,38,1,15683,9410,
000325.mp4,hevc,18,1,125540,75324,
000325.mp4,hevc,28,1,42966,25780,
000325.mp4,hevc,38,1,21100,12660,
000325.mp4,av1,20,1,107963,64778,
000325.mp4,av1,30,1,67740,40644,
000325.mp4,av1,40,1,41360,24816,
000326.mp4,h264,18,1,111321,76812,
000326.mp4,h264,28,1,35213,24297,
000326.mp4,h264,38,1,14411,9944,
000326.mp4,hevc,18,1,114126,78747,
000326.mp4,hevc,28,1,39359,27158,
000326.mp4,hevc,38,1,19833,13685,
000326.mp4,av1,20,1,98607,68039,
000326.mp4,av1,30,1,62392,43051,
000326.mp4,av1,40,1,38452,26532,
000327.mp4,h264,18,1,126355,104875,
000327.mp4,h264,28,1,37179,30859,
000327.mp4,h264,38,1,14210,11795,
000327.mp4,hevc,18,1,126349,104870,
000327.mp4,hevc,28,1,40562,33667,
000327.mp4,hevc,38,1,18543,15391,
000327.mp4,av1,20,1,109248,90676,
000327.mp4,av1,30,1,67539,56058,
000327.mp4,av1,40,1,40083,33269,
000328.mp4,h264,18,1,108222,96318,
000328.mp4,h264,28,1,33573,29880,
000328.mp4,h264,38,1,13704,12197,
000328.mp4,hevc,18,1,111442,99184,
000328.mp4,hevc,28,1,37451,33332,
000328.mp4,hevc,38,1,17759,15806,
000328.mp4,av1,20,1,98019,87237,
000328.mp4,av1,30,1,62266,55417,
000328.mp4,av1,40,1,37615,33478,
000329.mp4,h264,18,1,110370,93263,
000329.mp4,h264,28,1,34789,29397,
000329.mp4,h264,38,1,14089,11906,
000329.mp4,hevc,18,1,113892,96239,
000329.mp4,hevc,28,1,38692,32695,
000329.mp4,hevc,38,1,18128,15319,
000329.mp4,av1,20,1,100686,85080,
000329.mp4,av1,30,1,62963,53204,
000329.mp4,av1,40,1,37970,32085,
000330.mp4,h264,18,1,105500,93368,
000330.mp4,h264,28,1,33011,29215,
000330.mp4,h264,38,1,13631,12064,
000330.mp4,hevc,18,1,108505,96027,
000330.mp4,hevc,28,1,36959,32709,
000330.mp4,hevc,38,1,17631,15604,
000330.mp4,av1,20,1,95161,84218,
000330.mp4,av1,30,1,60364,53423,
000330.mp4,av1,40,1,37031,32773,
000331.mp4,h264,18,1,120258,88390,
000331.mp4,h264,28,1,34643,25463,
000331.mp4,h264,38,1,13948,10252,
000331.mp4,hevc,18,1,118031,86753,
000331.mp4,hevc,28,1,37949,27893,
000331.mp4,hevc,38,1,18383,13512,
000331.mp4,av1,20,1,99420,73074,
000331.mp4,av1,30,1,61896,45494,
000331.mp4,av1,40,1,36893,27117,
000332.mp4,h264,18,1,103908,81568,
000332.mp4,h264,28,1,31687,24875,
000332.mp4,h264,38,1,12807,10054,
000332.mp4,hevc,18,1,105907,83137,
000332.mp4,hevc,28,1,35825,28123,
000332.mp4,hevc,38,1,17770,13950,
000332.mp4,av1,20,1,91369,71725,
000332.mp4,av1,30,1,58081,45594,
000332.mp4,av1,40,1,35229,27655,
000333.mp4,h264,18,1,108127,80555,
000333.mp4,h264,28,1,32919,24525,
000333.mp4,h264,38,1,13303,9911,
000333.mp4,hevc,18,1,108527,80853,
000333.mp4,hevc,28,1,36820,27431,
000333.mp4,hevc,38,1,18065,13459,
000333.mp4,av1,20,1,93676,69789,
000333.mp4,av1,30,1,59489,44320,
000333.mp4,av1,40,1,35864,26719,
000334.mp4,h264,18,1,103505,80734,
000334.mp4,h264,28,1,31256,24380,
000334.mp4,h264,38,1,12838,10014,
000334.mp4,hevc,18,1,104525,81530,
000334.mp4,hevc,28,1,35282,27520,
000334.mp4,hevc,38,1,17596,13725,
000334.mp4,av1,20,1,89256,69620,
000334.mp4,av1,30,1,56879,44366,
000334.mp4,av1,40,1,35051,27340,
000335.mp4,h264,18,1,130006,97505,
000335.mp4,h264,28,1,38509,28882,
000335.mp4,h264,38,1,15312,11484,
000335.mp4,hevc,18,1,130838,98129,
000335.mp4,hevc,28,1,41826,31370,
000335.mp4,hevc,38,1,19668,14751,
000335.mp4,av1,20,1,112162,84122,
000335.mp4,av1,30,1,68282,51212,
000335.mp4,av1,40,1,41193,30895,
000336.mp4,h264,18,1,110574,87354,
000336.mp4,h264,28,1,35000,27650,
000336.mp4,h264,38,1,14672,11591,
000336.mp4,hevc,18,1,114879,90755,
000336.mp4,hevc,28,1,38840,30684,
000336.mp4,hevc,38,1,18807,14858,
000336.mp4,av1,20,1,99156,78334,
000336.mp4,av1,30,1,62235,49166,
000336.mp4,av1,40,1,38400,30336,
000337.mp4,h264,18,1,114994,87396,
000337.mp4,h264,28,1,36072,27415,
000337.mp4,h264,38,1,14727,11193,
000337.mp4,hevc,18,1,117378,89208,
000337.mp4,hevc,28,1,39202,29794,
000337.mp4,hevc,38,1,19313,14678,
000337.mp4,av1,20,1,100842,76640,
000337.mp4,av1,30,1,63621,48352,
000337.mp4,av1,40,1,38517,29273,
000338.mp4,h264,18,1,114105,89002,
000338.mp4,h264,28,1,34793,27139,
000338.mp4,h264,38,1,14382,11218,
000338.mp4,hevc,18,1,115267,89909,
000338.mp4,hevc,28,1,38810,30272,
000338.mp4,hevc,38,1,18737,14615,
000338.mp4,av1,20,1,99166,77350,
000338.mp4,av1,30,1,62771,48962,
000338.mp4,av1,40,1,38625,30128,
000339.mp4,h264,18,1,156294,224283,
000339.mp4,h264,28,1,50625,72648,
000339.mp4,h264,38,1,19131,27454,
000339.mp4,hevc,18,1,152439,218750,
000339.mp4,hevc,28,1,48589,69726,
000339.mp4,hevc,38,1,20590,29547,
000339.mp4,av1,20,1,137326,197063,
000339.mp4,av1,30,1,84510,121273,
000339.mp4,av1,40,1,49440,70947,
000340.mp4,h264,18,1,138352,223440,
000340.mp4,h264,28,1,44669,72141,
000340.mp4,h264,38,1,16907,27305,
000340.mp4,hevc,18,1,135578,218960,
000340.mp4,hevc,28,1,44689,72174,
000340.mp4,hevc,38,1,19208,31021,
000340.mp4,av1,20,1,124962,201814,
000340.mp4,av1,30,1,77534,125219,
000340.mp4,av1,40,1,45307,73171,
000341.mp4,h264,18,1,145156,211929,
000341.mp4,h264,28,1,47008,68632,
000341.mp4,h264,38,1,17780,25959,
000341.mp4,hevc,18,1,142676,208308,
000341.mp4,hevc,28,1,46992,68609,
000341.mp4,hevc,38,1,19863,29001,
000341.mp4,av1,20,1,130135,189998,
000341.mp4,av1,30,1,80910,118129,
000341.mp4,av1,40,1,47222,68945,
000342.mp4,h264,18,1,138812,214466,
000342.mp4,h264,28,1,44715,69085,
000342.mp4,h264,38,1,17228,26618,
000342.mp4,hevc,18,1,135658,209592,
000342.mp4,hevc,28,1,45086,69658,
000342.mp4,hevc,38,1,19256,29752,
000342.mp4,av1,20,1,123631,191010,
000342.mp4,av1,30,1,77229,119319,
000342.mp4,av1,40,1,45492,70286,
000343.mp4,h264,18,1,138924,214638,
000343.mp4,h264,28,1,44682,69034,
000343.mp4,h264,38,1,17200,26574,
000343.mp4,hevc,18,1,135573,209461,
000343.mp4,hevc,28,1,45001,69528,
000343.mp4,hevc,38,1,19332,29868,
000343.mp4,av1,20,1,125516,193923,
000343.mp4,av1,30,1,78041,120574,
000343.mp4,av1,40,1,45602,70456,
000344.mp4,h264,18,1,145111,210412,
000344.mp4,h264,28,1,46793,67851,
000344.mp4,h264,38,1,17902,25959,
000344.mp4,hevc,18,1,141760,205552,
000344.mp4,hevc,28,1,46710,67730,
000344.mp4,hevc,38,1,19891,28843,
000344.mp4,av1,20,1,129585,187899,
000344.mp4,av1,30,1,80481,116698,
000344.mp4,av1,40,1,46897,68002,
000345.mp4,h264,18,1,142261,210547,
000345.mp4,h264,28,1,46267,68476,
000345.mp4,h264,38,1,17689,26180,
000345.mp4,hevc,18,1,139041,205781,
000345.mp4,hevc,28,1,45844,67850,
000345.mp4,hevc,38,1,19618,29035,
000345.mp4,av1,20,1,127607,188859,
000345.mp4,av1,30,1,79211,117233,
000345.mp4,av1,40,1,46614,68989,
000346.mp4,h264,18,1,207153,124292,
000346.mp4,h264,28,1,70995,42597,
000346.mp4,h264,38,1,27266,16360,
000346.mp4,hevc,18,1,194660,116796,
000346.mp4,hevc,28,1,67891,40735,
000346.mp4,hevc,38,1,28448,17069,
000346.mp4,av1,20,1,174323,104594,
000346.mp4,av1,30,1,107680,64608,
000346.mp4,av1,40,1,61535,36921,
000347.mp4,h264,18,1,176585,122727,
000347.mp4,h264,28,1,58926,40954,
000347.mp4,h264,38,1,22594,15703,
000347.mp4,hevc,18,1,162398,112867,
000347.mp4,hevc,28,1,58444,40619,
000347.mp4,hevc,38,1,25132,17467,
000347.mp4,av1,20,1,148513,103217,
000347.mp4,av1,30,1,91982,63928,
000347.mp4,av1,40,1,53389,37106,
000348.mp4,h264,18,1,184692,113586,
000348.mp4,h264,28,1,63201,38869,
000348.mp4,h264,38,1,24079,14809,
000348.mp4,hevc,18,1,175032,107645,
000348.mp4,hevc,28,1,62471,38420,
000348.mp4,hevc,38,1,27200,16728,
000348.mp4,av1,20,1,156705,96374,
000348.mp4,av1,30,1,97960,60246,
000348.mp4,av1,40,1,57320,35252,
000349.mp4,h264,18,1,173440,118807,
000349.mp4,h264,28,1,58518,40085,
000349.mp4,h264,38,1,22783,15607,
000349.mp4,hevc,18,1,162481,111300,
000349.mp4,hevc,28,1,58265,39912,
000349.mp4,hevc,38,1,25391,17393,
000349.mp4,av1,20,1,148802,101930,
000349.mp4,av1,30,1,92297,63224,
000349.mp4,av1,40,1,54058,37030,
000350.mp4,h264,18,1,118812,66535,
000350.mp4,h264,28,1,35985,20152,
000350.mp4,h264,38,1,15008,8405,
000350.mp4,hevc,18,1,117571,65840,
000350.mp4,hevc,28,1,40041,22423,
000350.mp4,hevc,38,1,20439,11446,
000350.mp4,av1,20,1,102655,57487,
000350.mp4,av1,30,1,63751,35701,
000350.mp4,av1,40,1,38516,21569,
000351.mp4,h264,18,1,100006,66004,
000351.mp4,h264,28,1,31896,21052,
000351.mp4,h264,38,1,13739,9068,
000351.mp4,hevc,18,1,100275,66182,
000351.mp4,hevc,28,1,35546,23461,
000351.mp4,hevc,38,1,18624,12292,
000351.mp4,av1,20,1,92733,61204,
000351.mp4,av1,30,1,57506,37954,
000351.mp4,av1,40,1,34810,22975,
000352.mp4,h264,18,1,107589,61864,
000352.mp4,h264,28,1,34636,19916,
000352.mp4,h264,38,1,14801,8511,
000352.mp4,hevc,18,1,108801,62561,
000352.mp4,hevc,28,1,38916,22377,
000352.mp4,hevc,38,1,20069,11540,
000352.mp4,av1,20,1,97318,55958,
000352.mp4,av1,30,1,61601,35421,
000352.mp4,av1,40,1,37206,21394,
000353.mp4,h264,18,1,101300,60780,
000353.mp4,h264,28,1,32993,19796,
000353.mp4,h264,38,1,14155,8493,
000353.mp4,hevc,18,1,103358,62015,
000353.mp4,hevc,28,1,36916,22150,
000353.mp4,hevc,38,1,19533,11720,
000353.mp4,av1,20,1,92020,55212,
000353.mp4,av1,30,1,58208,34925,
000353.mp4,av1,40,1,35565,21339,
000354.mp4,h264,18,1,133134,71227,
000354.mp4,h264,28,1,42121,22535,
000354.mp4,h264,38,1,18252,9765,
000354.mp4,hevc,18,1,133452,71397,
000354.mp4,hevc,28,1,44671,23899,
000354.mp4,hevc,38,1,22065,11805,
000354.mp4,av1,20,1,115766,61935,
000354.mp4,av1,30,1,71390,38194,
000354.mp4,av1,40,1,43300,23166,
000355.mp4,h264,18,1,124882,87418,
000355.mp4,h264,28,1,38877,27214,
000355.mp4,h264,38,1,16611,11628,
000355.mp4,hevc,18,1,124918,87443,
000355.mp4,hevc,28,1,41140,28798,
000355.mp4,hevc,38,1,20802,14562,
000355.mp4,av1,20,1,109682,76778,
000355.mp4,av1,30,1,68204,47743,
000355.mp4,av1,40,1,41312,28919,
000356.mp4,h264,18,1,118227,82168,
000356.mp4,h264,28,1,38182,26537,
000356.mp4,h264,38,1,16269,11307,
000356.mp4,hevc,18,1,118161,82122,
000356.mp4,hevc,28,1,40850,28391,
000356.mp4,hevc,38,1,20493,14243,
000356.mp4,av1,20,1,104553,72665,
000356.mp4,av1,30,1,65850,45766,
000356.mp4,av1,40,1,40493,28143,
000357.mp4,h264,18,1,114931,81027,
000357.mp4,h264,28,1,36662,25847,
000357.mp4,h264,38,1,15848,11173,
000357.mp4,hevc,18,1,117120,82570,
000357.mp4,hevc,28,1,40070,28250,
000357.mp4,hevc,38,1,20065,14146,
000357.mp4,av1,20,1,102304,72125,
000357.mp4,av1,30,1,64604,45546,
000357.mp4,av1,40,1,39120,27580,
000358.mp4,h264,18,1,115002,80502,
000358.mp4,h264,28,1,37328,26130,
000358.mp4,h264,38,1,16094,11266,
000358.mp4,hevc,18,1,116682,81678,
000358.mp4,hevc,28,1,39627,27739,
000358.mp4,hevc,38,1,20290,14203,
000358.mp4,av1,20,1,103822,72676,
000358.mp4,av1,30,1,64747,45323,
000358.mp4,av1,40,1,39908,27936,
000359.mp4,h264,18,1,109478,65687,
000359.mp4,h264,28,1,34460,20676,
000359.mp4,h264,38,1,14513,8708,
000359.mp4,hevc,18,1,107648,64589,
000359.mp4,hevc,28,1,37096,22258,
000359.mp4,hevc,38,1,19648,11789,
000359.mp4,av1,20,1,96110,57666,
000359.mp4,av1,30,1,59931,35959,
000359.mp4,av1,40,1,36160,21696,
000360.mp4,h264,18,1,94669,65795,
000360.mp4,h264,28,1,31083,21603,
000360.mp4,h264,38,1,13671,9502,
000360.mp4,hevc,18,1,93811,65199,
000360.mp4,hevc,28,1,33322,23159,
000360.mp4,hevc,38,1,18071,12560,
000360.mp4,av1,20,1,86771,60306,
000360.mp4,av1,30,1,54254,37707,
000360.mp4,av1,40,1,32972,22916,
000361.mp4,h264,18,1,100872,61532,
000361.mp4,h264,28,1,33172,20235,
000361.mp4,h264,38,1,14363,8762,
000361.mp4,hevc,18,1,99904,60942,
000361.mp4,hevc,28,1,35862,21876,
000361.mp4,hevc,38,1,19127,11668,
000361.mp4,av1,20,1,89714,54726,
000361.mp4,av1,30,1,57411,35021,
000361.mp4,av1,40,1,35280,21521,
000362.mp4,h264,18,1,88572,61558,
000362.mp4,h264,28,1,29545,20534,
000362.mp4,h264,38,1,13490,9376,
000362.mp4,hevc,18,1,90392,62823,
000362.mp4,hevc,28,1,32743,22757,
000362.mp4,hevc,38,1,17802,12373,
000362.mp4,av1,20,1,85024,59092,
000362.mp4,av1,30,1,53329,37064,
000362.mp4,av1,40,1,32271,22429,
000363.mp4,h264,18,1,136741,93668,
000363.mp4,h264,28,1,44538,30509,
000363.mp4,h264,38,1,18515,12683,
000363.mp4,hevc,18,1,133785,91643,
000363.mp4,hevc,28,1,45302,31032,
000363.mp4,hevc,38,1,21405,14663,
000363.mp4,av1,20,1,118560,81214,
000363.mp4,av1,30,1,72981,49992,
000363.mp4,av1,40,1,43769,29982,
000364.mp4,h264,18,1,138198,93975,
000364.mp4,h264,28,1,45622,31023,
000364.mp4,h264,38,1,19236,13081,
000364.mp4,hevc,18,1,137250,93330,
000364.mp4,hevc,28,1,46566,31665,
000364.mp4,hevc,38,1,22704,15439,
000364.mp4,av1,20,1,122632,83390,
000364.mp4,av1,30,1,76798,52223,
000364.mp4,av1,40,1,45613,31017,
000365.mp4,h264,18,1,121028,89561,
000365.mp4,h264,28,1,41202,30490,
000365.mp4,h264,38,1,17789,13164,
000365.mp4,hevc,18,1,121658,90027,
000365.mp4,hevc,28,1,43006,31825,
000365.mp4,hevc,38,1,21439,15865,
000365.mp4,av1,20,1,113681,84124,
000365.mp4,av1,30,1,70368,52073,
000365.mp4,av1,40,1,42482,31437,
000366.mp4,h264,18,1,124336,86414,
000366.mp4,h264,28,1,42113,29269,
000366.mp4,h264,38,1,18166,12626,
000366.mp4,hevc,18,1,126084,87629,
000366.mp4,hevc,28,1,44595,30994,
000366.mp4,hevc,38,1,21864,15196,
000366.mp4,av1,20,1,114323,79455,
000366.mp4,av1,30,1,72434,50342,
000366.mp4,av1,40,1,43176,30008,
000367.mp4,h264,18,1,124118,86883,
000367.mp4,h264,28,1,41457,29020,
000367.mp4,h264,38,1,17884,12519,
000367.mp4,hevc,18,1,124990,87493,
000367.mp4,hevc,28,1,44384,31069,
000367.mp4,hevc,38,1,21872,15311,
000367.mp4,av1,20,1,112747,78923,
000367.mp4,av1,30,1,71240,49868,
000367.mp4,av1,40,1,42768,29938,
000368.mp4,h264,18,1,153348,189386,
000368.mp4,h264,28,1,44974,55543,
000368.mp4,h264,38,1,16269,20093,
000368.mp4,hevc,18,1,160234,197889,
000368.mp4,hevc,28,1,49025,60546,
000368.mp4,hevc,38,1,20041,24751,
000368.mp4,av1,20,1,139600,172407,
000368.mp4,av1,30,1,84252,104052,
000368.mp4,av1,40,1,49777,61475,
000369.mp4,h264,18,1,129294,175194,
000369.mp4,h264,28,1,40298,54604,
000369.mp4,h264,38,1,15261,20680,
000369.mp4,hevc,18,1,138640,187858,
000369.mp4,hevc,28,1,44754,60642,
000369.mp4,hevc,38,1,19273,26116,
000369.mp4,av1,20,1,123661,167561,
000369.mp4,av1,30,1,76047,103044,
000369.mp4,av1,40,1,46369,62831,
000370.mp4,h264,18,1,132429,164875,
000370.mp4,h264,28,1,40977,51017,
000370.mp4,h264,38,1,15187,18909,
000370.mp4,hevc,18,1,142379,177263,
000370.mp4,hevc,28,1,45893,57137,
000370.mp4,hevc,38,1,19412,24169,
000370.mp4,av1,20,1,126751,157806,
000370.mp4,av1,30,1,78665,97938,
000370.mp4,av1,40,1,47285,58870,
000371.mp4,h264,18,1,129002,173509,
000371.mp4,h264,28,1,39779,53503,
000371.mp4,h264,38,1,15000,20175,
000371.mp4,hevc,18,1,137019,184291,
000371.mp4,hevc,28,1,44695,60116,
000371.mp4,hevc,38,1,19234,25870,
000371.mp4,av1,20,1,123337,165889,
000371.mp4,av1,30,1,76136,102404,
000371.mp4,av1,40,1,45710,61481,
000372.mp4,h264,18,1,174598,171107,
000372.mp4,h264,28,1,56815,55679,
000372.mp4,h264,38,1,21638,21206,
000372.mp4,hevc,18,1,178928,175350,
000372.mp4,hevc,28,1,58681,57508,
000372.mp4,hevc,38,1,24787,24292,
000372.mp4,av1,20,1,162616,159364,
000372.mp4,av1,30,1,98887,96910,
000372.mp4,av1,40,1,57814,56658,
000373.mp4,h264,18,1,159636,149260,
000373.mp4,h264,28,1,53893,50390,
000373.mp4,h264,38,1,20653,19311,
000373.mp4,hevc,18,1,171293,160159,
000373.mp4,hevc,28,1,58022,54251,
000373.mp4,hevc,38,1,24664,23061,
000373.mp4,av1,20,1,156301,146142,
000373.mp4,av1,30,1,96660,90378,
000373.mp4,av1,40,1,57983,54215,
000374.mp4,h264,18,1,157353,155780,
000374.mp4,h264,28,1,52005,51485,
000374.mp4,h264,38,1,20193,19992,
000374.mp4,hevc,18,1,162622,160996,
000374.mp4,hevc,28,1,55615,55059,
000374.mp4,hevc,38,1,23757,23520,
000374.mp4,av1,20,1,148880,147392,
000374.mp4,av1,30,1,92417,91493,
000374.mp4,av1,40,1,55084,54534,
000375.mp4,h264,18,1,159618,149243,
000375.mp4,h264,28,1,53510,50032,
000375.mp4,h264,38,1,20464,19134,
000375.mp4,hevc,18,1,169554,158533,
000375.mp4,hevc,28,1,57367,53639,
000375.mp4,hevc,38,1,24433,22845,
000375.mp4,av1,20,1,155167,145082,
000375.mp4,av1,30,1,96371,90107,
000375.mp4,av1,40,1,57176,53460,
000376.mp4,h264,18,1,165322,100020,
000376.mp4,h264,28,1,52361,31679,
000376.mp4,h264,38,1,20036,12122,
000376.mp4,hevc,18,1,178014,107699,
000376.mp4,hevc,28,1,57363,34705,
000376.mp4,hevc,38,1,25213,15254,
000376.mp4,av1,20,1,154846,93682,
000376.mp4,av1,30,1,94006,56874,
000376.mp4,av1,40,1,55439,33541,
000377.mp4,h264,18,1,194774,114917,
000377.mp4,h264,28,1,66961,39507,
000377.mp4,h264,38,1,26569,15676,
000377.mp4,hevc,18,1,203005,119773,
000377.mp4,hevc,28,1,70193,41414,
000377.mp4,hevc,38,1,29981,17689,
000377.mp4,av1,20,1,187132,110408,
000377.mp4,av1,30,1,115340,68051,
000377.mp4,av1,40,1,67686,39935,
000378.mp4,h264,18,1,180731,110246,
000378.mp4,h264,28,1,61268,37374,
000378.mp4,h264,38,1,24773,15112,
000378.mp4,hevc,18,1,179744,109644,
000378.mp4,hevc,28,1,63977,39026,
000378.mp4,hevc,38,1,27942,17045,
000378.mp4,av1,20,1,167273,102037,
000378.mp4,av1,30,1,105124,64126,
000378.mp4,av1,40,1,62134,37902,
000379.mp4,h264,18,1,179589,106856,
000379.mp4,h264,28,1,61455,36566,
000379.mp4,h264,38,1,24715,14706,
000379.mp4,hevc,18,1,182929,108843,
000379.mp4,hevc,28,1,65275,38839,
000379.mp4,hevc,38,1,28262,16816,
000379.mp4,av1,20,1,168579,100305,
000379.mp4,av1,30,1,106710,63493,
000379.mp4,av1,40,1,62605,37250,
000380.mp4,h264,18,1,180981,110399,
000380.mp4,h264,28,1,62032,37840,
000380.mp4,h264,38,1,24973,15234,
000380.mp4,hevc,18,1,181213,110540,
000380.mp4,hevc,28,1,63973,39024,
000380.mp4,hevc,38,1,28008,17085,
000380.mp4,av1,20,1,167975,102465,
000380.mp4,av1,30,1,106019,64672,
000380.mp4,av1,40,1,62737,38270,
000381.mp4,h264,18,1,134134,120050,
000381.mp4,h264,28,1,41634,37263,
000381.mp4,h264,38,1,16767,15007,
000381.mp4,hevc,18,1,143035,128017,
000381.mp4,hevc,28,1,45167,40425,
000381.mp4,hevc,38,1,20319,18186,
000381.mp4,av1,20,1,129581,115975,
000381.mp4,av1,30,1,79422,71083,
000381.mp4,av1,40,1,47393,42417,
000382.mp4,h264,18,1,121335,115269,
000382.mp4,h264,28,1,38933,36987,
000382.mp4,h264,38,1,15468,14695,
000382.mp4,hevc,18,1,128315,121900,
000382.mp4,hevc,28,1,42627,40496,
000382.mp4,hevc,38,1,19560,18582,
000382.mp4,av1,20,1,119856,113864,
000382.mp4,av1,30,1,74332,70616,
000382.mp4,av1,40,1,45250,42988,
000383.mp4,h264,18,1,122791,111126,
000383.mp4,h264,28,1,39722,35949,
000383.mp4,h264,38,1,15733,14239,
000383.mp4,hevc,18,1,133001,120366,
000383.mp4,hevc,28,1,44238,40036,
000383.mp4,hevc,38,1,20006,18106,
000383.mp4,av1,20,1,121892,110313,
000383.mp4,av1,30,1,75654,68467,
000383.mp4,av1,40,1,46077,41700,
000384.mp4,h264,18,1,117778,113067,
000384.mp4,h264,28,1,37913,36397,
000384.mp4,h264,38,1,15206,14598,
000384.mp4,hevc,18,1,125926,120889,
000384.mp4,hevc,28,1,41796,40125,
000384.mp4,hevc,38,1,19353,18579,
000384.mp4,av1,20,1,117507,112807,
000384.mp4,av1,30,1,72438,69541,
000384.mp4,av1,40,1,44094,42331,
000385.mp4,h264,18,1,187748,160525,
000385.mp4,h264,28,1,61150,52284,
000385.mp4,h264,38,1,23527,20116,
000385.mp4,hevc,18,1,192031,164187,
000385.mp4,hevc,28,1,63343,54159,
000385.mp4,hevc,38,1,26659,22794,
000385.mp4,av1,20,1,176702,151081,
000385.mp4,av1,30,1,108564,92823,
000385.mp4,av1,40,1,63665,54434,
000386.mp4,h264,18,1,160208,150596,
000386.mp4,h264,28,1,53296,50099,
000386.mp4,h264,38,1,20575,19341,
000386.mp4,hevc,18,1,166160,156191,
000386.mp4,hevc,28,1,56567,53173,
000386.mp4,hevc,38,1,24403,22939,
000386.mp4,av1,20,1,155218,145905,
000386.mp4,av1,30,1,97153,91324,
000386.mp4,av1,40,1,58494,54985,
000387.mp4,h264,18,1,167314,144727,
000387.mp4,h264,28,1,55878,48335,
000387.mp4,h264,38,1,21621,18703,
000387.mp4,hevc,18,1,174892,151282,
000387.mp4,hevc,28,1,59328,51319,
000387.mp4,hevc,38,1,25413,21983,
000387.mp4,av1,20,1,161097,139349,
000387.mp4,av1,30,1,100382,86831,
000387.mp4,av1,40,1,60138,52020,
000388.mp4,h264,18,1,159189,149638,
000388.mp4,h264,28,1,52587,49432,
000388.mp4,h264,38,1,20653,19414,
000388.mp4,hevc,18,1,165453,155526,
000388.mp4,hevc,28,1,56317,52938,
000388.mp4,hevc,38,1,24453,22986,
000388.mp4,av1,20,1,154114,144868,
000388.mp4,av1,30,1,96611,90815,
000388.mp4,av1,40,1,58264,54769,
000389.mp4,h264,18,1,163052,137779,
000389.mp4,h264,28,1,51699,43686,
000389.mp4,h264,38,1,19889,16807,
000389.mp4,hevc,18,1,169811,143491,
000389.mp4,hevc,28,1,55037,46507,
000389.mp4,hevc,38,1,23502,19860,
000389.mp4,av1,20,1,157355,132965,
000389.mp4,av1,30,1,96708,81719,
000389.mp4,av1,40,1,57123,48269,
000390.mp4,h264,18,1,141380,129363,
000390.mp4,h264,28,1,46656,42691,
000390.mp4,h264,38,1,18469,16900,
000390.mp4,hevc,18,1,150049,137295,
000390.mp4,hevc,28,1,50275,46002,
000390.mp4,hevc,38,1,22167,20283,
000390.mp4,av1,20,1,144230,131971,
000390.mp4,av1,30,1,89434,81833,
000390.mp4,av1,40,1,53028,48521,
000391.mp4,h264,18,1,149112,128237,
000391.mp4,h264,28,1,48003,41283,
000391.mp4,h264,38,1,18841,16204,
000391.mp4,hevc,18,1,155540,133765,
000391.mp4,hevc,28,1,52347,45019,
000391.mp4,hevc,38,1,22906,19700,
000391.mp4,av1,20,1,144717,124457,
000391.mp4,av1,30,1,90654,77963,
000391.mp4,av1,40,1,54009,46448,
000392.mp4,h264,18,1,144838,126734,
000392.mp4,h264,28,1,47646,41691,
000392.mp4,h264,38,1,19011,16635,
000392.mp4,hevc,18,1,154888,135527,
000392.mp4,hevc,28,1,51571,45125,
000392.mp4,hevc,38,1,22724,19884,
000392.mp4,av1,20,1,142680,124845,
000392.mp4,av1,30,1,89146,78003,
000392.mp4,av1,40,1,53662,46955,
000393.mp4,h264,18,1,190371,197034,
000393.mp4,h264,28,1,62330,64512,
000393.mp4,h264,38,1,23103,23912,
000393.mp4,hevc,18,1,193444,200215,
000393.mp4,hevc,28,1,62759,64956,
000393.mp4,hevc,38,1,25809,26713,
000393.mp4,av1,20,1,174693,180808,
000393.mp4,av1,30,1,107848,111623,
000393.mp4,av1,40,1,61828,63992,
000394.mp4,h264,18,1,171482,181771,
000394.mp4,h264,28,1,56209,59582,
000394.mp4,h264,38,1,21206,22479,
000394.mp4,hevc,18,1,175088,185594,
000394.mp4,hevc,28,1,58664,62184,
000394.mp4,hevc,38,1,24824,26314,
000394.mp4,av1,20,1,161511,171202,
000394.mp4,av1,30,1,100751,106797,
000394.mp4,av1,40,1,59145,62694,
000395.mp4,h264,18,1,175657,181805,
000395.mp4,h264,28,1,57235,59239,
000395.mp4,h264,38,1,21509,22262,
000395.mp4,hevc,18,1,176885,183077,
000395.mp4,hevc,28,1,59395,61474,
000395.mp4,hevc,38,1,25162,26043,
000395.mp4,av1,20,1,161225,166868,
000395.mp4,av1,30,1,100813,104342,
000395.mp4,av1,40,1,59091,61160,
000396.mp4,h264,18,1,171807,182116,
000396.mp4,h264,28,1,56135,59504,
000396.mp4,h264,38,1,21029,22291,
000396.mp4,hevc,18,1,174198,184650,
000396.mp4,hevc,28,1,58503,62014,
000396.mp4,hevc,38,1,24736,26221,
000396.mp4,av1,20,1,160999,170659,
000396.mp4,av1,30,1,99733,105718,
000396.mp4,av1,40,1,59277,62834,
000397.mp4,h264,18,1,148789,338495,
000397.mp4,h264,28,1,45432,103360,
000397.mp4,h264,38,1,16409,37332,
000397.mp4,hevc,18,1,157150,357518,
000397.mp4,hevc,28,1,48452,110230,
000397.mp4,hevc,38,1,19852,45164,
000397.mp4,av1,20,1,141120,321050,
000397.mp4,av1,30,1,85705,194981,
000397.mp4,av1,40,1,50406,114674,
000398.mp4,h264,18,1,133018,304612,
000398.mp4,h264,28,1,41425,94864,
000398.mp4,h264,38,1,15117,34619,
000398.mp4,hevc,18,1,141814,324756,
000398.mp4,hevc,28,1,45350,103853,
000398.mp4,hevc,38,1,18930,43350,
000398.mp4,av1,20,1,128521,294315,
000398.mp4,av1,30,1,79988,183174,
000398.mp4,av1,40,1,48131,110221,
000399.mp4,h264,18,1,132208,303418,
000399.mp4,h264,28,1,41208,94573,
000399.mp4,h264,38,1,15299,35112,
000399.mp4,hevc,18,1,141753,325324,
000399.mp4,hevc,28,1,45360,104103,
000399.mp4,hevc,38,1,19004,43616,
000399.mp4,av1,20,1,127672,293008,
000399.mp4,av1,30,1,78710,180641,
000399.mp4,av1,40,1,47693,109456,
000400.mp4,h264,18,1,136262,311359,
000400.mp4,h264,28,1,42431,96956,
000400.mp4,h264,38,1,15543,35516,
000400.mp4,hevc,18,1,142926,326587,
000400.mp4,hevc,28,1,46088,105312,
000400.mp4,hevc,38,1,19466,44480,
000400.mp4,av1,20,1,129963,296967,
000400.mp4,av1,30,1,80261,183398,
000400.mp4,av1,40,1,48244,110238,
000401.mp4,h264,18,1,137613,319264,
000401.mp4,h264,28,1,42443,98468,
000401.mp4,h264,38,1,15427,35792,
000401.mp4,hevc,18,1,144864,336085,
000401.mp4,hevc,28,1,46152,107073,
000401.mp4,hevc,38,1,18963,43996,
000401.mp4,av1,20,1,130668,303152,
000401.mp4,av1,30,1,81211,188411,
000401.mp4,av1,40,1,48840,113311,
000402.mp4,h264,18,1,140321,320634,
000402.mp4,h264,28,1,42444,96985,
000402.mp4,h264,38,1,15670,35806,
000402.mp4,hevc,18,1,144301,329730,
000402.mp4,hevc,28,1,46445,106127,
000402.mp4,hevc,38,1,19308,44119,
000402.mp4,av1,20,1,130816,298916,
000402.mp4,av1,30,1,80771,184564,
000402.mp4,av1,40,1,48496,110815,
000403.mp4,h264,18,1,136893,317592,
000403.mp4,h264,28,1,42506,98615,
000403.mp4,h264,38,1,15569,36122,
000403.mp4,hevc,18,1,143912,333877,
000403.mp4,hevc,28,1,45848,106368,
000403.mp4,hevc,38,1,19087,44283,
000403.mp4,av1,20,1,129396,300201,
000403.mp4,av1,30,1,80425,186587,
000403.mp4,av1,40,1,48451,112408,
000404.mp4,h264,18,1,195943,145978,
000404.mp4,h264,28,1,64687,48192,
000404.mp4,h264,38,1,24656,18369,
000404.mp4,hevc,18,1,204200,152129,
000404.mp4,hevc,28,1,66759,49736,
000404.mp4,hevc,38,1,27354,20379,
000404.mp4,av1,20,1,179907,134031,
000404.mp4,av1,30,1,109575,81634,
000404.mp4,av1,40,1,62710,46719,
000405.mp4,h264,18,1,175942,143393,
000405.mp4,h264,28,1,56269,45860,
000405.mp4,h264,38,1,21671,17662,
000405.mp4,hevc,18,1,175997,143438,
000405.mp4,hevc,28,1,60057,48947,
000405.mp4,hevc,38,1,25219,20554,
000405.mp4,av1,20,1,160787,131042,
000405.mp4,av1,30,1,99069,80742,
000405.mp4,av1,40,1,57638,46975,
000406.mp4,h264,18,1,186182,140568,
000406.mp4,h264,28,1,59757,45117,
000406.mp4,h264,38,1,22803,17217,
000406.mp4,hevc,18,1,184899,139599,
000406.mp4,hevc,28,1,62973,47545,
000406.mp4,hevc,38,1,26019,19645,
000406.mp4,av1,20,1,166625,125802,
000406.mp4,av1,30,1,102764,77587,
000406.mp4,av1,40,1,59382,44834,
000407.mp4,h264,18,1,174063,141862,
000407.mp4,h264,28,1,55723,45415,
000407.mp4,h264,38,1,21544,17559,
000407.mp4,hevc,18,1,175057,142672,
000407.mp4,hevc,28,1,59320,48346,
000407.mp4,hevc,38,1,24988,20366,
000407.mp4,av1,20,1,159565,130046,
000407.mp4,av1,30,1,98342,80149,
000407.mp4,av1,40,1,57406,46786,
000408.mp4,h264,18,1,192055,206460,
000408.mp4,h264,28,1,61845,66484,
000408.mp4,h264,38,1,22407,24088,
000408.mp4,hevc,18,1,195476,210137,
000408.mp4,hevc,28,1,63353,68105,
000408.mp4,hevc,38,1,25215,27107,
000408.mp4,av1,20,1,178901,192319,
000408.mp4,av1,30,1,109376,117580,
000408.mp4,av1,40,1,62940,67661,
000409.mp4,h264,18,1,170091,188802,
000409.mp4,h264,28,1,54927,60970,
000409.mp4,h264,38,1,20265,22495,
000409.mp4,hevc,18,1,171475,190338,
000409.mp4,hevc,28,1,58131,64526,
000409.mp4,hevc,38,1,23786,26403,
000409.mp4,av1,20,1,159727,177298,
000409.mp4,av1,30,1,99859,110844,
000409.mp4,av1,40,1,59071,65569,
000410.mp4,h264,18,1,175404,190314,
000410.mp4,h264,28,1,55938,60693,
000410.mp4,h264,38,1,20703,22463,
000410.mp4,hevc,18,1,172043,186667,
000410.mp4,hevc,28,1,58385,63348,
000410.mp4,hevc,38,1,24194,26251,
000410.mp4,av1,20,1,160770,174436,
000410.mp4,av1,30,1,100023,108525,
000410.mp4,av1,40,1,59409,64459,
000411.mp4,h264,18,1,168803,186528,
000411.mp4,h264,28,1,54273,59972,
000411.mp4,h264,38,1,20032,22136,
000411.mp4,hevc,18,1,174412,192726,
000411.mp4,hevc,28,1,58858,65039,
000411.mp4,hevc,38,1,24085,26614,
000411.mp4,av1,20,1,160322,177156,
000411.mp4,av1,30,1,100165,110683,
000411.mp4,av1,40,1,59542,65794,
000412.mp4,h264,18,1,214872,282557,
000412.mp4,h264,28,1,76317,100358,
000412.mp4,h264,38,1,29746,39116,
000412.mp4,hevc,18,1,214698,282329,
000412.mp4,hevc,28,1,73400,96522,
000412.mp4,hevc,38,1,30242,39769,
000412.mp4,av1,20,1,212006,278788,
000412.mp4,av1,30,1,130028,170988,
000412.mp4,av1,40,1,74063,97393,
000413.mp4,h264,18,1,186660,280924,
000413.mp4,h264,28,1,64808,97537,
000413.mp4,h264,38,1,25575,38491,
000413.mp4,hevc,18,1,187881,282761,
000413.mp4,hevc,28,1,65553,98658,
000413.mp4,hevc,38,1,27534,41440,
000413.mp4,av1,20,1,185195,278719,
000413.mp4,av1,30,1,115264,173473,
000413.mp4,av1,40,1,66064,99427,
000414.mp4,h264,18,1,196826,263747,
000414.mp4,h264,28,1,68977,92430,
000414.mp4,h264,38,1,26852,35983,
000414.mp4,hevc,18,1,200848,269137,
000414.mp4,hevc,28,1,69774,93498,
000414.mp4,hevc,38,1,29013,38878,
000414.mp4,av1,20,1,198018,265345,
000414.mp4,av1,30,1,123458,165435,
000414.mp4,av1,40,1,70934,95052,
000415.mp4,h264,18,1,183179,271105,
000415.mp4,h264,28,1,64302,95168,
000415.mp4,h264,38,1,25452,37669,
000415.mp4,hevc,18,1,185216,274121,
000415.mp4,hevc,28,1,65048,96272,
000415.mp4,hevc,38,1,27300,40404,
000415.mp4,av1,20,1,185212,274114,
000415.mp4,av1,30,1,114356,169247,
000415.mp4,av1,40,1,66745,98783,
000416.mp4,h264,18,1,195364,267649,
000416.mp4,h264,28,1,68264,93523,
000416.mp4,h264,38,1,26794,36709,
000416.mp4,hevc,18,1,197945,271186,
000416.mp4,hevc,28,1,68977,94499,
000416.mp4,hevc,38,1,28724,39353,
000416.mp4,av1,20,1,195254,267499,
000416.mp4,av1,30,1,121482,166431,
000416.mp4,av1,40,1,69816,95648,
000417.mp4,h264,18,1,200250,266333,
000417.mp4,h264,28,1,69134,91949,
000417.mp4,h264,38,1,26942,35834,
000417.mp4,hevc,18,1,202012,268676,
000417.mp4,hevc,28,1,70362,93582,
000417.mp4,hevc,38,1,29047,38633,
000417.mp4,av1,20,1,197655,262882,
000417.mp4,av1,30,1,122830,163364,
000417.mp4,av1,40,1,70869,94257,
000418.mp4,h264,18,1,197480,268574,
000418.mp4,h264,28,1,68898,93702,
000418.mp4,h264,38,1,27027,36758,
000418.mp4,hevc,18,1,194260,264194,
000418.mp4,hevc,28,1,68022,92511,
000418.mp4,hevc,38,1,28435,38672,
000418.mp4,av1,20,1,192247,261456,
000418.mp4,av1,30,1,119856,163005,
000418.mp4,av1,40,1,68817,93592,
000419.mp4,h264,18,1,238249,304959,
000419.mp4,h264,28,1,86492,110711,
000419.mp4,h264,38,1,34363,43985,
000419.mp4,hevc,18,1,229925,294305,
000419.mp4,hevc,28,1,80550,103105,
000419.mp4,hevc,38,1,32968,42200,
000419.mp4,av1,20,1,232881,298088,
000419.mp4,av1,30,1,143975,184289,
000419.mp4,av1,40,1,81986,104943,
000420.mp4,h264,18,1,207297,308873,
000420.mp4,h264,28,1,72122,107462,
000420.mp4,h264,38,1,28467,42416,
000420.mp4,hevc,18,1,201225,299826,
000420.mp4,hevc,28,1,71821,107014,
000420.mp4,hevc,38,1,29634,44156,
000420.mp4,av1,20,1,205360,305987,
000420.mp4,av1,30,1,127685,190251,
000420.mp4,av1,40,1,73407,109377,
000421.mp4,h264,18,1,222727,290659,
000421.mp4,h264,28,1,78302,102185,
000421.mp4,h264,38,1,30523,39833,
000421.mp4,hevc,18,1,215932,281792,
000421.mp4,hevc,28,1,77196,100742,
000421.mp4,hevc,38,1,31682,41346,
000421.mp4,av1,20,1,218533,285186,
000421.mp4,av1,30,1,136845,178584,
000421.mp4,av1,40,1,78247,102113,
000422.mp4,h264,18,1,200893,297323,
000422.mp4,h264,28,1,70839,104843,
000422.mp4,h264,38,1,27993,41430,
000422.mp4,hevc,18,1,196884,291389,
000422.mp4,hevc,28,1,70603,104493,
000422.mp4,hevc,38,1,29425,43549,
000422.mp4,av1,20,1,203568,301282,
000422.mp4,av1,30,1,126858,187751,
000422.mp4,av1,40,1,72702,107599,
000423.mp4,h264,18,1,213600,296905,
000423.mp4,h264,28,1,75727,105261,
000423.mp4,h264,38,1,29846,41486,
000423.mp4,hevc,18,1,210368,292412,
000423.mp4,hevc,28,1,75347,104733,
000423.mp4,hevc,38,1,30891,42939,
000423.mp4,av1,20,1,212765,295744,
000423.mp4,av1,30,1,132569,184272,
000423.mp4,av1,40,1,75754,105299,
000424.mp4,h264,18,1,219320,282923,
000424.mp4,h264,28,1,77965,100575,
000424.mp4,h264,38,1,30400,39217,
000424.mp4,hevc,18,1,219513,283172,
000424.mp4,hevc,28,1,78285,100988,
000424.mp4,hevc,38,1,31986,41263,
000424.mp4,av1,20,1,222443,286952,
000424.mp4,av1,30,1,137625,177537,
000424.mp4,av1,40,1,78664,101477,
000425.mp4,h264,18,1,211151,293501,
000425.mp4,h264,28,1,75141,104447,
000425.mp4,h264,38,1,29651,41216,
000425.mp4,hevc,18,1,209079,290621,
000425.mp4,hevc,28,1,74643,103755,
000425.mp4,hevc,38,1,30807,42823,
000425.mp4,av1,20,1,211992,294669,
000425.mp4,av1,30,1,131793,183193,
000425.mp4,av1,40,1,75664,105173,
000426.mp4,h264,18,1,194487,129334,
000426.mp4,h264,28,1,68344,45449,
000426.mp4,h264,38,1,27300,18155,
000426.mp4,hevc,18,1,194544,129372,
000426.mp4,hevc,28,1,65938,43849,
000426.mp4,hevc,38,1,29169,19398,
000426.mp4,av1,20,1,187302,124556,
000426.mp4,av1,30,1,114186,75934,
000426.mp4,av1,40,1,66347,44121,
000427.mp4,h264,18,1,163406,128274,
000427.mp4,h264,28,1,55719,43740,
000427.mp4,h264,38,1,22174,17407,
000427.mp4,hevc,18,1,167104,131177,
000427.mp4,hevc,28,1,58299,45765,
000427.mp4,hevc,38,1,25968,20385,
000427.mp4,av1,20,1,164756,129334,
000427.mp4,av1,30,1,101247,79479,
000427.mp4,av1,40,1,59342,46584,
000428.mp4,h264,18,1,179149,120926,
000428.mp4,h264,28,1,61788,41707,
000428.mp4,h264,38,1,24685,16663,
000428.mp4,hevc,18,1,183032,123547,
000428.mp4,hevc,28,1,63819,43078,
000428.mp4,hevc,38,1,28414,19180,
000428.mp4,av1,20,1,177791,120009,
000428.mp4,av1,30,1,108571,73286,
000428.mp4,av1,40,1,63884,43122,
000429.mp4,h264,18,1,152743,123722,
000429.mp4,h264,28,1,53851,43620,
000429.mp4,h264,38,1,21759,17625,
000429.mp4,hevc,18,1,160165,129734,
000429.mp4,hevc,28,1,55866,45252,
000429.mp4,hevc,38,1,25171,20389,
000429.mp4,av1,20,1,163006,132035,
000429.mp4,av1,30,1,100187,81152,
000429.mp4,av1,40,1,58691,47540,
000430.mp4,h264,18,1,208838,190043,
000430.mp4,h264,28,1,72005,65525,
000430.mp4,h264,38,1,27887,25378,
000430.mp4,hevc,18,1,207382,188718,
000430.mp4,hevc,28,1,72052,65568,
000430.mp4,hevc,38,1,30472,27730,
000430.mp4,av1,20,1,203370,185067,
000430.mp4,av1,30,1,125756,114438,
000430.mp4,av1,40,1,72952,66387,
000431.mp4,h264,18,1,174609,178102,
000431.mp4,h264,28,1,61403,62632,
000431.mp4,h264,38,1,24558,25050,
000431.mp4,hevc,18,1,177544,181095,
000431.mp4,hevc,28,1,63687,64961,
000431.mp4,hevc,38,1,27766,28322,
000431.mp4,av1,20,1,177905,181464,
000431.mp4,av1,30,1,110809,113026,
000431.mp4,av1,40,1,64883,66181,
000432.mp4,h264,18,1,186035,172083,
000432.mp4,h264,28,1,65369,60467,
000432.mp4,h264,38,1,25692,23766,
000432.mp4,hevc,18,1,190932,176613,
000432.mp4,hevc,28,1,68537,63397,
000432.mp4,hevc,38,1,29255,27061,
000432.mp4,av1,20,1,187794,173710,
000432.mp4,av1,30,1,118036,109184,
000432.mp4,av1,40,1,68387,63258,
000433.mp4,h264,18,1,182138,173942,
000433.mp4,h264,28,1,63813,60942,
000433.mp4,h264,38,1,25002,23877,
000433.mp4,hevc,18,1,185670,177315,
000433.mp4,hevc,28,1,66832,63825,
000433.mp4,hevc,38,1,28698,27407,
000433.mp4,av1,20,1,184467,176166,
000433.mp4,av1,30,1,115386,110194,
000433.mp4,av1,40,1,67784,64734,
000434.mp4,h264,18,1,224460,152633,
000434.mp4,h264,28,1,80423,54688,
000434.mp4,h264,38,1,31442,21381,
000434.mp4,hevc,18,1,218405,148516,
000434.mp4,hevc,28,1,76038,51706,
000434.mp4,hevc,38,1,32551,22135,
000434.mp4,av1,20,1,212875,144755,
000434.mp4,av1,30,1,131083,89137,
000434.mp4,av1,40,1,74232,50478,
000435.mp4,h264,18,1,189832,147120,
000435.mp4,h264,28,1,65994,51146,
000435.mp4,h264,38,1,26255,20348,
000435.mp4,hevc,18,1,187218,145094,
000435.mp4,hevc,28,1,67070,51980,
000435.mp4,hevc,38,1,29065,22526,
000435.mp4,av1,20,1,186329,144405,
000435.mp4,av1,30,1,116316,90145,
000435.mp4,av1,40,1,66850,51809,
000436.mp4,h264,18,1,198142,137709,
000436.mp4,h264,28,1,70916,49287,
000436.mp4,h264,38,1,28128,19549,
000436.mp4,hevc,18,1,202915,141026,
000436.mp4,hevc,28,1,72365,50294,
000436.mp4,hevc,38,1,30841,21435,
000436.mp4,av1,20,1,199602,138724,
000436.mp4,av1,30,1,124620,86611,
000436.mp4,av1,40,1,71742,49861,
000437.mp4,h264,18,1,185794,142133,
000437.mp4,h264,28,1,65871,50392,
000437.mp4,h264,38,1,26243,20076,
000437.mp4,hevc,18,1,189160,144708,
000437.mp4,hevc,28,1,67616,51727,
000437.mp4,hevc,38,1,29275,22396,
000437.mp4,av1,20,1,186962,143026,
000437.mp4,av1,30,1,116033,88766,
000437.mp4,av1,40,1,67853,51908,
000438.mp4,h264,18,1,262755,207577,
000438.mp4,h264,28,1,101127,79891,
000438.mp4,h264,38,1,40821,32249,
000438.mp4,hevc,18,1,258454,204179,
000438.mp4,hevc,28,1,97532,77051,
000438.mp4,hevc,38,1,40729,32176,
000438.mp4,av1,20,1,258684,204361,
000438.mp4,av1,30,1,161265,127400,
000438.mp4,av1,40,1,91930,72625,
000439.mp4,h264,18,1,244226,205150,
000439.mp4,h264,28,1,89496,75177,
000439.mp4,h264,38,1,36550,30702,
000439.mp4,hevc,18,1,237425,199437,
000439.mp4,hevc,28,1,89851,75475,
000439.mp4,hevc,38,1,38077,31985,
000439.mp4,av1,20,1,239479,201163,
000439.mp4,av1,30,1,151683,127414,
000439.mp4,av1,40,1,86241,72443,
000440.mp4,h264,18,1,249451,199561,
000440.mp4,h264,28,1,92933,74347,
000440.mp4,h264,38,1,37418,29935,
000440.mp4,hevc,18,1,243398,194719,
000440.mp4,hevc,28,1,91583,73267,
000440.mp4,hevc,38,1,38712,30970,
000440.mp4,av1,20,1,246891,197513,
000440.mp4,av1,30,1,154238,123391,
000440.mp4,av1,40,1,87936,70349,
000441.mp4,h264,18,1,244247,205168,
000441.mp4,h264,28,1,89696,75345,
000441.mp4,h264,38,1,35938,30188,
000441.mp4,hevc,18,1,238569,200398,
000441.mp4,hevc,28,1,89860,75483,
000441.mp4,hevc,38,1,38128,32028,
000441.mp4,av1,20,1,243202,204290,
000441.mp4,av1,30,1,151889,127587,
000441.mp4,av1,40,1,86217,72423,
000442.mp4,h264,18,1,265040,337927,
000442.mp4,h264,28,1,95072,121218,
000442.mp4,h264,38,1,37643,47996,
000442.mp4,hevc,18,1,255370,325597,
000442.mp4,hevc,28,1,90836,115816,
000442.mp4,hevc,38,1,36131,46068,
000442.mp4,av1,20,1,260290,331870,
000442.mp4,av1,30,1,161344,205714,
000442.mp4,av1,40,1,90021,114777,
000443.mp4,h264,18,1,236324,323765,
000443.mp4,h264,28,1,82473,112989,
000443.mp4,h264,38,1,32083,43954,
000443.mp4,hevc,18,1,236437,323920,
000443.mp4,hevc,28,1,83688,114653,
000443.mp4,hevc,38,1,33305,45629,
000443.mp4,av1,20,1,238354,326546,
000443.mp4,av1,30,1,148002,202764,
000443.mp4,av1,40,1,83159,113929,
000444.mp4,h264,18,1,247852,319730,
000444.mp4,h264,28,1,86372,111421,
000444.mp4,h264,38,1,34096,43984,
000444.mp4,hevc,18,1,244239,315069,
000444.mp4,hevc,28,1,86890,112089,
000444.mp4,hevc,38,1,34427,44411,
000444.mp4,av1,20,1,248006,319929,
000444.mp4,av1,30,1,154542,199360,
000444.mp4,av1,40,1,86289,111314,
000445.mp4,h264,18,1,232504,318531,
000445.mp4,h264,28,1,82191,112602,
000445.mp4,h264,38,1,32609,44675,
000445.mp4,hevc,18,1,235149,322155,
000445.mp4,hevc,28,1,83159,113929,
000445.mp4,hevc,38,1,33312,45638,
000445.mp4,av1,20,1,235897,323179,
000445.mp4,av1,30,1,147294,201793,
000445.mp4,av1,40,1,83023,113742,
000446.mp4,h264,18,1,244340,321308,
000446.mp4,h264,28,1,84671,111343,
000446.mp4,h264,38,1,33485,44033,
000446.mp4,hevc,18,1,241241,317232,
000446.mp4,hevc,28,1,85154,111978,
000446.mp4,hevc,38,1,34044,44769,
000446.mp4,av1,20,1,244203,321128,
000446.mp4,av1,30,1,151787,199601,
000446.mp4,av1,40,1,85180,112012,
000447.mp4,h264,18,1,246989,317381,
000447.mp4,h264,28,1,86498,111151,
000447.mp4,h264,38,1,33965,43646,
000447.mp4,hevc,18,1,244490,314170,
000447.mp4,hevc,28,1,86875,111635,
000447.mp4,hevc,38,1,34483,44311,
000447.mp4,av1,20,1,247772,318388,
000447.mp4,av1,30,1,153757,197579,
000447.mp4,av1,40,1,85764,110208,
000448.mp4,h264,18,1,242406,316340,
000448.mp4,h264,28,1,84891,110784,
000448.mp4,h264,38,1,33291,43446,
000448.mp4,hevc,18,1,236944,309213,
000448.mp4,hevc,28,1,84133,109794,
000448.mp4,hevc,38,1,33473,43683,
000448.mp4,av1,20,1,245265,320072,
000448.mp4,av1,30,1,152413,198899,
000448.mp4,av1,40,1,85251,111253,
000449.mp4,h264,18,1,189462,369452,
000449.mp4,h264,28,1,65841,128391,
000449.mp4,h264,38,1,25200,49141,
000449.mp4,hevc,18,1,191875,374157,
000449.mp4,hevc,28,1,64346,125475,
000449.mp4,hevc,38,1,26452,51582,
000449.mp4,av1,20,1,191407,373245,
000449.mp4,av1,30,1,116796,227753,
000449.mp4,av1,40,1,67466,131559,
000450.mp4,h264,18,1,169120,366145,
000450.mp4,h264,28,1,57385,124239,
000450.mp4,h264,38,1,22312,48307,
000450.mp4,hevc,18,1,171808,371965,
000450.mp4,hevc,28,1,59090,127930,
000450.mp4,hevc,38,1,24447,52928,
000450.mp4,av1,20,1,173642,375936,
000450.mp4,av1,30,1,107088,231847,
000450.mp4,av1,40,1,62043,134324,
000451.mp4,h264,18,1,181348,358164,
000451.mp4,h264,28,1,61230,120931,
000451.mp4,h264,38,1,23808,47022,
000451.mp4,hevc,18,1,182069,359587,
000451.mp4,hevc,28,1,62105,122659,
000451.mp4,hevc,38,1,25518,50399,
000451.mp4,av1,20,1,182214,359874,
000451.mp4,av1,30,1,112967,223110,
000451.mp4,av1,40,1,65073,128520,
000452.mp4,h264,18,1,167624,356201,
000452.mp4,h264,28,1,56876,120863,
000452.mp4,h264,38,1,22303,47394,
000452.mp4,hevc,18,1,170715,362771,
000452.mp4,hevc,28,1,58553,124426,
000452.mp4,hevc,38,1,24469,51997,
000452.mp4,av1,20,1,172082,365676,
000452.mp4,av1,30,1,106038,225332,
000452.mp4,av1,40,1,61648,131003,
000453.mp4,h264,18,1,173353,353641,
000453.mp4,h264,28,1,59410,121198,
000453.mp4,h264,38,1,23150,47226,
000453.mp4,hevc,18,1,175885,358806,
000453.mp4,hevc,28,1,60415,123248,
000453.mp4,hevc,38,1,25069,51141,
000453.mp4,av1,20,1,177727,362564,
000453.mp4,av1,30,1,110164,224735,
000453.mp4,av1,40,1,63845,130244,
000454.mp4,h264,18,1,178717,350287,
000454.mp4,h264,28,1,60939,119441,
000454.mp4,h264,38,1,23723,46498,
000454.mp4,hevc,18,1,180330,353448,
000454.mp4,hevc,28,1,61790,121109,
000454.mp4,hevc,38,1,25548,50076,
000454.mp4,av1,20,1,181230,355211,
000454.mp4,av1,30,1,112303,220114,
000454.mp4,av1,40,1,65098,127594,
000455.mp4,h264,18,1,171419,351410,
000455.mp4,h264,28,1,58709,120355,
000455.mp4,h264,38,1,22913,46972,
000455.mp4,hevc,18,1,172860,354364,
000455.mp4,hevc,28,1,59612,122206,
000455.mp4,hevc,38,1,24728,50693,
000455.mp4,av1,20,1,175812,360415,
000455.mp4,av1,30,1,109000,223451,
000455.mp4,av1,40,1,63271,129707,
000456.mp4,h264,18,1,210881,139182,
000456.mp4,h264,28,1,77383,51073,
000456.mp4,h264,38,1,31412,20732,
000456.mp4,hevc,18,1,213543,140939,
000456.mp4,hevc,28,1,75940,50121,
000456.mp4,hevc,38,1,33274,21961,
000456.mp4,av1,20,1,212271,140099,
000456.mp4,av1,30,1,130713,86271,
000456.mp4,av1,40,1,75580,49883,
000457.mp4,h264,18,1,183542,143163,
000457.mp4,h264,28,1,64319,50169,
000457.mp4,h264,38,1,25928,20224,
000457.mp4,hevc,18,1,183244,142931,
000457.mp4,hevc,28,1,66520,51886,
000457.mp4,hevc,38,1,29465,22983,
000457.mp4,av1,20,1,182423,142290,
000457.mp4,av1,30,1,115033,89726,
000457.mp4,av1,40,1,66891,52175,
000458.mp4,h264,18,1,200632,134424,
000458.mp4,h264,28,1,71235,47728,
000458.mp4,h264,38,1,28511,19103,
000458.mp4,hevc,18,1,201334,134894,
000458.mp4,hevc,28,1,73008,48916,
000458.mp4,hevc,38,1,31882,21361,
000458.mp4,av1,20,1,199819,133879,
000458.mp4,av1,30,1,124274,83264,
000458.mp4,av1,40,1,71998,48239,
000459.mp4,h264,18,1,178910,139550,
000459.mp4,h264,28,1,63266,49348,
000459.mp4,h264,38,1,25870,20179,
000459.mp4,hevc,18,1,178853,139506,
000459.mp4,hevc,28,1,64892,50616,
000459.mp4,hevc,38,1,29120,22714,
000459.mp4,av1,20,1,179470,139987,
000459.mp4,av1,30,1,113252,88337,
000459.mp4,av1,40,1,65585,51157,
000460.mp4,h264,18,1,211945,104913,
000460.mp4,h264,28,1,78749,38981,
000460.mp4,h264,38,1,32317,15997,
000460.mp4,hevc,18,1,211747,104815,
000460.mp4,hevc,28,1,75917,37579,
000460.mp4,hevc,38,1,33735,16699,
000460.mp4,av1,20,1,210242,104070,
000460.mp4,av1,30,1,129391,64049,
000460.mp4,av1,40,1,73725,36494,
000461.mp4,h264,18,1,234435,266084,
000461.mp4,h264,28,1,83754,95061,
000461.mp4,h264,38,1,33620,38159,
000461.mp4,hevc,18,1,231981,263299,
000461.mp4,hevc,28,1,80633,91519,
000461.mp4,hevc,38,1,33340,37842,
000461.mp4,av1,20,1,232347,263714,
000461.mp4,av1,30,1,143291,162636,
000461.mp4,av1,40,1,80942,91870,
000462.mp4,h264,18,1,206560,259234,
000462.mp4,h264,28,1,71991,90349,
000462.mp4,h264,38,1,28729,36055,
000462.mp4,hevc,18,1,209757,263246,
000462.mp4,hevc,28,1,73981,92847,
000462.mp4,hevc,38,1,30592,38394,
000462.mp4,av1,20,1,207458,260361,
000462.mp4,av1,30,1,129968,163110,
000462.mp4,av1,40,1,74633,93665,
000463.mp4,h264,18,1,215155,246353,
000463.mp4,h264,28,1,76268,87327,
000463.mp4,h264,38,1,30583,35018,
000463.mp4,hevc,18,1,219301,251100,
000463.mp4,hevc,28,1,77310,88520,
000463.mp4,hevc,38,1,31599,36181,
000463.mp4,av1,20,1,217734,249306,
000463.mp4,av1,30,1,136349,156120,
000463.mp4,av1,40,1,78123,89451,
000464.mp4,h264,18,1,206273,256810,
000464.mp4,h264,28,1,72434,90181,
000464.mp4,h264,38,1,29069,36191,
000464.mp4,hevc,18,1,206483,257072,
000464.mp4,hevc,28,1,73027,90919,
000464.mp4,hevc,38,1,30349,37785,
000464.mp4,av1,20,1,205925,256377,
000464.mp4,av1,30,1,129372,161069,
000464.mp4,av1,40,1,74324,92534,
000465.mp4,h264,18,1,195747,130172,
000465.mp4,h264,28,1,68100,45287,
000465.mp4,h264,38,1,27030,17975,
000465.mp4,hevc,18,1,197660,131444,
000465.mp4,hevc,28,1,66642,44317,
000465.mp4,hevc,38,1,29039,19311,
000465.mp4,av1,20,1,188389,125279,
000465.mp4,av1,30,1,114051,75844,
000465.mp4,av1,40,1,65631,43645,
000466.mp4,h264,18,1,163705,124416,
000466.mp4,h264,28,1,57056,43363,
000466.mp4,h264,38,1,22982,17467,
000466.mp4,hevc,18,1,170952,129924,
000466.mp4,hevc,28,1,59927,45545,
000466.mp4,hevc,38,1,27043,20553,
000466.mp4,av1,20,1,163468,124236,
000466.mp4,av1,30,1,101698,77291,
000466.mp4,av1,40,1,60076,45658,
000467.mp4,h264,18,1,174536,117812,
000467.mp4,h264,28,1,61072,41224,
000467.mp4,h264,38,1,24623,16621,
000467.mp4,hevc,18,1,181623,122596,
000467.mp4,hevc,28,1,63600,42930,
000467.mp4,hevc,38,1,28428,19189,
000467.mp4,av1,20,1,176481,119125,
000467.mp4,av1,30,1,108955,73545,
000467.mp4,av1,40,1,63038,42551,
000468.mp4,h264,18,1,163964,122973,
000468.mp4,h264,28,1,57432,43074,
000468.mp4,h264,38,1,23318,17489,
000468.mp4,hevc,18,1,170598,127949,
000468.mp4,hevc,28,1,59773,44830,
000468.mp4,hevc,38,1,26885,20164,
000468.mp4,av1,20,1,165014,123761,
000468.mp4,av1,30,1,103053,77290,
000468.mp4,av1,40,1,60628,45471,
000883.mp4,h264,18,1,143459,134135,
000883.mp4,h264,28,1,39379,36820,
000883.mp4,h264,38,1,15417,14415,
000883.mp4,hevc,18,1,154533,144489,
000883.mp4,hevc,28,1,46670,43637,
000883.mp4,hevc,38,1,19802,18515,
000883.mp4,av1,20,1,152228,142334,
000883.mp4,av1,30,1,89438,83625,
000883.mp4,av1,40,1,50660,47368,
000884.mp4,h264,18,1,122306,132703,
000884.mp4,h264,28,1,35784,38826,
000884.mp4,h264,38,1,14080,15277,
000884.mp4,hevc,18,1,132348,143598,
000884.mp4,hevc,28,1,42492,46104,
000884.mp4,hevc,38,1,18365,19927,
000884.mp4,av1,20,1,133911,145294,
000884.mp4,av1,30,1,81045,87934,
000884.mp4,av1,40,1,46673,50641,
000885.mp4,h264,18,1,135061,128308,
000885.mp4,h264,28,1,38400,36480,
000885.mp4,h264,38,1,14984,14235,
000885.mp4,hevc,18,1,143274,136111,
000885.mp4,hevc,28,1,45417,43147,
000885.mp4,hevc,38,1,19424,18453,
000885.mp4,av1,20,1,140250,133238,
000885.mp4,av1,30,1,85513,81238,
000885.mp4,av1,40,1,49341,46874,
000886.mp4,h264,18,1,127480,126843,
000886.mp4,h264,28,1,37346,37160,
000886.mp4,h264,38,1,14728,14655,
000886.mp4,hevc,18,1,138772,138079,
000886.mp4,hevc,28,1,44205,43984,
000886.mp4,hevc,38,1,18967,18873,
000886.mp4,av1,20,1,136877,136193,
000886.mp4,av1,30,1,82805,82391,
000886.mp4,av1,40,1,47515,47278,
000887.mp4,h264,18,1,145865,84602,
000887.mp4,h264,28,1,42881,24871,
000887.mp4,h264,38,1,16968,9842,
000887.mp4,hevc,18,1,160920,93334,
000887.mp4,hevc,28,1,50551,29320,
000887.mp4,hevc,38,1,22510,13056,
000887.mp4,av1,20,1,154401,89553,
000887.mp4,av1,30,1,91486,53062,
000887.mp4,av1,40,1,51463,29849,
000888.mp4,h264,18,1,128079,85173,
000888.mp4,h264,28,1,39105,26005,
000888.mp4,h264,38,1,15879,10560,
000888.mp4,hevc,18,1,140688,93558,
000888.mp4,hevc,28,1,46702,31057,
000888.mp4,hevc,38,1,21169,14078,
000888.mp4,av1,20,1,137693,91566,
000888.mp4,av1,30,1,84184,55983,
000888.mp4,av1,40,1,48532,32274,
000889.mp4,h264,18,1,132833,78372,
000889.mp4,h264,28,1,42115,24848,
000889.mp4,h264,38,1,16642,9819,
000889.mp4,hevc,18,1,149945,88468,
000889.mp4,hevc,28,1,49084,28960,
000889.mp4,hevc,38,1,22176,13084,
000889.mp4,av1,20,1,144728,85390,
000889.mp4,av1,30,1,87567,51665,
000889.mp4,av1,40,1,50979,30078,
000890.mp4,h264,18,1,128751,85620,
000890.mp4,h264,28,1,38926,25886,
000890.mp4,h264,38,1,15945,10604,
000890.mp4,hevc,18,1,139401,92702,
000890.mp4,hevc,28,1,46291,30784,
000890.mp4,hevc,38,1,21009,13971,
000890.mp4,av1,20,1,136168,90552,
000890.mp4,av1,30,1,81998,54529,
000890.mp4,av1,40,1,47612,31662,
000891.mp4,h264,18,1,155214,76831,
000891.mp4,h264,28,1,46361,22949,
000891.mp4,h264,38,1,18907,9359,
000891.mp4,hevc,18,1,167321,82824,
000891.mp4,hevc,28,1,53761,26612,
000891.mp4,hevc,38,1,24862,12307,
000891.mp4,av1,20,1,160436,79416,
000891.mp4,av1,30,1,96260,47649,
000891.mp4,av1,40,1,54484,26970,
000892.mp4,h264,18,1,141014,76148,
000892.mp4,h264,28,1,43361,23415,
000892.mp4,h264,38,1,17803,9614,
000892.mp4,hevc,18,1,154540,83452,
000892.mp4,hevc,28,1,51575,27851,
000892.mp4,hevc,38,1,23988,12954,
000892.mp4,av1,20,1,146655,79194,
000892.mp4,av1,30,1,88838,47973,
000892.mp4,av1,40,1,51861,28005,
000893.mp4,h264,18,1,147132,74302,
000893.mp4,h264,28,1,45936,23198,
000893.mp4,h264,38,1,18914,9552,
000893.mp4,hevc,18,1,158732,80160,
000893.mp4,hevc,28,1,53647,27092,
000893.mp4,hevc,38,1,24697,12472,
000893.mp4,av1,20,1,151059,76285,
000893.mp4,av1,30,1,92506,46716,
000893.mp4,av1,40,1,54320,27432,
000894.mp4,h264,18,1,134457,72607,
000894.mp4,h264,28,1,42620,23015,
000894.mp4,h264,38,1,17698,9557,
000894.mp4,hevc,18,1,152109,82139,
000894.mp4,hevc,28,1,50931,27503,
000894.mp4,hevc,38,1,23670,12782,
000894.mp4,av1,20,1,144433,77994,
000894.mp4,av1,30,1,87816,47421,
000894.mp4,av1,40,1,51044,27564,
000895.mp4,h264,18,1,135085,82402,
000895.mp4,h264,28,1,38959,23765,
000895.mp4,h264,38,1,15693,9573,
000895.mp4,hevc,18,1,146511,89372,
000895.mp4,hevc,28,1,46200,28182,
000895.mp4,hevc,38,1,21275,12978,
000895.mp4,av1,20,1,139772,85261,
000895.mp4,av1,30,1,82767,50488,
000895.mp4,av1,40,1,46849,28578,
000896.mp4,h264,18,1,199796,112885,
000896.mp4,h264,28,1,63500,35878,
000896.mp4,h264,38,1,24364,13766,
000896.mp4,hevc,18,1,205019,115836,
000896.mp4,hevc,28,1,67023,37868,
000896.mp4,hevc,38,1,28607,16163,
000896.mp4,av1,20,1,201823,114030,
000896.mp4,av1,30,1,121396,68589,
000896.mp4,av1,40,1,67233,37987,
000897.mp4,h264,18,1,165586,110115,
000897.mp4,h264,28,1,53139,35338,
000897.mp4,h264,38,1,20615,13709,
000897.mp4,hevc,18,1,177470,118018,
000897.mp4,hevc,28,1,59809,39773,
000897.mp4,hevc,38,1,25736,17115,
000897.mp4,av1,20,1,171129,113801,
000897.mp4,av1,30,1,105649,70257,
000897.mp4,av1,40,1,60768,40411,
000898.mp4,h264,18,1,181219,104201,
000898.mp4,h264,28,1,59139,34005,
000898.mp4,h264,38,1,22194,12762,
000898.mp4,hevc,18,1,192803,110862,
000898.mp4,hevc,28,1,65325,37562,
000898.mp4,hevc,38,1,27735,15948,
000898.mp4,av1,20,1,186179,107053,
000898.mp4,av1,30,1,115339,66320,
000898.mp4,av1,40,1,65090,37427,
000899.mp4,h264,18,1,161180,107185,
000899.mp4,h264,28,1,51642,34342,
000899.mp4,h264,38,1,19924,13250,
000899.mp4,hevc,18,1,175757,116879,
000899.mp4,hevc,28,1,59172,39350,
000899.mp4,hevc,38,1,25780,17144,
000899.mp4,av1,20,1,170757,113554,
000899.mp4,av1,30,1,104972,69807,
000899.mp4,av1,40,1,59810,39774,
000900.mp4,h264,18,1,168512,88469,
000900.mp4,h264,28,1,49746,26117,
000900.mp4,h264,38,1,19853,10423,
000900.mp4,hevc,18,1,193262,101463,
000900.mp4,hevc,28,1,59064,31009,
000900.mp4,hevc,38,1,25904,13600,
000900.mp4,av1,20,1,189095,99275,
000900.mp4,av1,30,1,113628,59655,
000900.mp4,av1,40,1,63097,33126,
000901.mp4,h264,18,1,152468,90719,
000901.mp4,h264,28,1,46020,27382,
000901.mp4,h264,38,1,18319,10900,
000901.mp4,hevc,18,1,178055,105943,
000901.mp4,hevc,28,1,57052,33946,
000901.mp4,hevc,38,1,24218,14410,
000901.mp4,av1,20,1,177136,105396,
000901.mp4,av1,30,1,106137,63152,
000901.mp4,av1,40,1,59749,35551,
000902.mp4,h264,18,1,165807,88707,
000902.mp4,h264,28,1,49429,26445,
000902.mp4,h264,38,1,19773,10579,
000902.mp4,hevc,18,1,189151,101196,
000902.mp4,hevc,28,1,60435,32333,
000902.mp4,hevc,38,1,25527,13657,
000902.mp4,av1,20,1,185577,99284,
000902.mp4,av1,30,1,110515,59126,
000902.mp4,av1,40,1,62841,33620,
000903.mp4,h264,18,1,151184,89955,
000903.mp4,h264,28,1,45672,27175,
000903.mp4,h264,38,1,18322,10902,
000903.mp4,hevc,18,1,174028,103547,
000903.mp4,hevc,28,1,55909,33266,
000903.mp4,hevc,38,1,23978,14267,
000903.mp4,av1,20,1,173475,103218,
000903.mp4,av1,30,1,104005,61883,
000903.mp4,av1,40,1,58756,34960,
000904.mp4,h264,18,1,165417,189403,
000904.mp4,h264,28,1,46544,53294,
000904.mp4,h264,38,1,17679,20243,
000904.mp4,hevc,18,1,186218,213220,
000904.mp4,hevc,28,1,54698,62630,
000904.mp4,hevc,38,1,21707,24855,
000904.mp4,av1,20,1,190310,217906,
000904.mp4,av1,30,1,110800,126866,
000904.mp4,av1,40,1,60677,69476,
000905.mp4,h264,18,1,150339,192435,
000905.mp4,h264,28,1,44853,57413,
000905.mp4,h264,38,1,17219,22041,
000905.mp4,hevc,18,1,169172,216541,
000905.mp4,hevc,28,1,52507,67209,
000905.mp4,hevc,38,1,21366,27349,
000905.mp4,av1,20,1,170096,217723,
000905.mp4,av1,30,1,101855,130375,
000905.mp4,av1,40,1,57771,73947,
000906.mp4,h264,18,1,154533,178486,
000906.mp4,h264,28,1,46251,53420,
000906.mp4,h264,38,1,17365,20057,
000906.mp4,hevc,18,1,177490,205001,
000906.mp4,hevc,28,1,54294,62710,
000906.mp4,hevc,38,1,21773,25148,
000906.mp4,av1,20,1,178307,205945,
000906.mp4,av1,30,1,107275,123903,
000906.mp4,av1,40,1,60597,69990,
000907.mp4,h264,18,1,148189,189683,
000907.mp4,h264,28,1,44107,56457,
000907.mp4,h264,38,1,17114,21906,
000907.mp4,hevc,18,1,167075,213856,
000907.mp4,hevc,28,1,51900,66432,
000907.mp4,hevc,38,1,21291,27253,
000907.mp4,av1,20,1,168152,215235,
000907.mp4,av1,30,1,101035,129325,
000907.mp4,av1,40,1,57342,73399,
000908.mp4,h264,18,1,172193,125701,
000908.mp4,h264,28,1,49649,36244,
000908.mp4,h264,38,1,18953,13836,
000908.mp4,hevc,18,1,199453,145601,
000908.mp4,hevc,28,1,59626,43527,
000908.mp4,hevc,38,1,24339,17768,
000908.mp4,av1,20,1,204558,149328,
000908.mp4,av1,30,1,117591,85842,
000908.mp4,av1,40,1,64716,47243,
000909.mp4,h264,18,1,165743,113534,
000909.mp4,h264,28,1,50089,34311,
000909.mp4,h264,38,1,19197,13150,
000909.mp4,hevc,18,1,190105,130222,
000909.mp4,hevc,28,1,60381,41361,
000909.mp4,hevc,38,1,25054,17162,
000909.mp4,av1,20,1,191519,131191,
000909.mp4,av1,30,1,116729,79960,
000909.mp4,av1,40,1,65195,44659,
000910.mp4,h264,18,1,152155,111834,
000910.mp4,h264,28,1,48044,35313,
000910.mp4,h264,38,1,18439,13553,
000910.mp4,hevc,18,1,182976,134488,
000910.mp4,hevc,28,1,58292,42845,
000910.mp4,hevc,38,1,24356,17902,
000910.mp4,av1,20,1,182526,134157,
000910.mp4,av1,30,1,110224,81015,
000910.mp4,av1,40,1,62771,46137,
000911.mp4,h264,18,1,161095,112767,
000911.mp4,h264,28,1,49318,34523,
000911.mp4,h264,38,1,19025,13318,
000911.mp4,hevc,18,1,192760,134932,
000911.mp4,hevc,28,1,60820,42574,
000911.mp4,hevc,38,1,24784,17349,
000911.mp4,av1,20,1,189120,132384,
000911.mp4,av1,30,1,113988,79792,
000911.mp4,av1,40,1,64777,45344,
000912.mp4,h264,18,1,195298,181628,
000912.mp4,h264,28,1,58093,54027,
000912.mp4,h264,38,1,21864,20334,
000912.mp4,hevc,18,1,222561,206982,
000912.mp4,hevc,28,1,66487,61833,
000912.mp4,hevc,38,1,26141,24312,
000912.mp4,av1,20,1,236873,220292,
000912.mp4,av1,30,1,138234,128558,
000912.mp4,av1,40,1,74973,69725,
000913.mp4,h264,18,1,177876,176987,
000913.mp4,h264,28,1,54552,54280,
000913.mp4,h264,38,1,20446,20344,
000913.mp4,hevc,18,1,205604,204576,
000913.mp4,hevc,28,1,64457,64135,
000913.mp4,hevc,38,1,25046,24921,
000913.mp4,av1,20,1,212511,211449,
000913.mp4,av1,30,1,126434,125802,
000913.mp4,av1,40,1,70027,69677,
000914.mp4,h264,18,1,184859,173768,
000914.mp4,h264,28,1,56461,53074,
000914.mp4,h264,38,1,20921,19666,
000914.mp4,hevc,18,1,210186,197575,
000914.mp4,hevc,28,1,65879,61927,
000914.mp4,hevc,38,1,25697,24156,
000914.mp4,av1,20,1,217523,204472,
000914.mp4,av1,30,1,130061,122258,
000914.mp4,av1,40,1,72722,68359,
000915.mp4,h264,18,1,181663,180755,
000915.mp4,h264,28,1,54341,54070,
000915.mp4,h264,38,1,20328,20227,
000915.mp4,hevc,18,1,203146,202131,
000915.mp4,hevc,28,1,63589,63272,
000915.mp4,hevc,38,1,24671,24548,
000915.mp4,av1,20,1,211491,210434,
000915.mp4,av1,30,1,125337,124711,
000915.mp4,av1,40,1,70078,69728,
000916.mp4,h264,18,1,182327,134011,
000916.mp4,h264,28,1,53704,39473,
000916.mp4,h264,38,1,20605,15145,
000916.mp4,hevc,18,1,207624,152604,
000916.mp4,hevc,28,1,63236,46479,
000916.mp4,hevc,38,1,25448,18705,
000916.mp4,av1,20,1,215545,158426,
000916.mp4,av1,30,1,124801,91729,
000916.mp4,av1,40,1,67862,49879,
000917.mp4,h264,18,1,166287,128041,
000917.mp4,h264,28,1,51597,39730,
000917.mp4,h264,38,1,19932,15348,
000917.mp4,hevc,18,1,195453,150499,
000917.mp4,hevc,28,1,61510,47363,
000917.mp4,hevc,38,1,24828,19118,
000917.mp4,av1,20,1,193936,149331,
000917.mp4,av1,30,1,117348,90358,
000917.mp4,av1,40,1,64890,49966,
000918.mp4,h264,18,1,172386,128428,
000918.mp4,h264,28,1,52918,39424,
000918.mp4,h264,38,1,20153,15014,
000918.mp4,hevc,18,1,197371,147042,
000918.mp4,hevc,28,1,62485,46552,
000918.mp4,hevc,38,1,25610,19080,
000918.mp4,av1,20,1,197644,147245,
000918.mp4,av1,30,1,119037,88683,
000918.mp4,av1,40,1,66742,49723,
000919.mp4,h264,18,1,167822,128384,
000919.mp4,h264,28,1,51447,39357,
000919.mp4,h264,38,1,19692,15065,
000919.mp4,hevc,18,1,194707,148951,
000919.mp4,hevc,28,1,61669,47177,
000919.mp4,hevc,38,1,25014,19136,
000919.mp4,av1,20,1,195690,149703,
000919.mp4,av1,30,1,116389,89038,
000919.mp4,av1,40,1,65176,49860,
000920.mp4,h264,18,1,165118,104850,
000920.mp4,h264,28,1,48800,30988,
000920.mp4,h264,38,1,18771,11920,
000920.mp4,hevc,18,1,192325,122127,
000920.mp4,hevc,28,1,59070,37510,
000920.mp4,hevc,38,1,25137,15962,
000920.mp4,av1,20,1,191744,121758,
000920.mp4,av1,30,1,113862,72303,
000920.mp4,av1,40,1,63488,40315,
000921.mp4,h264,18,1,143241,106715,
000921.mp4,h264,28,1,44495,33149,
000921.mp4,h264,38,1,17024,12683,
000921.mp4,hevc,18,1,168230,125332,
000921.mp4,hevc,28,1,54424,40546,
000921.mp4,hevc,38,1,23030,17158,
000921.mp4,av1,20,1,171883,128053,
000921.mp4,av1,30,1,104310,77711,
000921.mp4,av1,40,1,58865,43855,
000922.mp4,h264,18,1,157324,102261,
000922.mp4,h264,28,1,48123,31280,
000922.mp4,h264,38,1,18835,12243,
000922.mp4,hevc,18,1,183650,119373,
000922.mp4,hevc,28,1,59192,38475,
000922.mp4,hevc,38,1,24569,15970,
000922.mp4,av1,20,1,183100,119015,
000922.mp4,av1,30,1,111280,72332,
000922.mp4,av1,40,1,62941,40912,
000923.mp4,h264,18,1,143949,105083,
000923.mp4,h264,28,1,44372,32392,
000923.mp4,h264,38,1,17356,12670,
000923.mp4,hevc,18,1,168189,122778,
000923.mp4,hevc,28,1,54500,39785,
000923.mp4,hevc,38,1,23079,16848,
000923.mp4,av1,20,1,169824,123972,
000923.mp4,av1,30,1,103117,75276,
000923.mp4,av1,40,1,58802,42926,
000924.mp4,h264,18,1,161863,110067,
000924.mp4,h264,28,1,48302,32846,
000924.mp4,h264,38,1,19363,13167,
000924.mp4,hevc,18,1,196985,133950,
000924.mp4,hevc,28,1,58636,39873,
000924.mp4,hevc,38,1,25113,17077,
000924.mp4,av1,20,1,193170,131356,
000924.mp4,av1,30,1,112941,76800,
000924.mp4,av1,40,1,61539,41847,
000925.mp4,h264,18,1,148611,118146,
000925.mp4,h264,28,1,45537,36202,
000925.mp4,h264,38,1,17685,14060,
000925.mp4,hevc,18,1,173611,138021,
000925.mp4,hevc,28,1,55172,43862,
000925.mp4,hevc,38,1,23184,18432,
000925.mp4,av1,20,1,172645,137253,
000925.mp4,av1,30,1,103401,82204,
000925.mp4,av1,40,1,58534,46535,
000926.mp4,h264,18,1,159103,110577,
000926.mp4,h264,28,1,49470,34382,
000926.mp4,h264,38,1,18979,13191,
000926.mp4,hevc,18,1,187194,130100,
000926.mp4,hevc,28,1,59484,41342,
000926.mp4,hevc,38,1,24723,17183,
000926.mp4,av1,20,1,186706,129761,
000926.mp4,av1,30,1,111040,77173,
000926.mp4,av1,40,1,62477,43422,
000927.mp4,h264,18,1,144061,112368,
000927.mp4,h264,28,1,44693,34861,
000927.mp4,h264,38,1,17706,13811,
000927.mp4,hevc,18,1,172406,134477,
000927.mp4,hevc,28,1,54948,42860,
000927.mp4,hevc,38,1,23288,18165,
000927.mp4,av1,20,1,172512,134560,
000927.mp4,av1,30,1,102689,80098,
000927.mp4,av1,40,1,58032,45265,
000928.mp4,h264,18,1,166759,132574,
000928.mp4,h264,28,1,47364,37655,
000928.mp4,h264,38,1,18189,14461,
000928.mp4,hevc,18,1,190713,151617,
000928.mp4,hevc,28,1,56401,44839,
000928.mp4,hevc,38,1,23367,18577,
000928.mp4,av1,20,1,194815,154878,
000928.mp4,av1,30,1,113559,90280,
000928.mp4,av1,40,1,62342,49562,
000929.mp4,h264,18,1,151085,126912,
000929.mp4,h264,28,1,46000,38640,
000929.mp4,h264,38,1,17846,14991,
000929.mp4,hevc,18,1,176313,148103,
000929.mp4,hevc,28,1,54872,46093,
000929.mp4,hevc,38,1,22840,19186,
000929.mp4,av1,20,1,181345,152330,
000929.mp4,av1,30,1,108671,91284,
000929.mp4,av1,40,1,62659,52634,
000930.mp4,h264,18,1,154468,124347,
000930.mp4,h264,28,1,46683,37580,
000930.mp4,h264,38,1,18208,14658,
000930.mp4,hevc,18,1,179860,144788,
000930.mp4,hevc,28,1,56067,45134,
000930.mp4,hevc,38,1,23223,18695,
000930.mp4,av1,20,1,179165,144228,
000930.mp4,av1,30,1,107578,86601,
000930.mp4,av1,40,1,61209,49274,
000931.mp4,h264,18,1,149451,124045,
000931.mp4,h264,28,1,45263,37569,
000931.mp4,h264,38,1,17410,14451,
000931.mp4,hevc,18,1,176389,146403,
000931.mp4,hevc,28,1,54804,45488,
000931.mp4,hevc,38,1,22742,18876,
000931.mp4,av1,20,1,181833,150922,
000931.mp4,av1,30,1,109946,91256,
000931.mp4,av1,40,1,62478,51857,
000932.mp4,h264,18,1,174640,103038,
000932.mp4,h264,28,1,52528,30992,
000932.mp4,h264,38,1,21145,12476,
000932.mp4,hevc,18,1,196018,115651,
000932.mp4,hevc,28,1,60249,35547,
000932.mp4,hevc,38,1,26033,15360,
000932.mp4,av1,20,1,198201,116939,
000932.mp4,av1,30,1,116935,68992,
000932.mp4,av1,40,1,64393,37992,
000933.mp4,h264,18,1,151291,102122,
000933.mp4,h264,28,1,47296,31925,
000933.mp4,h264,38,1,18802,12692,
000933.mp4,hevc,18,1,174380,117707,
000933.mp4,hevc,28,1,56423,38086,
000933.mp4,hevc,38,1,24322,16418,
000933.mp4,av1,20,1,174509,117794,
000933.mp4,av1,30,1,105816,71426,
000933.mp4,av1,40,1,60663,40948,
000934.mp4,h264,18,1,159910,96746,
000934.mp4,h264,28,1,50312,30439,
000934.mp4,h264,38,1,19978,12087,
000934.mp4,hevc,18,1,186097,112589,
000934.mp4,hevc,28,1,59907,36244,
000934.mp4,hevc,38,1,25563,15466,
000934.mp4,av1,20,1,185876,112455,
000934.mp4,av1,30,1,113619,68740,
000934.mp4,av1,40,1,64361,38939,
000935.mp4,h264,18,1,152285,95940,
000935.mp4,h264,28,1,48155,30338,
000935.mp4,h264,38,1,19131,12053,
000935.mp4,hevc,18,1,179393,113018,
000935.mp4,hevc,28,1,58098,36602,
000935.mp4,hevc,38,1,24903,15689,
000935.mp4,av1,20,1,177490,111819,
000935.mp4,av1,30,1,108600,68418,
000935.mp4,av1,40,1,61396,38680,
000936.mp4,h264,18,1,191222,100392,
000936.mp4,h264,28,1,57923,30410,
000936.mp4,h264,38,1,22548,11838,
000936.mp4,hevc,18,1,219527,115252,
000936.mp4,hevc,28,1,67422,35397,
000936.mp4,hevc,38,1,28855,15149,
000936.mp4,av1,20,1,217459,114166,
000936.mp4,av1,30,1,128697,67566,
000936.mp4,av1,40,1,69965,36732,
000937.mp4,h264,18,1,185049,111955,
000937.mp4,h264,28,1,57424,34742,
000937.mp4,h264,38,1,22231,13450,
000937.mp4,hevc,18,1,201224,121741,
000937.mp4,hevc,28,1,63469,38399,
000937.mp4,hevc,38,1,26748,16183,
000937.mp4,av1,20,1,204654,123816,
000937.mp4,av1,30,1,121480,73496,
000937.mp4,av1,40,1,67077,40582,
000938.mp4,h264,18,1,179471,102299,
000938.mp4,h264,28,1,56615,32271,
000938.mp4,h264,38,1,22924,13067,
000938.mp4,hevc,18,1,195638,111514,
000938.mp4,hevc,28,1,63050,35939,
000938.mp4,hevc,38,1,28129,16034,
000938.mp4,av1,20,1,193438,110260,
000938.mp4,av1,30,1,112577,64169,
000938.mp4,av1,40,1,62470,35608,
000939.mp4,h264,18,1,163792,107284,
000939.mp4,h264,28,1,51738,33889,
000939.mp4,h264,38,1,20471,13409,
000939.mp4,hevc,18,1,173983,113959,
000939.mp4,hevc,28,1,59068,38690,
000939.mp4,hevc,38,1,25941,16992,
000939.mp4,av1,20,1,172993,113311,
000939.mp4,av1,30,1,104732,68600,
000939.mp4,av1,40,1,59215,38786,
000940.mp4,h264,18,1,171350,100240,
000940.mp4,h264,28,1,55104,32236,
000940.mp4,h264,38,1,21762,12731,
000940.mp4,hevc,18,1,188123,110052,
000940.mp4,hevc,28,1,62820,36750,
000940.mp4,hevc,38,1,27627,16162,
000940.mp4,av1,20,1,182620,106833,
000940.mp4,av1,30,1,111000,64935,
000940.mp4,av1,40,1,62721,36692,
000941.mp4,h264,18,1,163155,97893,
000941.mp4,h264,28,1,53140,31884,
000941.mp4,h264,38,1,21030,12618,
000941.mp4,hevc,18,1,179268,107561,
000941.mp4,hevc,28,1,60331,36199,
000941.mp4,hevc,38,1,26893,16136,
000941.mp4,av1,20,1,175346,105208,
000941.mp4,av1,30,1,106548,63929,
000941.mp4,av1,40,1,61118,36671,
000942.mp4,h264,18,1,169822,180012,
000942.mp4,h264,28,1,50646,53685,
000942.mp4,h264,38,1,19109,20256,
000942.mp4,hevc,18,1,185607,196744,
000942.mp4,hevc,28,1,56414,59799,
000942.mp4,hevc,38,1,23483,24892,
000942.mp4,av1,20,1,189805,201194,
000942.mp4,av1,30,1,111664,118364,
000942.mp4,av1,40,1,60820,64470,
000943.mp4,h264,18,1,154628,176277,
000943.mp4,h264,28,1,47164,53767,
000943.mp4,h264,38,1,17889,20394,
000943.mp4,hevc,18,1,172225,196337,
000943.mp4,hevc,28,1,54568,62208,
000943.mp4,hevc,38,1,22435,25577,
000943.mp4,av1,20,1,174877,199360,
000943.mp4,av1,30,1,104782,119452,
000943.mp4,av1,40,1,58990,67249,
000944.mp4,h264,18,1,164231,175728,
000944.mp4,h264,28,1,49711,53191,
000944.mp4,h264,38,1,18583,19884,
000944.mp4,hevc,18,1,180158,192770,
000944.mp4,hevc,28,1,57342,61356,
000944.mp4,hevc,38,1,23370,25006,
000944.mp4,av1,20,1,183738,196600,
000944.mp4,av1,30,1,109406,117065,
000944.mp4,av1,40,1,61131,65411,
000945.mp4,h264,18,1,154043,174069,
000945.mp4,h264,28,1,46753,52831,
000945.mp4,h264,38,1,17957,20292,
000945.mp4,hevc,18,1,170162,192284,
000945.mp4,hevc,28,1,54507,61594,
000945.mp4,hevc,38,1,22398,25310,
000945.mp4,av1,20,1,173178,195692,
000945.mp4,av1,30,1,103635,117108,
000945.mp4,av1,40,1,58107,65662,
000946.mp4,h264,18,1,179088,96708,
000946.mp4,h264,28,1,56529,30526,
000946.mp4,h264,38,1,22659,12236,
000946.mp4,hevc,18,1,199755,107868,
000946.mp4,hevc,28,1,64583,34875,
000946.mp4,hevc,38,1,27740,14980,
000946.mp4,av1,20,1,199233,107586,
000946.mp4,av1,30,1,118794,64149,
000946.mp4,av1,40,1,66855,36102,
000947.mp4,h264,18,1,158701,82525,
000947.mp4,h264,28,1,47500,24700,
000947.mp4,h264,38,1,19305,10039,
000947.mp4,hevc,18,1,177153,92120,
000947.mp4,hevc,28,1,55165,28686,
000947.mp4,hevc,38,1,25286,13149,
000947.mp4,av1,20,1,172209,89549,
000947.mp4,av1,30,1,101600,52832,
000947.mp4,av1,40,1,56163,29205,
000948.mp4,h264,18,1,139950,84670,
000948.mp4,h264,28,1,43474,26302,
000948.mp4,h264,38,1,17880,10818,
000948.mp4,hevc,18,1,157547,95316,
000948.mp4,hevc,28,1,51596,31216,
000948.mp4,hevc,38,1,23123,13990,
000948.mp4,av1,20,1,156272,94545,
000948.mp4,av1,30,1,94122,56944,
000948.mp4,av1,40,1,54024,32685,
000949.mp4,h264,18,1,154558,82689,
000949.mp4,h264,28,1,47284,25297,
000949.mp4,h264,38,1,19099,10218,
000949.mp4,hevc,18,1,172800,92448,
000949.mp4,hevc,28,1,56239,30088,
000949.mp4,hevc,38,1,25082,13419,
000949.mp4,av1,20,1,166164,88898,
000949.mp4,av1,30,1,99908,53451,
000949.mp4,av1,40,1,57237,30622,
000950.mp4,h264,18,1,146972,80835,
000950.mp4,h264,28,1,44700,24585,
000950.mp4,h264,38,1,18467,10157,
000950.mp4,hevc,18,1,165741,91158,
000950.mp4,hevc,28,1,54080,29744,
000950.mp4,hevc,38,1,24289,13359,
000950.mp4,av1,20,1,157652,86709,
000950.mp4,av1,30,1,96589,53124,
000950.mp4,av1,40,1,55483,30516,
000951.mp4,h264,18,1,178881,152049,
000951.mp4,h264,28,1,53520,45492,
000951.mp4,h264,38,1,20028,17024,
000951.mp4,hevc,18,1,202289,171946,
000951.mp4,hevc,28,1,62177,52851,
000951.mp4,hevc,38,1,24663,20964,
000951.mp4,av1,20,1,210412,178851,
000951.mp4,av1,30,1,123424,104911,
000951.mp4,av1,40,1,67644,57498,
000952.mp4,h264,18,1,169860,153724,
000952.mp4,h264,28,1,51152,46293,
000952.mp4,h264,38,1,18795,17010,
000952.mp4,hevc,18,1,188140,170267,
000952.mp4,hevc,28,1,59641,53976,
000952.mp4,hevc,38,1,23920,21648,
000952.mp4,av1,20,1,194851,176341,
000952.mp4,av1,30,1,118419,107170,
000952.mp4,av1,40,1,66429,60119,
000953.mp4,h264,18,1,177903,152997,
000953.mp4,h264,28,1,53315,45851,
000953.mp4,h264,38,1,19865,17084,
000953.mp4,hevc,18,1,193670,166557,
000953.mp4,hevc,28,1,61341,52754,
000953.mp4,hevc,38,1,24450,21027,
000953.mp4,av1,20,1,197460,169816,
000953.mp4,av1,30,1,119639,102890,
000953.mp4,av1,40,1,67239,57826,
000954.mp4,h264,18,1,165156,150292,
000954.mp4,h264,28,1,49358,44916,
000954.mp4,h264,38,1,18313,16665,
000954.mp4,hevc,18,1,183403,166897,
000954.mp4,hevc,28,1,58294,53048,
000954.mp4,hevc,38,1,23430,21322,
000954.mp4,av1,20,1,189992,172893,
000954.mp4,av1,30,1,116017,105576,
000954.mp4,av1,40,1,64060,58295,
000955.mp4,h264,18,1,190429,169482,
000955.mp4,h264,28,1,56526,50309,
000955.mp4,h264,38,1,21370,19020,
000955.mp4,hevc,18,1,200919,178818,
000955.mp4,hevc,28,1,61253,54516,
000955.mp4,hevc,38,1,24756,22033,
000955.mp4,av1,20,1,210048,186943,
000955.mp4,av1,30,1,123525,109938,
000955.mp4,av1,40,1,66915,59555,
000956.mp4,h264,18,1,166510,165678,
000956.mp4,h264,28,1,51186,50931,
000956.mp4,h264,38,1,19521,19424,
000956.mp4,hevc,18,1,183566,182649,
000956.mp4,hevc,28,1,58541,58249,
000956.mp4,hevc,38,1,23585,23468,
000956.mp4,av1,20,1,192207,191246,
000956.mp4,av1,30,1,115116,114541,
000956.mp4,av1,40,1,64084,63764,
000957.mp4,h264,18,1,178414,160573,
000957.mp4,h264,28,1,54552,49097,
000957.mp4,h264,38,1,20653,18588,
000957.mp4,hevc,18,1,192374,173137,
000957.mp4,hevc,28,1,61162,55046,
000957.mp4,hevc,38,1,24534,22081,
000957.mp4,av1,20,1,202156,181941,
000957.mp4,av1,30,1,121313,109182,
000957.mp4,av1,40,1,67136,60423,
000958.mp4,h264,18,1,167653,166815,
000958.mp4,h264,28,1,50875,50621,
000958.mp4,h264,38,1,19467,19370,
000958.mp4,hevc,18,1,182801,181887,
000958.mp4,hevc,28,1,58381,58090,
000958.mp4,hevc,38,1,23485,23368,
000958.mp4,av1,20,1,191735,190777,
000958.mp4,av1,30,1,115102,114527,
000958.mp4,av1,40,1,63956,63637,
000959.mp4,h264,18,1,158938,98542,
000959.mp4,h264,28,1,47051,29172,
000959.mp4,h264,38,1,18572,11515,
000959.mp4,hevc,18,1,177033,109761,
000959.mp4,hevc,28,1,55538,34434,
000959.mp4,hevc,38,1,23643,14659,
000959.mp4,av1,20,1,177287,109918,
000959.mp4,av1,30,1,105204,65227,
000959.mp4,av1,40,1,58716,36404,
000960.mp4,h264,18,1,146563,99663,
000960.mp4,h264,28,1,44800,30464,
000960.mp4,h264,38,1,17392,11827,
000960.mp4,hevc,18,1,162617,110580,
000960.mp4,hevc,28,1,53467,36358,
000960.mp4,hevc,38,1,22830,15525,
000960.mp4,av1,20,1,164155,111626,
000960.mp4,av1,30,1,99647,67760,
000960.mp4,av1,40,1,56644,38518,
000961.mp4,h264,18,1,151451,96172,
000961.mp4,h264,28,1,47308,30041,
000961.mp4,h264,38,1,18562,11787,
000961.mp4,hevc,18,1,171401,108840,
000961.mp4,hevc,28,1,55384,35169,
000961.mp4,hevc,38,1,23993,15236,
000961.mp4,av1,20,1,170420,108217,
000961.mp4,av1,30,1,102552,65121,
000961.mp4,av1,40,1,58585,37202,
000962.mp4,h264,18,1,144551,97572,
000962.mp4,h264,28,1,43619,29443,
000962.mp4,h264,38,1,17397,11743,
000962.mp4,hevc,18,1,160124,108084,
000962.mp4,hevc,28,1,52653,35541,
000962.mp4,hevc,38,1,22765,15367,
000962.mp4,av1,20,1,163645,110461,
000962.mp4,av1,30,1,98060,66191,
000962.mp4,av1,40,1,55942,37761,
000963.mp4,h264,18,1,185358,132531,
000963.mp4,h264,28,1,55776,39880,
000963.mp4,h264,38,1,21148,15121,
000963.mp4,hevc,18,1,204359,146117,
000963.mp4,hevc,28,1,63811,45625,
000963.mp4,hevc,38,1,26471,18927,
000963.mp4,av1,20,1,205756,147116,
000963.mp4,av1,30,1,122240,87402,
000963.mp4,av1,40,1,66869,47812,
000964.mp4,h264,18,1,170755,134043,
000964.mp4,h264,28,1,52370,41111,
000964.mp4,h264,38,1,19928,15644,
000964.mp4,hevc,18,1,192531,151137,
000964.mp4,hevc,28,1,61131,47988,
000964.mp4,hevc,38,1,24732,19415,
000964.mp4,av1,20,1,197121,154740,
000964.mp4,av1,30,1,118192,92781,
000964.mp4,av1,40,1,65819,51668,
000965.mp4,h264,18,1,178324,129285,
000965.mp4,h264,28,1,55080,39933,
000965.mp4,h264,38,1,20780,15066,
000965.mp4,hevc,18,1,199154,144387,
000965.mp4,hevc,28,1,63513,46047,
000965.mp4,hevc,38,1,25548,18523,
000965.mp4,av1,20,1,204013,147910,
000965.mp4,av1,30,1,122028,88471,
000965.mp4,av1,40,1,67791,49149,
000966.mp4,h264,18,1,170480,132975,
000966.mp4,h264,28,1,51883,40469,
000966.mp4,h264,38,1,19858,15490,
000966.mp4,hevc,18,1,190005,148204,
000966.mp4,hevc,28,1,60520,47206,
000966.mp4,hevc,38,1,24420,19048,
000966.mp4,av1,20,1,193400,150852,
000966.mp4,av1,30,1,116815,91116,
000966.mp4,av1,40,1,64974,50680,
000967.mp4,h264,18,1,179892,214972,
000967.mp4,h264,28,1,51648,61720,
000967.mp4,h264,38,1,18189,21736,
000967.mp4,hevc,18,1,203299,242943,
000967.mp4,hevc,28,1,59798,71459,
000967.mp4,hevc,38,1,22791,27236,
000967.mp4,av1,20,1,210225,251220,
000967.mp4,av1,30,1,123933,148100,
000967.mp4,av1,40,1,66141,79039,
000968.mp4,h264,18,1,172414,215518,
000968.mp4,h264,28,1,49192,61490,
000968.mp4,h264,38,1,17492,21866,
000968.mp4,hevc,18,1,189728,237161,
000968.mp4,hevc,28,1,57995,72494,
000968.mp4,hevc,38,1,22098,27623,
000968.mp4,av1,20,1,197297,246622,
000968.mp4,av1,30,1,117923,147404,
000968.mp4,av1,40,1,64951,81189,
000969.mp4,h264,18,1,173819,210322,
000969.mp4,h264,28,1,50445,61039,
000969.mp4,h264,38,1,17884,21640,
000969.mp4,hevc,18,1,193889,234606,
000969.mp4,hevc,28,1,59632,72155,
000969.mp4,hevc,38,1,22611,27360,
000969.mp4,av1,20,1,200981,243188,
000969.mp4,av1,30,1,119438,144520,
000969.mp4,av1,40,1,65527,79288,
000970.mp4,h264,18,1,173583,213508,
000970.mp4,h264,28,1,49832,61294,
000970.mp4,h264,38,1,18000,22141,
000970.mp4,hevc,18,1,189541,233136,
000970.mp4,hevc,28,1,58186,71569,
000970.mp4,hevc,38,1,22208,27316,
000970.mp4,av1,20,1,198070,243627,
000970.mp4,av1,30,1,117452,144467,
000970.mp4,av1,40,1,64762,79658,
000971.mp4,h264,18,1,187107,152493,
000971.mp4,h264,28,1,58614,47771,
000971.mp4,h264,38,1,23127,18849,
000971.mp4,hevc,18,1,201949,164589,
000971.mp4,hevc,28,1,64699,52730,
000971.mp4,hevc,38,1,27063,22057,
000971.mp4,av1,20,1,209860,171036,
000971.mp4,av1,30,1,123201,100409,
000971.mp4,av1,40,1,68784,56059,
000972.mp4,h264,18,1,171735,149410,
000972.mp4,h264,28,1,54290,47233,
000972.mp4,h264,38,1,21266,18502,
000972.mp4,hevc,18,1,189122,164537,
000972.mp4,hevc,28,1,62508,54382,
000972.mp4,hevc,38,1,26545,23095,
000972.mp4,av1,20,1,196710,171138,
000972.mp4,av1,30,1,119565,104022,
000972.mp4,av1,40,1,68210,59343,
000973.mp4,h264,18,1,175578,144852,
000973.mp4,h264,28,1,56282,46433,
000973.mp4,h264,38,1,21934,18096,
000973.mp4,hevc,18,1,197493,162932,
000973.mp4,hevc,28,1,64112,52893,
000973.mp4,hevc,38,1,26915,22205,
000973.mp4,av1,20,1,202063,166702,
000973.mp4,av1,30,1,122124,100753,
000973.mp4,av1,40,1,69092,57001,
000974.mp4,h264,18,1,163311,143714,
000974.mp4,h264,28,1,53650,47212,
000974.mp4,h264,38,1,20801,18305,
000974.mp4,hevc,18,1,184781,162608,
000974.mp4,hevc,28,1,61209,53864,
000974.mp4,hevc,38,1,25504,22444,
000974.mp4,av1,20,1,192177,169116,
000974.mp4,av1,30,1,116576,102587,
000974.mp4,av1,40,1,66742,58733,
000975.mp4,h264,18,1,159410,163396,
000975.mp4,h264,28,1,47304,48487,
000975.mp4,h264,38,1,18051,18503,
000975.mp4,hevc,18,1,180403,184914,
000975.mp4,hevc,28,1,55597,56987,
000975.mp4,hevc,38,1,22955,23529,
000975.mp4,av1,20,1,185786,190431,
000975.mp4,av1,30,1,109921,112670,
000975.mp4,av1,40,1,60994,62519,
000976.mp4,h264,18,1,157385,169976,
000976.mp4,h264,28,1,46258,49959,
000976.mp4,h264,38,1,17409,18802,
000976.mp4,hevc,18,1,171594,185322,
000976.mp4,hevc,28,1,54941,59337,
000976.mp4,hevc,38,1,22536,24339,
000976.mp4,av1,20,1,176312,190417,
000976.mp4,av1,30,1,105890,114362,
000976.mp4,av1,40,1,59594,64362,
000977.mp4,h264,18,1,158919,164482,
000977.mp4,h264,28,1,47295,48951,
000977.mp4,h264,38,1,17870,18496,
000977.mp4,hevc,18,1,176085,182248,
000977.mp4,hevc,28,1,55679,57628,
000977.mp4,hevc,38,1,22940,23743,
000977.mp4,av1,20,1,180182,186489,
000977.mp4,av1,30,1,107835,111610,
000977.mp4,av1,40,1,60789,62917,
000978.mp4,h264,18,1,152682,164897,
000978.mp4,h264,28,1,45326,48953,
000978.mp4,h264,38,1,17365,18755,
000978.mp4,hevc,18,1,169900,183493,
000978.mp4,hevc,28,1,53961,58278,
000978.mp4,hevc,38,1,22420,24214,
000978.mp4,av1,20,1,174062,187988,
000978.mp4,av1,30,1,104175,112509,
000978.mp4,av1,40,1,59174,63908,
000979.mp4,h264,18,1,162495,105622,
000979.mp4,h264,28,1,51372,33392,
000979.mp4,h264,38,1,20961,13625,
000979.mp4,hevc,18,1,179935,116958,
000979.mp4,hevc,28,1,57676,37490,
000979.mp4,hevc,38,1,25978,16886,
000979.mp4,av1,20,1,176020,114413,
000979.mp4,av1,30,1,104018,67612,
000979.mp4,av1,40,1,57750,37538,
000980.mp4,h264,18,1,152516,108287,
000980.mp4,h264,28,1,48614,34516,
000980.mp4,h264,38,1,19508,13851,
000980.mp4,hevc,18,1,164059,116482,
000980.mp4,hevc,28,1,54380,38610,
000980.mp4,hevc,38,1,24245,17214,
000980.mp4,av1,20,1,159270,113082,
000980.mp4,av1,30,1,96152,68268,
000980.mp4,av1,40,1,55214,39202,
000981.mp4,h264,18,1,157736,104106,
000981.mp4,h264,28,1,49977,32985,
000981.mp4,h264,38,1,19854,13104,
000981.mp4,hevc,18,1,171330,113078,
000981.mp4,hevc,28,1,57915,38224,
000981.mp4,hevc,38,1,25181,16620,
000981.mp4,av1,20,1,166212,109700,
000981.mp4,av1,30,1,100412,66272,
000981.mp4,av1,40,1,57977,38265,
000982.mp4,h264,18,1,146136,103026,
000982.mp4,h264,28,1,47475,33470,
000982.mp4,h264,38,1,19113,13475,
000982.mp4,hevc,18,1,165550,116713,
000982.mp4,hevc,28,1,54773,38615,
000982.mp4,hevc,38,1,24658,17384,
000982.mp4,av1,20,1,158265,111577,
000982.mp4,av1,30,1,96080,67737,
000982.mp4,av1,40,1,55029,38796,
000983.mp4,h264,18,1,194274,150563,
000983.mp4,h264,28,1,57138,44282,
000983.mp4,h264,38,1,20852,16161,
000983.mp4,hevc,18,1,210192,162899,
000983.mp4,hevc,28,1,63810,49453,
000983.mp4,hevc,38,1,25766,19969,
000983.mp4,av1,20,1,217121,168269,
000983.mp4,av1,30,1,126584,98103,
000983.mp4,av1,40,1,67958,52668,
000984.mp4,h264,18,1,179525,147211,
000984.mp4,h264,28,1,53425,43809,
000984.mp4,h264,38,1,19817,16250,
000984.mp4,hevc,18,1,195045,159937,
000984.mp4,hevc,28,1,61964,50811,
000984.mp4,hevc,38,1,24590,20164,
000984.mp4,av1,20,1,204509,167698,
000984.mp4,av1,30,1,121984,100027,
000984.mp4,av1,40,1,67042,54975,
000985.mp4,h264,18,1,184784,144132,
000985.mp4,h264,28,1,54519,42525,
000985.mp4,h264,38,1,20212,15766,
000985.mp4,hevc,18,1,202589,158020,
000985.mp4,hevc,28,1,63947,49879,
000985.mp4,hevc,38,1,25435,19840,
000985.mp4,av1,20,1,203189,158488,
000985.mp4,av1,30,1,121501,94771,
000985.mp4,av1,40,1,66062,51529,
000986.mp4,h264,18,1,176479,144713,
000986.mp4,h264,28,1,52430,42993,
000986.mp4,h264,38,1,19734,16182,
000986.mp4,hevc,18,1,197214,161716,
000986.mp4,hevc,28,1,61486,50419,
000986.mp4,hevc,38,1,24420,20025,
000986.mp4,av1,20,1,203979,167263,
000986.mp4,av1,30,1,121841,99910,
000986.mp4,av1,40,1,66025,54141,
000987.mp4,h264,18,1,172960,156529,
000987.mp4,h264,28,1,52867,47845,
000987.mp4,h264,38,1,20101,18192,
000987.mp4,hevc,18,1,194504,176027,
000987.mp4,hevc,28,1,60174,54458,
000987.mp4,hevc,38,1,25095,22711,
000987.mp4,av1,20,1,202413,183184,
000987.mp4,av1,30,1,118982,107679,
000987.mp4,av1,40,1,65445,59228,
000988.mp4,h264,18,1,164218,160113,
000988.mp4,h264,28,1,50697,49430,
000988.mp4,h264,38,1,18984,18510,
000988.mp4,hevc,18,1,181815,177270,
000988.mp4,hevc,28,1,58238,56783,
000988.mp4,hevc,38,1,23864,23268,
000988.mp4,av1,20,1,183376,178792,
000988.mp4,av1,30,1,111577,108788,
000988.mp4,av1,40,1,61957,60409,
000989.mp4,h264,18,1,169082,155556,
000989.mp4,h264,28,1,51515,47394,
000989.mp4,h264,38,1,19533,17971,
000989.mp4,hevc,18,1,188258,173198,
000989.mp4,hevc,28,1,60404,55572,
000989.mp4,hevc,38,1,24405,22453,
000989.mp4,av1,20,1,190486,175248,
000989.mp4,av1,30,1,114532,105370,
000989.mp4,av1,40,1,64422,59269,
000990.mp4,h264,18,1,162050,156379,
000990.mp4,h264,28,1,49848,48104,
000990.mp4,h264,38,1,18875,18215,
000990.mp4,hevc,18,1,181046,174710,
000990.mp4,hevc,28,1,57725,55705,
000990.mp4,hevc,38,1,23804,22971,
000990.mp4,av1,20,1,183831,177397,
000990.mp4,av1,30,1,110004,106154,
000990.mp4,av1,40,1,62289,60109,
000991.mp4,h264,18,1,159438,133928,
000991.mp4,h264,28,1,49483,41566,
000991.mp4,h264,38,1,19233,16156,
000991.mp4,hevc,18,1,179954,151162,
000991.mp4,hevc,28,1,55750,46830,
000991.mp4,hevc,38,1,23940,20110,
000991.mp4,av1,20,1,183075,153783,
000991.mp4,av1,30,1,107809,90560,
000991.mp4,av1,40,1,60253,50613,
000992.mp4,h264,18,1,152529,135751,
000992.mp4,h264,28,1,46604,41478,
000992.mp4,h264,38,1,18155,16158,
000992.mp4,hevc,18,1,166695,148359,
000992.mp4,hevc,28,1,54675,48661,
000992.mp4,hevc,38,1,23607,21011,
000992.mp4,av1,20,1,167956,149481,
000992.mp4,av1,30,1,102320,91065,
000992.mp4,av1,40,1,59396,52863,
000993.mp4,h264,18,1,159816,135844,
000993.mp4,h264,28,1,47630,40486,
000993.mp4,h264,38,1,18482,15710,
000993.mp4,hevc,18,1,171044,145388,
000993.mp4,hevc,28,1,55952,47560,
000993.mp4,hevc,38,1,24190,20562,
000993.mp4,av1,20,1,171595,145856,
000993.mp4,av1,30,1,104730,89021,
000993.mp4,av1,40,1,60390,51332,
000994.mp4,h264,18,1,146982,130814,
000994.mp4,h264,28,1,46006,40946,
000994.mp4,h264,38,1,18041,16057,
000994.mp4,hevc,18,1,166165,147887,
000994.mp4,hevc,28,1,53678,47774,
000994.mp4,hevc,38,1,23140,20595,
000994.mp4,av1,20,1,168487,149954,
000994.mp4,av1,30,1,102139,90904,
000994.mp4,av1,40,1,58975,52488,
000995.mp4,h264,18,1,172689,150240,
000995.mp4,h264,28,1,50997,44368,
000995.mp4,h264,38,1,19383,16864,
000995.mp4,hevc,18,1,188331,163848,
000995.mp4,hevc,28,1,58182,50619,
000995.mp4,hevc,38,1,23731,20646,
000995.mp4,av1,20,1,196102,170609,
000995.mp4,av1,30,1,116663,101497,
000995.mp4,av1,40,1,64370,56002,
000996.mp4,h264,18,1,162700,147244,
000996.mp4,h264,28,1,49120,44454,
000996.mp4,h264,38,1,18556,16794,
000996.mp4,hevc,18,1,178561,161598,
000996.mp4,hevc,28,1,57130,51703,
000996.mp4,hevc,38,1,23219,21014,
000996.mp4,av1,20,1,187503,169691,
000996.mp4,av1,30,1,112616,101918,
000996.mp4,av1,40,1,63334,57318,
000997.mp4,h264,18,1,164284,144570,
000997.mp4,h264,28,1,50375,44330,
000997.mp4,h264,38,1,18865,16602,
000997.mp4,hevc,18,1,180329,158690,
000997.mp4,hevc,28,1,57972,51016,
000997.mp4,hevc,38,1,23525,20702,
000997.mp4,av1,20,1,188436,165824,
000997.mp4,av1,30,1,112973,99417,
000997.mp4,av1,40,1,63380,55775,
000998.mp4,h264,18,1,159830,144647,
000998.mp4,h264,28,1,49303,44620,
000998.mp4,h264,38,1,18955,17155,
000998.mp4,hevc,18,1,177732,160848,
000998.mp4,hevc,28,1,57137,51709,
000998.mp4,hevc,38,1,23377,21157,
000998.mp4,av1,20,1,185805,168154,
000998.mp4,av1,30,1,112436,101755,
000998.mp4,av1,40,1,63609,57567,
000999.mp4,h264,18,1,157838,190195,
000999.mp4,h264,28,1,44503,53627,
000999.mp4,h264,38,1,16670,20088,
000999.mp4,hevc,18,1,172404,207748,
000999.mp4,hevc,28,1,51033,61495,
000999.mp4,hevc,38,1,20529,24738,
000999.mp4,av1,20,1,181066,218185,
000999.mp4,av1,30,1,105712,127383,
000999.mp4,av1,40,1,58116,70030,
001000.mp4,h264,18,1,145203,186587,
001000.mp4,h264,28,1,43965,56496,
001000.mp4,h264,38,1,16498,21200,
001000.mp4,hevc,18,1,164718,211663,
001000.mp4,hevc,28,1,51218,65816,
001000.mp4,hevc,38,1,20351,26152,
001000.mp4,av1,20,1,169581,217912,
001000.mp4,av1,30,1,101330,130210,
001000.mp4,av1,40,1,56905,73124,
001001.mp4,h264,18,1,149955,182196,
001001.mp4,h264,28,1,43752,53159,
001001.mp4,h264,38,1,16279,19779,
001001.mp4,hevc,18,1,167910,204011,
001001.mp4,hevc,28,1,51546,62629,
001001.mp4,hevc,38,1,20409,24798,
001001.mp4,av1,20,1,174042,211462,
001001.mp4,av1,30,1,104165,126561,
001001.mp4,av1,40,1,58204,70718,
001002.mp4,h264,18,1,145790,187341,
001002.mp4,h264,28,1,42827,55033,
001002.mp4,h264,38,1,16196,20813,
001002.mp4,hevc,18,1,161519,207552,
001002.mp4,hevc,28,1,50286,64618,
001002.mp4,hevc,38,1,20292,26076,
001002.mp4,av1,20,1,167065,214679,
001002.mp4,av1,30,1,99670,128077,
001002.mp4,av1,40,1,56045,72018,
001003.mp4,h264,18,1,170061,272949,
001003.mp4,h264,28,1,51071,81970,
001003.mp4,h264,38,1,19272,30932,
001003.mp4,hevc,18,1,183320,294230,
001003.mp4,hevc,28,1,55785,89535,
001003.mp4,hevc,38,1,22800,36595,
001003.mp4,av1,20,1,180459,289638,
001003.mp4,av1,30,1,105406,169177,
001003.mp4,av1,40,1,57793,92758,
001004.mp4,h264,18,1,156162,276408,
001004.mp4,h264,28,1,47322,83761,
001004.mp4,h264,38,1,17798,31503,
001004.mp4,hevc,18,1,167567,296595,
001004.mp4,hevc,28,1,52789,93438,
001004.mp4,hevc,38,1,21107,37360,
001004.mp4,av1,20,1,169479,299979,
001004.mp4,av1,30,1,101392,179465,
001004.mp4,av1,40,1,57136,101131,
001005.mp4,h264,18,1,165557,269859,
001005.mp4,h264,28,1,49993,81490,
001005.mp4,h264,38,1,18422,30028,
001005.mp4,hevc,18,1,177711,289670,
001005.mp4,hevc,28,1,55965,91224,
001005.mp4,hevc,38,1,22177,36150,
001005.mp4,av1,20,1,178888,291589,
001005.mp4,av1,30,1,107465,175168,
001005.mp4,av1,40,1,60068,97911,
001006.mp4,h264,18,1,158178,269695,
001006.mp4,h264,28,1,47421,80854,
001006.mp4,h264,38,1,17853,30441,
001006.mp4,hevc,18,1,169635,289229,
001006.mp4,hevc,28,1,53431,91100,
001006.mp4,hevc,38,1,21472,36611,
001006.mp4,av1,20,1,170927,291431,
001006.mp4,av1,30,1,102153,174172,
001006.mp4,av1,40,1,57333,97753,
001007.mp4,h264,18,1,156686,264801,
001007.mp4,h264,28,1,48402,81800,
001007.mp4,h264,38,1,18179,30723,
001007.mp4,hevc,18,1,171518,289866,
001007.mp4,hevc,28,1,54173,91554,
001007.mp4,hevc,38,1,21625,36547,
001007.mp4,av1,20,1,173347,292957,
001007.mp4,av1,30,1,103692,175241,
001007.mp4,av1,40,1,58013,98043,
001008.mp4,h264,18,1,163085,263383,
001008.mp4,h264,28,1,50141,80978,
001008.mp4,h264,38,1,18864,30466,
001008.mp4,hevc,18,1,176679,285338,
001008.mp4,hevc,28,1,55778,90082,
001008.mp4,hevc,38,1,22257,35946,
001008.mp4,av1,20,1,177360,286438,
001008.mp4,av1,30,1,105652,170628,
001008.mp4,av1,40,1,59185,95584,
001009.mp4,h264,18,1,155560,262898,
001009.mp4,h264,28,1,47782,80752,
001009.mp4,h264,38,1,17998,30417,
001009.mp4,hevc,18,1,171094,289149,
001009.mp4,hevc,28,1,53398,90243,
001009.mp4,hevc,38,1,21433,36222,
001009.mp4,av1,20,1,172434,291415,
001009.mp4,av1,30,1,102828,173780,
001009.mp4,av1,40,1,57586,97321,
001010.mp4,h264,18,1,182408,285470,
001010.mp4,h264,28,1,54008,84524,
001010.mp4,h264,38,1,20102,31461,
001010.mp4,hevc,18,1,194545,304464,
001010.mp4,hevc,28,1,59488,93099,
001010.mp4,hevc,38,1,23145,36222,
001010.mp4,av1,20,1,205051,320905,
001010.mp4,av1,30,1,119823,187524,
001010.mp4,av1,40,1,64685,101233,
001011.mp4,h264,18,1,169731,281754,
001011.mp4,h264,28,1,51222,85029,
001011.mp4,h264,38,1,18829,31257,
001011.mp4,hevc,18,1,183648,304856,
001011.mp4,hevc,28,1,58174,96569,
001011.mp4,hevc,38,1,22468,37298,
001011.mp4,av1,20,1,191680,318189,
001011.mp4,av1,30,1,115256,191325,
001011.mp4,av1,40,1,64236,106632,
001012.mp4,h264,18,1,174276,276228,
001012.mp4,h264,28,1,52283,82870,
001012.mp4,h264,38,1,19294,30581,
001012.mp4,hevc,18,1,186944,296307,
001012.mp4,hevc,28,1,58859,93292,
001012.mp4,hevc,38,1,23028,36500,
001012.mp4,av1,20,1,194713,308621,
001012.mp4,av1,30,1,116182,184149,
001012.mp4,av1,40,1,63536,100706,
001013.mp4,h264,18,1,169440,281271,
001013.mp4,h264,28,1,51078,84790,
001013.mp4,h264,38,1,19071,31658,
001013.mp4,hevc,18,1,183071,303899,
001013.mp4,hevc,28,1,57597,95612,
001013.mp4,hevc,38,1,22208,36866,
001013.mp4,av1,20,1,190591,316382,
001013.mp4,av1,30,1,114365,189847,
001013.mp4,av1,40,1,63937,106137,
001014.mp4,h264,18,1,172263,278205,
001014.mp4,h264,28,1,52084,84116,
001014.mp4,h264,38,1,19273,31126,
001014.mp4,hevc,18,1,185750,299987,
001014.mp4,hevc,28,1,58716,94827,
001014.mp4,hevc,38,1,22723,36698,
001014.mp4,av1,20,1,195253,315335,
001014.mp4,av1,30,1,116159,187597,
001014.mp4,av1,40,1,63964,103303,
001015.mp4,h264,18,1,171911,270760,
001015.mp4,h264,28,1,52304,82379,
001015.mp4,h264,38,1,19030,29973,
001015.mp4,hevc,18,1,188137,296316,
001015.mp4,hevc,28,1,59365,93501,
001015.mp4,hevc,38,1,22714,35775,
001015.mp4,av1,20,1,197316,310774,
001015.mp4,av1,30,1,116344,183242,
001015.mp4,av1,40,1,64236,101173,
