video,split,codec,crf,ok,bitrate,size
860_905.mp4,Deepfakes,h264,18,1,8548133,16348306
860_905.mp4,Deepfakes,h264,28,1,2042496,3906274
860_905.mp4,Deepfakes,h264,38,1,617768,1181483
860_905.mp4,Deepfakes,hevc,18,1,1016300,1943675
860_905.mp4,Deepfakes,hevc,28,1,314743,601947
860_905.mp4,Deepfakes,hevc,38,1,127799,244417
860_905.mp4,Deepfakes,av1,20,1,1839816,3518649
860_905.mp4,Deepfakes,av1,30,1,1015396,1941946
860_905.mp4,Deepfakes,av1,40,1,520081,994655
861_858.mp4,Deepfakes,h264,18,1,3145936,9343431
861_858.mp4,Deepfakes,h264,28,1,1209647,3592653
861_858.mp4,Deepfakes,h264,38,1,368653,1094900
861_858.mp4,Deepfakes,hevc,18,1,979268,2908428
861_858.mp4,Deepfakes,hevc,28,1,280400,832790
861_858.mp4,Deepfakes,hevc,38,1,85134,252848
861_858.mp4,Deepfakes,av1,20,1,2025362,6015328
861_858.mp4,Deepfakes,av1,30,1,1014962,3014440
861_858.mp4,Deepfakes,av1,40,1,488190,1449925
862_047.mp4,Deepfakes,h264,18,1,4876366,9549552
862_047.mp4,Deepfakes,h264,28,1,1371262,2685390
862_047.mp4,Deepfakes,h264,38,1,411755,806355
862_047.mp4,Deepfakes,hevc,18,1,727921,1425512
862_047.mp4,Deepfakes,hevc,28,1,201873,395336
862_047.mp4,Deepfakes,hevc,38,1,74531,145958
862_047.mp4,Deepfakes,av1,20,1,1291501,2529191
862_047.mp4,Deepfakes,av1,30,1,691675,1354531
862_047.mp4,Deepfakes,av1,40,1,333566,653235
863_853.mp4,Deepfakes,h264,18,1,4767613,10190774
863_853.mp4,Deepfakes,h264,28,1,1349620,2884814
863_853.mp4,Deepfakes,h264,38,1,363389,776745
863_853.mp4,Deepfakes,hevc,18,1,789765,1688124
863_853.mp4,Deepfakes,hevc,28,1,241470,516143
863_853.mp4,Deepfakes,hevc,38,1,91069,194660
863_853.mp4,Deepfakes,av1,20,1,1178441,2518919
863_853.mp4,Deepfakes,av1,30,1,604536,1292196
863_853.mp4,Deepfakes,av1,40,1,287653,614859
864_839.mp4,Deepfakes,h264,18,1,2515200,4099776
864_839.mp4,Deepfakes,h264,28,1,883236,1439676
864_839.mp4,Deepfakes,h264,38,1,252511,411593
864_839.mp4,Deepfakes,hevc,18,1,589954,961626
864_839.mp4,Deepfakes,hevc,28,1,154401,251674
864_839.mp4,Deepfakes,hevc,38,1,50248,81905
864_839.mp4,Deepfakes,av1,20,1,914486,1490613
864_839.mp4,Deepfakes,av1,30,1,520189,847909
864_839.mp4,Deepfakes,av1,40,1,259345,422733
865_739.mp4,Deepfakes,h264,18,1,13957128,10089840
865_739.mp4,Deepfakes,h264,28,1,3421730,2473626
865_739.mp4,Deepfakes,h264,38,1,1001245,723817
865_739.mp4,Deepfakes,hevc,18,1,1959838,1416800
865_739.mp4,Deepfakes,hevc,28,1,491695,355455
865_739.mp4,Deepfakes,hevc,38,1,206260,149109
865_739.mp4,Deepfakes,av1,20,1,3528546,2550845
865_739.mp4,Deepfakes,av1,30,1,1698067,1227561
865_739.mp4,Deepfakes,av1,40,1,741594,536111
866_878.mp4,Deepfakes,h264,18,1,11886725,25209764
866_878.mp4,Deepfakes,h264,28,1,3301026,7000928
866_878.mp4,Deepfakes,h264,38,1,667848,1416396
866_878.mp4,Deepfakes,hevc,18,1,1726065,3660698
866_878.mp4,Deepfakes,hevc,28,1,392115,831612
866_878.mp4,Deepfakes,hevc,38,1,127420,270237
866_878.mp4,Deepfakes,av1,20,1,2488451,5277591
866_878.mp4,Deepfakes,av1,30,1,1233093,2615186
866_878.mp4,Deepfakes,av1,40,1,537221,1139358
867_765.mp4,Deepfakes,h264,18,1,4067799,25237304
867_765.mp4,Deepfakes,h264,28,1,1458147,9046588
867_765.mp4,Deepfakes,h264,38,1,381779,2368626
867_765.mp4,Deepfakes,hevc,18,1,1014136,6291869
867_765.mp4,Deepfakes,hevc,28,1,234013,1451856
867_765.mp4,Deepfakes,hevc,38,1,62793,389581
867_765.mp4,Deepfakes,av1,20,1,1809700,11227684
867_765.mp4,Deepfakes,av1,30,1,913954,5670326
867_765.mp4,Deepfakes,av1,40,1,420795,2610687
868_949.mp4,Deepfakes,h264,18,1,2219670,3986158
868_949.mp4,Deepfakes,h264,28,1,776958,1395288
868_949.mp4,Deepfakes,h264,38,1,256887,461328
868_949.mp4,Deepfakes,hevc,18,1,475875,854593
868_949.mp4,Deepfakes,hevc,28,1,139058,249726
868_949.mp4,Deepfakes,hevc,38,1,48757,87561
868_949.mp4,Deepfakes,av1,20,1,1083799,1946323
868_949.mp4,Deepfakes,av1,30,1,573323,1029593
868_949.mp4,Deepfakes,av1,40,1,244791,439605
869_780.mp4,Deepfakes,h264,18,1,12760380,21246033
869_780.mp4,Deepfakes,h264,28,1,3631987,6047260
869_780.mp4,Deepfakes,h264,38,1,973108,1620225
869_780.mp4,Deepfakes,hevc,18,1,2335425,3888483
869_780.mp4,Deepfakes,hevc,28,1,595362,991279
869_780.mp4,Deepfakes,hevc,38,1,189393,315340
869_780.mp4,Deepfakes,av1,20,1,3259739,5427466
869_780.mp4,Deepfakes,av1,30,1,1652251,2750998
869_780.mp4,Deepfakes,av1,40,1,782520,1302897
870_001.mp4,Deepfakes,h264,18,1,5250890,15857688
870_001.mp4,Deepfakes,h264,28,1,1785338,5391721
870_001.mp4,Deepfakes,h264,38,1,426088,1286786
870_001.mp4,Deepfakes,hevc,18,1,1033107,3119985
870_001.mp4,Deepfakes,hevc,28,1,212297,641139
870_001.mp4,Deepfakes,hevc,38,1,65046,196440
870_001.mp4,Deepfakes,av1,20,1,1714268,5177090
870_001.mp4,Deepfakes,av1,30,1,916064,2766514
870_001.mp4,Deepfakes,av1,40,1,374671,1131509
871_814.mp4,Deepfakes,h264,18,1,4200697,6091011
871_814.mp4,Deepfakes,h264,28,1,1059254,1535919
871_814.mp4,Deepfakes,h264,38,1,218881,317378
871_814.mp4,Deepfakes,hevc,18,1,763111,1106512
871_814.mp4,Deepfakes,hevc,28,1,192759,279501
871_814.mp4,Deepfakes,hevc,38,1,60306,87444
871_814.mp4,Deepfakes,av1,20,1,1317540,1910434
871_814.mp4,Deepfakes,av1,30,1,653791,947997
871_814.mp4,Deepfakes,av1,40,1,308868,447859
872_873.mp4,Deepfakes,h264,18,1,2134027,5057646
872_873.mp4,Deepfakes,h264,28,1,579234,1372785
872_873.mp4,Deepfakes,h264,38,1,123501,292698
872_873.mp4,Deepfakes,hevc,18,1,275575,653114
872_873.mp4,Deepfakes,hevc,28,1,73548,174309
872_873.mp4,Deepfakes,hevc,38,1,31623,74947
872_873.mp4,Deepfakes,av1,20,1,405741,961608
872_873.mp4,Deepfakes,av1,30,1,229852,544751
872_873.mp4,Deepfakes,av1,40,1,126431,299643
873_872.mp4,Deepfakes,h264,18,1,4406960,19478764
873_872.mp4,Deepfakes,h264,28,1,1175208,5194422
873_872.mp4,Deepfakes,h264,38,1,320254,1415526
873_872.mp4,Deepfakes,hevc,18,1,578831,2558435
873_872.mp4,Deepfakes,hevc,28,1,164676,727869
873_872.mp4,Deepfakes,hevc,38,1,67739,299407
873_872.mp4,Deepfakes,av1,20,1,933427,4125748
873_872.mp4,Deepfakes,av1,30,1,508444,2247323
873_872.mp4,Deepfakes,av1,40,1,261417,1155466
874_291.mp4,Deepfakes,h264,18,1,9072476,17729131
874_291.mp4,Deepfakes,h264,28,1,2346590,4585628
874_291.mp4,Deepfakes,h264,38,1,609617,1191295
874_291.mp4,Deepfakes,hevc,18,1,1193658,2332607
874_291.mp4,Deepfakes,hevc,28,1,355194,694109
874_291.mp4,Deepfakes,hevc,38,1,138246,270157
874_291.mp4,Deepfakes,av1,20,1,1529377,2988658
874_291.mp4,Deepfakes,av1,30,1,775096,1514668
874_291.mp4,Deepfakes,av1,40,1,378485,739624
875_979.mp4,Deepfakes,h264,18,1,4694325,8254189
875_979.mp4,Deepfakes,h264,28,1,1462235,2571098
875_979.mp4,Deepfakes,h264,38,1,444790,782090
875_979.mp4,Deepfakes,hevc,18,1,567862,998492
875_979.mp4,Deepfakes,hevc,28,1,152024,267309
875_979.mp4,Deepfakes,hevc,38,1,58859,103495
875_979.mp4,Deepfakes,av1,20,1,811135,1426246
875_979.mp4,Deepfakes,av1,30,1,404503,711252
875_979.mp4,Deepfakes,av1,40,1,193630,340467
876_891.mp4,Deepfakes,h264,18,1,4475158,5836353
876_891.mp4,Deepfakes,h264,28,1,1040022,1356362
876_891.mp4,Deepfakes,h264,38,1,267007,348222
876_891.mp4,Deepfakes,hevc,18,1,499437,651350
876_891.mp4,Deepfakes,hevc,28,1,134695,175665
876_891.mp4,Deepfakes,hevc,38,1,60453,78841
876_891.mp4,Deepfakes,av1,20,1,912699,1190312
876_891.mp4,Deepfakes,av1,30,1,504131,657472
876_891.mp4,Deepfakes,av1,40,1,238740,311358
877_886.mp4,Deepfakes,h264,18,1,3868303,11024666
877_886.mp4,Deepfakes,h264,28,1,1264233,3603065
877_886.mp4,Deepfakes,h264,38,1,412294,1175040
877_886.mp4,Deepfakes,hevc,18,1,643079,1832777
877_886.mp4,Deepfakes,hevc,28,1,169037,481757
877_886.mp4,Deepfakes,hevc,38,1,61811,176164
877_886.mp4,Deepfakes,av1,20,1,1015307,2893627
877_886.mp4,Deepfakes,av1,30,1,524122,1493750
877_886.mp4,Deepfakes,av1,40,1,252453,719492
878_866.mp4,Deepfakes,h264,18,1,4523448,13871910
878_866.mp4,Deepfakes,h264,28,1,1031446,3163102
878_866.mp4,Deepfakes,h264,38,1,230238,706066
878_866.mp4,Deepfakes,hevc,18,1,446145,1368179
878_866.mp4,Deepfakes,hevc,28,1,123453,378592
878_866.mp4,Deepfakes,hevc,38,1,58165,178374
878_866.mp4,Deepfakes,av1,20,1,635633,1949277
878_866.mp4,Deepfakes,av1,30,1,318651,977199
878_866.mp4,Deepfakes,av1,40,1,163159,500357
879_963.mp4,Deepfakes,h264,18,1,2869970,10032939
879_963.mp4,Deepfakes,h264,28,1,904118,3160646
879_963.mp4,Deepfakes,h264,38,1,220701,771537
879_963.mp4,Deepfakes,hevc,18,1,558734,1953241
879_963.mp4,Deepfakes,hevc,28,1,144148,503919
879_963.mp4,Deepfakes,hevc,38,1,50615,176942
879_963.mp4,Deepfakes,av1,20,1,1130888,3953399
879_963.mp4,Deepfakes,av1,30,1,587592,2054127
879_963.mp4,Deepfakes,av1,40,1,287511,1005094
880_135.mp4,Deepfakes,h264,18,1,7787925,17644519
880_135.mp4,Deepfakes,h264,28,1,1541285,3491976
880_135.mp4,Deepfakes,h264,38,1,363108,822668
880_135.mp4,Deepfakes,hevc,18,1,686108,1554464
880_135.mp4,Deepfakes,hevc,28,1,191340,433505
880_135.mp4,Deepfakes,hevc,38,1,81843,185427
880_135.mp4,Deepfakes,av1,20,1,1018353,2307207
880_135.mp4,Deepfakes,av1,30,1,507965,1150859
880_135.mp4,Deepfakes,av1,40,1,242319,549005
881_856.mp4,Deepfakes,h264,18,1,2148478,5711373
881_856.mp4,Deepfakes,h264,28,1,643575,1710837
881_856.mp4,Deepfakes,h264,38,1,164246,436621
881_856.mp4,Deepfakes,hevc,18,1,413529,1099298
881_856.mp4,Deepfakes,hevc,28,1,106746,283768
881_856.mp4,Deepfakes,hevc,38,1,43033,114398
881_856.mp4,Deepfakes,av1,20,1,828606,2202712
881_856.mp4,Deepfakes,av1,30,1,459971,1222757
881_856.mp4,Deepfakes,av1,40,1,225513,599489
882_952.mp4,Deepfakes,h264,18,1,14863770,20623481
882_952.mp4,Deepfakes,h264,28,1,4352775,6039476
882_952.mp4,Deepfakes,h264,38,1,1293052,1794111
882_952.mp4,Deepfakes,hevc,18,1,2866964,3977913
882_952.mp4,Deepfakes,hevc,28,1,822400,1141080
882_952.mp4,Deepfakes,hevc,38,1,266475,369735
882_952.mp4,Deepfakes,av1,20,1,4106606,5697916
882_952.mp4,Deepfakes,av1,30,1,2139373,2968381
882_952.mp4,Deepfakes,av1,40,1,1015974,1409665
883_013.mp4,Deepfakes,h264,18,1,5818477,12597004
883_013.mp4,Deepfakes,h264,28,1,1838602,3980575
883_013.mp4,Deepfakes,h264,38,1,523054,1132413
883_013.mp4,Deepfakes,hevc,18,1,1212182,2624375
883_013.mp4,Deepfakes,hevc,28,1,331936,718643
883_013.mp4,Deepfakes,hevc,38,1,107226,232145
883_013.mp4,Deepfakes,av1,20,1,1686920,3652183
883_013.mp4,Deepfakes,av1,30,1,871936,1887742
883_013.mp4,Deepfakes,av1,40,1,420915,911283
884_968.mp4,Deepfakes,h264,18,1,6054092,10382769
884_968.mp4,Deepfakes,h264,28,1,2032885,3486399
884_968.mp4,Deepfakes,h264,38,1,613368,1051927
884_968.mp4,Deepfakes,hevc,18,1,1394430,2391449
884_968.mp4,Deepfakes,hevc,28,1,395057,677524
884_968.mp4,Deepfakes,hevc,38,1,122639,210326
884_968.mp4,Deepfakes,av1,20,1,1955618,3353885
884_968.mp4,Deepfakes,av1,30,1,1025994,1759580
884_968.mp4,Deepfakes,av1,40,1,492586,844786
885_802.mp4,Deepfakes,h264,18,1,2344107,3856057
885_802.mp4,Deepfakes,h264,28,1,814100,1339195
885_802.mp4,Deepfakes,h264,38,1,229171,376987
885_802.mp4,Deepfakes,hevc,18,1,438646,721573
885_802.mp4,Deepfakes,hevc,28,1,118846,195503
885_802.mp4,Deepfakes,hevc,38,1,41543,68339
885_802.mp4,Deepfakes,av1,20,1,679181,1117253
885_802.mp4,Deepfakes,av1,30,1,372277,612397
885_802.mp4,Deepfakes,av1,40,1,189412,311583
886_877.mp4,Deepfakes,h264,18,1,2017254,5295293
886_877.mp4,Deepfakes,h264,28,1,594035,1559342
886_877.mp4,Deepfakes,h264,38,1,147087,386105
886_877.mp4,Deepfakes,hevc,18,1,282152,740650
886_877.mp4,Deepfakes,hevc,28,1,74169,194696
886_877.mp4,Deepfakes,hevc,38,1,29655,77846
886_877.mp4,Deepfakes,av1,20,1,419571,1101375
886_877.mp4,Deepfakes,av1,30,1,232787,611067
886_877.mp4,Deepfakes,av1,40,1,122951,322748
887_275.mp4,Deepfakes,h264,18,1,2465132,4178399
887_275.mp4,Deepfakes,h264,28,1,704877,1194767
887_275.mp4,Deepfakes,h264,38,1,182941,310085
887_275.mp4,Deepfakes,hevc,18,1,488001,827162
887_275.mp4,Deepfakes,hevc,28,1,138379,234553
887_275.mp4,Deepfakes,hevc,38,1,48903,82891
887_275.mp4,Deepfakes,av1,20,1,779166,1320688
887_275.mp4,Deepfakes,av1,30,1,397264,673364
887_275.mp4,Deepfakes,av1,40,1,195838,331946
888_937.mp4,Deepfakes,h264,18,1,2083944,3198855
888_937.mp4,Deepfakes,h264,28,1,651396,999894
888_937.mp4,Deepfakes,h264,38,1,153579,235745
888_937.mp4,Deepfakes,hevc,18,1,312257,479315
888_937.mp4,Deepfakes,hevc,28,1,80275,123223
888_937.mp4,Deepfakes,hevc,38,1,31524,48390
888_937.mp4,Deepfakes,av1,20,1,454102,697047
888_937.mp4,Deepfakes,av1,30,1,240489,369152
888_937.mp4,Deepfakes,av1,40,1,123463,189517
889_045.mp4,Deepfakes,h264,18,1,14643537,24088620
889_045.mp4,Deepfakes,h264,28,1,3811319,6269620
889_045.mp4,Deepfakes,h264,38,1,1006073,1654991
889_045.mp4,Deepfakes,hevc,18,1,2669093,4390659
889_045.mp4,Deepfakes,hevc,28,1,680940,1120147
889_045.mp4,Deepfakes,hevc,38,1,222002,365194
889_045.mp4,Deepfakes,av1,20,1,3548417,5837146
889_045.mp4,Deepfakes,av1,30,1,1714651,2820601
889_045.mp4,Deepfakes,av1,40,1,771013,1268318
890_837.mp4,Deepfakes,h264,18,1,2798122,3975666
890_837.mp4,Deepfakes,h264,28,1,840439,1194125
890_837.mp4,Deepfakes,h264,38,1,205705,292273
890_837.mp4,Deepfakes,hevc,18,1,461474,655679
890_837.mp4,Deepfakes,hevc,28,1,139390,198051
890_837.mp4,Deepfakes,hevc,38,1,54551,77508
890_837.mp4,Deepfakes,av1,20,1,744642,1058013
890_837.mp4,Deepfakes,av1,30,1,399300,567339
890_837.mp4,Deepfakes,av1,40,1,205477,291950
891_876.mp4,Deepfakes,h264,18,1,6013104,7416162
891_876.mp4,Deepfakes,h264,28,1,1643129,2026526
891_876.mp4,Deepfakes,h264,38,1,456038,562448
891_876.mp4,Deepfakes,hevc,18,1,942929,1162946
891_876.mp4,Deepfakes,hevc,28,1,261984,323114
891_876.mp4,Deepfakes,hevc,38,1,98953,122043
891_876.mp4,Deepfakes,av1,20,1,1377154,1698490
891_876.mp4,Deepfakes,av1,30,1,712340,878553
891_876.mp4,Deepfakes,av1,40,1,348578,429914
892_112.mp4,Deepfakes,h264,18,1,11383350,14750926
892_112.mp4,Deepfakes,h264,28,1,2704811,3504985
892_112.mp4,Deepfakes,h264,38,1,727439,942641
892_112.mp4,Deepfakes,hevc,18,1,1660549,2151796
892_112.mp4,Deepfakes,hevc,28,1,507615,657785
892_112.mp4,Deepfakes,hevc,38,1,192780,249811
892_112.mp4,Deepfakes,av1,20,1,2151754,2788315
892_112.mp4,Deepfakes,av1,30,1,1138358,1475123
892_112.mp4,Deepfakes,av1,40,1,553404,717120
893_913.mp4,Deepfakes,h264,18,1,2991998,6694597
893_913.mp4,Deepfakes,h264,28,1,870433,1947595
893_913.mp4,Deepfakes,h264,38,1,236069,528205
893_913.mp4,Deepfakes,hevc,18,1,476429,1066010
893_913.mp4,Deepfakes,hevc,28,1,138733,310417
893_913.mp4,Deepfakes,hevc,38,1,54025,120883
893_913.mp4,Deepfakes,av1,20,1,918145,2054350
893_913.mp4,Deepfakes,av1,30,1,484911,1084990
893_913.mp4,Deepfakes,av1,40,1,246452,551437
894_848.mp4,Deepfakes,h264,18,1,9583036,15716180
894_848.mp4,Deepfakes,h264,28,1,2149289,3524835
894_848.mp4,Deepfakes,h264,38,1,528510,866758
894_848.mp4,Deepfakes,hevc,18,1,1092293,1791362
894_848.mp4,Deepfakes,hevc,28,1,291027,477285
894_848.mp4,Deepfakes,hevc,38,1,112799,184991
894_848.mp4,Deepfakes,av1,20,1,1420925,2330318
894_848.mp4,Deepfakes,av1,30,1,701140,1149870
894_848.mp4,Deepfakes,av1,40,1,336471,551814
895_915.mp4,Deepfakes,h264,18,1,1913570,2812949
895_915.mp4,Deepfakes,h264,28,1,471502,693109
895_915.mp4,Deepfakes,h264,38,1,139721,205391
895_915.mp4,Deepfakes,hevc,18,1,281457,413742
895_915.mp4,Deepfakes,hevc,28,1,90423,132922
895_915.mp4,Deepfakes,hevc,38,1,39888,58636
895_915.mp4,Deepfakes,av1,20,1,467450,687152
895_915.mp4,Deepfakes,av1,30,1,268675,394953
895_915.mp4,Deepfakes,av1,40,1,141998,208738
896_128.mp4,Deepfakes,h264,18,1,1345891,3573342
896_128.mp4,Deepfakes,h264,28,1,411262,1091901
896_128.mp4,Deepfakes,h264,38,1,130613,346778
896_128.mp4,Deepfakes,hevc,18,1,196751,522376
896_128.mp4,Deepfakes,hevc,28,1,60425,160429
896_128.mp4,Deepfakes,hevc,38,1,26438,70195
896_128.mp4,Deepfakes,av1,20,1,312124,828690
896_128.mp4,Deepfakes,av1,30,1,169471,449948
896_128.mp4,Deepfakes,av1,40,1,86693,230170
897_969.mp4,Deepfakes,h264,18,1,2717455,4524564
897_969.mp4,Deepfakes,h264,28,1,921912,1534985
897_969.mp4,Deepfakes,h264,38,1,262272,436684
897_969.mp4,Deepfakes,hevc,18,1,538751,897021
897_969.mp4,Deepfakes,hevc,28,1,141765,236040
897_969.mp4,Deepfakes,hevc,38,1,47248,78668
897_969.mp4,Deepfakes,av1,20,1,938523,1562641
897_969.mp4,Deepfakes,av1,30,1,492779,820478
897_969.mp4,Deepfakes,av1,40,1,239447,398680
898_922.mp4,Deepfakes,h264,18,1,1746770,3048115
898_922.mp4,Deepfakes,h264,28,1,418187,729737
898_922.mp4,Deepfakes,h264,38,1,94914,165626
898_922.mp4,Deepfakes,hevc,18,1,194131,338759
898_922.mp4,Deepfakes,hevc,28,1,51251,89434
898_922.mp4,Deepfakes,hevc,38,1,25024,43668
898_922.mp4,Deepfakes,av1,20,1,292759,510865
898_922.mp4,Deepfakes,av1,30,1,162018,282722
898_922.mp4,Deepfakes,av1,40,1,86334,150654
899_914.mp4,Deepfakes,h264,18,1,2446056,5707466
899_914.mp4,Deepfakes,h264,28,1,651066,1519155
899_914.mp4,Deepfakes,h264,38,1,159918,373143
899_914.mp4,Deepfakes,hevc,18,1,349499,815498
899_914.mp4,Deepfakes,hevc,28,1,99539,232259
899_914.mp4,Deepfakes,hevc,38,1,39953,93224
899_914.mp4,Deepfakes,av1,20,1,573903,1339108
899_914.mp4,Deepfakes,av1,30,1,320863,748681
899_914.mp4,Deepfakes,av1,40,1,162825,379926
900_926.mp4,Deepfakes,h264,18,1,2503497,4268464
900_926.mp4,Deepfakes,h264,28,1,838964,1430434
900_926.mp4,Deepfakes,h264,38,1,239097,407662
900_926.mp4,Deepfakes,hevc,18,1,616743,1051548
900_926.mp4,Deepfakes,hevc,28,1,162694,277394
900_926.mp4,Deepfakes,hevc,38,1,52445,89420
900_926.mp4,Deepfakes,av1,20,1,936539,1596799
900_926.mp4,Deepfakes,av1,30,1,522465,890803
900_926.mp4,Deepfakes,av1,40,1,263922,449988
901_902.mp4,Deepfakes,h264,18,1,4290345,9349377
901_902.mp4,Deepfakes,h264,28,1,1050136,2288423
901_902.mp4,Deepfakes,h264,38,1,253209,551786
901_902.mp4,Deepfakes,hevc,18,1,477510,1040576
901_902.mp4,Deepfakes,hevc,28,1,131248,286012
901_902.mp4,Deepfakes,hevc,38,1,62563,136336
901_902.mp4,Deepfakes,av1,20,1,777741,1694828
901_902.mp4,Deepfakes,av1,30,1,388846,847361
901_902.mp4,Deepfakes,av1,40,1,191624,417581
902_901.mp4,Deepfakes,h264,18,1,4360955,5360341
902_901.mp4,Deepfakes,h264,28,1,1294084,1590646
902_901.mp4,Deepfakes,h264,38,1,340002,417920
902_901.mp4,Deepfakes,hevc,18,1,596520,733223
902_901.mp4,Deepfakes,hevc,28,1,177234,217851
902_901.mp4,Deepfakes,hevc,38,1,72501,89117
902_901.mp4,Deepfakes,av1,20,1,882788,1085094
902_901.mp4,Deepfakes,av1,30,1,442932,544438
902_901.mp4,Deepfakes,av1,40,1,210594,258856
903_792.mp4,Deepfakes,h264,18,1,2874365,8148827
903_792.mp4,Deepfakes,h264,28,1,956063,2710441
903_792.mp4,Deepfakes,h264,38,1,284430,806361
903_792.mp4,Deepfakes,hevc,18,1,670574,1901078
903_792.mp4,Deepfakes,hevc,28,1,192865,546773
903_792.mp4,Deepfakes,hevc,38,1,57388,162697
903_792.mp4,Deepfakes,av1,20,1,1020340,2892666
903_792.mp4,Deepfakes,av1,30,1,617071,1749397
903_792.mp4,Deepfakes,av1,40,1,317026,898770
904_046.mp4,Deepfakes,h264,18,1,12792206,19135009
904_046.mp4,Deepfakes,h264,28,1,3359014,5024526
904_046.mp4,Deepfakes,h264,38,1,837001,1252015
904_046.mp4,Deepfakes,hevc,18,1,2078101,3108494
904_046.mp4,Deepfakes,hevc,28,1,506117,757068
904_046.mp4,Deepfakes,hevc,38,1,168137,251505
904_046.mp4,Deepfakes,av1,20,1,2334575,3492136
904_046.mp4,Deepfakes,av1,30,1,1162457,1738842
904_046.mp4,Deepfakes,av1,40,1,518085,774970
905_860.mp4,Deepfakes,h264,18,1,5781219,9201774
905_860.mp4,Deepfakes,h264,28,1,1908665,3037959
905_860.mp4,Deepfakes,h264,38,1,523343,832988
905_860.mp4,Deepfakes,hevc,18,1,1234773,1965347
905_860.mp4,Deepfakes,hevc,28,1,364022,579402
905_860.mp4,Deepfakes,hevc,38,1,119964,190944
905_860.mp4,Deepfakes,av1,20,1,2097276,3338165
905_860.mp4,Deepfakes,av1,30,1,1125591,1791566
905_860.mp4,Deepfakes,av1,40,1,547854,872001
906_847.mp4,Deepfakes,h264,18,1,8669032,14051058
906_847.mp4,Deepfakes,h264,28,1,2089675,3387016
906_847.mp4,Deepfakes,h264,38,1,543664,881190
906_847.mp4,Deepfakes,hevc,18,1,916320,1485203
906_847.mp4,Deepfakes,hevc,28,1,250685,406319
906_847.mp4,Deepfakes,hevc,38,1,106412,172477
906_847.mp4,Deepfakes,av1,20,1,1529255,2478669
906_847.mp4,Deepfakes,av1,30,1,763682,1237802
906_847.mp4,Deepfakes,av1,40,1,367044,594918
907_795.mp4,Deepfakes,h264,18,1,5414929,11845158
907_795.mp4,Deepfakes,h264,28,1,1579584,3455342
907_795.mp4,Deepfakes,h264,38,1,417497,913276
907_795.mp4,Deepfakes,hevc,18,1,780570,1707497
907_795.mp4,Deepfakes,hevc,28,1,249138,544990
907_795.mp4,Deepfakes,hevc,38,1,98904,216353
907_795.mp4,Deepfakes,av1,20,1,1267362,2772356
907_795.mp4,Deepfakes,av1,30,1,666276,1457480
907_795.mp4,Deepfakes,av1,40,1,339262,742137
908_207.mp4,Deepfakes,h264,18,1,7420974,25780156
908_207.mp4,Deepfakes,h264,28,1,1959927,6808706
908_207.mp4,Deepfakes,h264,38,1,551487,1915846
908_207.mp4,Deepfakes,hevc,18,1,968951,3366096
908_207.mp4,Deepfakes,hevc,28,1,274291,952877
908_207.mp4,Deepfakes,hevc,38,1,107121,372137
908_207.mp4,Deepfakes,av1,20,1,1503641,5223587
908_207.mp4,Deepfakes,av1,30,1,727969,2528935
908_207.mp4,Deepfakes,av1,40,1,328930,1142691
909_857.mp4,Deepfakes,h264,18,1,1591499,4224104
909_857.mp4,Deepfakes,h264,28,1,418643,1111149
909_857.mp4,Deepfakes,h264,38,1,109460,290527
909_857.mp4,Deepfakes,hevc,18,1,184701,490229
909_857.mp4,Deepfakes,hevc,28,1,56328,149506
909_857.mp4,Deepfakes,hevc,38,1,29182,77455
909_857.mp4,Deepfakes,av1,20,1,340319,903264
909_857.mp4,Deepfakes,av1,30,1,185810,493171
909_857.mp4,Deepfakes,av1,40,1,94482,250773
910_911.mp4,Deepfakes,h264,18,1,5006220,6090902
910_911.mp4,Deepfakes,h264,28,1,1492140,1815437
910_911.mp4,Deepfakes,h264,38,1,388651,472859
910_911.mp4,Deepfakes,hevc,18,1,921484,1121140
910_911.mp4,Deepfakes,hevc,28,1,237547,289016
910_911.mp4,Deepfakes,hevc,38,1,79831,97128
910_911.mp4,Deepfakes,av1,20,1,1456576,1772168
910_911.mp4,Deepfakes,av1,30,1,766141,932139
910_911.mp4,Deepfakes,av1,40,1,365099,444204
911_910.mp4,Deepfakes,h264,18,1,5538074,7591778
911_910.mp4,Deepfakes,h264,28,1,1607059,2203011
911_910.mp4,Deepfakes,h264,38,1,381990,523645
911_910.mp4,Deepfakes,hevc,18,1,750561,1028895
911_910.mp4,Deepfakes,hevc,28,1,210083,287989
911_910.mp4,Deepfakes,hevc,38,1,82442,113015
911_910.mp4,Deepfakes,av1,20,1,1239454,1699085
911_910.mp4,Deepfakes,av1,30,1,638455,875216
911_910.mp4,Deepfakes,av1,40,1,309012,423604
912_927.mp4,Deepfakes,h264,18,1,1802069,5829694
912_927.mp4,Deepfakes,h264,28,1,492981,1594796
912_927.mp4,Deepfakes,h264,38,1,119127,385379
912_927.mp4,Deepfakes,hevc,18,1,306932,992928
912_927.mp4,Deepfakes,hevc,28,1,83316,269529
912_927.mp4,Deepfakes,hevc,38,1,34783,112524
912_927.mp4,Deepfakes,av1,20,1,441271,1427512
912_927.mp4,Deepfakes,av1,30,1,248825,804949
912_927.mp4,Deepfakes,av1,40,1,129200,417963
913_893.mp4,Deepfakes,h264,18,1,2052661,5422447
913_893.mp4,Deepfakes,h264,28,1,617361,1630862
913_893.mp4,Deepfakes,h264,38,1,177345,468487
913_893.mp4,Deepfakes,hevc,18,1,372389,983730
913_893.mp4,Deepfakes,hevc,28,1,112268,296577
913_893.mp4,Deepfakes,hevc,38,1,44864,118517
913_893.mp4,Deepfakes,av1,20,1,647008,1709181
913_893.mp4,Deepfakes,av1,30,1,351777,929279
913_893.mp4,Deepfakes,av1,40,1,181413,479234
914_899.mp4,Deepfakes,h264,18,1,1929426,2468058
914_899.mp4,Deepfakes,h264,28,1,579481,741253
914_899.mp4,Deepfakes,h264,38,1,157721,201752
914_899.mp4,Deepfakes,hevc,18,1,388489,496943
914_899.mp4,Deepfakes,hevc,28,1,108223,138436
914_899.mp4,Deepfakes,hevc,38,1,42771,54712
914_899.mp4,Deepfakes,av1,20,1,660283,844613
914_899.mp4,Deepfakes,av1,30,1,370954,474513
914_899.mp4,Deepfakes,av1,40,1,192419,246137
915_895.mp4,Deepfakes,h264,18,1,6356781,11187936
915_895.mp4,Deepfakes,h264,28,1,1754173,3087346
915_895.mp4,Deepfakes,h264,38,1,456620,803652
915_895.mp4,Deepfakes,hevc,18,1,803659,1414441
915_895.mp4,Deepfakes,hevc,28,1,202367,356167
915_895.mp4,Deepfakes,hevc,38,1,79193,139380
915_895.mp4,Deepfakes,av1,20,1,1152978,2029242
915_895.mp4,Deepfakes,av1,30,1,581001,1022562
915_895.mp4,Deepfakes,av1,40,1,289463,509455
916_783.mp4,Deepfakes,h264,18,1,7580795,15287937
916_783.mp4,Deepfakes,h264,28,1,2998686,6047351
916_783.mp4,Deepfakes,h264,38,1,882107,1778916
916_783.mp4,Deepfakes,hevc,18,1,1971077,3975006
916_783.mp4,Deepfakes,hevc,28,1,474359,956625
916_783.mp4,Deepfakes,hevc,38,1,109613,221053
916_783.mp4,Deepfakes,av1,20,1,3080029,6211393
916_783.mp4,Deepfakes,av1,30,1,1557783,3141530
916_783.mp4,Deepfakes,av1,40,1,657965,1326897
917_924.mp4,Deepfakes,h264,18,1,2354860,5274887
917_924.mp4,Deepfakes,h264,28,1,704063,1577103
917_924.mp4,Deepfakes,h264,38,1,201818,452073
917_924.mp4,Deepfakes,hevc,18,1,513067,1149272
917_924.mp4,Deepfakes,hevc,28,1,146448,328044
917_924.mp4,Deepfakes,hevc,38,1,52494,117587
917_924.mp4,Deepfakes,av1,20,1,902870,2022431
917_924.mp4,Deepfakes,av1,30,1,469554,1051802
917_924.mp4,Deepfakes,av1,40,1,232683,521212
918_934.mp4,Deepfakes,h264,18,1,3456427,8157170
918_934.mp4,Deepfakes,h264,28,1,779021,1838491
918_934.mp4,Deepfakes,h264,38,1,170588,402588
918_934.mp4,Deepfakes,hevc,18,1,361027,852026
918_934.mp4,Deepfakes,hevc,28,1,98950,233524
918_934.mp4,Deepfakes,hevc,38,1,45293,106893
918_934.mp4,Deepfakes,av1,20,1,477782,1127566
918_934.mp4,Deepfakes,av1,30,1,247698,584569
918_934.mp4,Deepfakes,av1,40,1,127789,301584
919_015.mp4,Deepfakes,h264,18,1,1547375,3442911
919_015.mp4,Deepfakes,h264,28,1,474333,1055392
919_015.mp4,Deepfakes,h264,38,1,140759,313189
919_015.mp4,Deepfakes,hevc,18,1,279071,620935
919_015.mp4,Deepfakes,hevc,28,1,92667,206185
919_015.mp4,Deepfakes,hevc,38,1,40848,90889
919_015.mp4,Deepfakes,av1,20,1,479118,1066039
919_015.mp4,Deepfakes,av1,30,1,276831,615950
919_015.mp4,Deepfakes,av1,40,1,146031,324920
920_811.mp4,Deepfakes,h264,18,1,7973047,14790003
920_811.mp4,Deepfakes,h264,28,1,1905070,3533906
920_811.mp4,Deepfakes,h264,38,1,470663,873080
920_811.mp4,Deepfakes,hevc,18,1,919904,1706422
920_811.mp4,Deepfakes,hevc,28,1,254878,472800
920_811.mp4,Deepfakes,hevc,38,1,99809,185147
920_811.mp4,Deepfakes,av1,20,1,1101379,2043059
920_811.mp4,Deepfakes,av1,30,1,604298,1120973
920_811.mp4,Deepfakes,av1,40,1,298930,554517
921_569.mp4,Deepfakes,h264,18,1,14767715,18213516
921_569.mp4,Deepfakes,h264,28,1,3803769,4691316
921_569.mp4,Deepfakes,h264,38,1,921977,1137106
921_569.mp4,Deepfakes,hevc,18,1,2279883,2811857
921_569.mp4,Deepfakes,hevc,28,1,537508,662927
921_569.mp4,Deepfakes,hevc,38,1,164708,203140
921_569.mp4,Deepfakes,av1,20,1,3135959,3867683
921_569.mp4,Deepfakes,av1,30,1,1483568,1829735
921_569.mp4,Deepfakes,av1,40,1,667364,823083
922_898.mp4,Deepfakes,h264,18,1,2193572,6756203
922_898.mp4,Deepfakes,h264,28,1,674562,2077652
922_898.mp4,Deepfakes,h264,38,1,181657,559505
922_898.mp4,Deepfakes,hevc,18,1,389922,1200960
922_898.mp4,Deepfakes,hevc,28,1,114481,352602
922_898.mp4,Deepfakes,hevc,38,1,43027,132524
922_898.mp4,Deepfakes,av1,20,1,624100,1922230
922_898.mp4,Deepfakes,av1,30,1,357821,1102089
922_898.mp4,Deepfakes,av1,40,1,192190,591946
923_023.mp4,Deepfakes,h264,18,1,9693735,29178143
923_023.mp4,Deepfakes,h264,28,1,2364135,7116049
923_023.mp4,Deepfakes,h264,38,1,436663,1314357
923_023.mp4,Deepfakes,hevc,18,1,1283128,3862216
923_023.mp4,Deepfakes,hevc,28,1,195703,589067
923_023.mp4,Deepfakes,hevc,38,1,62422,187891
923_023.mp4,Deepfakes,av1,20,1,1631443,4910644
923_023.mp4,Deepfakes,av1,30,1,719039,2164310
923_023.mp4,Deepfakes,av1,40,1,301772,908335
924_917.mp4,Deepfakes,h264,18,1,2113729,13189670
924_917.mp4,Deepfakes,h264,28,1,645755,4029516
924_917.mp4,Deepfakes,h264,38,1,147235,918752
924_917.mp4,Deepfakes,hevc,18,1,356855,2226777
924_917.mp4,Deepfakes,hevc,28,1,89376,557712
924_917.mp4,Deepfakes,hevc,38,1,32501,202809
924_917.mp4,Deepfakes,av1,20,1,592174,3695168
924_917.mp4,Deepfakes,av1,30,1,327242,2041991
924_917.mp4,Deepfakes,av1,40,1,171326,1069076
925_933.mp4,Deepfakes,h264,18,1,5822216,8636288
925_933.mp4,Deepfakes,h264,28,1,1849921,2744050
925_933.mp4,Deepfakes,h264,38,1,490850,728095
925_933.mp4,Deepfakes,hevc,18,1,891221,1321978
925_933.mp4,Deepfakes,hevc,28,1,240011,356017
925_933.mp4,Deepfakes,hevc,38,1,85744,127187
925_933.mp4,Deepfakes,av1,20,1,1355265,2010311
925_933.mp4,Deepfakes,av1,30,1,694048,1029506
925_933.mp4,Deepfakes,av1,40,1,334795,496614
926_900.mp4,Deepfakes,h264,18,1,2027840,3376354
926_900.mp4,Deepfakes,h264,28,1,564427,939771
926_900.mp4,Deepfakes,h264,38,1,123548,205708
926_900.mp4,Deepfakes,hevc,18,1,292215,486539
926_900.mp4,Deepfakes,hevc,28,1,71699,119379
926_900.mp4,Deepfakes,hevc,38,1,30467,50728
926_900.mp4,Deepfakes,av1,20,1,521037,867527
926_900.mp4,Deepfakes,av1,30,1,285688,475672
926_900.mp4,Deepfakes,av1,40,1,146479,243889
927_912.mp4,Deepfakes,h264,18,1,1570366,5472728
927_912.mp4,Deepfakes,h264,28,1,437114,1523343
927_912.mp4,Deepfakes,h264,38,1,109536,381734
927_912.mp4,Deepfakes,hevc,18,1,257054,895835
927_912.mp4,Deepfakes,hevc,28,1,70133,244414
927_912.mp4,Deepfakes,hevc,38,1,28767,100256
927_912.mp4,Deepfakes,av1,20,1,451231,1572543
927_912.mp4,Deepfakes,av1,30,1,249681,870141
927_912.mp4,Deepfakes,av1,40,1,130926,456280
928_160.mp4,Deepfakes,h264,18,1,6212401,9732762
928_160.mp4,Deepfakes,h264,28,1,1771018,2774595
928_160.mp4,Deepfakes,h264,38,1,465891,729896
928_160.mp4,Deepfakes,hevc,18,1,1111515,1741375
928_160.mp4,Deepfakes,hevc,28,1,275998,432398
928_160.mp4,Deepfakes,hevc,38,1,101431,158910
928_160.mp4,Deepfakes,av1,20,1,1786588,2798988
928_160.mp4,Deepfakes,av1,30,1,957663,1500340
928_160.mp4,Deepfakes,av1,40,1,465271,728926
929_962.mp4,Deepfakes,h264,18,1,1626612,3131230
929_962.mp4,Deepfakes,h264,28,1,377042,725806
929_962.mp4,Deepfakes,h264,38,1,81402,156699
929_962.mp4,Deepfakes,hevc,18,1,218388,420397
929_962.mp4,Deepfakes,hevc,28,1,57538,110762
929_962.mp4,Deepfakes,hevc,38,1,28210,54306
929_962.mp4,Deepfakes,av1,20,1,411607,792345
929_962.mp4,Deepfakes,av1,30,1,226358,435740
929_962.mp4,Deepfakes,av1,40,1,113033,217590
930_763.mp4,Deepfakes,h264,18,1,4174465,7792335
930_763.mp4,Deepfakes,h264,28,1,1565488,2922246
930_763.mp4,Deepfakes,h264,38,1,463958,866056
930_763.mp4,Deepfakes,hevc,18,1,1619148,3022411
930_763.mp4,Deepfakes,hevc,28,1,445140,830928
930_763.mp4,Deepfakes,hevc,38,1,119057,222240
930_763.mp4,Deepfakes,av1,20,1,2333882,4356580
930_763.mp4,Deepfakes,av1,30,1,1315071,2454801
930_763.mp4,Deepfakes,av1,40,1,639898,1194478
931_936.mp4,Deepfakes,h264,18,1,4071515,6494068
931_936.mp4,Deepfakes,h264,28,1,1195821,1907336
931_936.mp4,Deepfakes,h264,38,1,230635,367863
931_936.mp4,Deepfakes,hevc,18,1,567519,905193
931_936.mp4,Deepfakes,hevc,28,1,140606,224267
931_936.mp4,Deepfakes,hevc,38,1,47162,75224
931_936.mp4,Deepfakes,av1,20,1,751984,1199415
931_936.mp4,Deepfakes,av1,30,1,425938,679372
931_936.mp4,Deepfakes,av1,40,1,233868,373020
932_384.mp4,Deepfakes,h264,18,1,7713954,18667770
932_384.mp4,Deepfakes,h264,28,1,2662139,6442377
932_384.mp4,Deepfakes,h264,38,1,704537,1704980
932_384.mp4,Deepfakes,hevc,18,1,1896930,4590573
932_384.mp4,Deepfakes,hevc,28,1,493554,1194403
932_384.mp4,Deepfakes,hevc,38,1,137580,332945
932_384.mp4,Deepfakes,av1,20,1,3055224,7393644
932_384.mp4,Deepfakes,av1,30,1,1576354,3814779
932_384.mp4,Deepfakes,av1,40,1,697082,1686940
933_925.mp4,Deepfakes,h264,18,1,4730732,9737424
933_925.mp4,Deepfakes,h264,28,1,1304390,2684871
933_925.mp4,Deepfakes,h264,38,1,332641,684688
933_925.mp4,Deepfakes,hevc,18,1,632606,1302115
933_925.mp4,Deepfakes,hevc,28,1,166023,341732
933_925.mp4,Deepfakes,hevc,38,1,65533,134890
933_925.mp4,Deepfakes,av1,20,1,970974,1998589
933_925.mp4,Deepfakes,av1,30,1,501865,1033006
933_925.mp4,Deepfakes,av1,40,1,249334,513214
934_918.mp4,Deepfakes,h264,18,1,4339682,8180302
934_918.mp4,Deepfakes,h264,28,1,1104763,2082480
934_918.mp4,Deepfakes,h264,38,1,253219,477318
934_918.mp4,Deepfakes,hevc,18,1,531012,1000958
934_918.mp4,Deepfakes,hevc,28,1,135234,254917
934_918.mp4,Deepfakes,hevc,38,1,55421,104469
934_918.mp4,Deepfakes,av1,20,1,725549,1367661
934_918.mp4,Deepfakes,av1,30,1,363007,684269
934_918.mp4,Deepfakes,av1,40,1,182167,343385
935_733.mp4,Deepfakes,h264,18,1,9199203,24837849
935_733.mp4,Deepfakes,h264,28,1,2444249,6599473
935_733.mp4,Deepfakes,h264,38,1,674505,1821164
935_733.mp4,Deepfakes,hevc,18,1,1411922,3812192
935_733.mp4,Deepfakes,hevc,28,1,417563,1127421
935_733.mp4,Deepfakes,hevc,38,1,156960,423792
935_733.mp4,Deepfakes,av1,20,1,1695592,4578101
935_733.mp4,Deepfakes,av1,30,1,887042,2395016
935_733.mp4,Deepfakes,av1,40,1,434362,1172779
936_931.mp4,Deepfakes,h264,18,1,2404169,3570191
936_931.mp4,Deepfakes,h264,28,1,728347,1081596
936_931.mp4,Deepfakes,h264,38,1,203144,301669
936_931.mp4,Deepfakes,hevc,18,1,528833,785318
936_931.mp4,Deepfakes,hevc,28,1,147211,218609
936_931.mp4,Deepfakes,hevc,38,1,52017,77246
936_931.mp4,Deepfakes,av1,20,1,857651,1273613
936_931.mp4,Deepfakes,av1,30,1,450967,669686
936_931.mp4,Deepfakes,av1,40,1,220379,327264
937_888.mp4,Deepfakes,h264,18,1,2317549,5272426
937_888.mp4,Deepfakes,h264,28,1,759098,1726948
937_888.mp4,Deepfakes,h264,38,1,216059,491535
937_888.mp4,Deepfakes,hevc,18,1,538116,1224216
937_888.mp4,Deepfakes,hevc,28,1,139526,317422
937_888.mp4,Deepfakes,hevc,38,1,47906,108988
937_888.mp4,Deepfakes,av1,20,1,876364,1993730
937_888.mp4,Deepfakes,av1,30,1,493209,1122052
937_888.mp4,Deepfakes,av1,40,1,250148,569087
938_987.mp4,Deepfakes,h264,18,1,2799994,5165990
938_987.mp4,Deepfakes,h264,28,1,967214,1784511
938_987.mp4,Deepfakes,h264,38,1,281074,518582
938_987.mp4,Deepfakes,hevc,18,1,688884,1270991
938_987.mp4,Deepfakes,hevc,28,1,179235,330689
938_987.mp4,Deepfakes,hevc,38,1,55507,102412
938_987.mp4,Deepfakes,av1,20,1,1115018,2057209
938_987.mp4,Deepfakes,av1,30,1,640953,1182560
938_987.mp4,Deepfakes,av1,40,1,315033,581237
939_115.mp4,Deepfakes,h264,18,1,1622239,3454018
939_115.mp4,Deepfakes,h264,28,1,415893,885507
939_115.mp4,Deepfakes,h264,38,1,101674,216483
939_115.mp4,Deepfakes,hevc,18,1,204394,435190
939_115.mp4,Deepfakes,hevc,28,1,61260,130433
939_115.mp4,Deepfakes,hevc,38,1,30263,64437
939_115.mp4,Deepfakes,av1,20,1,372462,793034
939_115.mp4,Deepfakes,av1,30,1,200750,427432
939_115.mp4,Deepfakes,av1,40,1,101353,215799
940_941.mp4,Deepfakes,h264,18,1,2001270,3091963
940_941.mp4,Deepfakes,h264,28,1,583304,901205
940_941.mp4,Deepfakes,h264,38,1,150346,232285
940_941.mp4,Deepfakes,hevc,18,1,358881,554472
940_941.mp4,Deepfakes,hevc,28,1,106453,164470
940_941.mp4,Deepfakes,hevc,38,1,41679,64395
940_941.mp4,Deepfakes,av1,20,1,628444,970947
940_941.mp4,Deepfakes,av1,30,1,334901,517423
940_941.mp4,Deepfakes,av1,40,1,168588,260470
941_940.mp4,Deepfakes,h264,18,1,2324692,5741991
941_940.mp4,Deepfakes,h264,28,1,702516,1735215
941_940.mp4,Deepfakes,h264,38,1,182212,450066
941_940.mp4,Deepfakes,hevc,18,1,354359,875269
941_940.mp4,Deepfakes,hevc,28,1,101510,250731
941_940.mp4,Deepfakes,hevc,38,1,38612,95374
941_940.mp4,Deepfakes,av1,20,1,651977,1610384
941_940.mp4,Deepfakes,av1,30,1,338831,836914
941_940.mp4,Deepfakes,av1,40,1,168274,415637
942_943.mp4,Deepfakes,h264,18,1,4243293,10502151
942_943.mp4,Deepfakes,h264,28,1,1224290,3030118
942_943.mp4,Deepfakes,h264,38,1,336917,833871
942_943.mp4,Deepfakes,hevc,18,1,677290,1676295
942_943.mp4,Deepfakes,hevc,28,1,172907,427946
942_943.mp4,Deepfakes,hevc,38,1,64932,160707
942_943.mp4,Deepfakes,av1,20,1,1028781,2546234
942_943.mp4,Deepfakes,av1,30,1,513397,1270658
942_943.mp4,Deepfakes,av1,40,1,242573,600369
943_942.mp4,Deepfakes,h264,18,1,3724323,8752161
943_942.mp4,Deepfakes,h264,28,1,906749,2130862
943_942.mp4,Deepfakes,h264,38,1,233152,547908
943_942.mp4,Deepfakes,hevc,18,1,408700,960446
943_942.mp4,Deepfakes,hevc,28,1,112317,263945
943_942.mp4,Deepfakes,hevc,38,1,49511,116351
943_942.mp4,Deepfakes,av1,20,1,663462,1559137
943_942.mp4,Deepfakes,av1,30,1,327394,769378
943_942.mp4,Deepfakes,av1,40,1,152401,358143
944_032.mp4,Deepfakes,h264,18,1,2083332,2968749
944_032.mp4,Deepfakes,h264,28,1,498251,710009
944_032.mp4,Deepfakes,h264,38,1,133982,190925
944_032.mp4,Deepfakes,hevc,18,1,239824,341750
944_032.mp4,Deepfakes,hevc,28,1,74802,106593
944_032.mp4,Deepfakes,hevc,38,1,38194,54427
944_032.mp4,Deepfakes,av1,20,1,502850,716562
944_032.mp4,Deepfakes,av1,30,1,283021,403306
944_032.mp4,Deepfakes,av1,40,1,141183,201186
945_044.mp4,Deepfakes,h264,18,1,6759299,21432611
945_044.mp4,Deepfakes,h264,28,1,1855263,5882732
945_044.mp4,Deepfakes,h264,38,1,502875,1594535
945_044.mp4,Deepfakes,hevc,18,1,990284,3140026
945_044.mp4,Deepfakes,hevc,28,1,261544,829314
945_044.mp4,Deepfakes,hevc,38,1,95622,303204
945_044.mp4,Deepfakes,av1,20,1,1502780,4765065
945_044.mp4,Deepfakes,av1,30,1,743334,2356991
945_044.mp4,Deepfakes,av1,40,1,341402,1082531
946_049.mp4,Deepfakes,h264,18,1,5090892,9799968
946_049.mp4,Deepfakes,h264,28,1,1505432,2897958
946_049.mp4,Deepfakes,h264,38,1,356275,685830
946_049.mp4,Deepfakes,hevc,18,1,757665,1458506
946_049.mp4,Deepfakes,hevc,28,1,216790,417321
946_049.mp4,Deepfakes,hevc,38,1,77564,149312
946_049.mp4,Deepfakes,av1,20,1,1113908,2144274
946_049.mp4,Deepfakes,av1,30,1,550325,1059376
946_049.mp4,Deepfakes,av1,40,1,267977,515857
947_951.mp4,Deepfakes,h264,18,1,6034593,16117395
947_951.mp4,Deepfakes,h264,28,1,1626986,4345411
947_951.mp4,Deepfakes,h264,38,1,414870,1108050
947_951.mp4,Deepfakes,hevc,18,1,907349,2423378
947_951.mp4,Deepfakes,hevc,28,1,236664,632091
947_951.mp4,Deepfakes,hevc,38,1,81109,216631
947_951.mp4,Deepfakes,av1,20,1,1246110,3328154
947_951.mp4,Deepfakes,av1,30,1,631730,1687248
947_951.mp4,Deepfakes,av1,40,1,295830,790113
948_965.mp4,Deepfakes,h264,18,1,15051426,27217997
948_965.mp4,Deepfakes,h264,28,1,3166128,5725416
948_965.mp4,Deepfakes,h264,38,1,658879,1191474
948_965.mp4,Deepfakes,hevc,18,1,2307713,4173116
948_965.mp4,Deepfakes,hevc,28,1,528890,956411
948_965.mp4,Deepfakes,hevc,38,1,177343,320697
948_965.mp4,Deepfakes,av1,20,1,2651127,4794123
948_965.mp4,Deepfakes,av1,30,1,1321140,2389062
948_965.mp4,Deepfakes,av1,40,1,570270,1031240
949_868.mp4,Deepfakes,h264,18,1,2130661,6090142
949_868.mp4,Deepfakes,h264,28,1,752285,2150284
949_868.mp4,Deepfakes,h264,38,1,265370,758518
949_868.mp4,Deepfakes,hevc,18,1,466624,1333769
949_868.mp4,Deepfakes,hevc,28,1,146134,417701
949_868.mp4,Deepfakes,hevc,38,1,56555,161654
949_868.mp4,Deepfakes,av1,20,1,976508,2791187
949_868.mp4,Deepfakes,av1,30,1,548220,1566996
949_868.mp4,Deepfakes,av1,40,1,276532,790422
950_836.mp4,Deepfakes,h264,18,1,11930657,37929548
950_836.mp4,Deepfakes,h264,28,1,2390255,7599022
950_836.mp4,Deepfakes,h264,38,1,566322,1800434
950_836.mp4,Deepfakes,hevc,18,1,1460137,4642019
950_836.mp4,Deepfakes,hevc,28,1,355344,1129700
950_836.mp4,Deepfakes,hevc,38,1,136436,433755
950_836.mp4,Deepfakes,av1,20,1,1687388,5364490
950_836.mp4,Deepfakes,av1,30,1,887595,2821814
950_836.mp4,Deepfakes,av1,40,1,431554,1371985
951_947.mp4,Deepfakes,h264,18,1,4452392,21816722
951_947.mp4,Deepfakes,h264,28,1,1103717,5408216
951_947.mp4,Deepfakes,h264,38,1,283721,1390237
951_947.mp4,Deepfakes,hevc,18,1,524196,2568561
951_947.mp4,Deepfakes,hevc,28,1,166733,816995
951_947.mp4,Deepfakes,hevc,38,1,71471,350210
951_947.mp4,Deepfakes,av1,20,1,939679,4604429
951_947.mp4,Deepfakes,av1,30,1,513854,2517888
951_947.mp4,Deepfakes,av1,40,1,270641,1326143
952_882.mp4,Deepfakes,h264,18,1,5485370,15998996
952_882.mp4,Deepfakes,h264,28,1,1229141,3584996
952_882.mp4,Deepfakes,h264,38,1,314193,916398
952_882.mp4,Deepfakes,hevc,18,1,719383,2098203
952_882.mp4,Deepfakes,hevc,28,1,209870,612122
952_882.mp4,Deepfakes,hevc,38,1,83926,244786
952_882.mp4,Deepfakes,av1,20,1,969049,2826395
952_882.mp4,Deepfakes,av1,30,1,468276,1365806
952_882.mp4,Deepfakes,av1,40,1,225283,657076
953_974.mp4,Deepfakes,h264,18,1,8302503,14570893
953_974.mp4,Deepfakes,h264,28,1,2667265,4681051
953_974.mp4,Deepfakes,h264,38,1,709663,1245460
953_974.mp4,Deepfakes,hevc,18,1,1911789,3355191
953_974.mp4,Deepfakes,hevc,28,1,474586,832900
953_974.mp4,Deepfakes,hevc,38,1,133975,235127
953_974.mp4,Deepfakes,av1,20,1,2940981,5161422
953_974.mp4,Deepfakes,av1,30,1,1441000,2528955
953_974.mp4,Deepfakes,av1,40,1,680324,1193969
954_976.mp4,Deepfakes,h264,18,1,2455101,4615591
954_976.mp4,Deepfakes,h264,28,1,844750,1588131
954_976.mp4,Deepfakes,h264,38,1,269328,506338
954_976.mp4,Deepfakes,hevc,18,1,510313,959390
954_976.mp4,Deepfakes,hevc,28,1,139017,261353
954_976.mp4,Deepfakes,hevc,38,1,44519,83697
954_976.mp4,Deepfakes,av1,20,1,751544,1412904
954_976.mp4,Deepfakes,av1,30,1,429377,807230
954_976.mp4,Deepfakes,av1,40,1,216844,407668
955_078.mp4,Deepfakes,h264,18,1,2272062,6032325
955_078.mp4,Deepfakes,h264,28,1,730816,1940319
955_078.mp4,Deepfakes,h264,38,1,214877,570500
955_078.mp4,Deepfakes,hevc,18,1,501419,1331270
955_078.mp4,Deepfakes,hevc,28,1,141211,374917
955_078.mp4,Deepfakes,hevc,38,1,44213,117387
955_078.mp4,Deepfakes,av1,20,1,679177,1803217
955_078.mp4,Deepfakes,av1,30,1,385990,1024806
955_078.mp4,Deepfakes,av1,40,1,191473,508362
956_958.mp4,Deepfakes,h264,18,1,3075760,8335311
956_958.mp4,Deepfakes,h264,28,1,1061402,2876401
956_958.mp4,Deepfakes,h264,38,1,318439,862971
956_958.mp4,Deepfakes,hevc,18,1,586723,1590022
956_958.mp4,Deepfakes,hevc,28,1,166737,451858
956_958.mp4,Deepfakes,hevc,38,1,54384,147383
956_958.mp4,Deepfakes,av1,20,1,1097622,2974557
956_958.mp4,Deepfakes,av1,30,1,599360,1624268
956_958.mp4,Deepfakes,av1,40,1,289965,785807
957_959.mp4,Deepfakes,h264,18,1,15222789,26513024
957_959.mp4,Deepfakes,h264,28,1,4158133,7242082
957_959.mp4,Deepfakes,h264,38,1,1078309,1878055
957_959.mp4,Deepfakes,hevc,18,1,2711983,4723372
957_959.mp4,Deepfakes,hevc,28,1,679403,1183294
957_959.mp4,Deepfakes,hevc,38,1,215555,375425
957_959.mp4,Deepfakes,av1,20,1,3568543,6215213
957_959.mp4,Deepfakes,av1,30,1,1798993,3133247
957_959.mp4,Deepfakes,av1,40,1,845618,1472785
958_956.mp4,Deepfakes,h264,18,1,3229476,6329774
958_956.mp4,Deepfakes,h264,28,1,1073887,2104819
958_956.mp4,Deepfakes,h264,38,1,293141,574558
958_956.mp4,Deepfakes,hevc,18,1,770270,1509731
958_956.mp4,Deepfakes,hevc,28,1,189987,372376
958_956.mp4,Deepfakes,hevc,38,1,56680,111093
958_956.mp4,Deepfakes,av1,20,1,1618976,3173194
958_956.mp4,Deepfakes,av1,30,1,828390,1623646
958_956.mp4,Deepfakes,av1,40,1,376982,738885
959_957.mp4,Deepfakes,h264,18,1,11909964,23919180
959_957.mp4,Deepfakes,h264,28,1,3500924,7031024
959_957.mp4,Deepfakes,h264,38,1,1022636,2053796
959_957.mp4,Deepfakes,hevc,18,1,2180468,4379107
959_957.mp4,Deepfakes,hevc,28,1,638856,1283036
959_957.mp4,Deepfakes,hevc,38,1,219317,440462
959_957.mp4,Deepfakes,av1,20,1,3305380,6638305
959_957.mp4,Deepfakes,av1,30,1,1754801,3524227
959_957.mp4,Deepfakes,av1,40,1,848118,1703304
960_999.mp4,Deepfakes,h264,18,1,5374706,7726140
960_999.mp4,Deepfakes,h264,28,1,1583444,2276202
960_999.mp4,Deepfakes,h264,38,1,440748,633576
960_999.mp4,Deepfakes,hevc,18,1,943933,1356905
960_999.mp4,Deepfakes,hevc,28,1,260322,374213
960_999.mp4,Deepfakes,hevc,38,1,95406,137147
960_999.mp4,Deepfakes,av1,20,1,1493861,2147426
960_999.mp4,Deepfakes,av1,30,1,762461,1096038
960_999.mp4,Deepfakes,av1,40,1,375794,540205
961_069.mp4,Deepfakes,h264,18,1,4808254,6471110
961_069.mp4,Deepfakes,h264,28,1,1120979,1508652
961_069.mp4,Deepfakes,h264,38,1,254176,342079
961_069.mp4,Deepfakes,hevc,18,1,594754,800440
961_069.mp4,Deepfakes,hevc,28,1,172346,231949
961_069.mp4,Deepfakes,hevc,38,1,73371,98746
961_069.mp4,Deepfakes,av1,20,1,690483,929276
961_069.mp4,Deepfakes,av1,30,1,347861,468163
961_069.mp4,Deepfakes,av1,40,1,174488,234833
962_929.mp4,Deepfakes,h264,18,1,1845904,3537983
962_929.mp4,Deepfakes,h264,28,1,644850,1235963
962_929.mp4,Deepfakes,h264,38,1,196552,376725
962_929.mp4,Deepfakes,hevc,18,1,375264,719256
962_929.mp4,Deepfakes,hevc,28,1,101476,194497
962_929.mp4,Deepfakes,hevc,38,1,38239,73292
962_929.mp4,Deepfakes,av1,20,1,609358,1167938
962_929.mp4,Deepfakes,av1,30,1,333963,640096
962_929.mp4,Deepfakes,av1,40,1,170697,327171
963_879.mp4,Deepfakes,h264,18,1,2354921,6790024
963_879.mp4,Deepfakes,h264,28,1,721163,2079354
963_879.mp4,Deepfakes,h264,38,1,185099,533704
963_879.mp4,Deepfakes,hevc,18,1,403452,1163287
963_879.mp4,Deepfakes,hevc,28,1,113326,326759
963_879.mp4,Deepfakes,hevc,38,1,44503,128317
963_879.mp4,Deepfakes,av1,20,1,816960,2355569
963_879.mp4,Deepfakes,av1,30,1,437953,1262766
963_879.mp4,Deepfakes,av1,40,1,218855,631033
964_174.mp4,Deepfakes,h264,18,1,4191018,3937811
964_174.mp4,Deepfakes,h264,28,1,1282099,1204639
964_174.mp4,Deepfakes,h264,38,1,318871,299606
964_174.mp4,Deepfakes,hevc,18,1,796715,748581
964_174.mp4,Deepfakes,hevc,28,1,242674,228013
964_174.mp4,Deepfakes,hevc,38,1,93170,87541
964_174.mp4,Deepfakes,av1,20,1,2026472,1904040
964_174.mp4,Deepfakes,av1,30,1,1064180,999886
964_174.mp4,Deepfakes,av1,40,1,518651,487316
965_948.mp4,Deepfakes,h264,18,1,10379501,15050277
965_948.mp4,Deepfakes,h264,28,1,2652697,3846411
965_948.mp4,Deepfakes,h264,38,1,577254,837019
965_948.mp4,Deepfakes,hevc,18,1,1415868,2053009
965_948.mp4,Deepfakes,hevc,28,1,369404,535636
965_948.mp4,Deepfakes,hevc,38,1,133508,193588
965_948.mp4,Deepfakes,av1,20,1,1874265,2717685
965_948.mp4,Deepfakes,av1,30,1,950735,1378567
965_948.mp4,Deepfakes,av1,40,1,454713,659334
966_988.mp4,Deepfakes,h264,18,1,2339426,4257757
966_988.mp4,Deepfakes,h264,28,1,835249,1520154
966_988.mp4,Deepfakes,h264,38,1,246930,449414
966_988.mp4,Deepfakes,hevc,18,1,610271,1110695
966_988.mp4,Deepfakes,hevc,28,1,171616,312342
966_988.mp4,Deepfakes,hevc,38,1,56044,102001
966_988.mp4,Deepfakes,av1,20,1,930207,1692978
966_988.mp4,Deepfakes,av1,30,1,533747,971421
966_988.mp4,Deepfakes,av1,40,1,276684,503565
967_984.mp4,Deepfakes,h264,18,1,5224387,10762239
967_984.mp4,Deepfakes,h264,28,1,1649260,3397477
967_984.mp4,Deepfakes,h264,38,1,417283,859603
967_984.mp4,Deepfakes,hevc,18,1,912285,1879309
967_984.mp4,Deepfakes,hevc,28,1,230351,474525
967_984.mp4,Deepfakes,hevc,38,1,73535,151483
967_984.mp4,Deepfakes,av1,20,1,1361202,2804077
967_984.mp4,Deepfakes,av1,30,1,683666,1408354
967_984.mp4,Deepfakes,av1,40,1,333251,686499
968_884.mp4,Deepfakes,h264,18,1,5130978,7696467
968_884.mp4,Deepfakes,h264,28,1,1785752,2678628
968_884.mp4,Deepfakes,h264,38,1,522952,784428
968_884.mp4,Deepfakes,hevc,18,1,1108160,1662240
968_884.mp4,Deepfakes,hevc,28,1,306341,459512
968_884.mp4,Deepfakes,hevc,38,1,99367,149051
968_884.mp4,Deepfakes,av1,20,1,1715689,2573534
968_884.mp4,Deepfakes,av1,30,1,894698,1342048
968_884.mp4,Deepfakes,av1,40,1,432462,648694
969_897.mp4,Deepfakes,h264,18,1,2765098,4921876
969_897.mp4,Deepfakes,h264,28,1,991531,1764926
969_897.mp4,Deepfakes,h264,38,1,270756,481946
969_897.mp4,Deepfakes,hevc,18,1,643176,1144854
969_897.mp4,Deepfakes,hevc,28,1,168972,300771
969_897.mp4,Deepfakes,hevc,38,1,48370,86100
969_897.mp4,Deepfakes,av1,20,1,1430332,2545992
969_897.mp4,Deepfakes,av1,30,1,713960,1270849
969_897.mp4,Deepfakes,av1,40,1,319652,568982
970_973.mp4,Deepfakes,h264,18,1,2195035,5224184
970_973.mp4,Deepfakes,h264,28,1,792375,1885853
970_973.mp4,Deepfakes,h264,38,1,247495,589040
970_973.mp4,Deepfakes,hevc,18,1,397457,945950
970_973.mp4,Deepfakes,hevc,28,1,99035,235704
970_973.mp4,Deepfakes,hevc,38,1,35254,83905
970_973.mp4,Deepfakes,av1,20,1,848943,2020485
970_973.mp4,Deepfakes,av1,30,1,448295,1066943
970_973.mp4,Deepfakes,av1,40,1,189987,452170
971_564.mp4,Deepfakes,h264,18,1,8544117,12602573
971_564.mp4,Deepfakes,h264,28,1,2062330,3041937
971_564.mp4,Deepfakes,h264,38,1,556368,820643
971_564.mp4,Deepfakes,hevc,18,1,1063846,1569174
971_564.mp4,Deepfakes,hevc,28,1,321636,474414
971_564.mp4,Deepfakes,hevc,38,1,138214,203866
971_564.mp4,Deepfakes,av1,20,1,1482624,2186871
971_564.mp4,Deepfakes,av1,30,1,785246,1158239
971_564.mp4,Deepfakes,av1,40,1,390454,575921
972_718.mp4,Deepfakes,h264,18,1,11405847,17736093
972_718.mp4,Deepfakes,h264,28,1,2204542,3428063
972_718.mp4,Deepfakes,h264,38,1,432500,672539
972_718.mp4,Deepfakes,hevc,18,1,1481808,2304212
972_718.mp4,Deepfakes,hevc,28,1,277216,431071
972_718.mp4,Deepfakes,hevc,38,1,94424,146830
972_718.mp4,Deepfakes,av1,20,1,1512656,2352181
972_718.mp4,Deepfakes,av1,30,1,719353,1118595
972_718.mp4,Deepfakes,av1,40,1,301295,468515
973_970.mp4,Deepfakes,h264,18,1,2148467,5725666
973_970.mp4,Deepfakes,h264,28,1,746408,1989179
973_970.mp4,Deepfakes,h264,38,1,184171,490816
973_970.mp4,Deepfakes,hevc,18,1,458172,1221030
973_970.mp4,Deepfakes,hevc,28,1,116269,309859
973_970.mp4,Deepfakes,hevc,38,1,37598,100201
973_970.mp4,Deepfakes,av1,20,1,767924,2046520
973_970.mp4,Deepfakes,av1,30,1,423070,1127484
973_970.mp4,Deepfakes,av1,40,1,209253,557661
974_953.mp4,Deepfakes,h264,18,1,2300889,3658415
974_953.mp4,Deepfakes,h264,28,1,822500,1307776
974_953.mp4,Deepfakes,h264,38,1,230837,367031
974_953.mp4,Deepfakes,hevc,18,1,574846,914006
974_953.mp4,Deepfakes,hevc,28,1,162728,258738
974_953.mp4,Deepfakes,hevc,38,1,52696,83788
974_953.mp4,Deepfakes,av1,20,1,852500,1355476
974_953.mp4,Deepfakes,av1,30,1,471778,750128
974_953.mp4,Deepfakes,av1,40,1,228524,363354
975_978.mp4,Deepfakes,h264,18,1,4675500,5922301
975_978.mp4,Deepfakes,h264,28,1,1084422,1373602
975_978.mp4,Deepfakes,h264,38,1,230948,292535
975_978.mp4,Deepfakes,hevc,18,1,582217,737475
975_978.mp4,Deepfakes,hevc,28,1,146358,185388
975_978.mp4,Deepfakes,hevc,38,1,60767,76972
975_978.mp4,Deepfakes,av1,20,1,827363,1047994
975_978.mp4,Deepfakes,av1,30,1,420795,533008
975_978.mp4,Deepfakes,av1,40,1,203876,258244
976_954.mp4,Deepfakes,h264,18,1,3117449,5112617
976_954.mp4,Deepfakes,h264,28,1,945714,1550972
976_954.mp4,Deepfakes,h264,38,1,234157,384019
976_954.mp4,Deepfakes,hevc,18,1,649768,1065621
976_954.mp4,Deepfakes,hevc,28,1,198849,326113
976_954.mp4,Deepfakes,hevc,38,1,58315,95637
976_954.mp4,Deepfakes,av1,20,1,995586,1632762
976_954.mp4,Deepfakes,av1,30,1,563004,923327
976_954.mp4,Deepfakes,av1,40,1,285685,468525
977_075.mp4,Deepfakes,h264,18,1,2685016,7283108
977_075.mp4,Deepfakes,h264,28,1,739388,2005591
977_075.mp4,Deepfakes,h264,38,1,185778,503924
977_075.mp4,Deepfakes,hevc,18,1,503401,1365477
977_075.mp4,Deepfakes,hevc,28,1,140416,380880
977_075.mp4,Deepfakes,hevc,38,1,52169,141511
977_075.mp4,Deepfakes,av1,20,1,836885,2270053
977_075.mp4,Deepfakes,av1,30,1,441848,1198515
977_075.mp4,Deepfakes,av1,40,1,219246,594706
978_975.mp4,Deepfakes,h264,18,1,5545812,17492418
978_975.mp4,Deepfakes,h264,28,1,1521106,4797822
978_975.mp4,Deepfakes,h264,38,1,399007,1258537
978_975.mp4,Deepfakes,hevc,18,1,937027,2955540
978_975.mp4,Deepfakes,hevc,28,1,266575,840825
978_975.mp4,Deepfakes,hevc,38,1,96607,304716
978_975.mp4,Deepfakes,av1,20,1,1596697,5036251
978_975.mp4,Deepfakes,av1,30,1,815680,2572791
978_975.mp4,Deepfakes,av1,40,1,378487,1193812
979_875.mp4,Deepfakes,h264,18,1,5915408,8256924
979_875.mp4,Deepfakes,h264,28,1,1642545,2292720
979_875.mp4,Deepfakes,h264,38,1,411428,574286
979_875.mp4,Deepfakes,hevc,18,1,855501,1194137
979_875.mp4,Deepfakes,hevc,28,1,225883,315296
979_875.mp4,Deepfakes,hevc,38,1,85134,118833
979_875.mp4,Deepfakes,av1,20,1,1362702,1902106
979_875.mp4,Deepfakes,av1,30,1,722827,1008947
979_875.mp4,Deepfakes,av1,40,1,369901,516321
980_992.mp4,Deepfakes,h264,18,1,2204699,4222000
980_992.mp4,Deepfakes,h264,28,1,777346,1488619
980_992.mp4,Deepfakes,h264,38,1,227547,435754
980_992.mp4,Deepfakes,hevc,18,1,521133,997970
980_992.mp4,Deepfakes,hevc,28,1,141162,270327
980_992.mp4,Deepfakes,hevc,38,1,48433,92750
980_992.mp4,Deepfakes,av1,20,1,1008406,1931098
980_992.mp4,Deepfakes,av1,30,1,505158,967379
980_992.mp4,Deepfakes,av1,40,1,238973,457634
981_985.mp4,Deepfakes,h264,18,1,2516539,4680763
981_985.mp4,Deepfakes,h264,28,1,866646,1611962
981_985.mp4,Deepfakes,h264,38,1,231293,430206
981_985.mp4,Deepfakes,hevc,18,1,553113,1028792
981_985.mp4,Deepfakes,hevc,28,1,152820,284246
981_985.mp4,Deepfakes,hevc,38,1,47875,89049
981_985.mp4,Deepfakes,av1,20,1,807604,1502144
981_985.mp4,Deepfakes,av1,30,1,460351,856254
981_985.mp4,Deepfakes,av1,40,1,231204,430040
982_004.mp4,Deepfakes,h264,18,1,1810475,7649257
982_004.mp4,Deepfakes,h264,28,1,452380,1911306
982_004.mp4,Deepfakes,h264,38,1,97302,411105
982_004.mp4,Deepfakes,hevc,18,1,225639,953325
982_004.mp4,Deepfakes,hevc,28,1,58261,246155
982_004.mp4,Deepfakes,hevc,38,1,27332,115480
982_004.mp4,Deepfakes,av1,20,1,421876,1782429
982_004.mp4,Deepfakes,av1,30,1,228541,965588
982_004.mp4,Deepfakes,av1,40,1,109173,461260
983_113.mp4,Deepfakes,h264,18,1,2034427,4129888
983_113.mp4,Deepfakes,h264,28,1,458745,931253
983_113.mp4,Deepfakes,h264,38,1,127927,259693
983_113.mp4,Deepfakes,hevc,18,1,258680,525121
983_113.mp4,Deepfakes,hevc,28,1,74399,151031
983_113.mp4,Deepfakes,hevc,38,1,34560,70158
983_113.mp4,Deepfakes,av1,20,1,362868,736624
983_113.mp4,Deepfakes,av1,30,1,211793,429940
983_113.mp4,Deepfakes,av1,40,1,112234,227837
984_967.mp4,Deepfakes,h264,18,1,4219533,7152110
984_967.mp4,Deepfakes,h264,28,1,862855,1462540
984_967.mp4,Deepfakes,h264,38,1,226923,384636
984_967.mp4,Deepfakes,hevc,18,1,488989,828837
984_967.mp4,Deepfakes,hevc,28,1,140974,238951
984_967.mp4,Deepfakes,hevc,38,1,62961,106720
984_967.mp4,Deepfakes,av1,20,1,592504,1004295
984_967.mp4,Deepfakes,av1,30,1,312595,529849
984_967.mp4,Deepfakes,av1,40,1,165348,280265
985_981.mp4,Deepfakes,h264,18,1,2877102,4934230
985_981.mp4,Deepfakes,h264,28,1,823465,1412244
985_981.mp4,Deepfakes,h264,38,1,207872,356502
985_981.mp4,Deepfakes,hevc,18,1,546865,937875
985_981.mp4,Deepfakes,hevc,28,1,124788,214012
985_981.mp4,Deepfakes,hevc,38,1,43241,74159
985_981.mp4,Deepfakes,av1,20,1,896447,1537408
985_981.mp4,Deepfakes,av1,30,1,508737,872484
985_981.mp4,Deepfakes,av1,40,1,245609,421221
986_994.mp4,Deepfakes,h264,18,1,4260074,17636707
986_994.mp4,Deepfakes,h264,28,1,1343572,5562392
986_994.mp4,Deepfakes,h264,38,1,394691,1634021
986_994.mp4,Deepfakes,hevc,18,1,688692,2851186
986_994.mp4,Deepfakes,hevc,28,1,172487,714099
986_994.mp4,Deepfakes,hevc,38,1,58880,243767
986_994.mp4,Deepfakes,av1,20,1,1180175,4885925
986_994.mp4,Deepfakes,av1,30,1,603798,2499727
986_994.mp4,Deepfakes,av1,40,1,287515,1190315
987_938.mp4,Deepfakes,h264,18,1,1918521,5515750
987_938.mp4,Deepfakes,h264,28,1,551060,1584299
987_938.mp4,Deepfakes,h264,38,1,127788,367393
987_938.mp4,Deepfakes,hevc,18,1,286499,823687
987_938.mp4,Deepfakes,hevc,28,1,79108,227437
987_938.mp4,Deepfakes,hevc,38,1,31095,89399
987_938.mp4,Deepfakes,av1,20,1,424251,1219723
987_938.mp4,Deepfakes,av1,30,1,238688,686228
987_938.mp4,Deepfakes,av1,40,1,125525,360885
988_966.mp4,Deepfakes,h264,18,1,1853237,4216115
988_966.mp4,Deepfakes,h264,28,1,550963,1253443
988_966.mp4,Deepfakes,h264,38,1,133493,303698
988_966.mp4,Deepfakes,hevc,18,1,285614,649774
988_966.mp4,Deepfakes,hevc,28,1,67730,154088
988_966.mp4,Deepfakes,hevc,38,1,27765,63166
988_966.mp4,Deepfakes,av1,20,1,473098,1076298
988_966.mp4,Deepfakes,av1,30,1,255929,582240
988_966.mp4,Deepfakes,av1,40,1,131140,298345
989_993.mp4,Deepfakes,h264,18,1,2926870,14048977
989_993.mp4,Deepfakes,h264,28,1,968281,4647750
989_993.mp4,Deepfakes,h264,38,1,247543,1188211
989_993.mp4,Deepfakes,hevc,18,1,674413,3237187
989_993.mp4,Deepfakes,hevc,28,1,163036,782574
989_993.mp4,Deepfakes,hevc,38,1,46188,221707
989_993.mp4,Deepfakes,av1,20,1,1198675,5753642
989_993.mp4,Deepfakes,av1,30,1,606874,2912999
989_993.mp4,Deepfakes,av1,40,1,285135,1368649
990_008.mp4,Deepfakes,h264,18,1,3195338,4872891
990_008.mp4,Deepfakes,h264,28,1,1239321,1889965
990_008.mp4,Deepfakes,h264,38,1,425803,649351
990_008.mp4,Deepfakes,hevc,18,1,791129,1206472
990_008.mp4,Deepfakes,hevc,28,1,229312,349702
990_008.mp4,Deepfakes,hevc,38,1,71024,108313
990_008.mp4,Deepfakes,av1,20,1,1643457,2506273
990_008.mp4,Deepfakes,av1,30,1,815779,1244063
990_008.mp4,Deepfakes,av1,40,1,369848,564019
991_064.mp4,Deepfakes,h264,18,1,1585528,3186913
991_064.mp4,Deepfakes,h264,28,1,371903,747527
991_064.mp4,Deepfakes,h264,38,1,80652,162111
991_064.mp4,Deepfakes,hevc,18,1,152579,306685
991_064.mp4,Deepfakes,hevc,28,1,42725,85879
991_064.mp4,Deepfakes,hevc,38,1,22850,45930
991_064.mp4,Deepfakes,av1,20,1,277093,556958
991_064.mp4,Deepfakes,av1,30,1,146279,294022
991_064.mp4,Deepfakes,av1,40,1,73827,148393
992_980.mp4,Deepfakes,h264,18,1,3385225,12152958
992_980.mp4,Deepfakes,h264,28,1,1304476,4683069
992_980.mp4,Deepfakes,h264,38,1,377320,1354579
992_980.mp4,Deepfakes,hevc,18,1,986673,3542159
992_980.mp4,Deepfakes,hevc,28,1,293993,1055435
992_980.mp4,Deepfakes,hevc,38,1,81714,293356
992_980.mp4,Deepfakes,av1,20,1,1315683,4723302
992_980.mp4,Deepfakes,av1,30,1,793236,2847720
992_980.mp4,Deepfakes,av1,40,1,395323,1419210
993_989.mp4,Deepfakes,h264,18,1,3077351,6293184
993_989.mp4,Deepfakes,h264,28,1,1057470,2162528
993_989.mp4,Deepfakes,h264,38,1,316904,648069
993_989.mp4,Deepfakes,hevc,18,1,811598,1659718
993_989.mp4,Deepfakes,hevc,28,1,193193,395081
993_989.mp4,Deepfakes,hevc,38,1,54870,112211
993_989.mp4,Deepfakes,av1,20,1,1194360,2442467
993_989.mp4,Deepfakes,av1,30,1,634065,1296663
993_989.mp4,Deepfakes,av1,40,1,298869,611189
994_986.mp4,Deepfakes,h264,18,1,3883487,6135910
994_986.mp4,Deepfakes,h264,28,1,1209384,1910828
994_986.mp4,Deepfakes,h264,38,1,230027,363443
994_986.mp4,Deepfakes,hevc,18,1,902586,1426086
994_986.mp4,Deepfakes,hevc,28,1,198655,313876
994_986.mp4,Deepfakes,hevc,38,1,52570,83062
994_986.mp4,Deepfakes,av1,20,1,1298589,2051771
994_986.mp4,Deepfakes,av1,30,1,687755,1086654
994_986.mp4,Deepfakes,av1,40,1,333355,526702
995_233.mp4,Deepfakes,h264,18,1,1981945,4525442
995_233.mp4,Deepfakes,h264,28,1,747216,1706145
995_233.mp4,Deepfakes,h264,38,1,256879,586541
995_233.mp4,Deepfakes,hevc,18,1,602525,1375766
995_233.mp4,Deepfakes,hevc,28,1,203243,464072
995_233.mp4,Deepfakes,hevc,38,1,74751,170682
995_233.mp4,Deepfakes,av1,20,1,827574,1889629
995_233.mp4,Deepfakes,av1,30,1,489724,1118204
995_233.mp4,Deepfakes,av1,40,1,247075,564156
996_056.mp4,Deepfakes,h264,18,1,2981908,4651778
996_056.mp4,Deepfakes,h264,28,1,963394,1502895
996_056.mp4,Deepfakes,h264,38,1,268158,418327
996_056.mp4,Deepfakes,hevc,18,1,727331,1134637
996_056.mp4,Deepfakes,hevc,28,1,191076,298079
996_056.mp4,Deepfakes,hevc,38,1,60555,94467
996_056.mp4,Deepfakes,av1,20,1,1333794,2080719
996_056.mp4,Deepfakes,av1,30,1,675418,1053653
996_056.mp4,Deepfakes,av1,40,1,319282,498080
997_040.mp4,Deepfakes,h264,18,1,2816135,6167336
997_040.mp4,Deepfakes,h264,28,1,955011,2091475
997_040.mp4,Deepfakes,h264,38,1,244438,535320
997_040.mp4,Deepfakes,hevc,18,1,765313,1676037
997_040.mp4,Deepfakes,hevc,28,1,186836,409173
997_040.mp4,Deepfakes,hevc,38,1,52493,114961
997_040.mp4,Deepfakes,av1,20,1,1203592,2635868
997_040.mp4,Deepfakes,av1,30,1,656627,1438015
997_040.mp4,Deepfakes,av1,40,1,316894,693998
998_561.mp4,Deepfakes,h264,18,1,7571870,10853014
998_561.mp4,Deepfakes,h264,28,1,2162197,3099150
998_561.mp4,Deepfakes,h264,38,1,670063,960424
998_561.mp4,Deepfakes,hevc,18,1,1158484,1660494
998_561.mp4,Deepfakes,hevc,28,1,293748,421040
998_561.mp4,Deepfakes,hevc,38,1,102265,146580
998_561.mp4,Deepfakes,av1,20,1,1681925,2410760
998_561.mp4,Deepfakes,av1,30,1,854947,1225425
998_561.mp4,Deepfakes,av1,40,1,423538,607072
999_960.mp4,Deepfakes,h264,18,1,1947657,2718606
999_960.mp4,Deepfakes,h264,28,1,439070,612869
999_960.mp4,Deepfakes,h264,38,1,94263,131576
999_960.mp4,Deepfakes,hevc,18,1,263429,367703
999_960.mp4,Deepfakes,hevc,28,1,71479,99774
999_960.mp4,Deepfakes,hevc,38,1,33784,47158
999_960.mp4,Deepfakes,av1,20,1,348611,486604
999_960.mp4,Deepfakes,av1,30,1,195999,273583
999_960.mp4,Deepfakes,av1,40,1,104018,145192
860_905.mp4,Face2Face,h264,18,1,8905767,14175013
860_905.mp4,Face2Face,h264,28,1,2188588,3483503
860_905.mp4,Face2Face,h264,38,1,683758,1088316
860_905.mp4,Face2Face,hevc,18,1,1125763,1791840
860_905.mp4,Face2Face,hevc,28,1,344578,548454
860_905.mp4,Face2Face,hevc,38,1,140063,222935
860_905.mp4,Face2Face,av1,20,1,2063374,3284205
860_905.mp4,Face2Face,av1,30,1,1153931,1836674
860_905.mp4,Face2Face,av1,40,1,594317,945956
861_858.mp4,Face2Face,h264,18,1,3226519,7792044
861_858.mp4,Face2Face,h264,28,1,1270860,3069127
861_858.mp4,Face2Face,h264,38,1,364955,881367
861_858.mp4,Face2Face,hevc,18,1,990559,2392201
861_858.mp4,Face2Face,hevc,28,1,278105,671624
861_858.mp4,Face2Face,hevc,38,1,82934,200288
861_858.mp4,Face2Face,av1,20,1,1528776,3691996
861_858.mp4,Face2Face,av1,30,1,901857,2177987
861_858.mp4,Face2Face,av1,40,1,447973,1081856
862_047.mp4,Face2Face,h264,18,1,,262
862_047.mp4,Face2Face,h264,28,1,1450286,1927672
862_047.mp4,Face2Face,h264,38,1,445501,592146
862_047.mp4,Face2Face,hevc,18,1,792551,1053433
862_047.mp4,Face2Face,hevc,28,1,224339,298185
862_047.mp4,Face2Face,hevc,38,1,83068,110412
862_047.mp4,Face2Face,av1,20,1,1360921,1808892
862_047.mp4,Face2Face,av1,30,1,730894,971481
862_047.mp4,Face2Face,av1,40,1,349245,464206
863_853.mp4,Face2Face,h264,18,1,4729058,12137916
863_853.mp4,Face2Face,h264,28,1,1315489,3376422
863_853.mp4,Face2Face,h264,38,1,358099,919122
863_853.mp4,Face2Face,hevc,18,1,758922,1947901
863_853.mp4,Face2Face,hevc,28,1,225216,578056
863_853.mp4,Face2Face,hevc,38,1,85305,218951
863_853.mp4,Face2Face,av1,20,1,1154855,2964128
863_853.mp4,Face2Face,av1,30,1,579925,1488475
863_853.mp4,Face2Face,av1,40,1,276588,709910
864_839.mp4,Face2Face,h264,18,1,2329277,4483859
864_839.mp4,Face2Face,h264,28,1,814575,1568057
864_839.mp4,Face2Face,h264,38,1,228702,440252
864_839.mp4,Face2Face,hevc,18,1,522809,1006409
864_839.mp4,Face2Face,hevc,28,1,134089,258122
864_839.mp4,Face2Face,hevc,38,1,45121,86858
864_839.mp4,Face2Face,av1,20,1,799743,1539507
864_839.mp4,Face2Face,av1,30,1,441913,850683
864_839.mp4,Face2Face,av1,40,1,220644,424741
865_739.mp4,Face2Face,h264,18,1,13526582,8566836
865_739.mp4,Face2Face,h264,28,1,3303722,2092358
865_739.mp4,Face2Face,h264,38,1,1008437,638677
865_739.mp4,Face2Face,hevc,18,1,1893699,1199343
865_739.mp4,Face2Face,hevc,28,1,474341,300416
865_739.mp4,Face2Face,hevc,38,1,203376,128805
865_739.mp4,Face2Face,av1,20,1,3337125,2113513
865_739.mp4,Face2Face,av1,30,1,1601857,1014510
865_739.mp4,Face2Face,av1,40,1,699664,443121
866_878.mp4,Face2Face,h264,18,1,11671629,35792996
866_878.mp4,Face2Face,h264,28,1,3204591,9827415
866_878.mp4,Face2Face,h264,38,1,653470,2003977
866_878.mp4,Face2Face,hevc,18,1,1667821,5114651
866_878.mp4,Face2Face,hevc,28,1,375005,1150016
866_878.mp4,Face2Face,hevc,38,1,123254,377979
866_878.mp4,Face2Face,av1,20,1,2424030,7433693
866_878.mp4,Face2Face,av1,30,1,1202627,3688057
866_878.mp4,Face2Face,av1,40,1,521387,1598923
867_765.mp4,Face2Face,h264,18,1,4123811,6666828
867_765.mp4,Face2Face,h264,28,1,1503587,2430799
867_765.mp4,Face2Face,h264,38,1,399732,646235
867_765.mp4,Face2Face,hevc,18,1,1068669,1727682
867_765.mp4,Face2Face,hevc,28,1,241875,391032
867_765.mp4,Face2Face,hevc,38,1,64985,105060
867_765.mp4,Face2Face,av1,20,1,1869434,3022253
867_765.mp4,Face2Face,av1,30,1,935978,1513165
867_765.mp4,Face2Face,av1,40,1,425650,688135
868_949.mp4,Face2Face,h264,18,1,2165786,6190541
868_949.mp4,Face2Face,h264,28,1,766702,2191490
868_949.mp4,Face2Face,h264,38,1,251221,718075
868_949.mp4,Face2Face,hevc,18,1,455532,1302065
868_949.mp4,Face2Face,hevc,28,1,129429,369952
868_949.mp4,Face2Face,hevc,38,1,44883,128293
868_949.mp4,Face2Face,av1,20,1,891153,2547214
868_949.mp4,Face2Face,av1,30,1,484382,1384528
868_949.mp4,Face2Face,av1,40,1,228293,652540
869_780.mp4,Face2Face,h264,18,1,12720683,25568573
869_780.mp4,Face2Face,h264,28,1,3606033,7248127
869_780.mp4,Face2Face,h264,38,1,970588,1950883
869_780.mp4,Face2Face,hevc,18,1,2319500,4662195
869_780.mp4,Face2Face,hevc,28,1,591190,1188292
869_780.mp4,Face2Face,hevc,38,1,189397,380689
869_780.mp4,Face2Face,av1,20,1,3233498,6499331
869_780.mp4,Face2Face,av1,30,1,1634058,3284458
869_780.mp4,Face2Face,av1,40,1,768276,1544236
870_001.mp4,Face2Face,h264,18,1,5099149,11728043
870_001.mp4,Face2Face,h264,28,1,1725683,3969073
870_001.mp4,Face2Face,h264,38,1,420368,966847
870_001.mp4,Face2Face,hevc,18,1,985293,2266174
870_001.mp4,Face2Face,hevc,28,1,199158,458065
870_001.mp4,Face2Face,hevc,38,1,61681,141867
870_001.mp4,Face2Face,av1,20,1,1650866,3796993
870_001.mp4,Face2Face,av1,30,1,888231,2042933
870_001.mp4,Face2Face,av1,40,1,364907,839287
871_814.mp4,Face2Face,h264,18,1,4070439,9328090
871_814.mp4,Face2Face,h264,28,1,1038043,2378849
871_814.mp4,Face2Face,h264,38,1,220881,506187
871_814.mp4,Face2Face,hevc,18,1,761097,1744181
871_814.mp4,Face2Face,hevc,28,1,182479,418182
871_814.mp4,Face2Face,hevc,38,1,55693,127632
871_814.mp4,Face2Face,av1,20,1,1381337,3165566
871_814.mp4,Face2Face,av1,30,1,667109,1528792
871_814.mp4,Face2Face,av1,40,1,305605,700347
872_873.mp4,Face2Face,h264,18,1,2127693,9404404
872_873.mp4,Face2Face,h264,28,1,580196,2564467
872_873.mp4,Face2Face,h264,38,1,125500,554710
872_873.mp4,Face2Face,hevc,18,1,275387,1217213
872_873.mp4,Face2Face,hevc,28,1,72841,321959
872_873.mp4,Face2Face,hevc,38,1,30776,136033
872_873.mp4,Face2Face,av1,20,1,405187,1790929
872_873.mp4,Face2Face,av1,30,1,230569,1019118
872_873.mp4,Face2Face,av1,40,1,126659,559835
873_872.mp4,Face2Face,h264,18,1,4452800,10553138
873_872.mp4,Face2Face,h264,28,1,1171676,2776874
873_872.mp4,Face2Face,h264,38,1,320727,760123
873_872.mp4,Face2Face,hevc,18,1,577565,1368830
873_872.mp4,Face2Face,hevc,28,1,163643,387836
873_872.mp4,Face2Face,hevc,38,1,67829,160755
873_872.mp4,Face2Face,av1,20,1,935542,2217235
873_872.mp4,Face2Face,av1,30,1,510397,1209643
873_872.mp4,Face2Face,av1,40,1,258667,613043
874_291.mp4,Face2Face,h264,18,1,9042112,12432905
874_291.mp4,Face2Face,h264,28,1,2294279,3154634
874_291.mp4,Face2Face,h264,38,1,618357,850241
874_291.mp4,Face2Face,hevc,18,1,1186429,1631340
874_291.mp4,Face2Face,hevc,28,1,348770,479560
874_291.mp4,Face2Face,hevc,38,1,138497,190434
874_291.mp4,Face2Face,av1,20,1,1611680,2216060
874_291.mp4,Face2Face,av1,30,1,829641,1140757
874_291.mp4,Face2Face,av1,40,1,414669,570170
875_979.mp4,Face2Face,h264,18,1,4738983,6614831
875_979.mp4,Face2Face,h264,28,1,1478316,2063483
875_979.mp4,Face2Face,h264,38,1,460768,643156
875_979.mp4,Face2Face,hevc,18,1,573375,800337
875_979.mp4,Face2Face,hevc,28,1,152119,212334
875_979.mp4,Face2Face,hevc,38,1,60293,84160
875_979.mp4,Face2Face,av1,20,1,841126,1174073
875_979.mp4,Face2Face,av1,30,1,423040,590494
875_979.mp4,Face2Face,av1,40,1,205662,287070
876_891.mp4,Face2Face,h264,18,1,4505417,5556682
876_891.mp4,Face2Face,h264,28,1,1063127,1311191
876_891.mp4,Face2Face,h264,38,1,281882,347655
876_891.mp4,Face2Face,hevc,18,1,520137,641503
876_891.mp4,Face2Face,hevc,28,1,141312,174285
876_891.mp4,Face2Face,hevc,38,1,62308,76847
876_891.mp4,Face2Face,av1,20,1,964236,1189225
876_891.mp4,Face2Face,av1,30,1,528778,652160
876_891.mp4,Face2Face,av1,40,1,250483,308930
877_886.mp4,Face2Face,h264,18,1,3900119,10237814
877_886.mp4,Face2Face,h264,28,1,1299926,3412307
877_886.mp4,Face2Face,h264,38,1,426103,1118521
877_886.mp4,Face2Face,hevc,18,1,668870,1755784
877_886.mp4,Face2Face,hevc,28,1,176387,463018
877_886.mp4,Face2Face,hevc,38,1,63963,167905
877_886.mp4,Face2Face,av1,20,1,1062755,2789734
877_886.mp4,Face2Face,av1,30,1,551720,1448266
877_886.mp4,Face2Face,av1,40,1,264979,695571
878_866.mp4,Face2Face,h264,18,1,4551515,9653006
878_866.mp4,Face2Face,h264,28,1,1080017,2290538
878_866.mp4,Face2Face,h264,38,1,251028,532389
878_866.mp4,Face2Face,hevc,18,1,485024,1028656
878_866.mp4,Face2Face,hevc,28,1,134132,284473
878_866.mp4,Face2Face,hevc,38,1,61938,131362
878_866.mp4,Face2Face,av1,20,1,719291,1525498
878_866.mp4,Face2Face,av1,30,1,360127,763771
878_866.mp4,Face2Face,av1,40,1,181791,385550
879_963.mp4,Face2Face,h264,18,1,2800717,8075402
879_963.mp4,Face2Face,h264,28,1,887191,2558069
879_963.mp4,Face2Face,h264,38,1,217010,625714
879_963.mp4,Face2Face,hevc,18,1,530959,1530933
879_963.mp4,Face2Face,hevc,28,1,134713,388425
879_963.mp4,Face2Face,hevc,38,1,47581,137193
879_963.mp4,Face2Face,av1,20,1,1057793,3049972
879_963.mp4,Face2Face,av1,30,1,556358,1604167
879_963.mp4,Face2Face,av1,40,1,274877,792564
880_135.mp4,Face2Face,h264,18,1,7849154,13368091
880_135.mp4,Face2Face,h264,28,1,1547268,2635191
880_135.mp4,Face2Face,h264,38,1,364632,621014
880_135.mp4,Face2Face,hevc,18,1,697916,1188639
880_135.mp4,Face2Face,hevc,28,1,196145,334060
880_135.mp4,Face2Face,hevc,38,1,84573,144040
880_135.mp4,Face2Face,av1,20,1,1073291,1827950
880_135.mp4,Face2Face,av1,30,1,542628,924164
880_135.mp4,Face2Face,av1,40,1,262815,447608
881_856.mp4,Face2Face,h264,18,1,2078533,9552594
881_856.mp4,Face2Face,h264,28,1,635714,2921639
881_856.mp4,Face2Face,h264,38,1,164208,754673
881_856.mp4,Face2Face,hevc,18,1,402494,1849796
881_856.mp4,Face2Face,hevc,28,1,101950,468548
881_856.mp4,Face2Face,hevc,38,1,41430,190407
881_856.mp4,Face2Face,av1,20,1,813742,3739825
881_856.mp4,Face2Face,av1,30,1,449527,2065952
881_856.mp4,Face2Face,av1,40,1,217140,997942
882_952.mp4,Face2Face,h264,18,1,14804082,43178572
882_952.mp4,Face2Face,h264,28,1,4361321,12720520
882_952.mp4,Face2Face,h264,38,1,1296819,3782389
882_952.mp4,Face2Face,hevc,18,1,2874343,8383503
882_952.mp4,Face2Face,hevc,28,1,812526,2369868
882_952.mp4,Face2Face,hevc,38,1,260834,760768
882_952.mp4,Face2Face,av1,20,1,4164146,12145428
882_952.mp4,Face2Face,av1,30,1,2159866,6299611
882_952.mp4,Face2Face,av1,40,1,1018388,2970300
883_013.mp4,Face2Face,h264,18,1,5896712,9788542
883_013.mp4,Face2Face,h264,28,1,1890568,3138344
883_013.mp4,Face2Face,h264,38,1,551830,916038
883_013.mp4,Face2Face,hevc,18,1,1275397,2117160
883_013.mp4,Face2Face,hevc,28,1,354072,587760
883_013.mp4,Face2Face,hevc,38,1,115124,191106
883_013.mp4,Face2Face,av1,20,1,1791742,2974293
883_013.mp4,Face2Face,av1,30,1,931062,1545564
883_013.mp4,Face2Face,av1,40,1,456446,757701
884_968.mp4,Face2Face,h264,18,1,6124284,9186426
884_968.mp4,Face2Face,h264,28,1,2080584,3120877
884_968.mp4,Face2Face,h264,38,1,633958,950937
884_968.mp4,Face2Face,hevc,18,1,1435904,2153856
884_968.mp4,Face2Face,hevc,28,1,408180,612270
884_968.mp4,Face2Face,hevc,38,1,127087,190631
884_968.mp4,Face2Face,av1,20,1,1997210,2995816
884_968.mp4,Face2Face,av1,30,1,1046228,1569342
884_968.mp4,Face2Face,av1,40,1,499258,748887
885_802.mp4,Face2Face,h264,18,1,2364231,4149226
885_802.mp4,Face2Face,h264,28,1,823233,1444774
885_802.mp4,Face2Face,h264,38,1,228662,401303
885_802.mp4,Face2Face,hevc,18,1,444508,780112
885_802.mp4,Face2Face,hevc,28,1,117780,206705
885_802.mp4,Face2Face,hevc,38,1,40516,71106
885_802.mp4,Face2Face,av1,20,1,677183,1188457
885_802.mp4,Face2Face,av1,30,1,372766,654205
885_802.mp4,Face2Face,av1,40,1,188942,331594
886_877.mp4,Face2Face,h264,18,1,2026878,5776604
886_877.mp4,Face2Face,h264,28,1,601439,1714102
886_877.mp4,Face2Face,h264,38,1,148485,423184
886_877.mp4,Face2Face,hevc,18,1,280984,800806
886_877.mp4,Face2Face,hevc,28,1,72975,207979
886_877.mp4,Face2Face,hevc,38,1,29268,83414
886_877.mp4,Face2Face,av1,20,1,422944,1205393
886_877.mp4,Face2Face,av1,30,1,231614,660100
886_877.mp4,Face2Face,av1,40,1,121571,346478
887_275.mp4,Face2Face,h264,18,1,2339355,4959433
887_275.mp4,Face2Face,h264,28,1,646199,1369942
887_275.mp4,Face2Face,h264,38,1,159673,338507
887_275.mp4,Face2Face,hevc,18,1,422816,896371
887_275.mp4,Face2Face,hevc,28,1,113174,239930
887_275.mp4,Face2Face,hevc,38,1,41331,87622
887_275.mp4,Face2Face,av1,20,1,610385,1294018
887_275.mp4,Face2Face,av1,30,1,337069,714588
887_275.mp4,Face2Face,av1,40,1,174039,368964
888_937.mp4,Face2Face,h264,18,1,2022042,4600147
888_937.mp4,Face2Face,h264,28,1,632600,1439167
888_937.mp4,Face2Face,h264,38,1,149798,340791
888_937.mp4,Face2Face,hevc,18,1,284404,647020
888_937.mp4,Face2Face,hevc,28,1,70569,160545
888_937.mp4,Face2Face,hevc,38,1,28538,64924
888_937.mp4,Face2Face,av1,20,1,430633,979692
888_937.mp4,Face2Face,av1,30,1,227018,516467
888_937.mp4,Face2Face,av1,40,1,117811,268021
889_045.mp4,Face2Face,h264,18,1,14144311,24752545
889_045.mp4,Face2Face,h264,28,1,3489086,6105902
889_045.mp4,Face2Face,h264,38,1,893606,1563811
889_045.mp4,Face2Face,hevc,18,1,2475462,4332059
889_045.mp4,Face2Face,hevc,28,1,590077,1032635
889_045.mp4,Face2Face,hevc,38,1,190944,334152
889_045.mp4,Face2Face,av1,20,1,3261813,5708174
889_045.mp4,Face2Face,av1,30,1,1560848,2731485
889_045.mp4,Face2Face,av1,40,1,698768,1222844
890_837.mp4,Face2Face,h264,18,1,2590276,4781219
890_837.mp4,Face2Face,h264,28,1,782781,1444885
890_837.mp4,Face2Face,h264,38,1,190421,351487
890_837.mp4,Face2Face,hevc,18,1,398554,735666
890_837.mp4,Face2Face,hevc,28,1,119875,221270
890_837.mp4,Face2Face,hevc,38,1,49203,90822
890_837.mp4,Face2Face,av1,20,1,679351,1253969
890_837.mp4,Face2Face,av1,30,1,356830,658650
890_837.mp4,Face2Face,av1,40,1,182552,336962
891_876.mp4,Face2Face,h264,18,1,5923775,7725590
891_876.mp4,Face2Face,h264,28,1,1613023,2103652
891_876.mp4,Face2Face,h264,38,1,448608,585060
891_876.mp4,Face2Face,hevc,18,1,925996,1207654
891_876.mp4,Face2Face,hevc,28,1,254551,331978
891_876.mp4,Face2Face,hevc,38,1,97112,126651
891_876.mp4,Face2Face,av1,20,1,1398049,1823290
891_876.mp4,Face2Face,av1,30,1,712810,929624
891_876.mp4,Face2Face,av1,40,1,345735,450897
892_112.mp4,Face2Face,h264,18,1,10907414,18997079
892_112.mp4,Face2Face,h264,28,1,2567133,4471091
892_112.mp4,Face2Face,h264,38,1,678168,1181144
892_112.mp4,Face2Face,hevc,18,1,1567431,2729943
892_112.mp4,Face2Face,hevc,28,1,460425,801908
892_112.mp4,Face2Face,hevc,38,1,175078,304929
892_112.mp4,Face2Face,av1,20,1,2125035,3701103
892_112.mp4,Face2Face,av1,30,1,1129488,1967193
892_112.mp4,Face2Face,av1,40,1,552573,962398
893_913.mp4,Face2Face,h264,18,1,2917513,7707098
893_913.mp4,Face2Face,h264,28,1,854211,2256542
893_913.mp4,Face2Face,h264,38,1,230429,608717
893_913.mp4,Face2Face,hevc,18,1,472407,1247943
893_913.mp4,Face2Face,hevc,28,1,135725,358542
893_913.mp4,Face2Face,hevc,38,1,52304,138172
893_913.mp4,Face2Face,av1,20,1,878085,2319610
893_913.mp4,Face2Face,av1,30,1,466325,1231877
893_913.mp4,Face2Face,av1,40,1,235415,621890
894_848.mp4,Face2Face,h264,18,1,8850450,15930810
894_848.mp4,Face2Face,h264,28,1,1792068,3225723
894_848.mp4,Face2Face,h264,38,1,433120,779617
894_848.mp4,Face2Face,hevc,18,1,939730,1691514
894_848.mp4,Face2Face,hevc,28,1,235811,424460
894_848.mp4,Face2Face,hevc,38,1,98574,177434
894_848.mp4,Face2Face,av1,20,1,1274301,2293743
894_848.mp4,Face2Face,av1,30,1,631145,1136062
894_848.mp4,Face2Face,av1,40,1,307405,553329
895_915.mp4,Face2Face,h264,18,1,1796871,3162494
895_915.mp4,Face2Face,h264,28,1,431825,760013
895_915.mp4,Face2Face,h264,38,1,127598,224573
895_915.mp4,Face2Face,hevc,18,1,247203,435078
895_915.mp4,Face2Face,hevc,28,1,80521,141717
895_915.mp4,Face2Face,hevc,38,1,36486,64217
895_915.mp4,Face2Face,av1,20,1,447858,788231
895_915.mp4,Face2Face,av1,30,1,256792,451955
895_915.mp4,Face2Face,av1,40,1,137860,242635
896_128.mp4,Face2Face,h264,18,1,1321411,4856187
896_128.mp4,Face2Face,h264,28,1,393352,1445572
896_128.mp4,Face2Face,h264,38,1,122345,449619
896_128.mp4,Face2Face,hevc,18,1,181396,666633
896_128.mp4,Face2Face,hevc,28,1,54194,199163
896_128.mp4,Face2Face,hevc,38,1,24444,89835
896_128.mp4,Face2Face,av1,20,1,291752,1072189
896_128.mp4,Face2Face,av1,30,1,157301,578082
896_128.mp4,Face2Face,av1,40,1,81075,297952
897_969.mp4,Face2Face,h264,18,1,2654755,4725464
897_969.mp4,Face2Face,h264,28,1,895144,1593358
897_969.mp4,Face2Face,h264,38,1,252042,448635
897_969.mp4,Face2Face,hevc,18,1,509833,907504
897_969.mp4,Face2Face,hevc,28,1,131697,234422
897_969.mp4,Face2Face,hevc,38,1,44106,78510
897_969.mp4,Face2Face,av1,20,1,748512,1332352
897_969.mp4,Face2Face,av1,30,1,423142,753194
897_969.mp4,Face2Face,av1,40,1,222425,395917
898_922.mp4,Face2Face,h264,18,1,1748897,5386605
898_922.mp4,Face2Face,h264,28,1,412289,1269853
898_922.mp4,Face2Face,h264,38,1,91770,282652
898_922.mp4,Face2Face,hevc,18,1,185557,571517
898_922.mp4,Face2Face,hevc,28,1,48074,148070
898_922.mp4,Face2Face,hevc,38,1,23341,71891
898_922.mp4,Face2Face,av1,20,1,276768,852446
898_922.mp4,Face2Face,av1,30,1,149861,461573
898_922.mp4,Face2Face,av1,40,1,78669,242301
899_914.mp4,Face2Face,h264,18,1,2544532,3254881
899_914.mp4,Face2Face,h264,28,1,686246,877824
899_914.mp4,Face2Face,h264,38,1,170587,218210
899_914.mp4,Face2Face,hevc,18,1,373891,478270
899_914.mp4,Face2Face,hevc,28,1,107381,137359
899_914.mp4,Face2Face,hevc,38,1,42813,54766
899_914.mp4,Face2Face,av1,20,1,599247,766538
899_914.mp4,Face2Face,av1,30,1,334471,427845
899_914.mp4,Face2Face,av1,40,1,169332,216604
900_926.mp4,Face2Face,h264,18,1,2516530,4190023
900_926.mp4,Face2Face,h264,28,1,846078,1408720
900_926.mp4,Face2Face,h264,38,1,242729,404144
900_926.mp4,Face2Face,hevc,18,1,618816,1030330
900_926.mp4,Face2Face,hevc,28,1,162544,270636
900_926.mp4,Face2Face,hevc,38,1,52315,87105
900_926.mp4,Face2Face,av1,20,1,935345,1557350
900_926.mp4,Face2Face,av1,30,1,522213,869485
900_926.mp4,Face2Face,av1,40,1,264120,439760
901_902.mp4,Face2Face,h264,18,1,4362061,5361701
901_902.mp4,Face2Face,h264,28,1,1097140,1348568
901_902.mp4,Face2Face,h264,38,1,273260,335883
901_902.mp4,Face2Face,hevc,18,1,504277,619841
901_902.mp4,Face2Face,hevc,28,1,138606,170370
901_902.mp4,Face2Face,hevc,38,1,65509,80522
901_902.mp4,Face2Face,av1,20,1,798067,980958
901_902.mp4,Face2Face,av1,30,1,395589,486246
901_902.mp4,Face2Face,av1,40,1,192481,236592
902_901.mp4,Face2Face,h264,18,1,4185847,9121659
902_901.mp4,Face2Face,h264,28,1,1199164,2613180
902_901.mp4,Face2Face,h264,38,1,321683,701001
902_901.mp4,Face2Face,hevc,18,1,529307,1153450
902_901.mp4,Face2Face,hevc,28,1,155451,338755
902_901.mp4,Face2Face,hevc,38,1,64476,140505
902_901.mp4,Face2Face,av1,20,1,826656,1801423
902_901.mp4,Face2Face,av1,30,1,418784,912602
902_901.mp4,Face2Face,av1,40,1,199997,435828
903_792.mp4,Face2Face,h264,18,1,2753370,5272705
903_792.mp4,Face2Face,h264,28,1,921878,1765398
903_792.mp4,Face2Face,h264,38,1,268549,514272
903_792.mp4,Face2Face,hevc,18,1,641184,1227869
903_792.mp4,Face2Face,hevc,28,1,181293,347177
903_792.mp4,Face2Face,hevc,38,1,54850,105039
903_792.mp4,Face2Face,av1,20,1,987018,1890141
903_792.mp4,Face2Face,av1,30,1,580854,1112336
903_792.mp4,Face2Face,av1,40,1,301205,576808
904_046.mp4,Face2Face,h264,18,1,12060513,25327078
904_046.mp4,Face2Face,h264,28,1,3219710,6761392
904_046.mp4,Face2Face,h264,38,1,817919,1717631
904_046.mp4,Face2Face,hevc,18,1,1969962,4136922
904_046.mp4,Face2Face,hevc,28,1,470688,988446
904_046.mp4,Face2Face,hevc,38,1,161420,338982
904_046.mp4,Face2Face,av1,20,1,2192110,4603432
904_046.mp4,Face2Face,av1,30,1,1101426,2312996
904_046.mp4,Face2Face,av1,40,1,503527,1057408
905_860.mp4,Face2Face,h264,18,1,5798590,11089804
905_860.mp4,Face2Face,h264,28,1,1931181,3693385
905_860.mp4,Face2Face,h264,38,1,531228,1015975
905_860.mp4,Face2Face,hevc,18,1,1259306,2408423
905_860.mp4,Face2Face,hevc,28,1,367716,703257
905_860.mp4,Face2Face,hevc,38,1,119962,229428
905_860.mp4,Face2Face,av1,20,1,2163822,4138311
905_860.mp4,Face2Face,av1,30,1,1147616,2194816
905_860.mp4,Face2Face,av1,40,1,549855,1051598
906_847.mp4,Face2Face,h264,18,1,8785972,11019073
906_847.mp4,Face2Face,h264,28,1,2128925,2670027
906_847.mp4,Face2Face,h264,38,1,569698,714497
906_847.mp4,Face2Face,hevc,18,1,925678,1160955
906_847.mp4,Face2Face,hevc,28,1,253985,318540
906_847.mp4,Face2Face,hevc,38,1,109192,136946
906_847.mp4,Face2Face,av1,20,1,1497576,1878211
906_847.mp4,Face2Face,av1,30,1,745546,935039
906_847.mp4,Face2Face,av1,40,1,360987,452739
907_795.mp4,Face2Face,h264,18,1,5369823,12305845
907_795.mp4,Face2Face,h264,28,1,1562660,3581098
907_795.mp4,Face2Face,h264,38,1,417489,956747
907_795.mp4,Face2Face,hevc,18,1,783085,1794572
907_795.mp4,Face2Face,hevc,28,1,246037,563835
907_795.mp4,Face2Face,hevc,38,1,97467,223362
907_795.mp4,Face2Face,av1,20,1,1284603,2943884
907_795.mp4,Face2Face,av1,30,1,667659,1530052
907_795.mp4,Face2Face,av1,40,1,339960,779077
908_207.mp4,Face2Face,h264,18,1,7613062,13719373
908_207.mp4,Face2Face,h264,28,1,2106999,3796989
908_207.mp4,Face2Face,h264,38,1,605381,1090948
908_207.mp4,Face2Face,hevc,18,1,1104875,1991077
908_207.mp4,Face2Face,hevc,28,1,301069,542553
908_207.mp4,Face2Face,hevc,38,1,115110,207439
908_207.mp4,Face2Face,av1,20,1,1773972,3196846
908_207.mp4,Face2Face,av1,30,1,849739,1531301
908_207.mp4,Face2Face,av1,40,1,373262,672650
909_857.mp4,Face2Face,h264,18,1,1623336,4328898
909_857.mp4,Face2Face,h264,28,1,407634,1087024
909_857.mp4,Face2Face,h264,38,1,104588,278902
909_857.mp4,Face2Face,hevc,18,1,174489,465306
909_857.mp4,Face2Face,hevc,28,1,53341,142245
909_857.mp4,Face2Face,hevc,38,1,28446,75858
909_857.mp4,Face2Face,av1,20,1,329384,878358
909_857.mp4,Face2Face,av1,30,1,177829,474211
909_857.mp4,Face2Face,av1,40,1,91311,243497
910_911.mp4,Face2Face,h264,18,1,4858548,6660260
910_911.mp4,Face2Face,h264,28,1,1426473,1955457
910_911.mp4,Face2Face,h264,38,1,370740,508224
910_911.mp4,Face2Face,hevc,18,1,869491,1191928
910_911.mp4,Face2Face,hevc,28,1,223342,306166
910_911.mp4,Face2Face,hevc,38,1,76149,104388
910_911.mp4,Face2Face,av1,20,1,1440330,1974453
910_911.mp4,Face2Face,av1,30,1,771359,1057406
910_911.mp4,Face2Face,av1,40,1,371876,509781
911_910.mp4,Face2Face,h264,18,1,5561857,6766926
911_910.mp4,Face2Face,h264,28,1,1604016,1951553
911_910.mp4,Face2Face,h264,38,1,376536,458120
911_910.mp4,Face2Face,hevc,18,1,733683,892648
911_910.mp4,Face2Face,hevc,28,1,202424,246283
911_910.mp4,Face2Face,hevc,38,1,80830,98344
911_910.mp4,Face2Face,av1,20,1,1159618,1410869
911_910.mp4,Face2Face,av1,30,1,585746,712658
911_910.mp4,Face2Face,av1,40,1,279862,340499
912_927.mp4,Face2Face,h264,18,1,1750608,6100870
912_927.mp4,Face2Face,h264,28,1,472225,1645706
912_927.mp4,Face2Face,h264,38,1,116264,405182
912_927.mp4,Face2Face,hevc,18,1,291587,1016181
912_927.mp4,Face2Face,hevc,28,1,79491,277027
912_927.mp4,Face2Face,hevc,38,1,33653,117283
912_927.mp4,Face2Face,av1,20,1,422279,1471645
912_927.mp4,Face2Face,av1,30,1,237381,827275
912_927.mp4,Face2Face,av1,40,1,123719,431164
913_893.mp4,Face2Face,h264,18,1,2054308,4596516
913_893.mp4,Face2Face,h264,28,1,638946,1429642
913_893.mp4,Face2Face,h264,38,1,188303,421328
913_893.mp4,Face2Face,hevc,18,1,404454,904967
913_893.mp4,Face2Face,hevc,28,1,122267,273573
913_893.mp4,Face2Face,hevc,38,1,48061,107537
913_893.mp4,Face2Face,av1,20,1,696700,1558867
913_893.mp4,Face2Face,av1,30,1,380399,851144
913_893.mp4,Face2Face,av1,40,1,197430,441750
914_899.mp4,Face2Face,h264,18,1,1900555,4434629
914_899.mp4,Face2Face,h264,28,1,564922,1318153
914_899.mp4,Face2Face,h264,38,1,149181,348090
914_899.mp4,Face2Face,hevc,18,1,370423,864322
914_899.mp4,Face2Face,hevc,28,1,100799,235200
914_899.mp4,Face2Face,hevc,38,1,39653,92525
914_899.mp4,Face2Face,av1,20,1,654762,1527779
914_899.mp4,Face2Face,av1,30,1,365118,851944
914_899.mp4,Face2Face,av1,40,1,190340,444129
915_895.mp4,Face2Face,h264,18,1,6640496,9761530
915_895.mp4,Face2Face,h264,28,1,1853461,2724589
915_895.mp4,Face2Face,h264,38,1,489574,719675
915_895.mp4,Face2Face,hevc,18,1,840344,1235307
915_895.mp4,Face2Face,hevc,28,1,213080,313228
915_895.mp4,Face2Face,hevc,38,1,83125,122194
915_895.mp4,Face2Face,av1,20,1,1172905,1724171
915_895.mp4,Face2Face,av1,30,1,584212,858793
915_895.mp4,Face2Face,av1,40,1,285736,420032
916_783.mp4,Face2Face,h264,18,1,7847779,13177729
916_783.mp4,Face2Face,h264,28,1,3116582,5233262
916_783.mp4,Face2Face,h264,38,1,927881,1558068
916_783.mp4,Face2Face,hevc,18,1,2039103,3423994
916_783.mp4,Face2Face,hevc,28,1,492302,826658
916_783.mp4,Face2Face,hevc,38,1,114429,192147
916_783.mp4,Face2Face,av1,20,1,3180989,5341412
916_783.mp4,Face2Face,av1,30,1,1605125,2695274
916_783.mp4,Face2Face,av1,40,1,677436,1137529
917_924.mp4,Face2Face,h264,18,1,2353508,14685893
917_924.mp4,Face2Face,h264,28,1,687872,4292324
917_924.mp4,Face2Face,h264,38,1,194469,1213492
917_924.mp4,Face2Face,hevc,18,1,499701,3118137
917_924.mp4,Face2Face,hevc,28,1,140159,874597
917_924.mp4,Face2Face,hevc,38,1,49278,307500
917_924.mp4,Face2Face,av1,20,1,739319,4613356
917_924.mp4,Face2Face,av1,30,1,420498,2623909
917_924.mp4,Face2Face,av1,40,1,217529,1357387
918_934.mp4,Face2Face,h264,18,1,3389451,6389116
918_934.mp4,Face2Face,h264,28,1,776161,1463065
918_934.mp4,Face2Face,h264,38,1,172218,324632
918_934.mp4,Face2Face,hevc,18,1,351105,661833
918_934.mp4,Face2Face,hevc,28,1,98116,184950
918_934.mp4,Face2Face,hevc,38,1,45383,85548
918_934.mp4,Face2Face,av1,20,1,480918,906531
918_934.mp4,Face2Face,av1,30,1,250708,472585
918_934.mp4,Face2Face,av1,40,1,130918,246781
919_015.mp4,Face2Face,h264,18,1,1559953,2840416
919_015.mp4,Face2Face,h264,28,1,480409,874746
919_015.mp4,Face2Face,h264,38,1,142433,259348
919_015.mp4,Face2Face,hevc,18,1,287540,523564
919_015.mp4,Face2Face,hevc,28,1,94585,172225
919_015.mp4,Face2Face,hevc,38,1,41261,75130
919_015.mp4,Face2Face,av1,20,1,490490,893102
919_015.mp4,Face2Face,av1,30,1,282159,513765
919_015.mp4,Face2Face,av1,40,1,149226,271716
920_811.mp4,Face2Face,h264,18,1,7722306,20927450
920_811.mp4,Face2Face,h264,28,1,1774170,4808002
920_811.mp4,Face2Face,h264,38,1,438790,1189121
920_811.mp4,Face2Face,hevc,18,1,841699,2281005
920_811.mp4,Face2Face,hevc,28,1,230840,625577
920_811.mp4,Face2Face,hevc,38,1,92561,250843
920_811.mp4,Face2Face,av1,20,1,1016309,2754200
920_811.mp4,Face2Face,av1,30,1,555601,1505681
920_811.mp4,Face2Face,av1,40,1,275207,745813
921_569.mp4,Face2Face,h264,18,1,14458742,20181995
921_569.mp4,Face2Face,h264,28,1,3767307,5258533
921_569.mp4,Face2Face,h264,38,1,902225,1259356
921_569.mp4,Face2Face,hevc,18,1,2218239,3096293
921_569.mp4,Face2Face,hevc,28,1,511180,713523
921_569.mp4,Face2Face,hevc,38,1,157505,219851
921_569.mp4,Face2Face,av1,20,1,3092432,4316520
921_569.mp4,Face2Face,av1,30,1,1469045,2050543
921_569.mp4,Face2Face,av1,40,1,671209,936896
922_898.mp4,Face2Face,h264,18,1,2183290,3809842
922_898.mp4,Face2Face,h264,28,1,668135,1165897
922_898.mp4,Face2Face,h264,38,1,177743,310162
922_898.mp4,Face2Face,hevc,18,1,379090,661513
922_898.mp4,Face2Face,hevc,28,1,111861,195198
922_898.mp4,Face2Face,hevc,38,1,42783,74658
922_898.mp4,Face2Face,av1,20,1,612851,1069426
922_898.mp4,Face2Face,av1,30,1,354582,618747
922_898.mp4,Face2Face,av1,40,1,192505,335922
923_023.mp4,Face2Face,h264,18,1,9709958,26848036
923_023.mp4,Face2Face,h264,28,1,2381301,6584300
923_023.mp4,Face2Face,h264,38,1,445333,1231348
923_023.mp4,Face2Face,hevc,18,1,1278694,3535589
923_023.mp4,Face2Face,hevc,28,1,197105,544998
923_023.mp4,Face2Face,hevc,38,1,62415,172578
923_023.mp4,Face2Face,av1,20,1,1631350,4510685
923_023.mp4,Face2Face,av1,30,1,722366,1997344
923_023.mp4,Face2Face,av1,40,1,305242,843995
924_917.mp4,Face2Face,h264,18,1,2132150,4776017
924_917.mp4,Face2Face,h264,28,1,658168,1474298
924_917.mp4,Face2Face,h264,38,1,153204,343178
924_917.mp4,Face2Face,hevc,18,1,365095,817815
924_917.mp4,Face2Face,hevc,28,1,90938,203702
924_917.mp4,Face2Face,hevc,38,1,33322,74643
924_917.mp4,Face2Face,av1,20,1,589613,1320735
924_917.mp4,Face2Face,av1,30,1,325159,728358
924_917.mp4,Face2Face,av1,40,1,169959,380710
925_933.mp4,Face2Face,h264,18,1,5841777,12024325
925_933.mp4,Face2Face,h264,28,1,1868300,3845586
925_933.mp4,Face2Face,h264,38,1,499353,1027835
925_933.mp4,Face2Face,hevc,18,1,875978,1803056
925_933.mp4,Face2Face,hevc,28,1,230506,474460
925_933.mp4,Face2Face,hevc,38,1,82748,170325
925_933.mp4,Face2Face,av1,20,1,1377029,2834386
925_933.mp4,Face2Face,av1,30,1,706050,1453288
925_933.mp4,Face2Face,av1,40,1,338607,696967
926_900.mp4,Face2Face,h264,18,1,2043715,3484535
926_900.mp4,Face2Face,h264,28,1,575305,980896
926_900.mp4,Face2Face,h264,38,1,126055,214925
926_900.mp4,Face2Face,hevc,18,1,301457,513985
926_900.mp4,Face2Face,hevc,28,1,72627,123830
926_900.mp4,Face2Face,hevc,38,1,30421,51868
926_900.mp4,Face2Face,av1,20,1,528518,901124
926_900.mp4,Face2Face,av1,30,1,290819,495848
926_900.mp4,Face2Face,av1,40,1,149329,254606
927_912.mp4,Face2Face,h264,18,1,1575437,5096539
927_912.mp4,Face2Face,h264,28,1,434725,1406336
927_912.mp4,Face2Face,h264,38,1,109250,353424
927_912.mp4,Face2Face,hevc,18,1,245919,795551
927_912.mp4,Face2Face,hevc,28,1,66658,215639
927_912.mp4,Face2Face,hevc,38,1,28164,91112
927_912.mp4,Face2Face,av1,20,1,438474,1418465
927_912.mp4,Face2Face,av1,30,1,242948,785937
927_912.mp4,Face2Face,av1,40,1,127321,411886
928_160.mp4,Face2Face,h264,18,1,5951670,13242466
928_160.mp4,Face2Face,h264,28,1,1679852,3737672
928_160.mp4,Face2Face,h264,38,1,456450,1015602
928_160.mp4,Face2Face,hevc,18,1,997726,2219942
928_160.mp4,Face2Face,hevc,28,1,244888,544877
928_160.mp4,Face2Face,hevc,38,1,94702,210714
928_160.mp4,Face2Face,av1,20,1,1639889,3648754
928_160.mp4,Face2Face,av1,30,1,873233,1942944
928_160.mp4,Face2Face,av1,40,1,422534,940139
929_962.mp4,Face2Face,h264,18,1,1639370,3142127
929_962.mp4,Face2Face,h264,28,1,364900,699393
929_962.mp4,Face2Face,h264,38,1,75601,144902
929_962.mp4,Face2Face,hevc,18,1,202977,389041
929_962.mp4,Face2Face,hevc,28,1,53818,103152
929_962.mp4,Face2Face,hevc,38,1,27170,52076
929_962.mp4,Face2Face,av1,20,1,368414,706128
929_962.mp4,Face2Face,av1,30,1,206603,395990
929_962.mp4,Face2Face,av1,40,1,108475,207911
930_763.mp4,Face2Face,h264,18,1,4185211,14159967
930_763.mp4,Face2Face,h264,28,1,1573288,5322958
930_763.mp4,Face2Face,h264,38,1,464308,1570912
930_763.mp4,Face2Face,hevc,18,1,1630888,5517839
930_763.mp4,Face2Face,hevc,28,1,445692,1507927
930_763.mp4,Face2Face,hevc,38,1,118510,400960
930_763.mp4,Face2Face,av1,20,1,2359164,7981841
930_763.mp4,Face2Face,av1,30,1,1327519,4491441
930_763.mp4,Face2Face,av1,40,1,646870,2188577
931_936.mp4,Face2Face,h264,18,1,4088956,6072101
931_936.mp4,Face2Face,h264,28,1,1196271,1776463
931_936.mp4,Face2Face,h264,38,1,232416,345138
931_936.mp4,Face2Face,hevc,18,1,576538,856159
931_936.mp4,Face2Face,hevc,28,1,143191,212640
931_936.mp4,Face2Face,hevc,38,1,48347,71796
931_936.mp4,Face2Face,av1,20,1,772779,1147577
931_936.mp4,Face2Face,av1,30,1,436736,648553
931_936.mp4,Face2Face,av1,40,1,239775,356067
932_384.mp4,Face2Face,h264,18,1,7613768,17587805
932_384.mp4,Face2Face,h264,28,1,2605707,6019185
932_384.mp4,Face2Face,h264,38,1,692438,1599532
932_384.mp4,Face2Face,hevc,18,1,1841345,4253509
932_384.mp4,Face2Face,hevc,28,1,475532,1098479
932_384.mp4,Face2Face,hevc,38,1,133397,308148
932_384.mp4,Face2Face,av1,20,1,2958063,6833126
932_384.mp4,Face2Face,av1,30,1,1525732,3524443
932_384.mp4,Face2Face,av1,40,1,676258,1562158
933_925.mp4,Face2Face,h264,18,1,4720911,7002685
933_925.mp4,Face2Face,h264,28,1,1320692,1959027
933_925.mp4,Face2Face,h264,38,1,347637,515663
933_925.mp4,Face2Face,hevc,18,1,662412,982578
933_925.mp4,Face2Face,hevc,28,1,178651,264999
933_925.mp4,Face2Face,hevc,38,1,72010,106816
933_925.mp4,Face2Face,av1,20,1,1015541,1506387
933_925.mp4,Face2Face,av1,30,1,524786,778434
933_925.mp4,Face2Face,av1,40,1,261380,387714
934_918.mp4,Face2Face,h264,18,1,4306693,10163797
934_918.mp4,Face2Face,h264,28,1,1086718,2564655
934_918.mp4,Face2Face,h264,38,1,249616,589095
934_918.mp4,Face2Face,hevc,18,1,511458,1207041
934_918.mp4,Face2Face,hevc,28,1,129452,305508
934_918.mp4,Face2Face,hevc,38,1,53409,126047
934_918.mp4,Face2Face,av1,20,1,699958,1651901
934_918.mp4,Face2Face,av1,30,1,349993,825985
934_918.mp4,Face2Face,av1,40,1,173133,408595
935_733.mp4,Face2Face,h264,18,1,8771152,22717285
935_733.mp4,Face2Face,h264,28,1,2341953,6065659
935_733.mp4,Face2Face,h264,38,1,666703,1726762
935_733.mp4,Face2Face,hevc,18,1,1355876,3511720
935_733.mp4,Face2Face,hevc,28,1,397995,1030808
935_733.mp4,Face2Face,hevc,38,1,153203,396796
935_733.mp4,Face2Face,av1,20,1,1686120,4367051
935_733.mp4,Face2Face,av1,30,1,884264,2290245
935_733.mp4,Face2Face,av1,40,1,433468,1122684
936_931.mp4,Face2Face,h264,18,1,2442357,3895561
936_931.mp4,Face2Face,h264,28,1,721088,1150136
936_931.mp4,Face2Face,h264,38,1,196626,313619
936_931.mp4,Face2Face,hevc,18,1,508615,811242
936_931.mp4,Face2Face,hevc,28,1,138314,220611
936_931.mp4,Face2Face,hevc,38,1,48406,77209
936_931.mp4,Face2Face,av1,20,1,702062,1119789
936_931.mp4,Face2Face,av1,30,1,392409,625893
936_931.mp4,Face2Face,av1,40,1,198581,316737
937_888.mp4,Face2Face,h264,18,1,2320954,3562665
937_888.mp4,Face2Face,h264,28,1,781078,1198955
937_888.mp4,Face2Face,h264,38,1,235837,362010
937_888.mp4,Face2Face,hevc,18,1,567423,870995
937_888.mp4,Face2Face,hevc,28,1,154833,237669
937_888.mp4,Face2Face,hevc,38,1,54456,83590
937_888.mp4,Face2Face,av1,20,1,876901,1346044
937_888.mp4,Face2Face,av1,30,1,497311,763373
937_888.mp4,Face2Face,av1,40,1,253865,389683
938_987.mp4,Face2Face,h264,18,1,2722577,7827410
938_987.mp4,Face2Face,h264,28,1,950705,2733277
938_987.mp4,Face2Face,h264,38,1,272280,782806
938_987.mp4,Face2Face,hevc,18,1,682348,1961752
938_987.mp4,Face2Face,hevc,28,1,176553,507591
938_987.mp4,Face2Face,hevc,38,1,54571,156894
938_987.mp4,Face2Face,av1,20,1,1101825,3167749
938_987.mp4,Face2Face,av1,30,1,626860,1802223
938_987.mp4,Face2Face,av1,40,1,304284,874819
939_115.mp4,Face2Face,h264,18,1,1660661,2214216
939_115.mp4,Face2Face,h264,28,1,437373,583165
939_115.mp4,Face2Face,h264,38,1,112468,149958
939_115.mp4,Face2Face,hevc,18,1,215434,287246
939_115.mp4,Face2Face,hevc,28,1,63654,84873
939_115.mp4,Face2Face,hevc,38,1,31513,42018
939_115.mp4,Face2Face,av1,20,1,381596,508796
939_115.mp4,Face2Face,av1,30,1,201434,268579
939_115.mp4,Face2Face,av1,40,1,102281,136376
940_941.mp4,Face2Face,h264,18,1,1976226,4881279
940_941.mp4,Face2Face,h264,28,1,554718,1370155
940_941.mp4,Face2Face,h264,38,1,134662,332616
940_941.mp4,Face2Face,hevc,18,1,331492,818787
940_941.mp4,Face2Face,hevc,28,1,94143,232534
940_941.mp4,Face2Face,hevc,38,1,37274,92069
940_941.mp4,Face2Face,av1,20,1,619077,1529122
940_941.mp4,Face2Face,av1,30,1,330940,817422
940_941.mp4,Face2Face,av1,40,1,167063,412648
941_940.mp4,Face2Face,h264,18,1,2285921,3531748
941_940.mp4,Face2Face,h264,28,1,719012,1110875
941_940.mp4,Face2Face,h264,38,1,192627,297609
941_940.mp4,Face2Face,hevc,18,1,370836,572943
941_940.mp4,Face2Face,hevc,28,1,108588,167769
941_940.mp4,Face2Face,hevc,38,1,41548,64192
941_940.mp4,Face2Face,av1,20,1,653474,1009618
941_940.mp4,Face2Face,av1,30,1,335973,519079
941_940.mp4,Face2Face,av1,40,1,164837,254674
942_943.mp4,Face2Face,h264,18,1,4195441,9859287
942_943.mp4,Face2Face,h264,28,1,1226472,2882210
942_943.mp4,Face2Face,h264,38,1,345791,812609
942_943.mp4,Face2Face,hevc,18,1,681136,1600671
942_943.mp4,Face2Face,hevc,28,1,173565,407879
942_943.mp4,Face2Face,hevc,38,1,65008,152771
942_943.mp4,Face2Face,av1,20,1,1033157,2427921
942_943.mp4,Face2Face,av1,30,1,511088,1201058
942_943.mp4,Face2Face,av1,40,1,238577,560657
943_942.mp4,Face2Face,h264,18,1,3685002,9120382
943_942.mp4,Face2Face,h264,28,1,877942,2172907
943_942.mp4,Face2Face,h264,38,1,228422,565346
943_942.mp4,Face2Face,hevc,18,1,392285,970907
943_942.mp4,Face2Face,hevc,28,1,107894,267038
943_942.mp4,Face2Face,hevc,38,1,48782,120736
943_942.mp4,Face2Face,av1,20,1,677023,1675634
943_942.mp4,Face2Face,av1,30,1,332101,821950
943_942.mp4,Face2Face,av1,40,1,157257,389212
944_032.mp4,Face2Face,h264,18,1,2086239,2694726
944_032.mp4,Face2Face,h264,28,1,524037,676882
944_032.mp4,Face2Face,h264,38,1,144356,186461
944_032.mp4,Face2Face,hevc,18,1,246865,318868
944_032.mp4,Face2Face,hevc,28,1,76792,99190
944_032.mp4,Face2Face,hevc,38,1,39396,50887
944_032.mp4,Face2Face,av1,20,1,501905,648295
944_032.mp4,Face2Face,av1,30,1,273298,353010
944_032.mp4,Face2Face,av1,40,1,133943,173010
945_044.mp4,Face2Face,h264,18,1,6709797,9365759
945_044.mp4,Face2Face,h264,28,1,1824077,2546108
945_044.mp4,Face2Face,h264,38,1,495107,691087
945_044.mp4,Face2Face,hevc,18,1,968642,1352063
945_044.mp4,Face2Face,hevc,28,1,251241,350691
945_044.mp4,Face2Face,hevc,38,1,92536,129165
945_044.mp4,Face2Face,av1,20,1,1519159,2120494
945_044.mp4,Face2Face,av1,30,1,760359,1061335
945_044.mp4,Face2Face,av1,40,1,352969,492686
946_049.mp4,Face2Face,h264,18,1,5091252,7636878
946_049.mp4,Face2Face,h264,28,1,1511003,2266505
946_049.mp4,Face2Face,h264,38,1,363087,544631
946_049.mp4,Face2Face,hevc,18,1,741092,1111639
946_049.mp4,Face2Face,hevc,28,1,213747,320621
946_049.mp4,Face2Face,hevc,38,1,78040,117061
946_049.mp4,Face2Face,av1,20,1,1130870,1696306
946_049.mp4,Face2Face,av1,30,1,562336,843505
946_049.mp4,Face2Face,av1,40,1,276642,414963
947_951.mp4,Face2Face,h264,18,1,5971992,29262765
947_951.mp4,Face2Face,h264,28,1,1594307,7812107
947_951.mp4,Face2Face,h264,38,1,403240,1975876
947_951.mp4,Face2Face,hevc,18,1,880301,4313475
947_951.mp4,Face2Face,hevc,28,1,224198,1098574
947_951.mp4,Face2Face,hevc,38,1,77010,377350
947_951.mp4,Face2Face,av1,20,1,1215252,5954739
947_951.mp4,Face2Face,av1,30,1,617791,3027180
947_951.mp4,Face2Face,av1,40,1,294055,1440873
948_965.mp4,Face2Face,h264,18,1,14747910,21384470
948_965.mp4,Face2Face,h264,28,1,2947809,4274324
948_965.mp4,Face2Face,h264,38,1,601207,871751
948_965.mp4,Face2Face,hevc,18,1,2221658,3221405
948_965.mp4,Face2Face,hevc,28,1,481630,698364
948_965.mp4,Face2Face,hevc,38,1,163731,237410
948_965.mp4,Face2Face,av1,20,1,2524810,3660975
948_965.mp4,Face2Face,av1,30,1,1239491,1797262
948_965.mp4,Face2Face,av1,40,1,556953,807583
949_868.mp4,Face2Face,h264,18,1,2180757,3916277
949_868.mp4,Face2Face,h264,28,1,770790,1384212
949_868.mp4,Face2Face,h264,38,1,278532,500198
949_868.mp4,Face2Face,hevc,18,1,488760,877732
949_868.mp4,Face2Face,hevc,28,1,152710,274243
949_868.mp4,Face2Face,hevc,38,1,59254,106412
949_868.mp4,Face2Face,av1,20,1,987173,1772800
949_868.mp4,Face2Face,av1,30,1,564523,1013790
949_868.mp4,Face2Face,av1,40,1,283148,508488
950_836.mp4,Face2Face,h264,18,1,11722900,16753978
950_836.mp4,Face2Face,h264,28,1,2347046,3354321
950_836.mp4,Face2Face,h264,38,1,537685,768442
950_836.mp4,Face2Face,hevc,18,1,1403447,2005760
950_836.mp4,Face2Face,hevc,28,1,325943,465827
950_836.mp4,Face2Face,hevc,38,1,129302,184795
950_836.mp4,Face2Face,av1,20,1,1719352,2457241
950_836.mp4,Face2Face,av1,30,1,901132,1287869
950_836.mp4,Face2Face,av1,40,1,442758,632776
951_947.mp4,Face2Face,h264,18,1,4562572,12185871
951_947.mp4,Face2Face,h264,28,1,1119380,2989678
951_947.mp4,Face2Face,h264,38,1,284880,760868
951_947.mp4,Face2Face,hevc,18,1,533046,1423679
951_947.mp4,Face2Face,hevc,28,1,167441,447208
951_947.mp4,Face2Face,hevc,38,1,72314,193139
951_947.mp4,Face2Face,av1,20,1,943463,2519834
951_947.mp4,Face2Face,av1,30,1,511217,1365377
951_947.mp4,Face2Face,av1,40,1,264383,706125
952_882.mp4,Face2Face,h264,18,1,5301400,7355693
952_882.mp4,Face2Face,h264,28,1,1232087,1709521
952_882.mp4,Face2Face,h264,38,1,327050,453783
952_882.mp4,Face2Face,hevc,18,1,749690,1040195
952_882.mp4,Face2Face,hevc,28,1,213154,295752
952_882.mp4,Face2Face,hevc,38,1,87661,121630
952_882.mp4,Face2Face,av1,20,1,1044464,1449195
952_882.mp4,Face2Face,av1,30,1,512949,711718
952_882.mp4,Face2Face,av1,40,1,247229,343031
953_974.mp4,Face2Face,h264,18,1,8148402,12955960
953_974.mp4,Face2Face,h264,28,1,2620341,4166343
953_974.mp4,Face2Face,h264,38,1,710107,1129071
953_974.mp4,Face2Face,hevc,18,1,1882511,2993193
953_974.mp4,Face2Face,hevc,28,1,468694,745225
953_974.mp4,Face2Face,hevc,38,1,132842,211219
953_974.mp4,Face2Face,av1,20,1,2825653,4492789
953_974.mp4,Face2Face,av1,30,1,1380157,2194451
953_974.mp4,Face2Face,av1,40,1,639377,1016611
954_976.mp4,Face2Face,h264,18,1,2477008,4062294
954_976.mp4,Face2Face,h264,28,1,853808,1400246
954_976.mp4,Face2Face,h264,38,1,272945,447631
954_976.mp4,Face2Face,hevc,18,1,518293,850001
954_976.mp4,Face2Face,hevc,28,1,140321,230128
954_976.mp4,Face2Face,hevc,38,1,45083,73937
954_976.mp4,Face2Face,av1,20,1,769714,1262331
954_976.mp4,Face2Face,av1,30,1,439353,720540
954_976.mp4,Face2Face,av1,40,1,221098,362602
955_078.mp4,Face2Face,h264,18,1,2221583,5809442
955_078.mp4,Face2Face,h264,28,1,717052,1875091
955_078.mp4,Face2Face,h264,38,1,213917,559393
955_078.mp4,Face2Face,hevc,18,1,483964,1265568
955_078.mp4,Face2Face,hevc,28,1,137062,358419
955_078.mp4,Face2Face,hevc,38,1,43589,113987
955_078.mp4,Face2Face,av1,20,1,669078,1749639
955_078.mp4,Face2Face,av1,30,1,380100,993964
955_078.mp4,Face2Face,av1,40,1,188541,493036
956_958.mp4,Face2Face,h264,18,1,3111234,6098020
956_958.mp4,Face2Face,h264,28,1,1069927,2097057
956_958.mp4,Face2Face,h264,38,1,317092,621501
956_958.mp4,Face2Face,hevc,18,1,606978,1189678
956_958.mp4,Face2Face,hevc,28,1,171337,335821
956_958.mp4,Face2Face,hevc,38,1,54833,107473
956_958.mp4,Face2Face,av1,20,1,1155275,2264339
956_958.mp4,Face2Face,av1,30,1,621264,1217678
956_958.mp4,Face2Face,av1,40,1,304530,596879
957_959.mp4,Face2Face,h264,18,1,15562637,31254965
957_959.mp4,Face2Face,h264,28,1,4332335,8700774
957_959.mp4,Face2Face,h264,38,1,1154909,2319444
957_959.mp4,Face2Face,hevc,18,1,2869110,5762130
957_959.mp4,Face2Face,hevc,28,1,729164,1464405
957_959.mp4,Face2Face,hevc,38,1,232361,466659
957_959.mp4,Face2Face,av1,20,1,3829372,7690656
957_959.mp4,Face2Face,av1,30,1,1953353,3922985
957_959.mp4,Face2Face,av1,40,1,921218,1850113
958_956.mp4,Face2Face,h264,18,1,3232511,8760105
958_956.mp4,Face2Face,h264,28,1,1084866,2939987
958_956.mp4,Face2Face,h264,38,1,289540,784655
958_956.mp4,Face2Face,hevc,18,1,781690,2118380
958_956.mp4,Face2Face,hevc,28,1,186740,506068
958_956.mp4,Face2Face,hevc,38,1,54746,148363
958_956.mp4,Face2Face,av1,20,1,1597072,4328067
958_956.mp4,Face2Face,av1,30,1,813039,2203337
958_956.mp4,Face2Face,av1,40,1,361701,980212
959_957.mp4,Face2Face,h264,18,1,11846212,20632153
959_957.mp4,Face2Face,h264,28,1,3516459,6124501
959_957.mp4,Face2Face,h264,38,1,1040912,1812923
959_957.mp4,Face2Face,hevc,18,1,2245974,3911739
959_957.mp4,Face2Face,hevc,28,1,639634,1114030
959_957.mp4,Face2Face,hevc,38,1,218829,381128
959_957.mp4,Face2Face,av1,20,1,3450718,6010001
959_957.mp4,Face2Face,av1,30,1,1825833,3179993
959_957.mp4,Face2Face,av1,40,1,892150,1553828
960_999.mp4,Face2Face,h264,18,1,5334161,7445600
960_999.mp4,Face2Face,h264,28,1,1562197,2180568
960_999.mp4,Face2Face,h264,38,1,434811,606925
960_999.mp4,Face2Face,hevc,18,1,930631,1299007
960_999.mp4,Face2Face,hevc,28,1,252491,352436
960_999.mp4,Face2Face,hevc,38,1,93597,130646
960_999.mp4,Face2Face,av1,20,1,1474438,2058070
960_999.mp4,Face2Face,av1,30,1,745093,1040026
960_999.mp4,Face2Face,av1,40,1,364991,509468
961_069.mp4,Face2Face,h264,18,1,4581985,14776904
961_069.mp4,Face2Face,h264,28,1,1014666,3272298
961_069.mp4,Face2Face,h264,38,1,228707,737582
961_069.mp4,Face2Face,hevc,18,1,526126,1696758
961_069.mp4,Face2Face,hevc,28,1,148136,477741
961_069.mp4,Face2Face,hevc,38,1,66379,214074
961_069.mp4,Face2Face,av1,20,1,639040,2060904
961_069.mp4,Face2Face,av1,30,1,321280,1036129
961_069.mp4,Face2Face,av1,40,1,163365,526854
962_929.mp4,Face2Face,h264,18,1,1904712,3666571
962_929.mp4,Face2Face,h264,28,1,640011,1232022
962_929.mp4,Face2Face,h264,38,1,199924,384854
962_929.mp4,Face2Face,hevc,18,1,365406,703407
962_929.mp4,Face2Face,hevc,28,1,95014,182902
962_929.mp4,Face2Face,hevc,38,1,36315,69908
962_929.mp4,Face2Face,av1,20,1,602760,1160314
962_929.mp4,Face2Face,av1,30,1,323205,622171
962_929.mp4,Face2Face,av1,40,1,167282,322019
963_879.mp4,Face2Face,h264,18,1,2276993,7959990
963_879.mp4,Face2Face,h264,28,1,716120,2503438
963_879.mp4,Face2Face,h264,38,1,187968,657107
963_879.mp4,Face2Face,hevc,18,1,395075,1381117
963_879.mp4,Face2Face,hevc,28,1,110801,387345
963_879.mp4,Face2Face,hevc,38,1,43926,153558
963_879.mp4,Face2Face,av1,20,1,809388,2829488
963_879.mp4,Face2Face,av1,30,1,428125,1496657
963_879.mp4,Face2Face,av1,40,1,213543,746511
964_174.mp4,Face2Face,h264,18,1,4082135,3520842
964_174.mp4,Face2Face,h264,28,1,1256781,1083974
964_174.mp4,Face2Face,h264,38,1,318229,274473
964_174.mp4,Face2Face,hevc,18,1,757741,653552
964_174.mp4,Face2Face,hevc,28,1,233189,201126
964_174.mp4,Face2Face,hevc,38,1,90781,78299
964_174.mp4,Face2Face,av1,20,1,1681096,1449946
964_174.mp4,Face2Face,av1,30,1,950292,819627
964_174.mp4,Face2Face,av1,40,1,496813,428502
965_948.mp4,Face2Face,h264,18,1,10632399,19226923
965_948.mp4,Face2Face,h264,28,1,2714477,4908680
965_948.mp4,Face2Face,h264,38,1,610099,1103264
965_948.mp4,Face2Face,hevc,18,1,1456581,2633985
965_948.mp4,Face2Face,hevc,28,1,358518,648321
965_948.mp4,Face2Face,hevc,38,1,129143,233535
965_948.mp4,Face2Face,av1,20,1,1960371,3545006
965_948.mp4,Face2Face,av1,30,1,987690,1786074
965_948.mp4,Face2Face,av1,40,1,472568,854562
966_988.mp4,Face2Face,h264,18,1,2310511,5256414
966_988.mp4,Face2Face,h264,28,1,826874,1881140
966_988.mp4,Face2Face,h264,38,1,243370,553668
966_988.mp4,Face2Face,hevc,18,1,590860,1344208
966_988.mp4,Face2Face,hevc,28,1,165594,376727
966_988.mp4,Face2Face,hevc,38,1,53875,122566
966_988.mp4,Face2Face,av1,20,1,900319,2048227
966_988.mp4,Face2Face,av1,30,1,509734,1159645
966_988.mp4,Face2Face,av1,40,1,263019,598369
967_984.mp4,Face2Face,h264,18,1,5141998,8715688
967_984.mp4,Face2Face,h264,28,1,1640399,2780477
967_984.mp4,Face2Face,h264,38,1,428385,726113
967_984.mp4,Face2Face,hevc,18,1,902130,1529111
967_984.mp4,Face2Face,hevc,28,1,227756,386047
967_984.mp4,Face2Face,hevc,38,1,72947,123646
967_984.mp4,Face2Face,av1,20,1,1389060,2354458
967_984.mp4,Face2Face,av1,30,1,698074,1183237
967_984.mp4,Face2Face,av1,40,1,338316,573446
968_884.mp4,Face2Face,h264,18,1,4926692,8449277
968_884.mp4,Face2Face,h264,28,1,1682867,2886118
968_884.mp4,Face2Face,h264,38,1,500534,858417
968_884.mp4,Face2Face,hevc,18,1,1035074,1775152
968_884.mp4,Face2Face,hevc,28,1,279297,478995
968_884.mp4,Face2Face,hevc,38,1,91077,156198
968_884.mp4,Face2Face,av1,20,1,1723066,2955059
968_884.mp4,Face2Face,av1,30,1,897535,1539274
968_884.mp4,Face2Face,av1,40,1,439358,753500
969_897.mp4,Face2Face,h264,18,1,2736766,4556716
969_897.mp4,Face2Face,h264,28,1,983674,1637818
969_897.mp4,Face2Face,h264,38,1,268252,446641
969_897.mp4,Face2Face,hevc,18,1,638638,1063333
969_897.mp4,Face2Face,hevc,28,1,167187,278368
969_897.mp4,Face2Face,hevc,38,1,47624,79295
969_897.mp4,Face2Face,av1,20,1,1091252,1816935
969_897.mp4,Face2Face,av1,30,1,611905,1018822
969_897.mp4,Face2Face,av1,40,1,311098,517979
970_973.mp4,Face2Face,h264,18,1,2168649,5779452
970_973.mp4,Face2Face,h264,28,1,780556,2080184
970_973.mp4,Face2Face,h264,38,1,245625,654592
970_973.mp4,Face2Face,hevc,18,1,385619,1027675
970_973.mp4,Face2Face,hevc,28,1,95800,255309
970_973.mp4,Face2Face,hevc,38,1,34669,92393
970_973.mp4,Face2Face,av1,20,1,696260,1855535
970_973.mp4,Face2Face,av1,30,1,388581,1035569
970_973.mp4,Face2Face,av1,40,1,184773,492421
971_564.mp4,Face2Face,h264,18,1,8427219,22753493
971_564.mp4,Face2Face,h264,28,1,2029934,5480822
971_564.mp4,Face2Face,h264,38,1,551331,1488595
971_564.mp4,Face2Face,hevc,18,1,1034404,2792891
971_564.mp4,Face2Face,hevc,28,1,310162,837440
971_564.mp4,Face2Face,hevc,38,1,134276,362546
971_564.mp4,Face2Face,av1,20,1,1463534,3951543
971_564.mp4,Face2Face,av1,30,1,767068,2071086
971_564.mp4,Face2Face,av1,40,1,379792,1025441
972_718.mp4,Face2Face,h264,18,1,11473475,33158345
972_718.mp4,Face2Face,h264,28,1,2265225,6546502
972_718.mp4,Face2Face,h264,38,1,448966,1297513
972_718.mp4,Face2Face,hevc,18,1,1522948,4401322
972_718.mp4,Face2Face,hevc,28,1,283966,820663
972_718.mp4,Face2Face,hevc,38,1,95359,275589
972_718.mp4,Face2Face,av1,20,1,1617870,4675645
972_718.mp4,Face2Face,av1,30,1,769003,2222421
972_718.mp4,Face2Face,av1,40,1,326077,942364
973_970.mp4,Face2Face,h264,18,1,2046530,4870743
973_970.mp4,Face2Face,h264,28,1,707214,1683171
973_970.mp4,Face2Face,h264,38,1,169235,402781
973_970.mp4,Face2Face,hevc,18,1,422993,1006724
973_970.mp4,Face2Face,hevc,28,1,103641,246666
973_970.mp4,Face2Face,hevc,38,1,34113,81189
973_970.mp4,Face2Face,av1,20,1,716696,1705737
973_970.mp4,Face2Face,av1,30,1,397480,946003
973_970.mp4,Face2Face,av1,40,1,193413,460324
974_953.mp4,Face2Face,h264,18,1,2244844,3939702
974_953.mp4,Face2Face,h264,28,1,801830,1407212
974_953.mp4,Face2Face,h264,38,1,222293,390125
974_953.mp4,Face2Face,hevc,18,1,562260,986767
974_953.mp4,Face2Face,hevc,28,1,155178,272338
974_953.mp4,Face2Face,hevc,38,1,50518,88660
974_953.mp4,Face2Face,av1,20,1,861311,1511602
974_953.mp4,Face2Face,av1,30,1,481351,844772
974_953.mp4,Face2Face,av1,40,1,232200,407511
975_978.mp4,Face2Face,h264,18,1,4665635,14716191
975_978.mp4,Face2Face,h264,28,1,1054030,3324587
975_978.mp4,Face2Face,h264,38,1,222304,701186
975_978.mp4,Face2Face,hevc,18,1,568560,1793334
975_978.mp4,Face2Face,hevc,28,1,139181,439002
975_978.mp4,Face2Face,hevc,38,1,57417,181105
975_978.mp4,Face2Face,av1,20,1,850554,2682791
975_978.mp4,Face2Face,av1,30,1,427255,1347634
975_978.mp4,Face2Face,av1,40,1,207378,654106
976_954.mp4,Face2Face,h264,18,1,3029026,5694569
976_954.mp4,Face2Face,h264,28,1,902750,1697170
976_954.mp4,Face2Face,h264,38,1,221284,416015
976_954.mp4,Face2Face,hevc,18,1,618362,1162521
976_954.mp4,Face2Face,hevc,28,1,189024,355366
976_954.mp4,Face2Face,hevc,38,1,55624,104574
976_954.mp4,Face2Face,av1,20,1,939735,1766702
976_954.mp4,Face2Face,av1,30,1,531679,999558
976_954.mp4,Face2Face,av1,40,1,270493,508527
977_075.mp4,Face2Face,h264,18,1,2535088,6475038
977_075.mp4,Face2Face,h264,28,1,717451,1832491
977_075.mp4,Face2Face,h264,38,1,183966,469881
977_075.mp4,Face2Face,hevc,18,1,470399,1201478
977_075.mp4,Face2Face,hevc,28,1,130518,333365
977_075.mp4,Face2Face,hevc,38,1,50219,128268
977_075.mp4,Face2Face,av1,20,1,811044,2071542
977_075.mp4,Face2Face,av1,30,1,421512,1076612
977_075.mp4,Face2Face,av1,40,1,208608,532821
978_975.mp4,Face2Face,h264,18,1,5508784,6977793
978_975.mp4,Face2Face,h264,28,1,1484133,1879903
978_975.mp4,Face2Face,h264,38,1,388342,491901
978_975.mp4,Face2Face,hevc,18,1,909036,1151446
978_975.mp4,Face2Face,hevc,28,1,253091,320583
978_975.mp4,Face2Face,hevc,38,1,94893,120199
978_975.mp4,Face2Face,av1,20,1,1530913,1939157
978_975.mp4,Face2Face,av1,30,1,771498,977232
978_975.mp4,Face2Face,av1,40,1,361836,458326
979_875.mp4,Face2Face,h264,18,1,5847241,10281400
979_875.mp4,Face2Face,h264,28,1,1618815,2846417
979_875.mp4,Face2Face,h264,38,1,404920,711985
979_875.mp4,Face2Face,hevc,18,1,831077,1461312
979_875.mp4,Face2Face,hevc,28,1,213924,376150
979_875.mp4,Face2Face,hevc,38,1,81145,142680
979_875.mp4,Face2Face,av1,20,1,1314127,2310674
979_875.mp4,Face2Face,av1,30,1,692361,1217402
979_875.mp4,Face2Face,av1,40,1,348309,612444
980_992.mp4,Face2Face,h264,18,1,2177494,7817207
980_992.mp4,Face2Face,h264,28,1,762232,2736415
980_992.mp4,Face2Face,h264,38,1,219492,787979
980_992.mp4,Face2Face,hevc,18,1,500760,1797731
980_992.mp4,Face2Face,hevc,28,1,131786,473112
980_992.mp4,Face2Face,hevc,38,1,44553,159947
980_992.mp4,Face2Face,av1,20,1,783239,2811831
980_992.mp4,Face2Face,av1,30,1,429772,1542883
980_992.mp4,Face2Face,av1,40,1,214717,770836
981_985.mp4,Face2Face,h264,18,1,2512321,4308631
981_985.mp4,Face2Face,h264,28,1,867987,1488598
981_985.mp4,Face2Face,h264,38,1,230167,394737
981_985.mp4,Face2Face,hevc,18,1,574854,985876
981_985.mp4,Face2Face,hevc,28,1,157149,269512
981_985.mp4,Face2Face,hevc,38,1,48357,82933
981_985.mp4,Face2Face,av1,20,1,836529,1434648
981_985.mp4,Face2Face,av1,30,1,470253,806485
981_985.mp4,Face2Face,av1,40,1,239443,410646
982_004.mp4,Face2Face,h264,18,1,1747471,2699844
982_004.mp4,Face2Face,h264,28,1,429680,663856
982_004.mp4,Face2Face,h264,38,1,99586,153861
982_004.mp4,Face2Face,hevc,18,1,210557,325311
982_004.mp4,Face2Face,hevc,28,1,57700,89147
982_004.mp4,Face2Face,hevc,38,1,28244,43638
982_004.mp4,Face2Face,av1,20,1,402007,621102
982_004.mp4,Face2Face,av1,30,1,214554,331486
982_004.mp4,Face2Face,av1,40,1,102374,158168
983_113.mp4,Face2Face,h264,18,1,1948681,8194205
983_113.mp4,Face2Face,h264,28,1,405365,1704564
983_113.mp4,Face2Face,h264,38,1,114494,481449
983_113.mp4,Face2Face,hevc,18,1,220064,925373
983_113.mp4,Face2Face,hevc,28,1,65170,274044
983_113.mp4,Face2Face,hevc,38,1,32125,135088
983_113.mp4,Face2Face,av1,20,1,306628,1289371
983_113.mp4,Face2Face,av1,30,1,180987,761051
983_113.mp4,Face2Face,av1,40,1,97711,410875
984_967.mp4,Face2Face,h264,18,1,4240857,8736167
984_967.mp4,Face2Face,h264,28,1,844450,1739567
984_967.mp4,Face2Face,h264,38,1,218763,450652
984_967.mp4,Face2Face,hevc,18,1,473037,974457
984_967.mp4,Face2Face,hevc,28,1,133260,274517
984_967.mp4,Face2Face,hevc,38,1,59953,123505
984_967.mp4,Face2Face,av1,20,1,601237,1238549
984_967.mp4,Face2Face,av1,30,1,308032,634546
984_967.mp4,Face2Face,av1,40,1,160676,330994
985_981.mp4,Face2Face,h264,18,1,2805822,5218830
985_981.mp4,Face2Face,h264,28,1,800593,1489104
985_981.mp4,Face2Face,h264,38,1,194540,361846
985_981.mp4,Face2Face,hevc,18,1,517053,961719
985_981.mp4,Face2Face,hevc,28,1,115754,215303
985_981.mp4,Face2Face,hevc,38,1,40388,75123
985_981.mp4,Face2Face,av1,20,1,856568,1593218
985_981.mp4,Face2Face,av1,30,1,479459,891795
985_981.mp4,Face2Face,av1,40,1,232125,431754
986_994.mp4,Face2Face,h264,18,1,4287197,6773772
986_994.mp4,Face2Face,h264,28,1,1364246,2155509
986_994.mp4,Face2Face,h264,38,1,414310,654611
986_994.mp4,Face2Face,hevc,18,1,716366,1131859
986_994.mp4,Face2Face,hevc,28,1,184322,291230
986_994.mp4,Face2Face,hevc,38,1,63593,100478
986_994.mp4,Face2Face,av1,20,1,1168320,1845947
986_994.mp4,Face2Face,av1,30,1,601701,950689
986_994.mp4,Face2Face,av1,40,1,288284,455489
987_938.mp4,Face2Face,h264,18,1,1845762,3405431
987_938.mp4,Face2Face,h264,28,1,532642,982726
987_938.mp4,Face2Face,h264,38,1,126388,233187
987_938.mp4,Face2Face,hevc,18,1,273860,505272
987_938.mp4,Face2Face,hevc,28,1,74925,138238
987_938.mp4,Face2Face,hevc,38,1,30014,55376
987_938.mp4,Face2Face,av1,20,1,405024,747270
987_938.mp4,Face2Face,av1,30,1,227011,418836
987_938.mp4,Face2Face,av1,40,1,122132,225334
988_966.mp4,Face2Face,h264,18,1,1846850,3361267
988_966.mp4,Face2Face,h264,28,1,555515,1011039
988_966.mp4,Face2Face,h264,38,1,137119,249558
988_966.mp4,Face2Face,hevc,18,1,300353,546643
988_966.mp4,Face2Face,hevc,28,1,72374,131722
988_966.mp4,Face2Face,hevc,38,1,28974,52733
988_966.mp4,Face2Face,av1,20,1,489269,890470
988_966.mp4,Face2Face,av1,30,1,266147,484389
988_966.mp4,Face2Face,av1,40,1,136807,248989
989_993.mp4,Face2Face,h264,18,1,2906637,5944073
989_993.mp4,Face2Face,h264,28,1,959267,1961703
989_993.mp4,Face2Face,h264,38,1,245908,502882
989_993.mp4,Face2Face,hevc,18,1,650173,1329605
989_993.mp4,Face2Face,hevc,28,1,156069,319162
989_993.mp4,Face2Face,hevc,38,1,45086,92202
989_993.mp4,Face2Face,av1,20,1,973495,1990799
989_993.mp4,Face2Face,av1,30,1,532769,1089514
989_993.mp4,Face2Face,av1,40,1,270133,552423
990_008.mp4,Face2Face,h264,18,1,3076034,9797171
990_008.mp4,Face2Face,h264,28,1,1185509,3775847
990_008.mp4,Face2Face,h264,38,1,399499,1272406
990_008.mp4,Face2Face,hevc,18,1,738670,2352664
990_008.mp4,Face2Face,hevc,28,1,208796,665018
990_008.mp4,Face2Face,hevc,38,1,62724,199779
990_008.mp4,Face2Face,av1,20,1,1565155,4985020
990_008.mp4,Face2Face,av1,30,1,778989,2481082
990_008.mp4,Face2Face,av1,40,1,350967,1117833
991_064.mp4,Face2Face,h264,18,1,1596619,3209205
991_064.mp4,Face2Face,h264,28,1,374467,752680
991_064.mp4,Face2Face,h264,38,1,81835,164490
991_064.mp4,Face2Face,hevc,18,1,147304,296083
991_064.mp4,Face2Face,hevc,28,1,40703,81814
991_064.mp4,Face2Face,hevc,38,1,22622,45472
991_064.mp4,Face2Face,av1,20,1,276515,555797
991_064.mp4,Face2Face,av1,30,1,144285,290014
991_064.mp4,Face2Face,av1,40,1,72828,146386
992_980.mp4,Face2Face,h264,18,1,3229576,6184639
992_980.mp4,Face2Face,h264,28,1,1233883,2362886
992_980.mp4,Face2Face,h264,38,1,350384,670986
992_980.mp4,Face2Face,hevc,18,1,920977,1763672
992_980.mp4,Face2Face,hevc,28,1,270969,518906
992_980.mp4,Face2Face,hevc,38,1,76015,145569
992_980.mp4,Face2Face,av1,20,1,1252901,2399307
992_980.mp4,Face2Face,av1,30,1,738994,1415175
992_980.mp4,Face2Face,av1,40,1,361089,691487
993_989.mp4,Face2Face,h264,18,1,3102660,14892771
993_989.mp4,Face2Face,h264,28,1,1066737,5120339
993_989.mp4,Face2Face,h264,38,1,317113,1522145
993_989.mp4,Face2Face,hevc,18,1,813652,3905534
993_989.mp4,Face2Face,hevc,28,1,190429,914060
993_989.mp4,Face2Face,hevc,38,1,53289,255789
993_989.mp4,Face2Face,av1,20,1,1184858,5687323
993_989.mp4,Face2Face,av1,30,1,626434,3006886
993_989.mp4,Face2Face,av1,40,1,293294,1407812
994_986.mp4,Face2Face,h264,18,1,3886937,16091922
994_986.mp4,Face2Face,h264,28,1,1203337,4981819
994_986.mp4,Face2Face,h264,38,1,226522,937804
994_986.mp4,Face2Face,hevc,18,1,885343,3665324
994_986.mp4,Face2Face,hevc,28,1,189028,782576
994_986.mp4,Face2Face,hevc,38,1,49018,202937
994_986.mp4,Face2Face,av1,20,1,1308856,5418665
994_986.mp4,Face2Face,av1,30,1,691151,2861369
994_986.mp4,Face2Face,av1,40,1,336339,1392446
995_233.mp4,Face2Face,h264,18,1,2008499,5648905
995_233.mp4,Face2Face,h264,28,1,753467,2119128
995_233.mp4,Face2Face,h264,38,1,255092,717447
995_233.mp4,Face2Face,hevc,18,1,603099,1696216
995_233.mp4,Face2Face,hevc,28,1,201277,566093
995_233.mp4,Face2Face,hevc,38,1,73944,207969
995_233.mp4,Face2Face,av1,20,1,841243,2365997
995_233.mp4,Face2Face,av1,30,1,493731,1388620
995_233.mp4,Face2Face,av1,40,1,249050,700455
996_056.mp4,Face2Face,h264,18,1,2991930,5579950
996_056.mp4,Face2Face,h264,28,1,969465,1808054
996_056.mp4,Face2Face,h264,38,1,263648,491704
996_056.mp4,Face2Face,hevc,18,1,742101,1384020
996_056.mp4,Face2Face,hevc,28,1,188136,350874
996_056.mp4,Face2Face,hevc,38,1,57936,108052
996_056.mp4,Face2Face,av1,20,1,1361618,2539419
996_056.mp4,Face2Face,av1,30,1,684033,1275723
996_056.mp4,Face2Face,av1,40,1,321582,599751
997_040.mp4,Face2Face,h264,18,1,2732046,7485808
997_040.mp4,Face2Face,h264,28,1,928333,2543633
997_040.mp4,Face2Face,h264,38,1,237485,650709
997_040.mp4,Face2Face,hevc,18,1,748025,2049591
997_040.mp4,Face2Face,hevc,28,1,181878,498346
997_040.mp4,Face2Face,hevc,38,1,51741,141772
997_040.mp4,Face2Face,av1,20,1,1165420,3193251
997_040.mp4,Face2Face,av1,30,1,639817,1753099
997_040.mp4,Face2Face,av1,40,1,308165,844373
998_561.mp4,Face2Face,h264,18,1,7508442,13014634
998_561.mp4,Face2Face,h264,28,1,2121458,3677195
998_561.mp4,Face2Face,h264,38,1,656058,1137168
998_561.mp4,Face2Face,hevc,18,1,1112585,1928481
998_561.mp4,Face2Face,hevc,28,1,278716,483109
998_561.mp4,Face2Face,hevc,38,1,96599,167439
998_561.mp4,Face2Face,av1,20,1,1608346,2787801
998_561.mp4,Face2Face,av1,30,1,821630,1424159
998_561.mp4,Face2Face,av1,40,1,402754,698107
999_960.mp4,Face2Face,h264,18,1,1971108,2833469
999_960.mp4,Face2Face,h264,28,1,444450,638898
999_960.mp4,Face2Face,h264,38,1,94856,136356
999_960.mp4,Face2Face,hevc,18,1,268190,385524
999_960.mp4,Face2Face,hevc,28,1,70094,100761
999_960.mp4,Face2Face,hevc,38,1,33126,47619
999_960.mp4,Face2Face,av1,20,1,361231,519270
999_960.mp4,Face2Face,av1,30,1,200626,288400
999_960.mp4,Face2Face,av1,40,1,104918,150820
860_905.mp4,FaceSwap,h264,18,1,8915612,14190683
860_905.mp4,FaceSwap,h264,28,1,2265655,3606168
860_905.mp4,FaceSwap,h264,38,1,717367,1141810
860_905.mp4,FaceSwap,hevc,18,1,1205133,1918171
860_905.mp4,FaceSwap,hevc,28,1,367243,584529
860_905.mp4,FaceSwap,hevc,38,1,145181,231081
860_905.mp4,FaceSwap,av1,20,1,2212121,3520960
860_905.mp4,FaceSwap,av1,30,1,1225047,1949867
860_905.mp4,FaceSwap,av1,40,1,620182,987123
861_858.mp4,FaceSwap,h264,18,1,3208613,7748801
861_858.mp4,FaceSwap,h264,28,1,1230895,2972612
861_858.mp4,FaceSwap,h264,38,1,372677,900015
861_858.mp4,FaceSwap,hevc,18,1,1008735,2436097
861_858.mp4,FaceSwap,hevc,28,1,284608,687330
861_858.mp4,FaceSwap,hevc,38,1,85175,205699
861_858.mp4,FaceSwap,av1,20,1,2104670,5082780
861_858.mp4,FaceSwap,av1,30,1,1037386,2505289
861_858.mp4,FaceSwap,av1,40,1,495457,1196530
862_047.mp4,FaceSwap,h264,18,1,4986650,6628089
862_047.mp4,FaceSwap,h264,28,1,1442115,1916812
862_047.mp4,FaceSwap,h264,38,1,442935,588735
862_047.mp4,FaceSwap,hevc,18,1,795201,1056955
862_047.mp4,FaceSwap,hevc,28,1,224160,297946
862_047.mp4,FaceSwap,hevc,38,1,82960,110268
862_047.mp4,FaceSwap,av1,20,1,1361893,1810183
862_047.mp4,FaceSwap,av1,30,1,727090,966425
862_047.mp4,FaceSwap,av1,40,1,346927,461124
863_853.mp4,FaceSwap,h264,18,1,4879615,10430179
863_853.mp4,FaceSwap,h264,28,1,1390746,2972721
863_853.mp4,FaceSwap,h264,38,1,377678,807287
863_853.mp4,FaceSwap,hevc,18,1,849890,1816641
863_853.mp4,FaceSwap,hevc,28,1,248385,530925
863_853.mp4,FaceSwap,hevc,38,1,90517,193481
863_853.mp4,FaceSwap,av1,20,1,1304632,2788651
863_853.mp4,FaceSwap,av1,30,1,654951,1399959
863_853.mp4,FaceSwap,av1,40,1,305311,652603
864_839.mp4,FaceSwap,h264,18,1,2552909,4161243
864_839.mp4,FaceSwap,h264,28,1,896584,1461433
864_839.mp4,FaceSwap,h264,38,1,254236,414405
864_839.mp4,FaceSwap,hevc,18,1,606361,988370
864_839.mp4,FaceSwap,hevc,28,1,156801,255586
864_839.mp4,FaceSwap,hevc,38,1,50492,82303
864_839.mp4,FaceSwap,av1,20,1,949497,1547681
864_839.mp4,FaceSwap,av1,30,1,533644,869841
864_839.mp4,FaceSwap,av1,40,1,261109,425608
865_739.mp4,FaceSwap,h264,18,1,14043733,8894365
865_739.mp4,FaceSwap,h264,28,1,3512466,2224562
865_739.mp4,FaceSwap,h264,38,1,1027823,650955
865_739.mp4,FaceSwap,hevc,18,1,2056002,1302135
865_739.mp4,FaceSwap,hevc,28,1,503943,319164
865_739.mp4,FaceSwap,hevc,38,1,209403,132622
865_739.mp4,FaceSwap,av1,20,1,3716079,2353517
865_739.mp4,FaceSwap,av1,30,1,1759566,1114392
865_739.mp4,FaceSwap,av1,40,1,752428,476538
866_878.mp4,FaceSwap,h264,18,1,11998772,25447398
866_878.mp4,FaceSwap,h264,28,1,3356619,7118830
866_878.mp4,FaceSwap,h264,38,1,681812,1446011
866_878.mp4,FaceSwap,hevc,18,1,1801479,3820637
866_878.mp4,FaceSwap,hevc,28,1,405710,860444
866_878.mp4,FaceSwap,hevc,38,1,130263,276268
866_878.mp4,FaceSwap,av1,20,1,2638669,5596179
866_878.mp4,FaceSwap,av1,30,1,1292424,2741018
866_878.mp4,FaceSwap,av1,40,1,559573,1186763
867_765.mp4,FaceSwap,h264,18,1,4206597,6800666
867_765.mp4,FaceSwap,h264,28,1,1526716,2468191
867_765.mp4,FaceSwap,h264,38,1,406182,656662
867_765.mp4,FaceSwap,hevc,18,1,1147504,1855133
867_765.mp4,FaceSwap,hevc,28,1,261026,421993
867_765.mp4,FaceSwap,hevc,38,1,67736,109508
867_765.mp4,FaceSwap,av1,20,1,2058060,3327197
867_765.mp4,FaceSwap,av1,30,1,1030766,1666406
867_765.mp4,FaceSwap,av1,40,1,459934,743560
868_949.mp4,FaceSwap,h264,18,1,2246863,4034993
868_949.mp4,FaceSwap,h264,28,1,789007,1416926
868_949.mp4,FaceSwap,h264,38,1,260066,467036
868_949.mp4,FaceSwap,hevc,18,1,497139,892780
868_949.mp4,FaceSwap,hevc,28,1,142085,255162
868_949.mp4,FaceSwap,hevc,38,1,49095,88168
868_949.mp4,FaceSwap,av1,20,1,1125461,2021142
868_949.mp4,FaceSwap,av1,30,1,588276,1056447
868_949.mp4,FaceSwap,av1,40,1,250357,449600
869_780.mp4,FaceSwap,h264,18,1,12731405,21197790
869_780.mp4,FaceSwap,h264,28,1,3624799,6035291
869_780.mp4,FaceSwap,h264,38,1,972300,1618880
869_780.mp4,FaceSwap,hevc,18,1,2345732,3905645
869_780.mp4,FaceSwap,hevc,28,1,596572,993294
869_780.mp4,FaceSwap,hevc,38,1,189319,315217
869_780.mp4,FaceSwap,av1,20,1,3281515,5463724
869_780.mp4,FaceSwap,av1,30,1,1669149,2779134
869_780.mp4,FaceSwap,av1,40,1,784424,1306067
870_001.mp4,FaceSwap,h264,18,1,5242883,12058631
870_001.mp4,FaceSwap,h264,28,1,1783490,4102029
870_001.mp4,FaceSwap,h264,38,1,425888,979543
870_001.mp4,FaceSwap,hevc,18,1,1049940,2414864
870_001.mp4,FaceSwap,hevc,28,1,212566,488903
870_001.mp4,FaceSwap,hevc,38,1,63376,145766
870_001.mp4,FaceSwap,av1,20,1,1748277,4021038
870_001.mp4,FaceSwap,av1,30,1,926817,2131680
870_001.mp4,FaceSwap,av1,40,1,381144,876633
871_814.mp4,FaceSwap,h264,18,1,4278900,6204405
871_814.mp4,FaceSwap,h264,28,1,1104846,1602027
871_814.mp4,FaceSwap,h264,38,1,232962,337796
871_814.mp4,FaceSwap,hevc,18,1,834535,1210077
871_814.mp4,FaceSwap,hevc,28,1,203791,295497
871_814.mp4,FaceSwap,hevc,38,1,60961,88394
871_814.mp4,FaceSwap,av1,20,1,1522775,2208025
871_814.mp4,FaceSwap,av1,30,1,730818,1059687
871_814.mp4,FaceSwap,av1,40,1,336645,488136
872_873.mp4,FaceSwap,h264,18,1,2150708,5097178
872_873.mp4,FaceSwap,h264,28,1,585963,1388733
872_873.mp4,FaceSwap,h264,38,1,125342,297062
872_873.mp4,FaceSwap,hevc,18,1,286306,678547
872_873.mp4,FaceSwap,hevc,28,1,74967,177673
872_873.mp4,FaceSwap,hevc,38,1,31486,74622
872_873.mp4,FaceSwap,av1,20,1,421872,999837
872_873.mp4,FaceSwap,av1,30,1,237008,561709
872_873.mp4,FaceSwap,av1,40,1,129070,305898
873_872.mp4,FaceSwap,h264,18,1,4505388,10677771
873_872.mp4,FaceSwap,h264,28,1,1213561,2876140
873_872.mp4,FaceSwap,h264,38,1,329332,780517
873_872.mp4,FaceSwap,hevc,18,1,617492,1463458
873_872.mp4,FaceSwap,hevc,28,1,169970,402831
873_872.mp4,FaceSwap,hevc,38,1,68888,163266
873_872.mp4,FaceSwap,av1,20,1,997213,2363397
873_872.mp4,FaceSwap,av1,30,1,530053,1256227
873_872.mp4,FaceSwap,av1,40,1,266534,631686
874_291.mp4,FaceSwap,h264,18,1,9293810,12778989
874_291.mp4,FaceSwap,h264,28,1,2435965,3349453
874_291.mp4,FaceSwap,h264,38,1,649517,893087
874_291.mp4,FaceSwap,hevc,18,1,1321284,1816766
874_291.mp4,FaceSwap,hevc,28,1,386259,531107
874_291.mp4,FaceSwap,hevc,38,1,145226,199687
874_291.mp4,FaceSwap,av1,20,1,1847733,2540634
874_291.mp4,FaceSwap,av1,30,1,941952,1295184
874_291.mp4,FaceSwap,av1,40,1,454453,624873
875_979.mp4,FaceSwap,h264,18,1,4784278,6678056
875_979.mp4,FaceSwap,h264,28,1,1514218,2113597
875_979.mp4,FaceSwap,h264,38,1,469432,655249
875_979.mp4,FaceSwap,hevc,18,1,620148,865624
875_979.mp4,FaceSwap,hevc,28,1,162573,226925
875_979.mp4,FaceSwap,hevc,38,1,62099,86680
875_979.mp4,FaceSwap,av1,20,1,905737,1264258
875_979.mp4,FaceSwap,av1,30,1,454509,634420
875_979.mp4,FaceSwap,av1,40,1,218154,304508
876_891.mp4,FaceSwap,h264,18,1,4507585,5559356
876_891.mp4,FaceSwap,h264,28,1,1110638,1369788
876_891.mp4,FaceSwap,h264,38,1,295829,364857
876_891.mp4,FaceSwap,hevc,18,1,562293,693495
876_891.mp4,FaceSwap,hevc,28,1,150372,185459
876_891.mp4,FaceSwap,hevc,38,1,63749,78625
876_891.mp4,FaceSwap,av1,20,1,1036115,1277876
876_891.mp4,FaceSwap,av1,30,1,555740,685413
876_891.mp4,FaceSwap,av1,40,1,264881,326687
877_886.mp4,FaceSwap,h264,18,1,3969720,10420516
877_886.mp4,FaceSwap,h264,28,1,1334882,3504067
877_886.mp4,FaceSwap,h264,38,1,429573,1127631
877_886.mp4,FaceSwap,hevc,18,1,695492,1825667
877_886.mp4,FaceSwap,hevc,28,1,178510,468591
877_886.mp4,FaceSwap,hevc,38,1,63979,167945
877_886.mp4,FaceSwap,av1,20,1,1102266,2893450
877_886.mp4,FaceSwap,av1,30,1,561348,1473541
877_886.mp4,FaceSwap,av1,40,1,267332,701748
878_866.mp4,FaceSwap,h264,18,1,4523414,9593408
878_866.mp4,FaceSwap,h264,28,1,1050337,2227590
878_866.mp4,FaceSwap,h264,38,1,241374,511916
878_866.mp4,FaceSwap,hevc,18,1,490068,1039353
878_866.mp4,FaceSwap,hevc,28,1,133411,282943
878_866.mp4,FaceSwap,hevc,38,1,60026,127307
878_866.mp4,FaceSwap,av1,20,1,706672,1498734
878_866.mp4,FaceSwap,av1,30,1,352258,747081
878_866.mp4,FaceSwap,av1,40,1,176425,374169
879_963.mp4,FaceSwap,h264,18,1,2884890,8318100
879_963.mp4,FaceSwap,h264,28,1,919832,2652184
879_963.mp4,FaceSwap,h264,38,1,224660,647770
879_963.mp4,FaceSwap,hevc,18,1,594499,1714141
879_963.mp4,FaceSwap,hevc,28,1,150192,433056
879_963.mp4,FaceSwap,hevc,38,1,50575,145826
879_963.mp4,FaceSwap,av1,20,1,1199091,3457381
879_963.mp4,FaceSwap,av1,30,1,617906,1781631
879_963.mp4,FaceSwap,av1,40,1,298326,860175
880_135.mp4,FaceSwap,h264,18,1,7917608,13484677
880_135.mp4,FaceSwap,h264,28,1,1699649,2894716
880_135.mp4,FaceSwap,h264,38,1,425200,724170
880_135.mp4,FaceSwap,hevc,18,1,832619,1418055
880_135.mp4,FaceSwap,hevc,28,1,229361,390632
880_135.mp4,FaceSwap,hevc,38,1,91566,155949
880_135.mp4,FaceSwap,av1,20,1,1282847,2184850
880_135.mp4,FaceSwap,av1,30,1,645158,1098785
880_135.mp4,FaceSwap,av1,40,1,301960,514277
881_856.mp4,FaceSwap,h264,18,1,2216629,5892541
881_856.mp4,FaceSwap,h264,28,1,688171,1829388
881_856.mp4,FaceSwap,h264,38,1,177388,471558
881_856.mp4,FaceSwap,hevc,18,1,473689,1259224
881_856.mp4,FaceSwap,hevc,28,1,115988,308336
881_856.mp4,FaceSwap,hevc,38,1,43954,116845
881_856.mp4,FaceSwap,av1,20,1,933247,2480884
881_856.mp4,FaceSwap,av1,30,1,504772,1341853
881_856.mp4,FaceSwap,av1,40,1,238726,634614
882_952.mp4,FaceSwap,h264,18,1,14833291,20581192
882_952.mp4,FaceSwap,h264,28,1,4347743,6032494
882_952.mp4,FaceSwap,h264,38,1,1298805,1802093
882_952.mp4,FaceSwap,hevc,18,1,2919473,4050770
882_952.mp4,FaceSwap,hevc,28,1,825005,1144695
882_952.mp4,FaceSwap,hevc,38,1,265161,367912
882_952.mp4,FaceSwap,av1,20,1,4233138,5873480
882_952.mp4,FaceSwap,av1,30,1,2201060,3053971
882_952.mp4,FaceSwap,av1,40,1,1038268,1440597
883_013.mp4,FaceSwap,h264,18,1,5942466,9864495
883_013.mp4,FaceSwap,h264,28,1,1900244,3154406
883_013.mp4,FaceSwap,h264,38,1,554933,921190
883_013.mp4,FaceSwap,hevc,18,1,1296471,2152142
883_013.mp4,FaceSwap,hevc,28,1,357201,592955
883_013.mp4,FaceSwap,hevc,38,1,114998,190898
883_013.mp4,FaceSwap,av1,20,1,1834092,3044593
883_013.mp4,FaceSwap,av1,30,1,948645,1574751
883_013.mp4,FaceSwap,av1,40,1,458063,760386
884_968.mp4,FaceSwap,h264,18,1,6139002,9208504
884_968.mp4,FaceSwap,h264,28,1,2076628,3114942
884_968.mp4,FaceSwap,h264,38,1,632237,948356
884_968.mp4,FaceSwap,hevc,18,1,1451266,2176900
884_968.mp4,FaceSwap,hevc,28,1,409446,614170
884_968.mp4,FaceSwap,hevc,38,1,126736,190105
884_968.mp4,FaceSwap,av1,20,1,2019427,3029141
884_968.mp4,FaceSwap,av1,30,1,1053920,1580881
884_968.mp4,FaceSwap,av1,40,1,498919,748379
885_802.mp4,FaceSwap,h264,18,1,2375300,3907370
885_802.mp4,FaceSwap,h264,28,1,833739,1371501
885_802.mp4,FaceSwap,h264,38,1,233160,383549
885_802.mp4,FaceSwap,hevc,18,1,475679,782492
885_802.mp4,FaceSwap,hevc,28,1,123530,203207
885_802.mp4,FaceSwap,hevc,38,1,41660,68532
885_802.mp4,FaceSwap,av1,20,1,726221,1194634
885_802.mp4,FaceSwap,av1,30,1,395435,650492
885_802.mp4,FaceSwap,av1,40,1,197933,325601
886_877.mp4,FaceSwap,h264,18,1,2063517,5416733
886_877.mp4,FaceSwap,h264,28,1,618763,1624254
886_877.mp4,FaceSwap,h264,38,1,153032,401709
886_877.mp4,FaceSwap,hevc,18,1,315278,827605
886_877.mp4,FaceSwap,hevc,28,1,78677,206528
886_877.mp4,FaceSwap,hevc,38,1,30268,79456
886_877.mp4,FaceSwap,av1,20,1,468129,1228840
886_877.mp4,FaceSwap,av1,30,1,253276,664852
886_877.mp4,FaceSwap,av1,40,1,129593,340183
887_275.mp4,FaceSwap,h264,18,1,2507036,4249427
887_275.mp4,FaceSwap,h264,28,1,710717,1204667
887_275.mp4,FaceSwap,h264,38,1,184178,312183
887_275.mp4,FaceSwap,hevc,18,1,519536,880615
887_275.mp4,FaceSwap,hevc,28,1,140067,237414
887_275.mp4,FaceSwap,hevc,38,1,47860,81123
887_275.mp4,FaceSwap,av1,20,1,863871,1464262
887_275.mp4,FaceSwap,av1,30,1,426209,722425
887_275.mp4,FaceSwap,av1,40,1,206862,350632
888_937.mp4,FaceSwap,h264,18,1,2089138,3206827
888_937.mp4,FaceSwap,h264,28,1,651033,999336
888_937.mp4,FaceSwap,h264,38,1,157084,241124
888_937.mp4,FaceSwap,hevc,18,1,315035,483580
888_937.mp4,FaceSwap,hevc,28,1,78760,120898
888_937.mp4,FaceSwap,hevc,38,1,31304,48052
888_937.mp4,FaceSwap,av1,20,1,462140,709386
888_937.mp4,FaceSwap,av1,30,1,243490,373758
888_937.mp4,FaceSwap,av1,40,1,124326,190841
889_045.mp4,FaceSwap,h264,18,1,14447213,23765667
889_045.mp4,FaceSwap,h264,28,1,3641948,5991005
889_045.mp4,FaceSwap,h264,38,1,946102,1556338
889_045.mp4,FaceSwap,hevc,18,1,2689117,4423599
889_045.mp4,FaceSwap,hevc,28,1,652566,1073472
889_045.mp4,FaceSwap,hevc,38,1,205789,338523
889_045.mp4,FaceSwap,av1,20,1,3657158,6016025
889_045.mp4,FaceSwap,av1,30,1,1758065,2892018
889_045.mp4,FaceSwap,av1,40,1,775436,1275593
890_837.mp4,FaceSwap,h264,18,1,2910043,4134687
890_837.mp4,FaceSwap,h264,28,1,879922,1250223
890_837.mp4,FaceSwap,h264,38,1,215581,306305
890_837.mp4,FaceSwap,hevc,18,1,538133,764598
890_837.mp4,FaceSwap,hevc,28,1,147297,209285
890_837.mp4,FaceSwap,hevc,38,1,55100,78289
890_837.mp4,FaceSwap,av1,20,1,920495,1307871
890_837.mp4,FaceSwap,av1,30,1,468153,665168
890_837.mp4,FaceSwap,av1,40,1,226464,321768
891_876.mp4,FaceSwap,h264,18,1,6096875,7519480
891_876.mp4,FaceSwap,h264,28,1,1681243,2073534
891_876.mp4,FaceSwap,h264,38,1,466259,575053
891_876.mp4,FaceSwap,hevc,18,1,995531,1227822
891_876.mp4,FaceSwap,hevc,28,1,272344,335891
891_876.mp4,FaceSwap,hevc,38,1,101117,124712
891_876.mp4,FaceSwap,av1,20,1,1521358,1876342
891_876.mp4,FaceSwap,av1,30,1,765022,943528
891_876.mp4,FaceSwap,av1,40,1,369544,455772
892_112.mp4,FaceSwap,h264,18,1,11804476,15296634
892_112.mp4,FaceSwap,h264,28,1,2845187,3686889
892_112.mp4,FaceSwap,h264,38,1,768574,995945
892_112.mp4,FaceSwap,hevc,18,1,1899723,2461725
892_112.mp4,FaceSwap,hevc,28,1,545571,706970
892_112.mp4,FaceSwap,hevc,38,1,196261,254322
892_112.mp4,FaceSwap,av1,20,1,2608732,3380483
892_112.mp4,FaceSwap,av1,30,1,1352682,1752851
892_112.mp4,FaceSwap,av1,40,1,637844,826540
893_913.mp4,FaceSwap,h264,18,1,3029610,6778754
893_913.mp4,FaceSwap,h264,28,1,897866,2008977
893_913.mp4,FaceSwap,h264,38,1,242334,542224
893_913.mp4,FaceSwap,hevc,18,1,520921,1165562
893_913.mp4,FaceSwap,hevc,28,1,146113,326930
893_913.mp4,FaceSwap,hevc,38,1,55072,123225
893_913.mp4,FaceSwap,av1,20,1,988521,2211816
893_913.mp4,FaceSwap,av1,30,1,514733,1151716
893_913.mp4,FaceSwap,av1,40,1,258109,577520
894_848.mp4,FaceSwap,h264,18,1,9019084,14791298
894_848.mp4,FaceSwap,h264,28,1,1868363,3064116
894_848.mp4,FaceSwap,h264,38,1,447751,734313
894_848.mp4,FaceSwap,hevc,18,1,1015887,1666055
894_848.mp4,FaceSwap,hevc,28,1,250650,411066
894_848.mp4,FaceSwap,hevc,38,1,101465,166403
894_848.mp4,FaceSwap,av1,20,1,1400900,2297476
894_848.mp4,FaceSwap,av1,30,1,686660,1126124
894_848.mp4,FaceSwap,av1,40,1,324248,531767
895_915.mp4,FaceSwap,h264,18,1,1969805,2895614
895_915.mp4,FaceSwap,h264,28,1,516057,758604
895_915.mp4,FaceSwap,h264,38,1,151589,222837
895_915.mp4,FaceSwap,hevc,18,1,322630,474267
895_915.mp4,FaceSwap,hevc,28,1,99792,146695
895_915.mp4,FaceSwap,hevc,38,1,41333,60760
895_915.mp4,FaceSwap,av1,20,1,544341,800182
895_915.mp4,FaceSwap,av1,30,1,302191,444221
895_915.mp4,FaceSwap,av1,40,1,153716,225963
896_128.mp4,FaceSwap,h264,18,1,1387376,3683484
896_128.mp4,FaceSwap,h264,28,1,432249,1147622
896_128.mp4,FaceSwap,h264,38,1,137094,363987
896_128.mp4,FaceSwap,hevc,18,1,222266,590117
896_128.mp4,FaceSwap,hevc,28,1,63471,168517
896_128.mp4,FaceSwap,hevc,38,1,26747,71015
896_128.mp4,FaceSwap,av1,20,1,350387,930279
896_128.mp4,FaceSwap,av1,30,1,185302,491978
896_128.mp4,FaceSwap,av1,40,1,92032,244347
897_969.mp4,FaceSwap,h264,18,1,2748495,4576245
897_969.mp4,FaceSwap,h264,28,1,933576,1554405
897_969.mp4,FaceSwap,h264,38,1,266457,443652
897_969.mp4,FaceSwap,hevc,18,1,557778,928702
897_969.mp4,FaceSwap,hevc,28,1,143548,239009
897_969.mp4,FaceSwap,hevc,38,1,47019,78287
897_969.mp4,FaceSwap,av1,20,1,976245,1625449
897_969.mp4,FaceSwap,av1,30,1,510565,850091
897_969.mp4,FaceSwap,av1,40,1,243876,406054
898_922.mp4,FaceSwap,h264,18,1,1776715,3100368
898_922.mp4,FaceSwap,h264,28,1,428494,747723
898_922.mp4,FaceSwap,h264,38,1,96023,167561
898_922.mp4,FaceSwap,hevc,18,1,205566,358714
898_922.mp4,FaceSwap,hevc,28,1,52382,91407
898_922.mp4,FaceSwap,hevc,38,1,24837,43341
898_922.mp4,FaceSwap,av1,20,1,312057,544541
898_922.mp4,FaceSwap,av1,30,1,170294,297164
898_922.mp4,FaceSwap,av1,40,1,89903,156882
899_914.mp4,FaceSwap,h264,18,1,2620404,3351934
899_914.mp4,FaceSwap,h264,28,1,708538,906339
899_914.mp4,FaceSwap,h264,38,1,175380,224341
899_914.mp4,FaceSwap,hevc,18,1,403816,516548
899_914.mp4,FaceSwap,hevc,28,1,113417,145080
899_914.mp4,FaceSwap,hevc,38,1,43771,55991
899_914.mp4,FaceSwap,av1,20,1,646026,826375
899_914.mp4,FaceSwap,av1,30,1,356061,455462
899_914.mp4,FaceSwap,av1,40,1,178661,228538
900_926.mp4,FaceSwap,h264,18,1,2561134,4264289
900_926.mp4,FaceSwap,h264,28,1,862624,1436269
900_926.mp4,FaceSwap,h264,38,1,246679,410721
900_926.mp4,FaceSwap,hevc,18,1,662071,1102349
900_926.mp4,FaceSwap,hevc,28,1,169662,282488
900_926.mp4,FaceSwap,hevc,38,1,53476,89039
900_926.mp4,FaceSwap,av1,20,1,998206,1662014
900_926.mp4,FaceSwap,av1,30,1,551419,918113
900_926.mp4,FaceSwap,av1,40,1,273676,455671
901_902.mp4,FaceSwap,h264,18,1,4358683,5357548
901_902.mp4,FaceSwap,h264,28,1,1110739,1365284
901_902.mp4,FaceSwap,h264,38,1,278932,342854
901_902.mp4,FaceSwap,hevc,18,1,527602,648511
901_902.mp4,FaceSwap,hevc,28,1,143190,176005
901_902.mp4,FaceSwap,hevc,38,1,66266,81453
901_902.mp4,FaceSwap,av1,20,1,835387,1026831
901_902.mp4,FaceSwap,av1,30,1,407612,501024
901_902.mp4,FaceSwap,av1,40,1,196824,241930
902_901.mp4,FaceSwap,h264,18,1,4390928,5397183
902_901.mp4,FaceSwap,h264,28,1,1306559,1605979
902_901.mp4,FaceSwap,h264,38,1,345344,424486
902_901.mp4,FaceSwap,hevc,18,1,620675,762913
902_901.mp4,FaceSwap,hevc,28,1,180092,221364
902_901.mp4,FaceSwap,hevc,38,1,72904,89612
902_901.mp4,FaceSwap,av1,20,1,946544,1163461
902_901.mp4,FaceSwap,av1,30,1,469370,576934
902_901.mp4,FaceSwap,av1,40,1,219966,270376
903_792.mp4,FaceSwap,h264,18,1,2896846,5547462
903_792.mp4,FaceSwap,h264,28,1,968761,1855178
903_792.mp4,FaceSwap,h264,38,1,284641,545088
903_792.mp4,FaceSwap,hevc,18,1,697693,1336083
903_792.mp4,FaceSwap,hevc,28,1,194476,372423
903_792.mp4,FaceSwap,hevc,38,1,57970,111014
903_792.mp4,FaceSwap,av1,20,1,1068335,2045863
903_792.mp4,FaceSwap,av1,30,1,633027,1212247
903_792.mp4,FaceSwap,av1,40,1,325298,622947
904_046.mp4,FaceSwap,h264,18,1,12673017,18956723
904_046.mp4,FaceSwap,h264,28,1,3370650,5041931
904_046.mp4,FaceSwap,h264,38,1,841984,1259469
904_046.mp4,FaceSwap,hevc,18,1,2152910,3220395
904_046.mp4,FaceSwap,hevc,28,1,500441,748577
904_046.mp4,FaceSwap,hevc,38,1,164020,245347
904_046.mp4,FaceSwap,av1,20,1,2500813,3740801
904_046.mp4,FaceSwap,av1,30,1,1236913,1850217
904_046.mp4,FaceSwap,av1,40,1,545566,816076
905_860.mp4,FaceSwap,h264,18,1,5868219,9340249
905_860.mp4,FaceSwap,h264,28,1,1934979,3079843
905_860.mp4,FaceSwap,h264,38,1,531313,845674
905_860.mp4,FaceSwap,hevc,18,1,1275439,2030074
905_860.mp4,FaceSwap,hevc,28,1,372319,592608
905_860.mp4,FaceSwap,hevc,38,1,121423,193266
905_860.mp4,FaceSwap,av1,20,1,2192172,3489208
905_860.mp4,FaceSwap,av1,30,1,1160449,1847049
905_860.mp4,FaceSwap,av1,40,1,558822,889459
906_847.mp4,FaceSwap,h264,18,1,8866502,11120072
906_847.mp4,FaceSwap,h264,28,1,2174206,2726817
906_847.mp4,FaceSwap,h264,38,1,574517,720541
906_847.mp4,FaceSwap,hevc,18,1,979101,1227957
906_847.mp4,FaceSwap,hevc,28,1,268697,336992
906_847.mp4,FaceSwap,hevc,38,1,111871,140306
906_847.mp4,FaceSwap,av1,20,1,1568951,1967726
906_847.mp4,FaceSwap,av1,30,1,776130,973397
906_847.mp4,FaceSwap,av1,40,1,370453,464611
907_795.mp4,FaceSwap,h264,18,1,5500464,12032267
907_795.mp4,FaceSwap,h264,28,1,1612800,3528000
907_795.mp4,FaceSwap,h264,38,1,427315,934752
907_795.mp4,FaceSwap,hevc,18,1,817095,1787396
907_795.mp4,FaceSwap,hevc,28,1,256288,560631
907_795.mp4,FaceSwap,hevc,38,1,100510,219866
907_795.mp4,FaceSwap,av1,20,1,1335938,2922365
907_795.mp4,FaceSwap,av1,30,1,693576,1517199
907_795.mp4,FaceSwap,av1,40,1,351600,769125
908_207.mp4,FaceSwap,h264,18,1,7324028,13198510
908_207.mp4,FaceSwap,h264,28,1,1948397,3511174
908_207.mp4,FaceSwap,h264,38,1,564649,1017545
908_207.mp4,FaceSwap,hevc,18,1,1016081,1831063
908_207.mp4,FaceSwap,hevc,28,1,284534,512755
908_207.mp4,FaceSwap,hevc,38,1,110933,199911
908_207.mp4,FaceSwap,av1,20,1,1636853,2949746
908_207.mp4,FaceSwap,av1,30,1,792305,1427801
908_207.mp4,FaceSwap,av1,40,1,350061,630840
909_857.mp4,FaceSwap,h264,18,1,1647121,4371736
909_857.mp4,FaceSwap,h264,28,1,455147,1208036
909_857.mp4,FaceSwap,h264,38,1,117806,312677
909_857.mp4,FaceSwap,hevc,18,1,233690,620253
909_857.mp4,FaceSwap,hevc,28,1,62202,165097
909_857.mp4,FaceSwap,hevc,38,1,29650,78698
909_857.mp4,FaceSwap,av1,20,1,421192,1117915
909_857.mp4,FaceSwap,av1,30,1,219259,581950
909_857.mp4,FaceSwap,av1,40,1,104177,276505
910_911.mp4,FaceSwap,h264,18,1,5099561,6204466
910_911.mp4,FaceSwap,h264,28,1,1536046,1868857
910_911.mp4,FaceSwap,h264,38,1,405215,493012
910_911.mp4,FaceSwap,hevc,18,1,989326,1203681
910_911.mp4,FaceSwap,hevc,28,1,247891,301601
910_911.mp4,FaceSwap,hevc,38,1,81179,98768
910_911.mp4,FaceSwap,av1,20,1,1593287,1938500
910_911.mp4,FaceSwap,av1,30,1,818955,996396
910_911.mp4,FaceSwap,av1,40,1,381480,464134
911_910.mp4,FaceSwap,h264,18,1,5687151,6919368
911_910.mp4,FaceSwap,h264,28,1,1671512,2033673
911_910.mp4,FaceSwap,h264,38,1,392344,477352
911_910.mp4,FaceSwap,hevc,18,1,806595,981358
911_910.mp4,FaceSwap,hevc,28,1,221190,269115
911_910.mp4,FaceSwap,hevc,38,1,84701,103054
911_910.mp4,FaceSwap,av1,20,1,1282046,1559823
911_910.mp4,FaceSwap,av1,30,1,639027,777484
911_910.mp4,FaceSwap,av1,40,1,302118,367577
912_927.mp4,FaceSwap,h264,18,1,1852314,5992239
912_927.mp4,FaceSwap,h264,28,1,516061,1669459
912_927.mp4,FaceSwap,h264,38,1,123354,399051
912_927.mp4,FaceSwap,hevc,18,1,330650,1069654
912_927.mp4,FaceSwap,hevc,28,1,84915,274703
912_927.mp4,FaceSwap,hevc,38,1,34652,112102
912_927.mp4,FaceSwap,av1,20,1,478825,1549000
912_927.mp4,FaceSwap,av1,30,1,261641,846410
912_927.mp4,FaceSwap,av1,40,1,132679,429219
913_893.mp4,FaceSwap,h264,18,1,2136415,4780230
913_893.mp4,FaceSwap,h264,28,1,658073,1472439
913_893.mp4,FaceSwap,h264,38,1,192556,430845
913_893.mp4,FaceSwap,hevc,18,1,421269,942590
913_893.mp4,FaceSwap,hevc,28,1,125823,281529
913_893.mp4,FaceSwap,hevc,38,1,48837,109275
913_893.mp4,FaceSwap,av1,20,1,726654,1625890
913_893.mp4,FaceSwap,av1,30,1,396390,886924
913_893.mp4,FaceSwap,av1,40,1,204098,456671
914_899.mp4,FaceSwap,h264,18,1,1959671,2506746
914_899.mp4,FaceSwap,h264,28,1,598937,766141
914_899.mp4,FaceSwap,h264,38,1,161074,206041
914_899.mp4,FaceSwap,hevc,18,1,414335,530004
914_899.mp4,FaceSwap,hevc,28,1,112089,143381
914_899.mp4,FaceSwap,hevc,38,1,43164,55215
914_899.mp4,FaceSwap,av1,20,1,703877,900376
914_899.mp4,FaceSwap,av1,30,1,387909,496201
914_899.mp4,FaceSwap,av1,40,1,199737,255497
915_895.mp4,FaceSwap,h264,18,1,6658444,9787914
915_895.mp4,FaceSwap,h264,28,1,1856706,2729358
915_895.mp4,FaceSwap,h264,38,1,490591,721170
915_895.mp4,FaceSwap,hevc,18,1,851527,1251745
915_895.mp4,FaceSwap,hevc,28,1,213895,314426
915_895.mp4,FaceSwap,hevc,38,1,82709,121583
915_895.mp4,FaceSwap,av1,20,1,1184959,1741890
915_895.mp4,FaceSwap,av1,30,1,584800,859657
915_895.mp4,FaceSwap,av1,40,1,286344,420926
916_783.mp4,FaceSwap,h264,18,1,7885201,13240567
916_783.mp4,FaceSwap,h264,28,1,3128902,5253948
916_783.mp4,FaceSwap,h264,38,1,924384,1552196
916_783.mp4,FaceSwap,hevc,18,1,2084117,3499581
916_783.mp4,FaceSwap,hevc,28,1,501119,841463
916_783.mp4,FaceSwap,hevc,38,1,115083,193245
916_783.mp4,FaceSwap,av1,20,1,3257507,5469898
916_783.mp4,FaceSwap,av1,30,1,1634708,2744948
916_783.mp4,FaceSwap,av1,40,1,690675,1159760
917_924.mp4,FaceSwap,h264,18,1,2405431,5388166
917_924.mp4,FaceSwap,h264,28,1,721396,1615929
917_924.mp4,FaceSwap,h264,38,1,204791,458733
917_924.mp4,FaceSwap,hevc,18,1,546081,1223222
917_924.mp4,FaceSwap,hevc,28,1,148538,332727
917_924.mp4,FaceSwap,hevc,38,1,52206,116942
917_924.mp4,FaceSwap,av1,20,1,974833,2183627
917_924.mp4,FaceSwap,av1,30,1,493808,1106130
917_924.mp4,FaceSwap,av1,40,1,238268,533722
918_934.mp4,FaceSwap,h264,18,1,3502367,6601962
918_934.mp4,FaceSwap,h264,28,1,826923,1558751
918_934.mp4,FaceSwap,h264,38,1,189009,356283
918_934.mp4,FaceSwap,hevc,18,1,407289,767741
918_934.mp4,FaceSwap,hevc,28,1,110136,207608
918_934.mp4,FaceSwap,hevc,38,1,48200,90858
918_934.mp4,FaceSwap,av1,20,1,568286,1071220
918_934.mp4,FaceSwap,av1,30,1,290492,547578
918_934.mp4,FaceSwap,av1,40,1,145647,274545
919_015.mp4,FaceSwap,h264,18,1,1571869,2862113
919_015.mp4,FaceSwap,h264,28,1,490686,893458
919_015.mp4,FaceSwap,h264,38,1,145941,265736
919_015.mp4,FaceSwap,hevc,18,1,300220,546652
919_015.mp4,FaceSwap,hevc,28,1,97039,176692
919_015.mp4,FaceSwap,hevc,38,1,41607,75761
919_015.mp4,FaceSwap,av1,20,1,508361,925642
919_015.mp4,FaceSwap,av1,30,1,289333,526828
919_015.mp4,FaceSwap,av1,40,1,151772,276353
920_811.mp4,FaceSwap,h264,18,1,7982155,14806899
920_811.mp4,FaceSwap,h264,28,1,1880443,3488222
920_811.mp4,FaceSwap,h264,38,1,462689,858289
920_811.mp4,FaceSwap,hevc,18,1,942898,1749076
920_811.mp4,FaceSwap,hevc,28,1,255981,474846
920_811.mp4,FaceSwap,hevc,38,1,99290,184183
920_811.mp4,FaceSwap,av1,20,1,1162346,2156152
920_811.mp4,FaceSwap,av1,30,1,621767,1153378
920_811.mp4,FaceSwap,av1,40,1,304279,564439
921_569.mp4,FaceSwap,h264,18,1,14812842,18269173
921_569.mp4,FaceSwap,h264,28,1,3821052,4712632
921_569.mp4,FaceSwap,h264,38,1,930788,1147973
921_569.mp4,FaceSwap,hevc,18,1,2346891,2894499
921_569.mp4,FaceSwap,hevc,28,1,553657,682844
921_569.mp4,FaceSwap,hevc,38,1,167915,207096
921_569.mp4,FaceSwap,av1,20,1,3264563,4026295
921_569.mp4,FaceSwap,av1,30,1,1546378,1907200
921_569.mp4,FaceSwap,av1,40,1,694819,856944
922_898.mp4,FaceSwap,h264,18,1,2194032,3828586
922_898.mp4,FaceSwap,h264,28,1,674802,1177531
922_898.mp4,FaceSwap,h264,38,1,178883,312152
922_898.mp4,FaceSwap,hevc,18,1,389349,679415
922_898.mp4,FaceSwap,hevc,28,1,113352,197800
922_898.mp4,FaceSwap,hevc,38,1,43220,75419
922_898.mp4,FaceSwap,av1,20,1,624640,1089997
922_898.mp4,FaceSwap,av1,30,1,360783,629567
922_898.mp4,FaceSwap,av1,40,1,195668,341442
923_023.mp4,FaceSwap,h264,18,1,9689791,26792274
923_023.mp4,FaceSwap,h264,28,1,2381982,6586182
923_023.mp4,FaceSwap,h264,38,1,445709,1232388
923_023.mp4,FaceSwap,hevc,18,1,1288879,3563752
923_023.mp4,FaceSwap,hevc,28,1,198107,547767
923_023.mp4,FaceSwap,hevc,38,1,62610,173119
923_023.mp4,FaceSwap,av1,20,1,1654955,4575952
923_023.mp4,FaceSwap,av1,30,1,729716,2017666
923_023.mp4,FaceSwap,av1,40,1,306367,847107
924_917.mp4,FaceSwap,h264,18,1,2227019,4988524
924_917.mp4,FaceSwap,h264,28,1,687373,1539717
924_917.mp4,FaceSwap,h264,38,1,161611,362010
924_917.mp4,FaceSwap,hevc,18,1,410937,920499
924_917.mp4,FaceSwap,hevc,28,1,98278,220144
924_917.mp4,FaceSwap,hevc,38,1,34650,77618
924_917.mp4,FaceSwap,av1,20,1,660904,1480425
924_917.mp4,FaceSwap,av1,30,1,361075,808808
924_917.mp4,FaceSwap,av1,40,1,185791,416172
925_933.mp4,FaceSwap,h264,18,1,5837796,8659399
925_933.mp4,FaceSwap,h264,28,1,1866082,2768023
925_933.mp4,FaceSwap,h264,38,1,501302,743599
925_933.mp4,FaceSwap,hevc,18,1,919436,1363831
925_933.mp4,FaceSwap,hevc,28,1,246018,364928
925_933.mp4,FaceSwap,hevc,38,1,87099,129198
925_933.mp4,FaceSwap,av1,20,1,1422579,2110159
925_933.mp4,FaceSwap,av1,30,1,728019,1079895
925_933.mp4,FaceSwap,av1,40,1,350495,519901
926_900.mp4,FaceSwap,h264,18,1,2064510,3437410
926_900.mp4,FaceSwap,h264,28,1,582944,970603
926_900.mp4,FaceSwap,h264,38,1,129081,214921
926_900.mp4,FaceSwap,hevc,18,1,324312,539981
926_900.mp4,FaceSwap,hevc,28,1,75898,126371
926_900.mp4,FaceSwap,hevc,38,1,30789,51264
926_900.mp4,FaceSwap,av1,20,1,561849,935479
926_900.mp4,FaceSwap,av1,30,1,304776,507453
926_900.mp4,FaceSwap,av1,40,1,152234,253471
927_912.mp4,FaceSwap,h264,18,1,1556089,5033951
927_912.mp4,FaceSwap,h264,28,1,437744,1416105
927_912.mp4,FaceSwap,h264,38,1,112157,362830
927_912.mp4,FaceSwap,hevc,18,1,265432,858675
927_912.mp4,FaceSwap,hevc,28,1,71685,231904
927_912.mp4,FaceSwap,hevc,38,1,29278,94717
927_912.mp4,FaceSwap,av1,20,1,466247,1508310
927_912.mp4,FaceSwap,av1,30,1,257336,832483
927_912.mp4,FaceSwap,av1,40,1,133451,431717
928_160.mp4,FaceSwap,h264,18,1,6328867,9915225
928_160.mp4,FaceSwap,h264,28,1,1834020,2873299
928_160.mp4,FaceSwap,h264,38,1,490012,767686
928_160.mp4,FaceSwap,hevc,18,1,1212786,1900032
928_160.mp4,FaceSwap,hevc,28,1,283508,444164
928_160.mp4,FaceSwap,hevc,38,1,102320,160302
928_160.mp4,FaceSwap,av1,20,1,2025487,3173264
928_160.mp4,FaceSwap,av1,30,1,1040523,1630154
928_160.mp4,FaceSwap,av1,40,1,487212,763299
929_962.mp4,FaceSwap,h264,18,1,1688067,3235463
929_962.mp4,FaceSwap,h264,28,1,394873,756840
929_962.mp4,FaceSwap,h264,38,1,88021,168708
929_962.mp4,FaceSwap,hevc,18,1,262067,502296
929_962.mp4,FaceSwap,hevc,28,1,61357,117602
929_962.mp4,FaceSwap,hevc,38,1,27907,53490
929_962.mp4,FaceSwap,av1,20,1,494885,948531
929_962.mp4,FaceSwap,av1,30,1,255804,490292
929_962.mp4,FaceSwap,av1,40,1,120943,231809
930_763.mp4,FaceSwap,h264,18,1,4218050,7873694
930_763.mp4,FaceSwap,h264,28,1,1581591,2952304
930_763.mp4,FaceSwap,h264,38,1,465771,869441
930_763.mp4,FaceSwap,hevc,18,1,1652279,3084255
930_763.mp4,FaceSwap,hevc,28,1,450554,841035
930_763.mp4,FaceSwap,hevc,38,1,119405,222891
930_763.mp4,FaceSwap,av1,20,1,2386718,4455207
930_763.mp4,FaceSwap,av1,30,1,1337705,2497051
930_763.mp4,FaceSwap,av1,40,1,648396,1210340
931_936.mp4,FaceSwap,h264,18,1,4126927,6128487
931_936.mp4,FaceSwap,h264,28,1,1210324,1797332
931_936.mp4,FaceSwap,h264,38,1,236882,351770
931_936.mp4,FaceSwap,hevc,18,1,619597,920103
931_936.mp4,FaceSwap,hevc,28,1,150202,223051
931_936.mp4,FaceSwap,hevc,38,1,48845,72536
931_936.mp4,FaceSwap,av1,20,1,831035,1234087
931_936.mp4,FaceSwap,av1,30,1,467432,694137
931_936.mp4,FaceSwap,av1,40,1,249496,370503
932_384.mp4,FaceSwap,h264,18,1,7615482,17591765
932_384.mp4,FaceSwap,h264,28,1,2600951,6008199
932_384.mp4,FaceSwap,h264,38,1,687708,1588607
932_384.mp4,FaceSwap,hevc,18,1,1854275,4283377
932_384.mp4,FaceSwap,hevc,28,1,476236,1100107
932_384.mp4,FaceSwap,hevc,38,1,132161,305292
932_384.mp4,FaceSwap,av1,20,1,2977783,6878679
932_384.mp4,FaceSwap,av1,30,1,1522952,3518020
932_384.mp4,FaceSwap,av1,40,1,670440,1548718
933_925.mp4,FaceSwap,h264,18,1,4815068,7142352
933_925.mp4,FaceSwap,h264,28,1,1367768,2028856
933_925.mp4,FaceSwap,h264,38,1,355702,527625
933_925.mp4,FaceSwap,hevc,18,1,718792,1066209
933_925.mp4,FaceSwap,hevc,28,1,189440,281003
933_925.mp4,FaceSwap,hevc,38,1,73720,109352
933_925.mp4,FaceSwap,av1,20,1,1104175,1637861
933_925.mp4,FaceSwap,av1,30,1,561755,833271
933_925.mp4,FaceSwap,av1,40,1,275661,408898
934_918.mp4,FaceSwap,h264,18,1,4376687,8250056
934_918.mp4,FaceSwap,h264,28,1,1117606,2106688
934_918.mp4,FaceSwap,h264,38,1,258140,486595
934_918.mp4,FaceSwap,hevc,18,1,549740,1036261
934_918.mp4,FaceSwap,hevc,28,1,138141,260396
934_918.mp4,FaceSwap,hevc,38,1,55865,105306
934_918.mp4,FaceSwap,av1,20,1,756912,1426780
934_918.mp4,FaceSwap,av1,30,1,382613,721226
934_918.mp4,FaceSwap,av1,40,1,191595,361158
935_733.mp4,FaceSwap,h264,18,1,9428655,24420218
935_733.mp4,FaceSwap,h264,28,1,2555826,6619591
935_733.mp4,FaceSwap,h264,38,1,711894,1843807
935_733.mp4,FaceSwap,hevc,18,1,1544335,3999828
935_733.mp4,FaceSwap,hevc,28,1,440827,1141744
935_733.mp4,FaceSwap,hevc,38,1,160459,415591
935_733.mp4,FaceSwap,av1,20,1,1963453,5085344
935_733.mp4,FaceSwap,av1,30,1,1017302,2634813
935_733.mp4,FaceSwap,av1,40,1,482982,1250924
936_931.mp4,FaceSwap,h264,18,1,2447841,3635044
936_931.mp4,FaceSwap,h264,28,1,747423,1109924
936_931.mp4,FaceSwap,h264,38,1,208758,310006
936_931.mp4,FaceSwap,hevc,18,1,565289,839455
936_931.mp4,FaceSwap,hevc,28,1,151600,225126
936_931.mp4,FaceSwap,hevc,38,1,52344,77731
936_931.mp4,FaceSwap,av1,20,1,932725,1385098
936_931.mp4,FaceSwap,av1,30,1,480877,714103
936_931.mp4,FaceSwap,av1,40,1,227972,338539
937_888.mp4,FaceSwap,h264,18,1,2416068,3708665
937_888.mp4,FaceSwap,h264,28,1,809029,1241861
937_888.mp4,FaceSwap,h264,38,1,238745,366474
937_888.mp4,FaceSwap,hevc,18,1,596669,915887
937_888.mp4,FaceSwap,hevc,28,1,159550,244910
937_888.mp4,FaceSwap,hevc,38,1,54777,84083
937_888.mp4,FaceSwap,av1,20,1,919936,1412103
937_888.mp4,FaceSwap,av1,30,1,519376,797243
937_888.mp4,FaceSwap,av1,40,1,263030,403752
938_987.mp4,FaceSwap,h264,18,1,2882333,5317905
938_987.mp4,FaceSwap,h264,28,1,997159,1839760
938_987.mp4,FaceSwap,h264,38,1,279291,515292
938_987.mp4,FaceSwap,hevc,18,1,751685,1386860
938_987.mp4,FaceSwap,hevc,28,1,189377,349402
938_987.mp4,FaceSwap,hevc,38,1,57229,105589
938_987.mp4,FaceSwap,av1,20,1,1206007,2225084
938_987.mp4,FaceSwap,av1,30,1,685455,1264666
938_987.mp4,FaceSwap,av1,40,1,330917,610542
939_115.mp4,FaceSwap,h264,18,1,1660582,2214110
939_115.mp4,FaceSwap,h264,28,1,433808,578412
939_115.mp4,FaceSwap,h264,38,1,111215,148287
939_115.mp4,FaceSwap,hevc,18,1,222548,296732
939_115.mp4,FaceSwap,hevc,28,1,66726,88969
939_115.mp4,FaceSwap,hevc,38,1,32378,43171
939_115.mp4,FaceSwap,av1,20,1,387245,516327
939_115.mp4,FaceSwap,av1,30,1,207428,276571
939_115.mp4,FaceSwap,av1,40,1,105395,140528
940_941.mp4,FaceSwap,h264,18,1,2037834,3148455
940_941.mp4,FaceSwap,h264,28,1,596181,921100
940_941.mp4,FaceSwap,h264,38,1,152450,235536
940_941.mp4,FaceSwap,hevc,18,1,382401,590811
940_941.mp4,FaceSwap,hevc,28,1,108686,167921
940_941.mp4,FaceSwap,hevc,38,1,41438,64022
940_941.mp4,FaceSwap,av1,20,1,669622,1034566
940_941.mp4,FaceSwap,av1,30,1,351381,542884
940_941.mp4,FaceSwap,av1,40,1,173554,268141
941_940.mp4,FaceSwap,h264,18,1,2351515,3633091
941_940.mp4,FaceSwap,h264,28,1,722832,1116776
941_940.mp4,FaceSwap,h264,38,1,193326,298690
941_940.mp4,FaceSwap,hevc,18,1,375554,580231
941_940.mp4,FaceSwap,hevc,28,1,109442,169089
941_940.mp4,FaceSwap,hevc,38,1,41932,64785
941_940.mp4,FaceSwap,av1,20,1,662224,1023137
941_940.mp4,FaceSwap,av1,30,1,340137,525512
941_940.mp4,FaceSwap,av1,40,1,166193,256769
942_943.mp4,FaceSwap,h264,18,1,4402572,10346046
942_943.mp4,FaceSwap,h264,28,1,1283611,3016487
942_943.mp4,FaceSwap,h264,38,1,352094,827423
942_943.mp4,FaceSwap,hevc,18,1,738568,1735636
942_943.mp4,FaceSwap,hevc,28,1,184079,432586
942_943.mp4,FaceSwap,hevc,38,1,66693,156730
942_943.mp4,FaceSwap,av1,20,1,1100839,2586972
942_943.mp4,FaceSwap,av1,30,1,541958,1273602
942_943.mp4,FaceSwap,av1,40,1,249363,586004
943_942.mp4,FaceSwap,h264,18,1,3763634,8844541
943_942.mp4,FaceSwap,h264,28,1,963622,2264514
943_942.mp4,FaceSwap,h264,38,1,256588,602982
943_942.mp4,FaceSwap,hevc,18,1,471944,1109069
943_942.mp4,FaceSwap,hevc,28,1,123347,289866
943_942.mp4,FaceSwap,hevc,38,1,51212,120349
943_942.mp4,FaceSwap,av1,20,1,772958,1816453
943_942.mp4,FaceSwap,av1,30,1,373842,878529
943_942.mp4,FaceSwap,av1,40,1,167375,393332
944_032.mp4,FaceSwap,h264,18,1,2145159,2770831
944_032.mp4,FaceSwap,h264,28,1,569468,735563
944_032.mp4,FaceSwap,h264,38,1,155640,201035
944_032.mp4,FaceSwap,hevc,18,1,303256,391706
944_032.mp4,FaceSwap,hevc,28,1,88558,114388
944_032.mp4,FaceSwap,hevc,38,1,41081,53064
944_032.mp4,FaceSwap,av1,20,1,593640,766785
944_032.mp4,FaceSwap,av1,30,1,313890,405442
944_032.mp4,FaceSwap,av1,40,1,150019,193775
945_044.mp4,FaceSwap,h264,18,1,6612809,9230380
945_044.mp4,FaceSwap,h264,28,1,1799340,2511580
945_044.mp4,FaceSwap,h264,38,1,483496,674881
945_044.mp4,FaceSwap,hevc,18,1,966727,1349390
945_044.mp4,FaceSwap,hevc,28,1,251543,351113
945_044.mp4,FaceSwap,hevc,38,1,91960,128361
945_044.mp4,FaceSwap,av1,20,1,1505300,2101148
945_044.mp4,FaceSwap,av1,30,1,750141,1047073
945_044.mp4,FaceSwap,av1,40,1,348080,485863
946_049.mp4,FaceSwap,h264,18,1,5280920,7921381
946_049.mp4,FaceSwap,h264,28,1,1583764,2375646
946_049.mp4,FaceSwap,h264,38,1,373888,560832
946_049.mp4,FaceSwap,hevc,18,1,816661,1224992
946_049.mp4,FaceSwap,hevc,28,1,228510,342766
946_049.mp4,FaceSwap,hevc,38,1,80361,120542
946_049.mp4,FaceSwap,av1,20,1,1258037,1887056
946_049.mp4,FaceSwap,av1,30,1,612604,918906
946_049.mp4,FaceSwap,av1,40,1,293778,440668
947_951.mp4,FaceSwap,h264,18,1,6106638,16309813
947_951.mp4,FaceSwap,h264,28,1,1651309,4410373
947_951.mp4,FaceSwap,h264,38,1,423648,1131494
947_951.mp4,FaceSwap,hevc,18,1,942569,2517446
947_951.mp4,FaceSwap,hevc,28,1,241359,644632
947_951.mp4,FaceSwap,hevc,38,1,81896,218733
947_951.mp4,FaceSwap,av1,20,1,1299899,3471816
947_951.mp4,FaceSwap,av1,30,1,655528,1750808
947_951.mp4,FaceSwap,av1,40,1,307496,821272
948_965.mp4,FaceSwap,h264,18,1,15327788,22225293
948_965.mp4,FaceSwap,h264,28,1,3153151,4572069
948_965.mp4,FaceSwap,h264,38,1,645684,936243
948_965.mp4,FaceSwap,hevc,18,1,2481483,3598151
948_965.mp4,FaceSwap,hevc,28,1,529213,767360
948_965.mp4,FaceSwap,hevc,38,1,169739,246122
948_965.mp4,FaceSwap,av1,20,1,3008755,4362695
948_965.mp4,FaceSwap,av1,30,1,1471307,2133396
948_965.mp4,FaceSwap,av1,40,1,620853,900237
949_868.mp4,FaceSwap,h264,18,1,2253199,4046371
949_868.mp4,FaceSwap,h264,28,1,802908,1441889
949_868.mp4,FaceSwap,h264,38,1,285986,513584
949_868.mp4,FaceSwap,hevc,18,1,530524,952734
949_868.mp4,FaceSwap,hevc,28,1,161356,289770
949_868.mp4,FaceSwap,hevc,38,1,61312,110107
949_868.mp4,FaceSwap,av1,20,1,1055773,1895994
949_868.mp4,FaceSwap,av1,30,1,588459,1056775
949_868.mp4,FaceSwap,av1,40,1,293595,527249
950_836.mp4,FaceSwap,h264,18,1,11814446,16884813
950_836.mp4,FaceSwap,h264,28,1,2346828,3354009
950_836.mp4,FaceSwap,h264,38,1,544003,777471
950_836.mp4,FaceSwap,hevc,18,1,1449052,2070937
950_836.mp4,FaceSwap,hevc,28,1,334014,477363
950_836.mp4,FaceSwap,hevc,38,1,130648,186718
950_836.mp4,FaceSwap,av1,20,1,1781259,2545716
950_836.mp4,FaceSwap,av1,30,1,931139,1330754
950_836.mp4,FaceSwap,av1,40,1,452927,647309
951_947.mp4,FaceSwap,h264,18,1,4608579,12308749
951_947.mp4,FaceSwap,h264,28,1,1150244,3072111
951_947.mp4,FaceSwap,h264,38,1,294992,787877
951_947.mp4,FaceSwap,hevc,18,1,569883,1522063
951_947.mp4,FaceSwap,hevc,28,1,173504,463401
951_947.mp4,FaceSwap,hevc,38,1,72829,194516
951_947.mp4,FaceSwap,av1,20,1,996688,2661990
951_947.mp4,FaceSwap,av1,30,1,533128,1423898
951_947.mp4,FaceSwap,av1,40,1,271711,725695
952_882.mp4,FaceSwap,h264,18,1,5790085,8033743
952_882.mp4,FaceSwap,h264,28,1,1397524,1939065
952_882.mp4,FaceSwap,h264,38,1,384569,533590
952_882.mp4,FaceSwap,hevc,18,1,979611,1359211
952_882.mp4,FaceSwap,hevc,28,1,268248,372195
952_882.mp4,FaceSwap,hevc,38,1,97456,135221
952_882.mp4,FaceSwap,av1,20,1,1470051,2039697
952_882.mp4,FaceSwap,av1,30,1,717760,995893
952_882.mp4,FaceSwap,av1,40,1,323197,448436
953_974.mp4,FaceSwap,h264,18,1,8261089,13135133
953_974.mp4,FaceSwap,h264,28,1,2661833,4232315
953_974.mp4,FaceSwap,h264,38,1,713754,1134869
953_974.mp4,FaceSwap,hevc,18,1,1936975,3079791
953_974.mp4,FaceSwap,hevc,28,1,479241,761994
953_974.mp4,FaceSwap,hevc,38,1,136196,216552
953_974.mp4,FaceSwap,av1,20,1,2910015,4626924
953_974.mp4,FaceSwap,av1,30,1,1417740,2254207
953_974.mp4,FaceSwap,av1,40,1,654025,1039900
954_976.mp4,FaceSwap,h264,18,1,2478784,4065206
954_976.mp4,FaceSwap,h264,28,1,851584,1396598
954_976.mp4,FaceSwap,h264,38,1,273270,448164
954_976.mp4,FaceSwap,hevc,18,1,526882,864088
954_976.mp4,FaceSwap,hevc,28,1,141442,231965
954_976.mp4,FaceSwap,hevc,38,1,45326,74336
954_976.mp4,FaceSwap,av1,20,1,781198,1281166
954_976.mp4,FaceSwap,av1,30,1,444131,728376
954_976.mp4,FaceSwap,av1,40,1,223841,367100
955_078.mp4,FaceSwap,h264,18,1,2349638,6144305
955_078.mp4,FaceSwap,h264,28,1,760154,1987804
955_078.mp4,FaceSwap,h264,38,1,221183,578394
955_078.mp4,FaceSwap,hevc,18,1,540894,1414440
955_078.mp4,FaceSwap,hevc,28,1,147107,384685
955_078.mp4,FaceSwap,hevc,38,1,44877,117355
955_078.mp4,FaceSwap,av1,20,1,747660,1955131
955_078.mp4,FaceSwap,av1,30,1,417170,1090900
955_078.mp4,FaceSwap,av1,40,1,203871,533125
956_958.mp4,FaceSwap,h264,18,1,3170958,6215079
956_958.mp4,FaceSwap,h264,28,1,1086866,2130258
956_958.mp4,FaceSwap,h264,38,1,323511,634082
956_958.mp4,FaceSwap,hevc,18,1,629514,1233848
956_958.mp4,FaceSwap,hevc,28,1,174956,342914
956_958.mp4,FaceSwap,hevc,38,1,56096,109950
956_958.mp4,FaceSwap,av1,20,1,1170423,2294031
956_958.mp4,FaceSwap,av1,30,1,628519,1231898
956_958.mp4,FaceSwap,av1,40,1,306348,600444
957_959.mp4,FaceSwap,h264,18,1,15345360,26726502
957_959.mp4,FaceSwap,h264,28,1,4210699,7333635
957_959.mp4,FaceSwap,h264,38,1,1098791,1913729
957_959.mp4,FaceSwap,hevc,18,1,2824035,4918528
957_959.mp4,FaceSwap,hevc,28,1,694177,1209026
957_959.mp4,FaceSwap,hevc,38,1,216555,377168
957_959.mp4,FaceSwap,av1,20,1,3809099,6634181
957_959.mp4,FaceSwap,av1,30,1,1909181,3325158
957_959.mp4,FaceSwap,av1,40,1,885348,1541982
958_956.mp4,FaceSwap,h264,18,1,3266898,6403121
958_956.mp4,FaceSwap,h264,28,1,1092754,2141799
958_956.mp4,FaceSwap,h264,38,1,297989,584060
958_956.mp4,FaceSwap,hevc,18,1,801495,1570931
958_956.mp4,FaceSwap,hevc,28,1,193979,380199
958_956.mp4,FaceSwap,hevc,38,1,57185,112084
958_956.mp4,FaceSwap,av1,20,1,1686102,3304761
958_956.mp4,FaceSwap,av1,30,1,854791,1675392
958_956.mp4,FaceSwap,av1,40,1,382179,749072
959_957.mp4,FaceSwap,h264,18,1,12125741,21119000
959_957.mp4,FaceSwap,h264,28,1,3573034,6223035
959_957.mp4,FaceSwap,h264,38,1,1048822,1826700
959_957.mp4,FaceSwap,hevc,18,1,2311797,4026380
959_957.mp4,FaceSwap,hevc,28,1,664539,1157406
959_957.mp4,FaceSwap,hevc,38,1,225026,391922
959_957.mp4,FaceSwap,av1,20,1,3582936,6240281
959_957.mp4,FaceSwap,av1,30,1,1896295,3302714
959_957.mp4,FaceSwap,av1,40,1,916905,1596943
960_999.mp4,FaceSwap,h264,18,1,5405918,7545762
960_999.mp4,FaceSwap,h264,28,1,1578368,2203140
960_999.mp4,FaceSwap,h264,38,1,437556,610756
960_999.mp4,FaceSwap,hevc,18,1,952619,1329698
960_999.mp4,FaceSwap,hevc,28,1,257671,359667
960_999.mp4,FaceSwap,hevc,38,1,94460,131851
960_999.mp4,FaceSwap,av1,20,1,1507001,2103523
960_999.mp4,FaceSwap,av1,30,1,764141,1066614
960_999.mp4,FaceSwap,av1,40,1,372499,519947
961_069.mp4,FaceSwap,h264,18,1,4923493,6626202
961_069.mp4,FaceSwap,h264,28,1,1199832,1614775
961_069.mp4,FaceSwap,h264,38,1,291198,391904
961_069.mp4,FaceSwap,hevc,18,1,709687,955121
961_069.mp4,FaceSwap,hevc,28,1,195099,262571
961_069.mp4,FaceSwap,hevc,38,1,78138,105161
961_069.mp4,FaceSwap,av1,20,1,936771,1260739
961_069.mp4,FaceSwap,av1,30,1,466802,628238
961_069.mp4,FaceSwap,av1,40,1,220042,296141
962_929.mp4,FaceSwap,h264,18,1,1907616,3656264
962_929.mp4,FaceSwap,h264,28,1,644434,1235166
962_929.mp4,FaceSwap,h264,38,1,197936,379378
962_929.mp4,FaceSwap,hevc,18,1,382216,732582
962_929.mp4,FaceSwap,hevc,28,1,99694,191082
962_929.mp4,FaceSwap,hevc,38,1,37251,71398
962_929.mp4,FaceSwap,av1,20,1,622919,1193929
962_929.mp4,FaceSwap,av1,30,1,337064,646041
962_929.mp4,FaceSwap,av1,40,1,171611,328922
963_879.mp4,FaceSwap,h264,18,1,2377647,6855549
963_879.mp4,FaceSwap,h264,28,1,745848,2150531
963_879.mp4,FaceSwap,h264,38,1,195322,563180
963_879.mp4,FaceSwap,hevc,18,1,452625,1305069
963_879.mp4,FaceSwap,hevc,28,1,120884,348549
963_879.mp4,FaceSwap,hevc,38,1,45788,132023
963_879.mp4,FaceSwap,av1,20,1,917427,2645250
963_879.mp4,FaceSwap,av1,30,1,477523,1376860
963_879.mp4,FaceSwap,av1,40,1,233505,673275
964_174.mp4,FaceSwap,h264,18,1,4199615,3622168
964_174.mp4,FaceSwap,h264,28,1,1289990,1112617
964_174.mp4,FaceSwap,h264,38,1,321625,277402
964_174.mp4,FaceSwap,hevc,18,1,823966,710671
964_174.mp4,FaceSwap,hevc,28,1,242626,209265
964_174.mp4,FaceSwap,hevc,38,1,92492,79775
964_174.mp4,FaceSwap,av1,20,1,2143667,1848913
964_174.mp4,FaceSwap,av1,30,1,1105653,953626
964_174.mp4,FaceSwap,av1,40,1,527252,454755
965_948.mp4,FaceSwap,h264,18,1,10987351,15931659
965_948.mp4,FaceSwap,h264,28,1,2790233,4045838
965_948.mp4,FaceSwap,h264,38,1,611211,886256
965_948.mp4,FaceSwap,hevc,18,1,1574047,2282369
965_948.mp4,FaceSwap,hevc,28,1,392144,568610
965_948.mp4,FaceSwap,hevc,38,1,136482,197899
965_948.mp4,FaceSwap,av1,20,1,2164991,3139237
965_948.mp4,FaceSwap,av1,30,1,1083426,1570968
965_948.mp4,FaceSwap,av1,40,1,512307,742846
966_988.mp4,FaceSwap,h264,18,1,2382361,4335898
966_988.mp4,FaceSwap,h264,28,1,862736,1570180
966_988.mp4,FaceSwap,h264,38,1,256049,466010
966_988.mp4,FaceSwap,hevc,18,1,665106,1210493
966_988.mp4,FaceSwap,hevc,28,1,182514,332177
966_988.mp4,FaceSwap,hevc,38,1,57222,104145
966_988.mp4,FaceSwap,av1,20,1,1002698,1824911
966_988.mp4,FaceSwap,av1,30,1,571461,1040060
966_988.mp4,FaceSwap,av1,40,1,290855,529357
967_984.mp4,FaceSwap,h264,18,1,5215243,8839837
967_984.mp4,FaceSwap,h264,28,1,1680075,2847728
967_984.mp4,FaceSwap,h264,38,1,434568,736593
967_984.mp4,FaceSwap,hevc,18,1,953783,1616663
967_984.mp4,FaceSwap,hevc,28,1,237561,402667
967_984.mp4,FaceSwap,hevc,38,1,74484,126252
967_984.mp4,FaceSwap,av1,20,1,1472391,2495703
967_984.mp4,FaceSwap,av1,30,1,733310,1242962
967_984.mp4,FaceSwap,av1,40,1,350182,593559
968_884.mp4,FaceSwap,h264,18,1,5294821,7942232
968_884.mp4,FaceSwap,h264,28,1,1862109,2793164
968_884.mp4,FaceSwap,h264,38,1,546816,820224
968_884.mp4,FaceSwap,hevc,18,1,1231925,1847888
968_884.mp4,FaceSwap,hevc,28,1,327362,491043
968_884.mp4,FaceSwap,hevc,38,1,101372,152059
968_884.mp4,FaceSwap,av1,20,1,1948057,2922086
968_884.mp4,FaceSwap,av1,30,1,996471,1494707
968_884.mp4,FaceSwap,av1,40,1,467012,700519
969_897.mp4,FaceSwap,h264,18,1,2784120,4635561
969_897.mp4,FaceSwap,h264,28,1,1003972,1671615
969_897.mp4,FaceSwap,h264,38,1,274236,456604
969_897.mp4,FaceSwap,hevc,18,1,666107,1109069
969_897.mp4,FaceSwap,hevc,28,1,170775,284342
969_897.mp4,FaceSwap,hevc,38,1,48619,80951
969_897.mp4,FaceSwap,av1,20,1,1470144,2447790
969_897.mp4,FaceSwap,av1,30,1,726393,1209446
969_897.mp4,FaceSwap,av1,40,1,321264,534905
970_973.mp4,FaceSwap,h264,18,1,2244917,5342903
970_973.mp4,FaceSwap,h264,28,1,815167,1940099
970_973.mp4,FaceSwap,h264,38,1,254132,604835
970_973.mp4,FaceSwap,hevc,18,1,432784,1030028
970_973.mp4,FaceSwap,hevc,28,1,103701,246810
970_973.mp4,FaceSwap,hevc,38,1,35672,84900
970_973.mp4,FaceSwap,av1,20,1,921280,2192648
970_973.mp4,FaceSwap,av1,30,1,476118,1133162
970_973.mp4,FaceSwap,av1,40,1,198024,471298
971_564.mp4,FaceSwap,h264,18,1,8600189,12685279
971_564.mp4,FaceSwap,h264,28,1,2104831,3104627
971_564.mp4,FaceSwap,h264,38,1,570484,841465
971_564.mp4,FaceSwap,hevc,18,1,1102091,1625585
971_564.mp4,FaceSwap,hevc,28,1,330501,487489
971_564.mp4,FaceSwap,hevc,38,1,139880,206324
971_564.mp4,FaceSwap,av1,20,1,1562049,2304023
971_564.mp4,FaceSwap,av1,30,1,818811,1207747
971_564.mp4,FaceSwap,av1,40,1,402470,593644
972_718.mp4,FaceSwap,h264,18,1,11480301,17851869
972_718.mp4,FaceSwap,h264,28,1,2252418,3502511
972_718.mp4,FaceSwap,h264,38,1,455593,708448
972_718.mp4,FaceSwap,hevc,18,1,1560012,2425820
972_718.mp4,FaceSwap,hevc,28,1,294846,458487
972_718.mp4,FaceSwap,hevc,38,1,98677,153444
972_718.mp4,FaceSwap,av1,20,1,1664617,2588480
972_718.mp4,FaceSwap,av1,30,1,798943,1242357
972_718.mp4,FaceSwap,av1,40,1,333328,518326
973_970.mp4,FaceSwap,h264,18,1,2154145,5126866
973_970.mp4,FaceSwap,h264,28,1,746108,1775739
973_970.mp4,FaceSwap,h264,38,1,179994,428388
973_970.mp4,FaceSwap,hevc,18,1,466701,1110750
973_970.mp4,FaceSwap,hevc,28,1,113437,269981
973_970.mp4,FaceSwap,hevc,38,1,35826,85268
973_970.mp4,FaceSwap,av1,20,1,781763,1860598
973_970.mp4,FaceSwap,av1,30,1,424391,1010051
973_970.mp4,FaceSwap,av1,40,1,205235,488460
974_953.mp4,FaceSwap,h264,18,1,2354775,3744093
974_953.mp4,FaceSwap,h264,28,1,842986,1340349
974_953.mp4,FaceSwap,h264,38,1,235586,374583
974_953.mp4,FaceSwap,hevc,18,1,608360,967293
974_953.mp4,FaceSwap,hevc,28,1,167935,267017
974_953.mp4,FaceSwap,hevc,38,1,53478,85031
974_953.mp4,FaceSwap,av1,20,1,901742,1433771
974_953.mp4,FaceSwap,av1,30,1,496162,788899
974_953.mp4,FaceSwap,av1,40,1,235603,374609
975_978.mp4,FaceSwap,h264,18,1,4707632,5963001
975_978.mp4,FaceSwap,h264,28,1,1119046,1417459
975_978.mp4,FaceSwap,h264,38,1,242707,307429
975_978.mp4,FaceSwap,hevc,18,1,638467,808726
975_978.mp4,FaceSwap,hevc,28,1,156693,198478
975_978.mp4,FaceSwap,hevc,38,1,62267,78872
975_978.mp4,FaceSwap,av1,20,1,930228,1178289
975_978.mp4,FaceSwap,av1,30,1,461610,584707
975_978.mp4,FaceSwap,av1,40,1,220155,278863
976_954.mp4,FaceSwap,h264,18,1,3160443,5183128
976_954.mp4,FaceSwap,h264,28,1,960787,1575692
976_954.mp4,FaceSwap,h264,38,1,238047,390398
976_954.mp4,FaceSwap,hevc,18,1,677651,1111348
976_954.mp4,FaceSwap,hevc,28,1,201612,330644
976_954.mp4,FaceSwap,hevc,38,1,58531,95992
976_954.mp4,FaceSwap,av1,20,1,1048623,1719742
976_954.mp4,FaceSwap,av1,30,1,581623,953863
976_954.mp4,FaceSwap,av1,40,1,291218,477599
977_075.mp4,FaceSwap,h264,18,1,2816372,7193484
977_075.mp4,FaceSwap,h264,28,1,803542,2052381
977_075.mp4,FaceSwap,h264,38,1,207680,530451
977_075.mp4,FaceSwap,hevc,18,1,571731,1460298
977_075.mp4,FaceSwap,hevc,28,1,154456,394508
977_075.mp4,FaceSwap,hevc,38,1,55033,140564
977_075.mp4,FaceSwap,av1,20,1,991064,2531344
977_075.mp4,FaceSwap,av1,30,1,506477,1293627
977_075.mp4,FaceSwap,av1,40,1,242689,619870
978_975.mp4,FaceSwap,h264,18,1,5603870,7098236
978_975.mp4,FaceSwap,h264,28,1,1526641,1933746
978_975.mp4,FaceSwap,h264,38,1,400228,506956
978_975.mp4,FaceSwap,hevc,18,1,971951,1231139
978_975.mp4,FaceSwap,hevc,28,1,265542,336354
978_975.mp4,FaceSwap,hevc,38,1,96941,122793
978_975.mp4,FaceSwap,av1,20,1,1637461,2074118
978_975.mp4,FaceSwap,av1,30,1,816978,1034840
978_975.mp4,FaceSwap,av1,40,1,378460,479383
979_875.mp4,FaceSwap,h264,18,1,5922403,8266689
979_875.mp4,FaceSwap,h264,28,1,1664210,2322960
979_875.mp4,FaceSwap,h264,38,1,417880,583292
979_875.mp4,FaceSwap,hevc,18,1,894470,1248532
979_875.mp4,FaceSwap,hevc,28,1,231541,323193
979_875.mp4,FaceSwap,hevc,38,1,86320,120489
979_875.mp4,FaceSwap,av1,20,1,1435048,2003089
979_875.mp4,FaceSwap,av1,30,1,752119,1049833
979_875.mp4,FaceSwap,av1,40,1,381034,531860
980_992.mp4,FaceSwap,h264,18,1,2252396,4313340
980_992.mp4,FaceSwap,h264,28,1,797972,1528118
980_992.mp4,FaceSwap,h264,38,1,232421,445088
980_992.mp4,FaceSwap,hevc,18,1,547408,1048287
980_992.mp4,FaceSwap,hevc,28,1,144631,276969
980_992.mp4,FaceSwap,hevc,38,1,48501,92881
980_992.mp4,FaceSwap,av1,20,1,1065223,2039903
980_992.mp4,FaceSwap,av1,30,1,524787,1004968
980_992.mp4,FaceSwap,av1,40,1,244857,468903
981_985.mp4,FaceSwap,h264,18,1,2558531,4387881
981_985.mp4,FaceSwap,h264,28,1,875955,1502263
981_985.mp4,FaceSwap,h264,38,1,232497,398734
981_985.mp4,FaceSwap,hevc,18,1,570752,978841
981_985.mp4,FaceSwap,hevc,28,1,155505,266692
981_985.mp4,FaceSwap,hevc,38,1,48233,82721
981_985.mp4,FaceSwap,av1,20,1,837696,1436650
981_985.mp4,FaceSwap,av1,30,1,467683,802077
981_985.mp4,FaceSwap,av1,40,1,237646,407563
982_004.mp4,FaceSwap,h264,18,1,1879899,2904445
982_004.mp4,FaceSwap,h264,28,1,503040,777198
982_004.mp4,FaceSwap,h264,38,1,118973,183814
982_004.mp4,FaceSwap,hevc,18,1,278728,430635
982_004.mp4,FaceSwap,hevc,28,1,70865,109487
982_004.mp4,FaceSwap,hevc,38,1,30877,47706
982_004.mp4,FaceSwap,av1,20,1,515075,795791
982_004.mp4,FaceSwap,av1,30,1,263335,406854
982_004.mp4,FaceSwap,av1,40,1,119583,184757
983_113.mp4,FaceSwap,h264,18,1,2109088,4281450
983_113.mp4,FaceSwap,h264,28,1,482382,979236
983_113.mp4,FaceSwap,h264,38,1,135526,275118
983_113.mp4,FaceSwap,hevc,18,1,290586,589890
983_113.mp4,FaceSwap,hevc,28,1,77994,158329
983_113.mp4,FaceSwap,hevc,38,1,34892,70831
983_113.mp4,FaceSwap,av1,20,1,427141,867097
983_113.mp4,FaceSwap,av1,30,1,235723,478518
983_113.mp4,FaceSwap,av1,40,1,120045,243692
984_967.mp4,FaceSwap,h264,18,1,4298804,7286473
984_967.mp4,FaceSwap,h264,28,1,883896,1498205
984_967.mp4,FaceSwap,h264,38,1,235197,398659
984_967.mp4,FaceSwap,hevc,18,1,527437,894006
984_967.mp4,FaceSwap,hevc,28,1,145153,246035
984_967.mp4,FaceSwap,hevc,38,1,63301,107296
984_967.mp4,FaceSwap,av1,20,1,673857,1142188
984_967.mp4,FaceSwap,av1,30,1,348280,590336
984_967.mp4,FaceSwap,av1,40,1,179086,303551
985_981.mp4,FaceSwap,h264,18,1,2911626,4993440
985_981.mp4,FaceSwap,h264,28,1,842109,1444217
985_981.mp4,FaceSwap,h264,38,1,210103,360328
985_981.mp4,FaceSwap,hevc,18,1,600330,1029566
985_981.mp4,FaceSwap,hevc,28,1,131918,226240
985_981.mp4,FaceSwap,hevc,38,1,43039,73812
985_981.mp4,FaceSwap,av1,20,1,975496,1672977
985_981.mp4,FaceSwap,av1,30,1,541086,927963
985_981.mp4,FaceSwap,av1,40,1,258299,442984
986_994.mp4,FaceSwap,h264,18,1,4298042,6790907
986_994.mp4,FaceSwap,h264,28,1,1383122,2185333
986_994.mp4,FaceSwap,h264,38,1,415035,655756
986_994.mp4,FaceSwap,hevc,18,1,746013,1178701
986_994.mp4,FaceSwap,hevc,28,1,188684,298121
986_994.mp4,FaceSwap,hevc,38,1,64128,101323
986_994.mp4,FaceSwap,av1,20,1,1226880,1938471
986_994.mp4,FaceSwap,av1,30,1,619977,979565
986_994.mp4,FaceSwap,av1,40,1,292022,461396
987_938.mp4,FaceSwap,h264,18,1,1963493,3622645
987_938.mp4,FaceSwap,h264,28,1,566526,1045242
987_938.mp4,FaceSwap,h264,38,1,134265,247720
987_938.mp4,FaceSwap,hevc,18,1,310300,572504
987_938.mp4,FaceSwap,hevc,28,1,82923,152993
987_938.mp4,FaceSwap,hevc,38,1,31714,58514
987_938.mp4,FaceSwap,av1,20,1,464457,856925
987_938.mp4,FaceSwap,av1,30,1,257013,474189
987_938.mp4,FaceSwap,av1,40,1,134147,247502
988_966.mp4,FaceSwap,h264,18,1,1946231,3542142
988_966.mp4,FaceSwap,h264,28,1,593651,1080446
988_966.mp4,FaceSwap,h264,38,1,146852,267272
988_966.mp4,FaceSwap,hevc,18,1,346657,630917
988_966.mp4,FaceSwap,hevc,28,1,79504,144699
988_966.mp4,FaceSwap,hevc,38,1,29842,54314
988_966.mp4,FaceSwap,av1,20,1,564669,1027699
988_966.mp4,FaceSwap,av1,30,1,300380,546693
988_966.mp4,FaceSwap,av1,40,1,148533,270331
989_993.mp4,FaceSwap,h264,18,1,2928731,5989255
989_993.mp4,FaceSwap,h264,28,1,967935,1979428
989_993.mp4,FaceSwap,h264,38,1,249448,510123
989_993.mp4,FaceSwap,hevc,18,1,685677,1402211
989_993.mp4,FaceSwap,hevc,28,1,162954,333242
989_993.mp4,FaceSwap,hevc,38,1,46386,94861
989_993.mp4,FaceSwap,av1,20,1,1210104,2474663
989_993.mp4,FaceSwap,av1,30,1,612708,1252989
989_993.mp4,FaceSwap,av1,40,1,285509,583866
990_008.mp4,FaceSwap,h264,18,1,3226154,4919885
990_008.mp4,FaceSwap,h264,28,1,1251634,1908742
990_008.mp4,FaceSwap,h264,38,1,428531,653511
990_008.mp4,FaceSwap,hevc,18,1,810955,1236707
990_008.mp4,FaceSwap,hevc,28,1,230552,351593
990_008.mp4,FaceSwap,hevc,38,1,70557,107600
990_008.mp4,FaceSwap,av1,20,1,1687857,2573983
990_008.mp4,FaceSwap,av1,30,1,835619,1274319
990_008.mp4,FaceSwap,av1,40,1,373818,570073
991_064.mp4,FaceSwap,h264,18,1,1608356,3232797
991_064.mp4,FaceSwap,h264,28,1,381674,767166
991_064.mp4,FaceSwap,h264,38,1,82220,165264
991_064.mp4,FaceSwap,hevc,18,1,156786,315140
991_064.mp4,FaceSwap,hevc,28,1,42723,85875
991_064.mp4,FaceSwap,hevc,38,1,22925,46080
991_064.mp4,FaceSwap,av1,20,1,286665,576197
991_064.mp4,FaceSwap,av1,30,1,149489,300473
991_064.mp4,FaceSwap,av1,40,1,75449,151654
992_980.mp4,FaceSwap,h264,18,1,3432228,6572717
992_980.mp4,FaceSwap,h264,28,1,1319634,2527101
992_980.mp4,FaceSwap,h264,38,1,377939,723754
992_980.mp4,FaceSwap,hevc,18,1,1015422,1944535
992_980.mp4,FaceSwap,hevc,28,1,299046,572674
992_980.mp4,FaceSwap,hevc,38,1,83443,159795
992_980.mp4,FaceSwap,av1,20,1,1351573,2588264
992_980.mp4,FaceSwap,av1,30,1,810032,1551212
992_980.mp4,FaceSwap,av1,40,1,402263,770335
993_989.mp4,FaceSwap,h264,18,1,3107795,6355442
993_989.mp4,FaceSwap,h264,28,1,1072954,2194192
993_989.mp4,FaceSwap,h264,38,1,321713,657905
993_989.mp4,FaceSwap,hevc,18,1,846230,1730541
993_989.mp4,FaceSwap,hevc,28,1,197524,403938
993_989.mp4,FaceSwap,hevc,38,1,55218,112921
993_989.mp4,FaceSwap,av1,20,1,1245211,2546458
993_989.mp4,FaceSwap,av1,30,1,656099,1341723
993_989.mp4,FaceSwap,av1,40,1,306935,627684
994_986.mp4,FaceSwap,h264,18,1,3925551,6202371
994_986.mp4,FaceSwap,h264,28,1,1227918,1940112
994_986.mp4,FaceSwap,h264,38,1,236651,373910
994_986.mp4,FaceSwap,hevc,18,1,931912,1472421
994_986.mp4,FaceSwap,hevc,28,1,202979,320708
994_986.mp4,FaceSwap,hevc,38,1,53262,84155
994_986.mp4,FaceSwap,av1,20,1,1345124,2125297
994_986.mp4,FaceSwap,av1,30,1,708548,1119506
994_986.mp4,FaceSwap,av1,40,1,341617,539755
995_233.mp4,FaceSwap,h264,18,1,2065079,4715264
995_233.mp4,FaceSwap,h264,28,1,781271,1783903
995_233.mp4,FaceSwap,h264,38,1,263189,600950
995_233.mp4,FaceSwap,hevc,18,1,651758,1488182
995_233.mp4,FaceSwap,hevc,28,1,209359,478038
995_233.mp4,FaceSwap,hevc,38,1,75122,171529
995_233.mp4,FaceSwap,av1,20,1,899792,2054526
995_233.mp4,FaceSwap,av1,30,1,522189,1192333
995_233.mp4,FaceSwap,av1,40,1,256531,585748
996_056.mp4,FaceSwap,h264,18,1,3015663,4704435
996_056.mp4,FaceSwap,h264,28,1,975984,1522536
996_056.mp4,FaceSwap,h264,38,1,271563,423639
996_056.mp4,FaceSwap,hevc,18,1,746436,1164441
996_056.mp4,FaceSwap,hevc,28,1,193393,301694
996_056.mp4,FaceSwap,hevc,38,1,60531,94429
996_056.mp4,FaceSwap,av1,20,1,1385773,2161806
996_056.mp4,FaceSwap,av1,30,1,689229,1075198
996_056.mp4,FaceSwap,av1,40,1,324896,506839
997_040.mp4,FaceSwap,h264,18,1,2869342,6283861
997_040.mp4,FaceSwap,h264,28,1,971394,2127353
997_040.mp4,FaceSwap,h264,38,1,249409,546207
997_040.mp4,FaceSwap,hevc,18,1,801276,1754795
997_040.mp4,FaceSwap,hevc,28,1,192755,422134
997_040.mp4,FaceSwap,hevc,38,1,53528,117228
997_040.mp4,FaceSwap,av1,20,1,1247886,2732871
997_040.mp4,FaceSwap,av1,30,1,680511,1490321
997_040.mp4,FaceSwap,av1,40,1,325700,713283
998_561.mp4,FaceSwap,h264,18,1,7672109,10996690
998_561.mp4,FaceSwap,h264,28,1,2190752,3140079
998_561.mp4,FaceSwap,h264,38,1,680587,975509
998_561.mp4,FaceSwap,hevc,18,1,1206847,1729815
998_561.mp4,FaceSwap,hevc,28,1,301044,431497
998_561.mp4,FaceSwap,hevc,38,1,102091,146331
998_561.mp4,FaceSwap,av1,20,1,1754326,2514535
998_561.mp4,FaceSwap,av1,30,1,889727,1275276
998_561.mp4,FaceSwap,av1,40,1,438617,628685
999_960.mp4,FaceSwap,h264,18,1,2002138,2794652
999_960.mp4,FaceSwap,h264,28,1,456517,637222
999_960.mp4,FaceSwap,h264,38,1,98063,136880
999_960.mp4,FaceSwap,hevc,18,1,283937,396329
999_960.mp4,FaceSwap,hevc,28,1,75192,104956
999_960.mp4,FaceSwap,hevc,38,1,34314,47898
999_960.mp4,FaceSwap,av1,20,1,380817,531558
999_960.mp4,FaceSwap,av1,30,1,211199,294799
999_960.mp4,FaceSwap,av1,40,1,110396,154095
860_905.mp4,NeuralTextures,h264,18,1,8799227,14005437
860_905.mp4,NeuralTextures,h264,28,1,2152214,3425608
860_905.mp4,NeuralTextures,h264,38,1,671707,1069135
860_905.mp4,NeuralTextures,hevc,18,1,1078335,1716351
860_905.mp4,NeuralTextures,hevc,28,1,339116,539761
860_905.mp4,NeuralTextures,hevc,38,1,140384,223445
860_905.mp4,NeuralTextures,av1,20,1,2004952,3191216
860_905.mp4,NeuralTextures,av1,30,1,1129113,1797172
860_905.mp4,NeuralTextures,av1,40,1,586043,932786
861_858.mp4,NeuralTextures,h264,18,1,3155080,7619519
861_858.mp4,NeuralTextures,h264,28,1,1206276,2913157
861_858.mp4,NeuralTextures,h264,38,1,362366,875116
861_858.mp4,NeuralTextures,hevc,18,1,968676,2339353
861_858.mp4,NeuralTextures,hevc,28,1,274281,662391
861_858.mp4,NeuralTextures,hevc,38,1,82594,199465
861_858.mp4,NeuralTextures,av1,20,1,1493901,3607771
861_858.mp4,NeuralTextures,av1,30,1,884605,2136322
861_858.mp4,NeuralTextures,av1,40,1,443913,1072051
862_047.mp4,NeuralTextures,h264,18,1,4927153,6549008
862_047.mp4,NeuralTextures,h264,28,1,1429597,1900173
862_047.mp4,NeuralTextures,h264,38,1,441824,587258
862_047.mp4,NeuralTextures,hevc,18,1,781919,1039301
862_047.mp4,NeuralTextures,hevc,28,1,223899,297600
862_047.mp4,NeuralTextures,hevc,38,1,83299,110719
862_047.mp4,NeuralTextures,av1,20,1,1341976,1783711
862_047.mp4,NeuralTextures,av1,30,1,721361,958809
862_047.mp4,NeuralTextures,av1,40,1,346028,459929
863_853.mp4,NeuralTextures,h264,18,1,4618214,9871434
863_853.mp4,NeuralTextures,h264,28,1,1263680,2701116
863_853.mp4,NeuralTextures,h264,38,1,348608,745150
863_853.mp4,NeuralTextures,hevc,18,1,731304,1563163
863_853.mp4,NeuralTextures,hevc,28,1,222114,474769
863_853.mp4,NeuralTextures,hevc,38,1,85879,183567
863_853.mp4,NeuralTextures,av1,20,1,1098941,2348987
863_853.mp4,NeuralTextures,av1,30,1,564301,1206194
863_853.mp4,NeuralTextures,av1,40,1,272254,581943
864_839.mp4,NeuralTextures,h264,18,1,2356957,3841841
864_839.mp4,NeuralTextures,h264,28,1,825125,1344955
864_839.mp4,NeuralTextures,h264,38,1,233556,380697
864_839.mp4,NeuralTextures,hevc,18,1,543253,885504
864_839.mp4,NeuralTextures,hevc,28,1,141361,230419
864_839.mp4,NeuralTextures,hevc,38,1,47571,77542
864_839.mp4,NeuralTextures,av1,20,1,821887,1339677
864_839.mp4,NeuralTextures,av1,30,1,459053,748257
864_839.mp4,NeuralTextures,av1,40,1,228133,371857
865_739.mp4,NeuralTextures,h264,18,1,13264878,8401090
865_739.mp4,NeuralTextures,h264,28,1,3219699,2039143
865_739.mp4,NeuralTextures,h264,38,1,987910,625677
865_739.mp4,NeuralTextures,hevc,18,1,1827631,1157500
865_739.mp4,NeuralTextures,hevc,28,1,465892,295065
865_739.mp4,NeuralTextures,hevc,38,1,202882,128492
865_739.mp4,NeuralTextures,av1,20,1,3100957,1963940
865_739.mp4,NeuralTextures,av1,30,1,1519912,962611
865_739.mp4,NeuralTextures,av1,40,1,671279,425144
866_878.mp4,NeuralTextures,h264,18,1,11498634,24386687
866_878.mp4,NeuralTextures,h264,28,1,3157227,6695953
866_878.mp4,NeuralTextures,h264,38,1,642814,1363303
866_878.mp4,NeuralTextures,hevc,18,1,1640675,3479599
866_878.mp4,NeuralTextures,hevc,28,1,374975,795261
866_878.mp4,NeuralTextures,hevc,38,1,124172,263349
866_878.mp4,NeuralTextures,av1,20,1,2372575,5031838
866_878.mp4,NeuralTextures,av1,30,1,1178563,2499537
866_878.mp4,NeuralTextures,av1,40,1,517836,1098245
867_765.mp4,NeuralTextures,h264,18,1,4073084,6584820
867_765.mp4,NeuralTextures,h264,28,1,1487132,2404198
867_765.mp4,NeuralTextures,h264,38,1,396686,641310
867_765.mp4,NeuralTextures,hevc,18,1,1038074,1678221
867_765.mp4,NeuralTextures,hevc,28,1,236610,382520
867_765.mp4,NeuralTextures,hevc,38,1,64122,103664
867_765.mp4,NeuralTextures,av1,20,1,1800182,2910295
867_765.mp4,NeuralTextures,av1,30,1,909415,1470222
867_765.mp4,NeuralTextures,av1,40,1,417342,674704
868_949.mp4,NeuralTextures,h264,18,1,2134490,3833189
868_949.mp4,NeuralTextures,h264,28,1,753755,1353620
868_949.mp4,NeuralTextures,h264,38,1,252905,454176
868_949.mp4,NeuralTextures,hevc,18,1,448703,805796
868_949.mp4,NeuralTextures,hevc,28,1,130826,234943
868_949.mp4,NeuralTextures,hevc,38,1,46571,83634
868_949.mp4,NeuralTextures,av1,20,1,889198,1596853
868_949.mp4,NeuralTextures,av1,30,1,484729,870493
868_949.mp4,NeuralTextures,av1,40,1,224244,402705
869_780.mp4,NeuralTextures,h264,18,1,12674285,21102686
869_780.mp4,NeuralTextures,h264,28,1,3591165,5979290
869_780.mp4,NeuralTextures,h264,38,1,960857,1599827
869_780.mp4,NeuralTextures,hevc,18,1,2286544,3807097
869_780.mp4,NeuralTextures,hevc,28,1,586368,976304
869_780.mp4,NeuralTextures,hevc,38,1,189212,315039
869_780.mp4,NeuralTextures,av1,20,1,3171476,5280508
869_780.mp4,NeuralTextures,av1,30,1,1606500,2674824
869_780.mp4,NeuralTextures,av1,40,1,770743,1283288
870_001.mp4,NeuralTextures,h264,18,1,5090801,11708844
870_001.mp4,NeuralTextures,h264,28,1,1719030,3953770
870_001.mp4,NeuralTextures,h264,38,1,418288,962063
870_001.mp4,NeuralTextures,hevc,18,1,979223,2252214
870_001.mp4,NeuralTextures,hevc,28,1,198680,456966
870_001.mp4,NeuralTextures,hevc,38,1,61633,141758
870_001.mp4,NeuralTextures,av1,20,1,1639860,3771680
870_001.mp4,NeuralTextures,av1,30,1,880378,2024871
870_001.mp4,NeuralTextures,av1,40,1,363489,836025
871_814.mp4,NeuralTextures,h264,18,1,3645491,5285963
871_814.mp4,NeuralTextures,h264,28,1,926135,1342896
871_814.mp4,NeuralTextures,h264,38,1,206867,299958
871_814.mp4,NeuralTextures,hevc,18,1,674800,978460
871_814.mp4,NeuralTextures,hevc,28,1,173820,252040
871_814.mp4,NeuralTextures,hevc,38,1,56710,82230
871_814.mp4,NeuralTextures,av1,20,1,1145480,1660946
871_814.mp4,NeuralTextures,av1,30,1,579159,839781
871_814.mp4,NeuralTextures,av1,40,1,278184,403367
872_873.mp4,NeuralTextures,h264,18,1,2112012,5005470
872_873.mp4,NeuralTextures,h264,28,1,573389,1358934
872_873.mp4,NeuralTextures,h264,38,1,123410,292482
872_873.mp4,NeuralTextures,hevc,18,1,271591,643671
872_873.mp4,NeuralTextures,hevc,28,1,73376,173903
872_873.mp4,NeuralTextures,hevc,38,1,31742,75229
872_873.mp4,NeuralTextures,av1,20,1,400620,949471
872_873.mp4,NeuralTextures,av1,30,1,228514,541580
872_873.mp4,NeuralTextures,av1,40,1,126577,299989
873_872.mp4,NeuralTextures,h264,18,1,4415297,10464254
873_872.mp4,NeuralTextures,h264,28,1,1156056,2739854
873_872.mp4,NeuralTextures,h264,38,1,314098,744414
873_872.mp4,NeuralTextures,hevc,18,1,560272,1327845
873_872.mp4,NeuralTextures,hevc,28,1,161168,381970
873_872.mp4,NeuralTextures,hevc,38,1,67237,159353
873_872.mp4,NeuralTextures,av1,20,1,911870,2161132
873_872.mp4,NeuralTextures,av1,30,1,495615,1174608
873_872.mp4,NeuralTextures,av1,40,1,256243,607298
874_291.mp4,NeuralTextures,h264,18,1,8463314,11637058
874_291.mp4,NeuralTextures,h264,28,1,2036748,2800529
874_291.mp4,NeuralTextures,h264,38,1,558749,768281
874_291.mp4,NeuralTextures,hevc,18,1,1019837,1402276
874_291.mp4,NeuralTextures,hevc,28,1,310752,427285
874_291.mp4,NeuralTextures,hevc,38,1,131321,180567
874_291.mp4,NeuralTextures,av1,20,1,1276821,1755629
874_291.mp4,NeuralTextures,av1,30,1,677080,930985
874_291.mp4,NeuralTextures,av1,40,1,355105,488270
875_979.mp4,NeuralTextures,h264,18,1,4720862,6589537
875_979.mp4,NeuralTextures,h264,28,1,1474574,2058260
875_979.mp4,NeuralTextures,h264,38,1,458985,640667
875_979.mp4,NeuralTextures,hevc,18,1,595626,831396
875_979.mp4,NeuralTextures,hevc,28,1,156897,219003
875_979.mp4,NeuralTextures,hevc,38,1,60987,85129
875_979.mp4,NeuralTextures,av1,20,1,879975,1228299
875_979.mp4,NeuralTextures,av1,30,1,448298,625750
875_979.mp4,NeuralTextures,av1,40,1,212426,296512
876_891.mp4,NeuralTextures,h264,18,1,4450006,5488341
876_891.mp4,NeuralTextures,h264,28,1,1046527,1290717
876_891.mp4,NeuralTextures,h264,38,1,272969,336662
876_891.mp4,NeuralTextures,hevc,18,1,504016,621620
876_891.mp4,NeuralTextures,hevc,28,1,137579,169681
876_891.mp4,NeuralTextures,hevc,38,1,62691,77319
876_891.mp4,NeuralTextures,av1,20,1,929784,1146734
876_891.mp4,NeuralTextures,av1,30,1,513220,632972
876_891.mp4,NeuralTextures,av1,40,1,246581,304117
877_886.mp4,NeuralTextures,h264,18,1,3886845,10202969
877_886.mp4,NeuralTextures,h264,28,1,1285057,3373275
877_886.mp4,NeuralTextures,h264,38,1,420941,1104971
877_886.mp4,NeuralTextures,hevc,18,1,656069,1722182
877_886.mp4,NeuralTextures,hevc,28,1,174224,457338
877_886.mp4,NeuralTextures,hevc,38,1,63530,166768
877_886.mp4,NeuralTextures,av1,20,1,1038071,2724938
877_886.mp4,NeuralTextures,av1,30,1,538489,1413534
877_886.mp4,NeuralTextures,av1,40,1,260890,684837
878_866.mp4,NeuralTextures,h264,18,1,4446375,9430021
878_866.mp4,NeuralTextures,h264,28,1,1061349,2250946
878_866.mp4,NeuralTextures,h264,38,1,253159,536909
878_866.mp4,NeuralTextures,hevc,18,1,486022,1030772
878_866.mp4,NeuralTextures,hevc,28,1,140536,298054
878_866.mp4,NeuralTextures,hevc,38,1,63102,133829
878_866.mp4,NeuralTextures,av1,20,1,693969,1471793
878_866.mp4,NeuralTextures,av1,30,1,360058,763624
878_866.mp4,NeuralTextures,av1,40,1,182623,387315
879_963.mp4,NeuralTextures,h264,18,1,2720411,7843853
879_963.mp4,NeuralTextures,h264,28,1,848073,2445279
879_963.mp4,NeuralTextures,h264,38,1,206424,595191
879_963.mp4,NeuralTextures,hevc,18,1,495635,1429083
879_963.mp4,NeuralTextures,hevc,28,1,129996,374823
879_963.mp4,NeuralTextures,hevc,38,1,47498,136954
879_963.mp4,NeuralTextures,av1,20,1,972424,2803823
879_963.mp4,NeuralTextures,av1,30,1,524032,1510959
879_963.mp4,NeuralTextures,av1,40,1,262976,758248
880_135.mp4,NeuralTextures,h264,18,1,7767425,13228896
880_135.mp4,NeuralTextures,h264,28,1,1522862,2593626
880_135.mp4,NeuralTextures,h264,38,1,360633,614204
880_135.mp4,NeuralTextures,hevc,18,1,681689,1161002
880_135.mp4,NeuralTextures,hevc,28,1,193884,330209
880_135.mp4,NeuralTextures,hevc,38,1,84288,143554
880_135.mp4,NeuralTextures,av1,20,1,1043072,1776482
880_135.mp4,NeuralTextures,av1,30,1,532862,907532
880_135.mp4,NeuralTextures,av1,40,1,258727,440646
881_856.mp4,NeuralTextures,h264,18,1,2080151,5529737
881_856.mp4,NeuralTextures,h264,28,1,631162,1677841
881_856.mp4,NeuralTextures,h264,38,1,165030,438707
881_856.mp4,NeuralTextures,hevc,18,1,398510,1059374
881_856.mp4,NeuralTextures,hevc,28,1,103928,276276
881_856.mp4,NeuralTextures,hevc,38,1,42606,113262
881_856.mp4,NeuralTextures,av1,20,1,797741,2120663
881_856.mp4,NeuralTextures,av1,30,1,445994,1185602
881_856.mp4,NeuralTextures,av1,40,1,217732,578806
882_952.mp4,NeuralTextures,h264,18,1,14563950,20207482
882_952.mp4,NeuralTextures,h264,28,1,4255216,5904113
882_952.mp4,NeuralTextures,h264,38,1,1285131,1783120
882_952.mp4,NeuralTextures,hevc,18,1,2813896,3904282
882_952.mp4,NeuralTextures,hevc,28,1,808678,1122042
882_952.mp4,NeuralTextures,hevc,38,1,263202,365193
882_952.mp4,NeuralTextures,av1,20,1,4040531,5606238
882_952.mp4,NeuralTextures,av1,30,1,2123590,2946482
882_952.mp4,NeuralTextures,av1,40,1,1012898,1405397
883_013.mp4,NeuralTextures,h264,18,1,5889299,9776237
883_013.mp4,NeuralTextures,h264,28,1,1882374,3124742
883_013.mp4,NeuralTextures,h264,38,1,550383,913637
883_013.mp4,NeuralTextures,hevc,18,1,1263865,2098016
883_013.mp4,NeuralTextures,hevc,28,1,352284,584793
883_013.mp4,NeuralTextures,hevc,38,1,115055,190992
883_013.mp4,NeuralTextures,av1,20,1,1767868,2934661
883_013.mp4,NeuralTextures,av1,30,1,923683,1533315
883_013.mp4,NeuralTextures,av1,40,1,454022,753677
884_968.mp4,NeuralTextures,h264,18,1,6005593,9008390
884_968.mp4,NeuralTextures,h264,28,1,2022313,3033470
884_968.mp4,NeuralTextures,h264,38,1,617856,926785
884_968.mp4,NeuralTextures,hevc,18,1,1362221,2043332
884_968.mp4,NeuralTextures,hevc,28,1,393970,590955
884_968.mp4,NeuralTextures,hevc,38,1,124992,187488
884_968.mp4,NeuralTextures,av1,20,1,1879972,2819958
884_968.mp4,NeuralTextures,av1,30,1,985564,1478347
884_968.mp4,NeuralTextures,av1,40,1,477616,716425
885_802.mp4,NeuralTextures,h264,18,1,2293252,3772401
885_802.mp4,NeuralTextures,h264,28,1,793048,1304565
885_802.mp4,NeuralTextures,h264,38,1,221821,364896
885_802.mp4,NeuralTextures,hevc,18,1,419483,690050
885_802.mp4,NeuralTextures,hevc,28,1,113017,185913
885_802.mp4,NeuralTextures,hevc,38,1,40264,66235
885_802.mp4,NeuralTextures,av1,20,1,651431,1071604
885_802.mp4,NeuralTextures,av1,30,1,357528,588134
885_802.mp4,NeuralTextures,av1,40,1,183848,302431
886_877.mp4,NeuralTextures,h264,18,1,1980743,5199452
886_877.mp4,NeuralTextures,h264,28,1,568489,1492285
886_877.mp4,NeuralTextures,h264,38,1,139617,366495
886_877.mp4,NeuralTextures,hevc,18,1,263033,690462
886_877.mp4,NeuralTextures,hevc,28,1,69658,182854
886_877.mp4,NeuralTextures,hevc,38,1,29188,76619
886_877.mp4,NeuralTextures,av1,20,1,398941,1047221
886_877.mp4,NeuralTextures,av1,30,1,218904,574624
886_877.mp4,NeuralTextures,av1,40,1,117027,307198
887_275.mp4,NeuralTextures,h264,18,1,2152741,3648896
887_275.mp4,NeuralTextures,h264,28,1,575946,976229
887_275.mp4,NeuralTextures,h264,38,1,146943,249070
887_275.mp4,NeuralTextures,hevc,18,1,364035,617040
887_275.mp4,NeuralTextures,hevc,28,1,104974,177931
887_275.mp4,NeuralTextures,hevc,38,1,41794,70841
887_275.mp4,NeuralTextures,av1,20,1,516009,874636
887_275.mp4,NeuralTextures,av1,30,1,294379,498974
887_275.mp4,NeuralTextures,av1,40,1,156833,265832
888_937.mp4,NeuralTextures,h264,18,1,2009701,3084892
888_937.mp4,NeuralTextures,h264,28,1,631663,969603
888_937.mp4,NeuralTextures,h264,38,1,151480,232523
888_937.mp4,NeuralTextures,hevc,18,1,287856,441859
888_937.mp4,NeuralTextures,hevc,28,1,75992,116648
888_937.mp4,NeuralTextures,hevc,38,1,31326,48086
888_937.mp4,NeuralTextures,av1,20,1,424659,651853
888_937.mp4,NeuralTextures,av1,30,1,227273,348865
888_937.mp4,NeuralTextures,av1,40,1,118919,182542
889_045.mp4,NeuralTextures,h264,18,1,13926604,22909265
889_045.mp4,NeuralTextures,h264,28,1,3415502,5618501
889_045.mp4,NeuralTextures,h264,38,1,874315,1438249
889_045.mp4,NeuralTextures,hevc,18,1,2423913,3987338
889_045.mp4,NeuralTextures,hevc,28,1,594231,977510
889_045.mp4,NeuralTextures,hevc,38,1,190846,313943
889_045.mp4,NeuralTextures,av1,20,1,3048522,5014820
889_045.mp4,NeuralTextures,av1,30,1,1502190,2471104
889_045.mp4,NeuralTextures,av1,40,1,673381,1107713
890_837.mp4,NeuralTextures,h264,18,1,2468956,3507976
890_837.mp4,NeuralTextures,h264,28,1,737053,1047230
890_837.mp4,NeuralTextures,h264,38,1,181552,257956
890_837.mp4,NeuralTextures,hevc,18,1,381505,542056
890_837.mp4,NeuralTextures,hevc,28,1,117954,167593
890_837.mp4,NeuralTextures,hevc,38,1,50261,71413
890_837.mp4,NeuralTextures,av1,20,1,614676,873353
890_837.mp4,NeuralTextures,av1,30,1,335666,476926
890_837.mp4,NeuralTextures,av1,40,1,177372,252017
891_876.mp4,NeuralTextures,h264,18,1,5906426,7284593
891_876.mp4,NeuralTextures,h264,28,1,1605704,1980369
891_876.mp4,NeuralTextures,h264,38,1,448657,553344
891_876.mp4,NeuralTextures,hevc,18,1,929186,1145997
891_876.mp4,NeuralTextures,hevc,28,1,257823,317982
891_876.mp4,NeuralTextures,hevc,38,1,97872,120710
891_876.mp4,NeuralTextures,av1,20,1,1356334,1672813
891_876.mp4,NeuralTextures,av1,30,1,705792,870478
891_876.mp4,NeuralTextures,av1,40,1,349598,431171
892_112.mp4,NeuralTextures,h264,18,1,10739353,13916413
892_112.mp4,NeuralTextures,h264,28,1,2510094,3252664
892_112.mp4,NeuralTextures,h264,38,1,680476,881784
892_112.mp4,NeuralTextures,hevc,18,1,1532394,1985728
892_112.mp4,NeuralTextures,hevc,28,1,464949,602497
892_112.mp4,NeuralTextures,hevc,38,1,181497,235191
892_112.mp4,NeuralTextures,av1,20,1,1943160,2518012
892_112.mp4,NeuralTextures,av1,30,1,1053738,1365469
892_112.mp4,NeuralTextures,av1,40,1,529024,685527
893_913.mp4,NeuralTextures,h264,18,1,2878759,6441224
893_913.mp4,NeuralTextures,h264,28,1,840530,1880688
893_913.mp4,NeuralTextures,h264,38,1,229973,514566
893_913.mp4,NeuralTextures,hevc,18,1,455911,1020101
893_913.mp4,NeuralTextures,hevc,28,1,135012,302091
893_913.mp4,NeuralTextures,hevc,38,1,53153,118931
893_913.mp4,NeuralTextures,av1,20,1,859488,1923105
893_913.mp4,NeuralTextures,av1,30,1,463257,1036538
893_913.mp4,NeuralTextures,av1,40,1,238953,534659
894_848.mp4,NeuralTextures,h264,18,1,8809945,14448311
894_848.mp4,NeuralTextures,h264,28,1,1837506,3013510
894_848.mp4,NeuralTextures,h264,38,1,467192,766196
894_848.mp4,NeuralTextures,hevc,18,1,951736,1560848
894_848.mp4,NeuralTextures,hevc,28,1,248673,407824
894_848.mp4,NeuralTextures,hevc,38,1,105536,173080
894_848.mp4,NeuralTextures,av1,20,1,1224939,2008901
894_848.mp4,NeuralTextures,av1,30,1,628548,1030820
894_848.mp4,NeuralTextures,av1,40,1,312188,511989
895_915.mp4,NeuralTextures,h264,18,1,1877465,2759875
895_915.mp4,NeuralTextures,h264,28,1,478567,703494
895_915.mp4,NeuralTextures,h264,38,1,136078,200036
895_915.mp4,NeuralTextures,hevc,18,1,295459,434326
895_915.mp4,NeuralTextures,hevc,28,1,89256,131207
895_915.mp4,NeuralTextures,hevc,38,1,38837,57091
895_915.mp4,NeuralTextures,av1,20,1,481746,708167
895_915.mp4,NeuralTextures,av1,30,1,271071,398475
895_915.mp4,NeuralTextures,av1,40,1,137723,202454
896_128.mp4,NeuralTextures,h264,18,1,1341715,3562254
896_128.mp4,NeuralTextures,h264,28,1,402604,1068916
896_128.mp4,NeuralTextures,h264,38,1,126450,335725
896_128.mp4,NeuralTextures,hevc,18,1,188862,501431
896_128.mp4,NeuralTextures,hevc,28,1,57864,153631
896_128.mp4,NeuralTextures,hevc,38,1,26397,70085
896_128.mp4,NeuralTextures,av1,20,1,302584,803363
896_128.mp4,NeuralTextures,av1,30,1,162964,432671
896_128.mp4,NeuralTextures,av1,40,1,84846,225268
897_969.mp4,NeuralTextures,h264,18,1,2686045,4472266
897_969.mp4,NeuralTextures,h264,28,1,908507,1512665
897_969.mp4,NeuralTextures,h264,38,1,257603,428909
897_969.mp4,NeuralTextures,hevc,18,1,521810,868815
897_969.mp4,NeuralTextures,hevc,28,1,136523,227311
897_969.mp4,NeuralTextures,hevc,38,1,45780,76224
897_969.mp4,NeuralTextures,av1,20,1,768321,1279255
897_969.mp4,NeuralTextures,av1,30,1,431392,718269
897_969.mp4,NeuralTextures,av1,40,1,227451,378706
898_922.mp4,NeuralTextures,h264,18,1,1752167,3057532
898_922.mp4,NeuralTextures,h264,28,1,415566,725164
898_922.mp4,NeuralTextures,h264,38,1,93833,163739
898_922.mp4,NeuralTextures,hevc,18,1,191258,333746
898_922.mp4,NeuralTextures,hevc,28,1,51317,89549
898_922.mp4,NeuralTextures,hevc,38,1,25212,43995
898_922.mp4,NeuralTextures,av1,20,1,290346,506654
898_922.mp4,NeuralTextures,av1,30,1,160776,280555
898_922.mp4,NeuralTextures,av1,40,1,85688,149526
899_914.mp4,NeuralTextures,h264,18,1,2521267,3225121
899_914.mp4,NeuralTextures,h264,28,1,674470,862760
899_914.mp4,NeuralTextures,h264,38,1,167675,214485
899_914.mp4,NeuralTextures,hevc,18,1,366369,468648
899_914.mp4,NeuralTextures,hevc,28,1,105478,134924
899_914.mp4,NeuralTextures,hevc,38,1,42408,54247
899_914.mp4,NeuralTextures,av1,20,1,589491,754058
899_914.mp4,NeuralTextures,av1,30,1,329557,421559
899_914.mp4,NeuralTextures,av1,40,1,166846,213424
900_926.mp4,NeuralTextures,h264,18,1,2479538,4128431
900_926.mp4,NeuralTextures,h264,28,1,831442,1384351
900_926.mp4,NeuralTextures,h264,38,1,239910,399451
900_926.mp4,NeuralTextures,hevc,18,1,601353,1001253
900_926.mp4,NeuralTextures,hevc,28,1,160240,266800
900_926.mp4,NeuralTextures,hevc,38,1,52075,86705
900_926.mp4,NeuralTextures,av1,20,1,908518,1512683
900_926.mp4,NeuralTextures,av1,30,1,509263,847923
900_926.mp4,NeuralTextures,av1,40,1,259124,431442
901_902.mp4,NeuralTextures,h264,18,1,4260070,5236337
901_902.mp4,NeuralTextures,h264,28,1,1057351,1299661
901_902.mp4,NeuralTextures,h264,38,1,261743,321726
901_902.mp4,NeuralTextures,hevc,18,1,486430,597904
901_902.mp4,NeuralTextures,hevc,28,1,136778,168123
901_902.mp4,NeuralTextures,hevc,38,1,65982,81103
901_902.mp4,NeuralTextures,av1,20,1,754528,927441
901_902.mp4,NeuralTextures,av1,30,1,380560,467772
901_902.mp4,NeuralTextures,av1,40,1,186794,229601
902_901.mp4,NeuralTextures,h264,18,1,4116358,5059690
902_901.mp4,NeuralTextures,h264,28,1,1173622,1442577
902_901.mp4,NeuralTextures,h264,38,1,311646,383065
902_901.mp4,NeuralTextures,hevc,18,1,531496,653298
902_901.mp4,NeuralTextures,hevc,28,1,159246,195740
902_901.mp4,NeuralTextures,hevc,38,1,68060,83658
902_901.mp4,NeuralTextures,av1,20,1,785379,965362
902_901.mp4,NeuralTextures,av1,30,1,402112,494263
902_901.mp4,NeuralTextures,av1,40,1,194748,239378
903_792.mp4,NeuralTextures,h264,18,1,2717028,5203109
903_792.mp4,NeuralTextures,h264,28,1,907387,1737648
903_792.mp4,NeuralTextures,h264,38,1,266019,509427
903_792.mp4,NeuralTextures,hevc,18,1,627157,1201006
903_792.mp4,NeuralTextures,hevc,28,1,180240,345161
903_792.mp4,NeuralTextures,hevc,38,1,55432,106153
903_792.mp4,NeuralTextures,av1,20,1,966462,1850775
903_792.mp4,NeuralTextures,av1,30,1,582850,1116158
903_792.mp4,NeuralTextures,av1,40,1,301373,577131
904_046.mp4,NeuralTextures,h264,18,1,12149604,18173784
904_046.mp4,NeuralTextures,h264,28,1,3169324,4740782
904_046.mp4,NeuralTextures,h264,38,1,811590,1214004
904_046.mp4,NeuralTextures,hevc,18,1,1915190,2864806
904_046.mp4,NeuralTextures,hevc,28,1,466284,697484
904_046.mp4,NeuralTextures,hevc,38,1,162455,243006
904_046.mp4,NeuralTextures,av1,20,1,2109509,3155474
904_046.mp4,NeuralTextures,av1,30,1,1069543,1599859
904_046.mp4,NeuralTextures,av1,40,1,498909,746285
905_860.mp4,NeuralTextures,h264,18,1,5732969,9124976
905_860.mp4,NeuralTextures,h264,28,1,1881179,2994210
905_860.mp4,NeuralTextures,h264,38,1,518852,825840
905_860.mp4,NeuralTextures,hevc,18,1,1211797,1928777
905_860.mp4,NeuralTextures,hevc,28,1,360468,573745
905_860.mp4,NeuralTextures,hevc,38,1,119481,190174
905_860.mp4,NeuralTextures,av1,20,1,2048879,3261133
905_860.mp4,NeuralTextures,av1,30,1,1105547,1759663
905_860.mp4,NeuralTextures,av1,40,1,542092,862830
906_847.mp4,NeuralTextures,h264,18,1,8645224,10842552
906_847.mp4,NeuralTextures,h264,28,1,2051750,2573237
906_847.mp4,NeuralTextures,h264,38,1,548994,688531
906_847.mp4,NeuralTextures,hevc,18,1,927191,1162853
906_847.mp4,NeuralTextures,hevc,28,1,257294,322690
906_847.mp4,NeuralTextures,hevc,38,1,110104,138090
906_847.mp4,NeuralTextures,av1,20,1,1482846,1859737
906_847.mp4,NeuralTextures,av1,30,1,751340,942306
906_847.mp4,NeuralTextures,av1,40,1,358363,449448
907_795.mp4,NeuralTextures,h264,18,1,5322123,11642146
907_795.mp4,NeuralTextures,h264,28,1,1548067,3386397
907_795.mp4,NeuralTextures,h264,38,1,415851,909675
907_795.mp4,NeuralTextures,hevc,18,1,767900,1679783
907_795.mp4,NeuralTextures,hevc,28,1,245308,536612
907_795.mp4,NeuralTextures,hevc,38,1,98304,215041
907_795.mp4,NeuralTextures,av1,20,1,1250901,2736348
907_795.mp4,NeuralTextures,av1,30,1,659798,1443309
907_795.mp4,NeuralTextures,av1,40,1,338028,739438
908_207.mp4,NeuralTextures,h264,18,1,7229790,13028686
908_207.mp4,NeuralTextures,h264,28,1,1879611,3387217
908_207.mp4,NeuralTextures,h264,38,1,544166,980634
908_207.mp4,NeuralTextures,hevc,18,1,944006,1701178
908_207.mp4,NeuralTextures,hevc,28,1,272646,491331
908_207.mp4,NeuralTextures,hevc,38,1,109797,197864
908_207.mp4,NeuralTextures,av1,20,1,1511379,2723632
908_207.mp4,NeuralTextures,av1,30,1,743797,1340386
908_207.mp4,NeuralTextures,av1,40,1,333518,601028
909_857.mp4,NeuralTextures,h264,18,1,1596077,4236255
909_857.mp4,NeuralTextures,h264,28,1,397718,1055612
909_857.mp4,NeuralTextures,h264,38,1,103279,274121
909_857.mp4,NeuralTextures,hevc,18,1,168880,448237
909_857.mp4,NeuralTextures,hevc,28,1,52686,139838
909_857.mp4,NeuralTextures,hevc,38,1,28667,76089
909_857.mp4,NeuralTextures,av1,20,1,317551,842834
909_857.mp4,NeuralTextures,av1,30,1,175069,464664
909_857.mp4,NeuralTextures,av1,40,1,89345,237137
910_911.mp4,NeuralTextures,h264,18,1,4812933,5855735
910_911.mp4,NeuralTextures,h264,28,1,1402136,1705933
910_911.mp4,NeuralTextures,h264,38,1,368861,448781
910_911.mp4,NeuralTextures,hevc,18,1,860947,1047486
910_911.mp4,NeuralTextures,hevc,28,1,227605,276920
910_911.mp4,NeuralTextures,hevc,38,1,79852,97154
910_911.mp4,NeuralTextures,av1,20,1,1346461,1638195
910_911.mp4,NeuralTextures,av1,30,1,719661,875588
910_911.mp4,NeuralTextures,av1,40,1,349807,425599
911_910.mp4,NeuralTextures,h264,18,1,5203348,6330741
911_910.mp4,NeuralTextures,h264,28,1,1479314,1799832
911_910.mp4,NeuralTextures,h264,38,1,364042,442918
911_910.mp4,NeuralTextures,hevc,18,1,696700,847652
911_910.mp4,NeuralTextures,hevc,28,1,197343,240101
911_910.mp4,NeuralTextures,hevc,38,1,79518,96747
911_910.mp4,NeuralTextures,av1,20,1,1103575,1342684
911_910.mp4,NeuralTextures,av1,30,1,548376,667191
911_910.mp4,NeuralTextures,av1,40,1,265528,323060
912_927.mp4,NeuralTextures,h264,18,1,1761156,5697341
912_927.mp4,NeuralTextures,h264,28,1,476485,1541431
912_927.mp4,NeuralTextures,h264,38,1,116501,376882
912_927.mp4,NeuralTextures,hevc,18,1,296960,960667
912_927.mp4,NeuralTextures,hevc,28,1,80952,261880
912_927.mp4,NeuralTextures,hevc,38,1,34118,110374
912_927.mp4,NeuralTextures,av1,20,1,428565,1386410
912_927.mp4,NeuralTextures,av1,30,1,240661,778540
912_927.mp4,NeuralTextures,av1,40,1,125180,404960
913_893.mp4,NeuralTextures,h264,18,1,1993657,4460808
913_893.mp4,NeuralTextures,h264,28,1,615658,1377536
913_893.mp4,NeuralTextures,h264,38,1,182730,408860
913_893.mp4,NeuralTextures,hevc,18,1,377154,843883
913_893.mp4,NeuralTextures,hevc,28,1,117982,263986
913_893.mp4,NeuralTextures,hevc,38,1,48163,107766
913_893.mp4,NeuralTextures,av1,20,1,656640,1469234
913_893.mp4,NeuralTextures,av1,30,1,363888,814200
913_893.mp4,NeuralTextures,av1,40,1,192355,430396
914_899.mp4,NeuralTextures,h264,18,1,1919572,2455453
914_899.mp4,NeuralTextures,h264,28,1,575413,736050
914_899.mp4,NeuralTextures,h264,38,1,157440,201392
914_899.mp4,NeuralTextures,hevc,18,1,383221,490204
914_899.mp4,NeuralTextures,hevc,28,1,109191,139674
914_899.mp4,NeuralTextures,hevc,38,1,43124,55164
914_899.mp4,NeuralTextures,av1,20,1,644839,824857
914_899.mp4,NeuralTextures,av1,30,1,365616,467684
914_899.mp4,NeuralTextures,av1,40,1,191296,244700
915_895.mp4,NeuralTextures,h264,18,1,6595291,9695078
915_895.mp4,NeuralTextures,h264,28,1,1833463,2695192
915_895.mp4,NeuralTextures,h264,38,1,484740,712569
915_895.mp4,NeuralTextures,hevc,18,1,817516,1201749
915_895.mp4,NeuralTextures,hevc,28,1,210383,309264
915_895.mp4,NeuralTextures,hevc,38,1,82784,121693
915_895.mp4,NeuralTextures,av1,20,1,1137048,1671461
915_895.mp4,NeuralTextures,av1,30,1,566489,832740
915_895.mp4,NeuralTextures,av1,40,1,281744,414164
916_783.mp4,NeuralTextures,h264,18,1,7707197,12941668
916_783.mp4,NeuralTextures,h264,28,1,3040945,5106255
916_783.mp4,NeuralTextures,h264,38,1,904109,1518150
916_783.mp4,NeuralTextures,hevc,18,1,1948181,3271322
916_783.mp4,NeuralTextures,hevc,28,1,472169,792851
916_783.mp4,NeuralTextures,hevc,38,1,111181,186692
916_783.mp4,NeuralTextures,av1,20,1,3003297,5043037
916_783.mp4,NeuralTextures,av1,30,1,1520768,2553624
916_783.mp4,NeuralTextures,av1,40,1,646490,1085565
917_924.mp4,NeuralTextures,h264,18,1,2334126,5228444
917_924.mp4,NeuralTextures,h264,28,1,676291,1514892
917_924.mp4,NeuralTextures,h264,38,1,193006,432334
917_924.mp4,NeuralTextures,hevc,18,1,489694,1096915
917_924.mp4,NeuralTextures,hevc,28,1,141131,316134
917_924.mp4,NeuralTextures,hevc,38,1,50636,113425
917_924.mp4,NeuralTextures,av1,20,1,722257,1617857
917_924.mp4,NeuralTextures,av1,30,1,414011,927386
917_924.mp4,NeuralTextures,av1,40,1,216780,485588
918_934.mp4,NeuralTextures,h264,18,1,3327932,6273153
918_934.mp4,NeuralTextures,h264,28,1,748711,1411322
918_934.mp4,NeuralTextures,h264,38,1,165578,312116
918_934.mp4,NeuralTextures,hevc,18,1,333135,627961
918_934.mp4,NeuralTextures,hevc,28,1,95987,180936
918_934.mp4,NeuralTextures,hevc,38,1,45430,85636
918_934.mp4,NeuralTextures,av1,20,1,446645,841926
918_934.mp4,NeuralTextures,av1,30,1,239842,452103
918_934.mp4,NeuralTextures,av1,40,1,126690,238811
919_015.mp4,NeuralTextures,h264,18,1,1540233,2804508
919_015.mp4,NeuralTextures,h264,28,1,475236,865327
919_015.mp4,NeuralTextures,h264,38,1,140713,256215
919_015.mp4,NeuralTextures,hevc,18,1,279927,509702
919_015.mp4,NeuralTextures,hevc,28,1,93558,170354
919_015.mp4,NeuralTextures,hevc,38,1,41069,74780
919_015.mp4,NeuralTextures,av1,20,1,481080,875968
919_015.mp4,NeuralTextures,av1,30,1,276460,503389
919_015.mp4,NeuralTextures,av1,40,1,146321,266427
920_811.mp4,NeuralTextures,h264,18,1,7755488,14386432
920_811.mp4,NeuralTextures,h264,28,1,1806832,3351675
920_811.mp4,NeuralTextures,h264,38,1,454300,842728
920_811.mp4,NeuralTextures,hevc,18,1,877596,1627941
920_811.mp4,NeuralTextures,hevc,28,1,244095,452798
920_811.mp4,NeuralTextures,hevc,38,1,97885,181577
920_811.mp4,NeuralTextures,av1,20,1,1040145,1929469
920_811.mp4,NeuralTextures,av1,30,1,580479,1076789
920_811.mp4,NeuralTextures,av1,40,1,293052,543613
921_569.mp4,NeuralTextures,h264,18,1,14281450,17613790
921_569.mp4,NeuralTextures,h264,28,1,3699007,4562110
921_569.mp4,NeuralTextures,h264,38,1,913805,1127027
921_569.mp4,NeuralTextures,hevc,18,1,2225335,2744580
921_569.mp4,NeuralTextures,hevc,28,1,536388,661546
921_569.mp4,NeuralTextures,hevc,38,1,164654,203074
921_569.mp4,NeuralTextures,av1,20,1,3039077,3748196
921_569.mp4,NeuralTextures,av1,30,1,1467234,1809589
921_569.mp4,NeuralTextures,av1,40,1,674335,831680
922_898.mp4,NeuralTextures,h264,18,1,2168707,3784394
922_898.mp4,NeuralTextures,h264,28,1,664941,1160323
922_898.mp4,NeuralTextures,h264,38,1,177546,309818
922_898.mp4,NeuralTextures,hevc,18,1,374563,653613
922_898.mp4,NeuralTextures,hevc,28,1,111287,194197
922_898.mp4,NeuralTextures,hevc,38,1,43055,75132
922_898.mp4,NeuralTextures,av1,20,1,607715,1060464
922_898.mp4,NeuralTextures,av1,30,1,352577,615247
922_898.mp4,NeuralTextures,av1,40,1,191757,334616
923_023.mp4,NeuralTextures,h264,18,1,9646589,26672820
923_023.mp4,NeuralTextures,h264,28,1,2362666,6532772
923_023.mp4,NeuralTextures,h264,38,1,441555,1220902
923_023.mp4,NeuralTextures,hevc,18,1,1262682,3491317
923_023.mp4,NeuralTextures,hevc,28,1,195689,541082
923_023.mp4,NeuralTextures,hevc,38,1,63499,175576
923_023.mp4,NeuralTextures,av1,20,1,1622313,4485696
923_023.mp4,NeuralTextures,av1,30,1,715805,1979203
923_023.mp4,NeuralTextures,av1,40,1,304145,840963
924_917.mp4,NeuralTextures,h264,18,1,2104559,4714214
924_917.mp4,NeuralTextures,h264,28,1,641808,1437651
924_917.mp4,NeuralTextures,h264,38,1,151242,338784
924_917.mp4,NeuralTextures,hevc,18,1,354598,794300
924_917.mp4,NeuralTextures,hevc,28,1,89587,200677
924_917.mp4,NeuralTextures,hevc,38,1,33225,74425
924_917.mp4,NeuralTextures,av1,20,1,574053,1285879
924_917.mp4,NeuralTextures,av1,30,1,319417,715496
924_917.mp4,NeuralTextures,av1,40,1,167208,374547
925_933.mp4,NeuralTextures,h264,18,1,5546431,8227207
925_933.mp4,NeuralTextures,h264,28,1,1742366,2584511
925_933.mp4,NeuralTextures,h264,38,1,478047,709104
925_933.mp4,NeuralTextures,hevc,18,1,849500,1260092
925_933.mp4,NeuralTextures,hevc,28,1,230352,341689
925_933.mp4,NeuralTextures,hevc,38,1,83757,124241
925_933.mp4,NeuralTextures,av1,20,1,1316137,1952271
925_933.mp4,NeuralTextures,av1,30,1,679553,1008004
925_933.mp4,NeuralTextures,av1,40,1,328193,486820
926_900.mp4,NeuralTextures,h264,18,1,1985992,3306678
926_900.mp4,NeuralTextures,h264,28,1,555062,924179
926_900.mp4,NeuralTextures,h264,38,1,123897,206289
926_900.mp4,NeuralTextures,hevc,18,1,282899,471028
926_900.mp4,NeuralTextures,hevc,28,1,71352,118802
926_900.mp4,NeuralTextures,hevc,38,1,30892,51436
926_900.mp4,NeuralTextures,av1,20,1,504576,840120
926_900.mp4,NeuralTextures,av1,30,1,281084,468005
926_900.mp4,NeuralTextures,av1,40,1,145028,241472
927_912.mp4,NeuralTextures,h264,18,1,1546998,5004541
927_912.mp4,NeuralTextures,h264,28,1,419457,1356946
927_912.mp4,NeuralTextures,h264,38,1,106154,343411
927_912.mp4,NeuralTextures,hevc,18,1,235163,760754
927_912.mp4,NeuralTextures,hevc,28,1,64951,210117
927_912.mp4,NeuralTextures,hevc,38,1,27985,90534
927_912.mp4,NeuralTextures,av1,20,1,418517,1353904
927_912.mp4,NeuralTextures,av1,30,1,233517,755430
927_912.mp4,NeuralTextures,av1,40,1,123292,398851
928_160.mp4,NeuralTextures,h264,18,1,5991779,9387121
928_160.mp4,NeuralTextures,h264,28,1,1690528,2648495
928_160.mp4,NeuralTextures,h264,38,1,455242,713214
928_160.mp4,NeuralTextures,hevc,18,1,1029053,1612184
928_160.mp4,NeuralTextures,hevc,28,1,252736,395954
928_160.mp4,NeuralTextures,hevc,38,1,96263,150813
928_160.mp4,NeuralTextures,av1,20,1,1628106,2550700
928_160.mp4,NeuralTextures,av1,30,1,885571,1387395
928_160.mp4,NeuralTextures,av1,40,1,437708,685744
929_962.mp4,NeuralTextures,h264,18,1,1620030,3105058
929_962.mp4,NeuralTextures,h264,28,1,355791,681934
929_962.mp4,NeuralTextures,h264,38,1,73617,141100
929_962.mp4,NeuralTextures,hevc,18,1,195534,374775
929_962.mp4,NeuralTextures,hevc,28,1,53193,101955
929_962.mp4,NeuralTextures,hevc,38,1,27185,52106
929_962.mp4,NeuralTextures,av1,20,1,357050,684346
929_962.mp4,NeuralTextures,av1,30,1,202736,388579
929_962.mp4,NeuralTextures,av1,40,1,106412,203957
930_763.mp4,NeuralTextures,h264,18,1,4144098,7735651
930_763.mp4,NeuralTextures,h264,28,1,1559051,2910230
930_763.mp4,NeuralTextures,h264,38,1,464717,867472
930_763.mp4,NeuralTextures,hevc,18,1,1603731,2993632
930_763.mp4,NeuralTextures,hevc,28,1,442308,825642
930_763.mp4,NeuralTextures,hevc,38,1,118629,221442
930_763.mp4,NeuralTextures,av1,20,1,2313195,4317964
930_763.mp4,NeuralTextures,av1,30,1,1300552,2427698
930_763.mp4,NeuralTextures,av1,40,1,634553,1184499
931_936.mp4,NeuralTextures,h264,18,1,4046971,6009753
931_936.mp4,NeuralTextures,h264,28,1,1180487,1753024
931_936.mp4,NeuralTextures,h264,38,1,230920,342917
931_936.mp4,NeuralTextures,hevc,18,1,562675,835573
931_936.mp4,NeuralTextures,hevc,28,1,141478,210095
931_936.mp4,NeuralTextures,hevc,38,1,48525,72060
931_936.mp4,NeuralTextures,av1,20,1,754890,1121013
931_936.mp4,NeuralTextures,av1,30,1,428709,636633
931_936.mp4,NeuralTextures,av1,40,1,236402,351057
932_384.mp4,NeuralTextures,h264,18,1,7088646,16374773
932_384.mp4,NeuralTextures,h264,28,1,2378128,5493477
932_384.mp4,NeuralTextures,h264,38,1,626866,1448061
932_384.mp4,NeuralTextures,hevc,18,1,1585872,3663366
932_384.mp4,NeuralTextures,hevc,28,1,422876,976844
932_384.mp4,NeuralTextures,hevc,38,1,125050,288866
932_384.mp4,NeuralTextures,av1,20,1,2448838,5656816
932_384.mp4,NeuralTextures,av1,30,1,1266428,2925449
932_384.mp4,NeuralTextures,av1,40,1,584119,1349316
933_925.mp4,NeuralTextures,h264,18,1,4586186,6802843
933_925.mp4,NeuralTextures,h264,28,1,1286122,1907749
933_925.mp4,NeuralTextures,h264,38,1,337787,501052
933_925.mp4,NeuralTextures,hevc,18,1,645384,957320
933_925.mp4,NeuralTextures,hevc,28,1,178277,264445
933_925.mp4,NeuralTextures,hevc,38,1,72657,107775
933_925.mp4,NeuralTextures,av1,20,1,982698,1457670
933_925.mp4,NeuralTextures,av1,30,1,509194,755305
933_925.mp4,NeuralTextures,av1,40,1,258902,384038
934_918.mp4,NeuralTextures,h264,18,1,4276659,8061504
934_918.mp4,NeuralTextures,h264,28,1,1071358,2019511
934_918.mp4,NeuralTextures,h264,38,1,249813,470898
934_918.mp4,NeuralTextures,hevc,18,1,507767,957141
934_918.mp4,NeuralTextures,hevc,28,1,131100,247124
934_918.mp4,NeuralTextures,hevc,38,1,55177,104009
934_918.mp4,NeuralTextures,av1,20,1,696106,1312160
934_918.mp4,NeuralTextures,av1,30,1,357089,673114
934_918.mp4,NeuralTextures,av1,40,1,182082,343225
935_733.mp4,NeuralTextures,h264,18,1,8584187,22233046
935_733.mp4,NeuralTextures,h264,28,1,2228714,5772371
935_733.mp4,NeuralTextures,h264,38,1,639860,1657239
935_733.mp4,NeuralTextures,hevc,18,1,1271874,3294155
935_733.mp4,NeuralTextures,hevc,28,1,382225,989964
935_733.mp4,NeuralTextures,hevc,38,1,149966,388412
935_733.mp4,NeuralTextures,av1,20,1,1512572,3917563
935_733.mp4,NeuralTextures,av1,30,1,814223,2108839
935_733.mp4,NeuralTextures,av1,40,1,407171,1054573
936_931.mp4,NeuralTextures,h264,18,1,2415371,3586827
936_931.mp4,NeuralTextures,h264,28,1,709851,1054129
936_931.mp4,NeuralTextures,h264,38,1,197388,293122
936_931.mp4,NeuralTextures,hevc,18,1,502019,745499
936_931.mp4,NeuralTextures,hevc,28,1,140628,208833
936_931.mp4,NeuralTextures,hevc,38,1,50167,74498
936_931.mp4,NeuralTextures,av1,20,1,690294,1025088
936_931.mp4,NeuralTextures,av1,30,1,390360,579685
936_931.mp4,NeuralTextures,av1,40,1,199490,296244
937_888.mp4,NeuralTextures,h264,18,1,2304729,3537760
937_888.mp4,NeuralTextures,h264,28,1,769072,1180527
937_888.mp4,NeuralTextures,h264,38,1,232067,356223
937_888.mp4,NeuralTextures,hevc,18,1,554634,851364
937_888.mp4,NeuralTextures,hevc,28,1,152570,234195
937_888.mp4,NeuralTextures,hevc,38,1,53719,82459
937_888.mp4,NeuralTextures,av1,20,1,853165,1309609
937_888.mp4,NeuralTextures,av1,30,1,488999,750614
937_888.mp4,NeuralTextures,av1,40,1,250938,385190
938_987.mp4,NeuralTextures,h264,18,1,2743832,5062371
938_987.mp4,NeuralTextures,h264,28,1,948034,1749124
938_987.mp4,NeuralTextures,h264,38,1,273297,504233
938_987.mp4,NeuralTextures,hevc,18,1,672119,1240061
938_987.mp4,NeuralTextures,hevc,28,1,176848,326286
938_987.mp4,NeuralTextures,hevc,38,1,55471,102345
938_987.mp4,NeuralTextures,av1,20,1,1094214,2018825
938_987.mp4,NeuralTextures,av1,30,1,628070,1158790
938_987.mp4,NeuralTextures,av1,40,1,309483,570997
939_115.mp4,NeuralTextures,h264,18,1,1639739,2186319
939_115.mp4,NeuralTextures,h264,28,1,428455,571274
939_115.mp4,NeuralTextures,h264,38,1,109508,146011
939_115.mp4,NeuralTextures,hevc,18,1,204412,272550
939_115.mp4,NeuralTextures,hevc,28,1,62316,83089
939_115.mp4,NeuralTextures,hevc,38,1,31479,41973
939_115.mp4,NeuralTextures,av1,20,1,361229,481639
939_115.mp4,NeuralTextures,av1,30,1,194564,259420
939_115.mp4,NeuralTextures,av1,40,1,98295,131061
940_941.mp4,NeuralTextures,h264,18,1,1963033,3032886
940_941.mp4,NeuralTextures,h264,28,1,555264,857883
940_941.mp4,NeuralTextures,h264,38,1,140406,216928
940_941.mp4,NeuralTextures,hevc,18,1,334466,516751
940_941.mp4,NeuralTextures,hevc,28,1,99976,154464
940_941.mp4,NeuralTextures,hevc,38,1,40285,62241
940_941.mp4,NeuralTextures,av1,20,1,587179,907193
940_941.mp4,NeuralTextures,av1,30,1,316028,488264
940_941.mp4,NeuralTextures,av1,40,1,159782,246864
941_940.mp4,NeuralTextures,h264,18,1,2238292,3458162
941_940.mp4,NeuralTextures,h264,28,1,693472,1071415
941_940.mp4,NeuralTextures,h264,38,1,187675,289959
941_940.mp4,NeuralTextures,hevc,18,1,350454,541452
941_940.mp4,NeuralTextures,hevc,28,1,105814,163484
941_940.mp4,NeuralTextures,hevc,38,1,41392,63951
941_940.mp4,NeuralTextures,av1,20,1,623620,963494
941_940.mp4,NeuralTextures,av1,30,1,324327,501086
941_940.mp4,NeuralTextures,av1,40,1,160563,248071
942_943.mp4,NeuralTextures,h264,18,1,4153155,9759915
942_943.mp4,NeuralTextures,h264,28,1,1198897,2817410
942_943.mp4,NeuralTextures,h264,38,1,338227,794834
942_943.mp4,NeuralTextures,hevc,18,1,674177,1584317
942_943.mp4,NeuralTextures,hevc,28,1,174821,410831
942_943.mp4,NeuralTextures,hevc,38,1,65764,154546
942_943.mp4,NeuralTextures,av1,20,1,1017181,2390376
942_943.mp4,NeuralTextures,av1,30,1,505465,1187844
942_943.mp4,NeuralTextures,av1,40,1,238436,560325
943_942.mp4,NeuralTextures,h264,18,1,3642020,8558748
943_942.mp4,NeuralTextures,h264,28,1,858042,2016400
943_942.mp4,NeuralTextures,h264,38,1,219566,515982
943_942.mp4,NeuralTextures,hevc,18,1,377255,886550
943_942.mp4,NeuralTextures,hevc,28,1,106797,250975
943_942.mp4,NeuralTextures,hevc,38,1,49091,115365
943_942.mp4,NeuralTextures,av1,20,1,616403,1448549
943_942.mp4,NeuralTextures,av1,30,1,306657,720645
943_942.mp4,NeuralTextures,av1,40,1,146134,343417
944_032.mp4,NeuralTextures,h264,18,1,2046521,2643423
944_032.mp4,NeuralTextures,h264,28,1,512918,662520
944_032.mp4,NeuralTextures,h264,38,1,143003,184713
944_032.mp4,NeuralTextures,hevc,18,1,237132,306296
944_032.mp4,NeuralTextures,hevc,28,1,76327,98590
944_032.mp4,NeuralTextures,hevc,38,1,39619,51175
944_032.mp4,NeuralTextures,av1,20,1,477785,617140
944_032.mp4,NeuralTextures,av1,30,1,265479,342911
944_032.mp4,NeuralTextures,av1,40,1,130887,169063
945_044.mp4,NeuralTextures,h264,18,1,6519973,9100796
945_044.mp4,NeuralTextures,h264,28,1,1736148,2423374
945_044.mp4,NeuralTextures,h264,38,1,473737,661259
945_044.mp4,NeuralTextures,hevc,18,1,911695,1272575
945_044.mp4,NeuralTextures,hevc,28,1,242997,339184
945_044.mp4,NeuralTextures,hevc,38,1,91058,127102
945_044.mp4,NeuralTextures,av1,20,1,1409844,1967908
945_044.mp4,NeuralTextures,av1,30,1,712857,995030
945_044.mp4,NeuralTextures,av1,40,1,336078,469109
946_049.mp4,NeuralTextures,h264,18,1,4984019,7476029
946_049.mp4,NeuralTextures,h264,28,1,1464159,2196239
946_049.mp4,NeuralTextures,h264,38,1,355462,533194
946_049.mp4,NeuralTextures,hevc,18,1,711791,1067687
946_049.mp4,NeuralTextures,hevc,28,1,208086,312130
946_049.mp4,NeuralTextures,hevc,38,1,77070,115605
946_049.mp4,NeuralTextures,av1,20,1,1063061,1594592
946_049.mp4,NeuralTextures,av1,30,1,535475,803213
946_049.mp4,NeuralTextures,av1,40,1,265658,398487
947_951.mp4,NeuralTextures,h264,18,1,5967632,15938553
947_951.mp4,NeuralTextures,h264,28,1,1600828,4275546
947_951.mp4,NeuralTextures,h264,38,1,412215,1100958
947_951.mp4,NeuralTextures,hevc,18,1,885854,2365971
947_951.mp4,NeuralTextures,hevc,28,1,231012,616995
947_951.mp4,NeuralTextures,hevc,38,1,79919,213452
947_951.mp4,NeuralTextures,av1,20,1,1217959,3252968
947_951.mp4,NeuralTextures,av1,30,1,618748,1652575
947_951.mp4,NeuralTextures,av1,40,1,293365,783530
948_965.mp4,NeuralTextures,h264,18,1,14014578,20321139
948_965.mp4,NeuralTextures,h264,28,1,2718604,3941976
948_965.mp4,NeuralTextures,h264,38,1,555090,804881
948_965.mp4,NeuralTextures,hevc,18,1,2004531,2906570
948_965.mp4,NeuralTextures,hevc,28,1,448873,650867
948_965.mp4,NeuralTextures,hevc,38,1,158319,229563
948_965.mp4,NeuralTextures,av1,20,1,2126464,3083374
948_965.mp4,NeuralTextures,av1,30,1,1081266,1567837
948_965.mp4,NeuralTextures,av1,40,1,494347,716804
949_868.mp4,NeuralTextures,h264,18,1,2153144,3866689
949_868.mp4,NeuralTextures,h264,28,1,760904,1366458
949_868.mp4,NeuralTextures,h264,38,1,275698,495109
949_868.mp4,NeuralTextures,hevc,18,1,480364,862655
949_868.mp4,NeuralTextures,hevc,28,1,151002,271176
949_868.mp4,NeuralTextures,hevc,38,1,59376,106631
949_868.mp4,NeuralTextures,av1,20,1,975498,1751832
949_868.mp4,NeuralTextures,av1,30,1,567477,1019095
949_868.mp4,NeuralTextures,av1,40,1,281881,506213
950_836.mp4,NeuralTextures,h264,18,1,11362381,16238737
950_836.mp4,NeuralTextures,h264,28,1,2230274,3187434
950_836.mp4,NeuralTextures,h264,38,1,516402,738025
950_836.mp4,NeuralTextures,hevc,18,1,1326787,1896200
950_836.mp4,NeuralTextures,hevc,28,1,315824,451366
950_836.mp4,NeuralTextures,hevc,38,1,128060,183020
950_836.mp4,NeuralTextures,av1,20,1,1573507,2248805
950_836.mp4,NeuralTextures,av1,30,1,846809,1210232
950_836.mp4,NeuralTextures,av1,40,1,420622,601139
951_947.mp4,NeuralTextures,h264,18,1,4476672,11956447
951_947.mp4,NeuralTextures,h264,28,1,1094122,2922218
951_947.mp4,NeuralTextures,h264,38,1,281990,753149
951_947.mp4,NeuralTextures,hevc,18,1,517291,1381599
951_947.mp4,NeuralTextures,hevc,28,1,165331,441574
951_947.mp4,NeuralTextures,hevc,38,1,72091,192545
951_947.mp4,NeuralTextures,av1,20,1,913220,2439061
951_947.mp4,NeuralTextures,av1,30,1,500081,1335635
951_947.mp4,NeuralTextures,av1,40,1,260152,694824
952_882.mp4,NeuralTextures,h264,18,1,5056051,7015271
952_882.mp4,NeuralTextures,h264,28,1,1146124,1590248
952_882.mp4,NeuralTextures,h264,38,1,307587,426777
952_882.mp4,NeuralTextures,hevc,18,1,675550,937326
952_882.mp4,NeuralTextures,hevc,28,1,202939,281578
952_882.mp4,NeuralTextures,hevc,38,1,85915,119208
952_882.mp4,NeuralTextures,av1,20,1,901876,1251354
952_882.mp4,NeuralTextures,av1,30,1,461687,640592
952_882.mp4,NeuralTextures,av1,40,1,231323,320962
953_974.mp4,NeuralTextures,h264,18,1,8146310,12952633
953_974.mp4,NeuralTextures,h264,28,1,2612303,4153562
953_974.mp4,NeuralTextures,h264,38,1,705861,1122320
953_974.mp4,NeuralTextures,hevc,18,1,1860776,2958634
953_974.mp4,NeuralTextures,hevc,28,1,469299,746186
953_974.mp4,NeuralTextures,hevc,38,1,134787,214312
953_974.mp4,NeuralTextures,av1,20,1,2777061,4415528
953_974.mp4,NeuralTextures,av1,30,1,1359540,2161670
953_974.mp4,NeuralTextures,av1,40,1,640862,1018971
954_976.mp4,NeuralTextures,h264,18,1,2448075,4014844
954_976.mp4,NeuralTextures,h264,28,1,846496,1388255
954_976.mp4,NeuralTextures,h264,38,1,271881,445886
954_976.mp4,NeuralTextures,hevc,18,1,505713,829370
954_976.mp4,NeuralTextures,hevc,28,1,138831,227684
954_976.mp4,NeuralTextures,hevc,38,1,45151,74049
954_976.mp4,NeuralTextures,av1,20,1,745724,1222988
954_976.mp4,NeuralTextures,av1,30,1,428859,703330
954_976.mp4,NeuralTextures,av1,40,1,218363,358116
955_078.mp4,NeuralTextures,h264,18,1,2171136,5677521
955_078.mp4,NeuralTextures,h264,28,1,674772,1764531
955_078.mp4,NeuralTextures,h264,38,1,195661,511655
955_078.mp4,NeuralTextures,hevc,18,1,460286,1203650
955_078.mp4,NeuralTextures,hevc,28,1,126768,331499
955_078.mp4,NeuralTextures,hevc,38,1,42450,111009
955_078.mp4,NeuralTextures,av1,20,1,632967,1655211
955_078.mp4,NeuralTextures,av1,30,1,357631,935206
955_078.mp4,NeuralTextures,av1,40,1,179295,468859
956_958.mp4,NeuralTextures,h264,18,1,3071765,6020661
956_958.mp4,NeuralTextures,h264,28,1,1054119,2066075
956_958.mp4,NeuralTextures,h264,38,1,315221,617835
956_958.mp4,NeuralTextures,hevc,18,1,592164,1160643
956_958.mp4,NeuralTextures,hevc,28,1,169317,331863
956_958.mp4,NeuralTextures,hevc,38,1,54858,107523
956_958.mp4,NeuralTextures,av1,20,1,1116586,2188509
956_958.mp4,NeuralTextures,av1,30,1,605625,1187026
956_958.mp4,NeuralTextures,av1,40,1,301769,591469
957_959.mp4,NeuralTextures,h264,18,1,14871874,25901847
957_959.mp4,NeuralTextures,h264,28,1,4042064,7039929
957_959.mp4,NeuralTextures,h264,38,1,1058784,1844050
957_959.mp4,NeuralTextures,hevc,18,1,2624819,4571560
957_959.mp4,NeuralTextures,hevc,28,1,654425,1139791
957_959.mp4,NeuralTextures,hevc,38,1,211040,367562
957_959.mp4,NeuralTextures,av1,20,1,3429150,5972437
957_959.mp4,NeuralTextures,av1,30,1,1743676,3036904
957_959.mp4,NeuralTextures,av1,40,1,829671,1445011
958_956.mp4,NeuralTextures,h264,18,1,3203440,6278743
958_956.mp4,NeuralTextures,h264,28,1,1078596,2114050
958_956.mp4,NeuralTextures,h264,38,1,291343,571033
958_956.mp4,NeuralTextures,hevc,18,1,766615,1502566
958_956.mp4,NeuralTextures,hevc,28,1,185409,363403
958_956.mp4,NeuralTextures,hevc,38,1,55102,108001
958_956.mp4,NeuralTextures,av1,20,1,1576067,3089093
958_956.mp4,NeuralTextures,av1,30,1,802347,1572601
958_956.mp4,NeuralTextures,av1,40,1,362225,709962
959_957.mp4,NeuralTextures,h264,18,1,11952921,20818005
959_957.mp4,NeuralTextures,h264,28,1,3448895,6006827
959_957.mp4,NeuralTextures,h264,38,1,992254,1728177
959_957.mp4,NeuralTextures,hevc,18,1,2167284,3774687
959_957.mp4,NeuralTextures,hevc,28,1,624299,1087322
959_957.mp4,NeuralTextures,hevc,38,1,215385,375130
959_957.mp4,NeuralTextures,av1,20,1,3189793,5555557
959_957.mp4,NeuralTextures,av1,30,1,1714314,2985764
959_957.mp4,NeuralTextures,av1,40,1,855070,1489247
960_999.mp4,NeuralTextures,h264,18,1,5221109,7287799
960_999.mp4,NeuralTextures,h264,28,1,1506408,2102695
960_999.mp4,NeuralTextures,h264,38,1,424355,592330
960_999.mp4,NeuralTextures,hevc,18,1,883093,1232651
960_999.mp4,NeuralTextures,hevc,28,1,246339,343849
960_999.mp4,NeuralTextures,hevc,38,1,93043,129873
960_999.mp4,NeuralTextures,av1,20,1,1386583,1935440
960_999.mp4,NeuralTextures,av1,30,1,717955,1002146
960_999.mp4,NeuralTextures,av1,40,1,356445,497539
961_069.mp4,NeuralTextures,h264,18,1,4385331,5901925
961_069.mp4,NeuralTextures,h264,28,1,956680,1287532
961_069.mp4,NeuralTextures,h264,38,1,225512,303502
961_069.mp4,NeuralTextures,hevc,18,1,501709,675217
961_069.mp4,NeuralTextures,hevc,28,1,146934,197750
961_069.mp4,NeuralTextures,hevc,38,1,68528,92228
961_069.mp4,NeuralTextures,av1,20,1,565068,760488
961_069.mp4,NeuralTextures,av1,30,1,300980,405070
961_069.mp4,NeuralTextures,av1,40,1,157505,211976
962_929.mp4,NeuralTextures,h264,18,1,1863202,3571139
962_929.mp4,NeuralTextures,h264,28,1,618681,1185806
962_929.mp4,NeuralTextures,h264,38,1,192297,368570
962_929.mp4,NeuralTextures,hevc,18,1,348552,668058
962_929.mp4,NeuralTextures,hevc,28,1,93674,179543
962_929.mp4,NeuralTextures,hevc,38,1,36252,69484
962_929.mp4,NeuralTextures,av1,20,1,585164,1121565
962_929.mp4,NeuralTextures,av1,30,1,314435,602668
962_929.mp4,NeuralTextures,av1,40,1,162645,311737
963_879.mp4,NeuralTextures,h264,18,1,2338618,6743017
963_879.mp4,NeuralTextures,h264,28,1,735713,2121308
963_879.mp4,NeuralTextures,h264,38,1,190556,549437
963_879.mp4,NeuralTextures,hevc,18,1,417173,1202851
963_879.mp4,NeuralTextures,hevc,28,1,112597,324657
963_879.mp4,NeuralTextures,hevc,38,1,44052,127019
963_879.mp4,NeuralTextures,av1,20,1,828930,2390082
963_879.mp4,NeuralTextures,av1,30,1,435761,1256446
963_879.mp4,NeuralTextures,av1,40,1,216464,624140
964_174.mp4,NeuralTextures,h264,18,1,3989948,3441331
964_174.mp4,NeuralTextures,h264,28,1,1218296,1050781
964_174.mp4,NeuralTextures,h264,38,1,311488,268659
964_174.mp4,NeuralTextures,hevc,18,1,729801,629454
964_174.mp4,NeuralTextures,hevc,28,1,228177,196803
964_174.mp4,NeuralTextures,hevc,38,1,90286,77872
964_174.mp4,NeuralTextures,av1,20,1,1603353,1382892
964_174.mp4,NeuralTextures,av1,30,1,917373,791235
964_174.mp4,NeuralTextures,av1,40,1,482272,415960
965_948.mp4,NeuralTextures,h264,18,1,9697526,14061413
965_948.mp4,NeuralTextures,h264,28,1,2293593,3325711
965_948.mp4,NeuralTextures,h264,38,1,509660,739007
965_948.mp4,NeuralTextures,hevc,18,1,1247303,1808590
965_948.mp4,NeuralTextures,hevc,28,1,308179,446860
965_948.mp4,NeuralTextures,hevc,38,1,119471,173233
965_948.mp4,NeuralTextures,av1,20,1,1577710,2287680
965_948.mp4,NeuralTextures,av1,30,1,815853,1182987
965_948.mp4,NeuralTextures,av1,40,1,402526,583663
966_988.mp4,NeuralTextures,h264,18,1,2321674,4225447
966_988.mp4,NeuralTextures,h264,28,1,828148,1507230
966_988.mp4,NeuralTextures,h264,38,1,246229,448138
966_988.mp4,NeuralTextures,hevc,18,1,597107,1086735
966_988.mp4,NeuralTextures,hevc,28,1,169532,308550
966_988.mp4,NeuralTextures,hevc,38,1,55516,101040
966_988.mp4,NeuralTextures,av1,20,1,931875,1696013
966_988.mp4,NeuralTextures,av1,30,1,530788,966035
966_988.mp4,NeuralTextures,av1,40,1,273521,497809
967_984.mp4,NeuralTextures,h264,18,1,4994280,8465306
967_984.mp4,NeuralTextures,h264,28,1,1570063,2661258
967_984.mp4,NeuralTextures,h264,38,1,419256,710640
967_984.mp4,NeuralTextures,hevc,18,1,861833,1460808
967_984.mp4,NeuralTextures,hevc,28,1,220728,374134
967_984.mp4,NeuralTextures,hevc,38,1,73103,123910
967_984.mp4,NeuralTextures,av1,20,1,1331314,2256578
967_984.mp4,NeuralTextures,av1,30,1,671824,1138742
967_984.mp4,NeuralTextures,av1,40,1,326277,553041
968_884.mp4,NeuralTextures,h264,18,1,4914268,7371402
968_884.mp4,NeuralTextures,h264,28,1,1655563,2483345
968_884.mp4,NeuralTextures,h264,38,1,495681,743522
968_884.mp4,NeuralTextures,hevc,18,1,1025365,1538048
968_884.mp4,NeuralTextures,hevc,28,1,283918,425877
968_884.mp4,NeuralTextures,hevc,38,1,94490,141735
968_884.mp4,NeuralTextures,av1,20,1,1567748,2351622
968_884.mp4,NeuralTextures,av1,30,1,821531,1232297
968_884.mp4,NeuralTextures,av1,40,1,404862,607293
969_897.mp4,NeuralTextures,h264,18,1,2700836,4496893
969_897.mp4,NeuralTextures,h264,28,1,972175,1618672
969_897.mp4,NeuralTextures,h264,38,1,267614,445578
969_897.mp4,NeuralTextures,hevc,18,1,623890,1038778
969_897.mp4,NeuralTextures,hevc,28,1,164065,273169
969_897.mp4,NeuralTextures,hevc,38,1,47084,78396
969_897.mp4,NeuralTextures,av1,20,1,1072485,1785688
969_897.mp4,NeuralTextures,av1,30,1,603182,1004299
969_897.mp4,NeuralTextures,av1,40,1,307064,511263
970_973.mp4,NeuralTextures,h264,18,1,2133853,5078572
970_973.mp4,NeuralTextures,h264,28,1,764246,1818906
970_973.mp4,NeuralTextures,h264,38,1,240184,571640
970_973.mp4,NeuralTextures,hevc,18,1,366613,872539
970_973.mp4,NeuralTextures,hevc,28,1,90459,215293
970_973.mp4,NeuralTextures,hevc,38,1,33484,79693
970_973.mp4,NeuralTextures,av1,20,1,672866,1601423
970_973.mp4,NeuralTextures,av1,30,1,377001,897264
970_973.mp4,NeuralTextures,av1,40,1,176441,419931
971_564.mp4,NeuralTextures,h264,18,1,8433074,12438785
971_564.mp4,NeuralTextures,h264,28,1,2016393,2974180
971_564.mp4,NeuralTextures,h264,38,1,552626,815124
971_564.mp4,NeuralTextures,hevc,18,1,1042339,1537451
971_564.mp4,NeuralTextures,hevc,28,1,317614,468482
971_564.mp4,NeuralTextures,hevc,38,1,138563,204381
971_564.mp4,NeuralTextures,av1,20,1,1454195,2144938
971_564.mp4,NeuralTextures,av1,30,1,773800,1141355
971_564.mp4,NeuralTextures,av1,40,1,386856,570614
972_718.mp4,NeuralTextures,h264,18,1,11091924,17247942
972_718.mp4,NeuralTextures,h264,28,1,2119935,3296500
972_718.mp4,NeuralTextures,h264,38,1,420162,653353
972_718.mp4,NeuralTextures,hevc,18,1,1406323,2186833
972_718.mp4,NeuralTextures,hevc,28,1,264443,411210
972_718.mp4,NeuralTextures,hevc,38,1,93204,144933
972_718.mp4,NeuralTextures,av1,20,1,1388049,2158417
972_718.mp4,NeuralTextures,av1,30,1,682866,1061858
972_718.mp4,NeuralTextures,av1,40,1,291625,453477
973_970.mp4,NeuralTextures,h264,18,1,2021182,4810414
973_970.mp4,NeuralTextures,h264,28,1,697492,1660033
973_970.mp4,NeuralTextures,h264,38,1,168255,400449
973_970.mp4,NeuralTextures,hevc,18,1,413831,984919
973_970.mp4,NeuralTextures,hevc,28,1,102813,244696
973_970.mp4,NeuralTextures,hevc,38,1,34140,81255
973_970.mp4,NeuralTextures,av1,20,1,708006,1685056
973_970.mp4,NeuralTextures,av1,30,1,391530,931842
973_970.mp4,NeuralTextures,av1,40,1,190492,453372
974_953.mp4,NeuralTextures,h264,18,1,2215114,3522032
974_953.mp4,NeuralTextures,h264,28,1,788088,1253060
974_953.mp4,NeuralTextures,h264,38,1,221366,351972
974_953.mp4,NeuralTextures,hevc,18,1,554628,881860
974_953.mp4,NeuralTextures,hevc,28,1,157121,249823
974_953.mp4,NeuralTextures,hevc,38,1,51338,81628
974_953.mp4,NeuralTextures,av1,20,1,828293,1316986
974_953.mp4,NeuralTextures,av1,30,1,464162,738019
974_953.mp4,NeuralTextures,av1,40,1,223994,356152
975_978.mp4,NeuralTextures,h264,18,1,4597676,5823724
975_978.mp4,NeuralTextures,h264,28,1,1044967,1323625
975_978.mp4,NeuralTextures,h264,38,1,226912,287422
975_978.mp4,NeuralTextures,hevc,18,1,571080,723368
975_978.mp4,NeuralTextures,hevc,28,1,144583,183139
975_978.mp4,NeuralTextures,hevc,38,1,60328,76416
975_978.mp4,NeuralTextures,av1,20,1,827744,1048476
975_978.mp4,NeuralTextures,av1,30,1,423003,535805
975_978.mp4,NeuralTextures,av1,40,1,206014,260952
976_954.mp4,NeuralTextures,h264,18,1,3050739,5003213
976_954.mp4,NeuralTextures,h264,28,1,917457,1504631
976_954.mp4,NeuralTextures,h264,38,1,227904,373764
976_954.mp4,NeuralTextures,hevc,18,1,633279,1038578
976_954.mp4,NeuralTextures,hevc,28,1,195612,320805
976_954.mp4,NeuralTextures,hevc,38,1,57725,94670
976_954.mp4,NeuralTextures,av1,20,1,958323,1571651
976_954.mp4,NeuralTextures,av1,30,1,546268,895880
976_954.mp4,NeuralTextures,av1,40,1,278284,456386
977_075.mp4,NeuralTextures,h264,18,1,2380276,6079624
977_075.mp4,NeuralTextures,h264,28,1,648461,1656278
977_075.mp4,NeuralTextures,h264,38,1,169591,433166
977_075.mp4,NeuralTextures,hevc,18,1,411452,1050919
977_075.mp4,NeuralTextures,hevc,28,1,122071,311790
977_075.mp4,NeuralTextures,hevc,38,1,49247,125786
977_075.mp4,NeuralTextures,av1,20,1,669240,1709352
977_075.mp4,NeuralTextures,av1,30,1,368293,940684
977_075.mp4,NeuralTextures,av1,40,1,189150,483122
978_975.mp4,NeuralTextures,h264,18,1,5402858,6843620
978_975.mp4,NeuralTextures,h264,28,1,1449735,1836331
978_975.mp4,NeuralTextures,h264,38,1,380451,481905
978_975.mp4,NeuralTextures,hevc,18,1,880216,1114941
978_975.mp4,NeuralTextures,hevc,28,1,248534,314810
978_975.mp4,NeuralTextures,hevc,38,1,94395,119567
978_975.mp4,NeuralTextures,av1,20,1,1464068,1854487
978_975.mp4,NeuralTextures,av1,30,1,748309,947859
978_975.mp4,NeuralTextures,av1,40,1,352884,446987
979_875.mp4,NeuralTextures,h264,18,1,5698349,7953946
979_875.mp4,NeuralTextures,h264,28,1,1558069,2174805
979_875.mp4,NeuralTextures,h264,38,1,397263,554513
979_875.mp4,NeuralTextures,hevc,18,1,784214,1094633
979_875.mp4,NeuralTextures,hevc,28,1,214116,298871
979_875.mp4,NeuralTextures,hevc,38,1,84094,117382
979_875.mp4,NeuralTextures,av1,20,1,1267775,1769604
979_875.mp4,NeuralTextures,av1,30,1,684227,955067
979_875.mp4,NeuralTextures,av1,40,1,354760,495187
980_992.mp4,NeuralTextures,h264,18,1,2173255,4161784
980_992.mp4,NeuralTextures,h264,28,1,759047,1453576
980_992.mp4,NeuralTextures,h264,38,1,222808,426679
980_992.mp4,NeuralTextures,hevc,18,1,506731,970391
980_992.mp4,NeuralTextures,hevc,28,1,136278,260974
980_992.mp4,NeuralTextures,hevc,38,1,47238,90461
980_992.mp4,NeuralTextures,av1,20,1,790919,1514610
980_992.mp4,NeuralTextures,av1,30,1,437852,838488
980_992.mp4,NeuralTextures,av1,40,1,220888,423001
981_985.mp4,NeuralTextures,h264,18,1,2452529,4206088
981_985.mp4,NeuralTextures,h264,28,1,847292,1453107
981_985.mp4,NeuralTextures,h264,38,1,229225,393121
981_985.mp4,NeuralTextures,hevc,18,1,554946,951733
981_985.mp4,NeuralTextures,hevc,28,1,153997,264106
981_985.mp4,NeuralTextures,hevc,38,1,48676,83481
981_985.mp4,NeuralTextures,av1,20,1,809002,1387440
981_985.mp4,NeuralTextures,av1,30,1,458712,786692
981_985.mp4,NeuralTextures,av1,40,1,233492,400439
982_004.mp4,NeuralTextures,h264,18,1,1720368,2657969
982_004.mp4,NeuralTextures,h264,28,1,418355,646360
982_004.mp4,NeuralTextures,h264,38,1,95356,147326
982_004.mp4,NeuralTextures,hevc,18,1,203695,314710
982_004.mp4,NeuralTextures,hevc,28,1,57533,88889
982_004.mp4,NeuralTextures,hevc,38,1,28414,43900
982_004.mp4,NeuralTextures,av1,20,1,381919,590065
982_004.mp4,NeuralTextures,av1,30,1,206099,318423
982_004.mp4,NeuralTextures,av1,40,1,99480,153697
983_113.mp4,NeuralTextures,h264,18,1,1931766,3921487
983_113.mp4,NeuralTextures,h264,28,1,395979,803839
983_113.mp4,NeuralTextures,h264,38,1,113373,230148
983_113.mp4,NeuralTextures,hevc,18,1,214106,434636
983_113.mp4,NeuralTextures,hevc,28,1,65168,132292
983_113.mp4,NeuralTextures,hevc,38,1,32791,66566
983_113.mp4,NeuralTextures,av1,20,1,296503,601903
983_113.mp4,NeuralTextures,av1,30,1,178923,363214
983_113.mp4,NeuralTextures,av1,40,1,98284,199517
984_967.mp4,NeuralTextures,h264,18,1,4170765,7069448
984_967.mp4,NeuralTextures,h264,28,1,822033,1393347
984_967.mp4,NeuralTextures,h264,38,1,223938,379576
984_967.mp4,NeuralTextures,hevc,18,1,470329,797208
984_967.mp4,NeuralTextures,hevc,28,1,136933,232103
984_967.mp4,NeuralTextures,hevc,38,1,62353,105689
984_967.mp4,NeuralTextures,av1,20,1,585406,992264
984_967.mp4,NeuralTextures,av1,30,1,315106,534106
984_967.mp4,NeuralTextures,av1,40,1,166570,282337
985_981.mp4,NeuralTextures,h264,18,1,2823844,4842893
985_981.mp4,NeuralTextures,h264,28,1,809230,1387830
985_981.mp4,NeuralTextures,h264,38,1,198895,341105
985_981.mp4,NeuralTextures,hevc,18,1,520925,893388
985_981.mp4,NeuralTextures,hevc,28,1,118570,203348
985_981.mp4,NeuralTextures,hevc,38,1,41380,70968
985_981.mp4,NeuralTextures,av1,20,1,869030,1490388
985_981.mp4,NeuralTextures,av1,30,1,491964,843719
985_981.mp4,NeuralTextures,av1,40,1,239125,410101
986_994.mp4,NeuralTextures,h264,18,1,4258634,6728642
986_994.mp4,NeuralTextures,h264,28,1,1349902,2132846
986_994.mp4,NeuralTextures,h264,38,1,410657,648839
986_994.mp4,NeuralTextures,hevc,18,1,705553,1114774
986_994.mp4,NeuralTextures,hevc,28,1,183761,290343
986_994.mp4,NeuralTextures,hevc,38,1,64480,101879
986_994.mp4,NeuralTextures,av1,20,1,1153247,1822131
986_994.mp4,NeuralTextures,av1,30,1,595943,941591
986_994.mp4,NeuralTextures,av1,40,1,285306,450784
987_938.mp4,NeuralTextures,h264,18,1,1823629,3364597
987_938.mp4,NeuralTextures,h264,28,1,521449,962075
987_938.mp4,NeuralTextures,h264,38,1,122180,225423
987_938.mp4,NeuralTextures,hevc,18,1,257095,474342
987_938.mp4,NeuralTextures,hevc,28,1,72420,133616
987_938.mp4,NeuralTextures,hevc,38,1,29987,55327
987_938.mp4,NeuralTextures,av1,20,1,386497,713088
987_938.mp4,NeuralTextures,av1,30,1,216035,398586
987_938.mp4,NeuralTextures,av1,40,1,117687,217134
988_966.mp4,NeuralTextures,h264,18,1,1808726,3291883
988_966.mp4,NeuralTextures,h264,28,1,541967,986380
988_966.mp4,NeuralTextures,h264,38,1,133951,243791
988_966.mp4,NeuralTextures,hevc,18,1,289846,527521
988_966.mp4,NeuralTextures,hevc,28,1,71392,129935
988_966.mp4,NeuralTextures,hevc,38,1,29213,53169
988_966.mp4,NeuralTextures,av1,20,1,473964,862616
988_966.mp4,NeuralTextures,av1,30,1,258513,470495
988_966.mp4,NeuralTextures,av1,40,1,134157,244167
989_993.mp4,NeuralTextures,h264,18,1,2876084,5881593
989_993.mp4,NeuralTextures,h264,28,1,941756,1925893
989_993.mp4,NeuralTextures,h264,38,1,241627,494129
989_993.mp4,NeuralTextures,hevc,18,1,633600,1295713
989_993.mp4,NeuralTextures,hevc,28,1,152440,311740
989_993.mp4,NeuralTextures,hevc,38,1,44688,91387
989_993.mp4,NeuralTextures,av1,20,1,949194,1941103
989_993.mp4,NeuralTextures,av1,30,1,521294,1066048
989_993.mp4,NeuralTextures,av1,40,1,265222,542381
990_008.mp4,NeuralTextures,h264,18,1,3086025,4706189
990_008.mp4,NeuralTextures,h264,28,1,1197555,1826272
990_008.mp4,NeuralTextures,h264,38,1,408944,623640
990_008.mp4,NeuralTextures,hevc,18,1,752358,1147347
990_008.mp4,NeuralTextures,hevc,28,1,217815,332168
990_008.mp4,NeuralTextures,hevc,38,1,67696,103237
990_008.mp4,NeuralTextures,av1,20,1,1553512,2369107
990_008.mp4,NeuralTextures,av1,30,1,780310,1189974
990_008.mp4,NeuralTextures,av1,40,1,352577,537681
991_064.mp4,NeuralTextures,h264,18,1,1565568,3146793
991_064.mp4,NeuralTextures,h264,28,1,362327,728279
991_064.mp4,NeuralTextures,h264,38,1,78831,158452
991_064.mp4,NeuralTextures,hevc,18,1,138705,278798
991_064.mp4,NeuralTextures,hevc,28,1,39625,79648
991_064.mp4,NeuralTextures,hevc,38,1,22893,46016
991_064.mp4,NeuralTextures,av1,20,1,260942,524495
991_064.mp4,NeuralTextures,av1,30,1,139220,279833
991_064.mp4,NeuralTextures,av1,40,1,70309,141322
992_980.mp4,NeuralTextures,h264,18,1,3208940,6145121
992_980.mp4,NeuralTextures,h264,28,1,1228530,2352636
992_980.mp4,NeuralTextures,h264,38,1,349683,669643
992_980.mp4,NeuralTextures,hevc,18,1,913106,1748599
992_980.mp4,NeuralTextures,hevc,28,1,270524,518054
992_980.mp4,NeuralTextures,hevc,38,1,75830,145216
992_980.mp4,NeuralTextures,av1,20,1,1239194,2373058
992_980.mp4,NeuralTextures,av1,30,1,733622,1404887
992_980.mp4,NeuralTextures,av1,40,1,360479,690319
993_989.mp4,NeuralTextures,h264,18,1,3066312,6270610
993_989.mp4,NeuralTextures,h264,28,1,1051868,2151071
993_989.mp4,NeuralTextures,h264,38,1,316124,646475
993_989.mp4,NeuralTextures,hevc,18,1,803217,1642580
993_989.mp4,NeuralTextures,hevc,28,1,190641,389861
993_989.mp4,NeuralTextures,hevc,38,1,54295,111035
993_989.mp4,NeuralTextures,av1,20,1,1180821,2414780
993_989.mp4,NeuralTextures,av1,30,1,624903,1277927
993_989.mp4,NeuralTextures,av1,40,1,295768,604847
994_986.mp4,NeuralTextures,h264,18,1,3872772,6118980
994_986.mp4,NeuralTextures,h264,28,1,1197187,1891556
994_986.mp4,NeuralTextures,h264,38,1,229444,362523
994_986.mp4,NeuralTextures,hevc,18,1,879367,1389400
994_986.mp4,NeuralTextures,hevc,28,1,193672,306003
994_986.mp4,NeuralTextures,hevc,38,1,51962,82101
994_986.mp4,NeuralTextures,av1,20,1,1263501,1996333
994_986.mp4,NeuralTextures,av1,30,1,668721,1056580
994_986.mp4,NeuralTextures,av1,40,1,327233,517029
995_233.mp4,NeuralTextures,h264,18,1,1957868,4470467
995_233.mp4,NeuralTextures,h264,28,1,736510,1681699
995_233.mp4,NeuralTextures,h264,38,1,253426,578657
995_233.mp4,NeuralTextures,hevc,18,1,594067,1356454
995_233.mp4,NeuralTextures,hevc,28,1,202286,461888
995_233.mp4,NeuralTextures,hevc,38,1,74616,170374
995_233.mp4,NeuralTextures,av1,20,1,815103,1861154
995_233.mp4,NeuralTextures,av1,30,1,485925,1109531
995_233.mp4,NeuralTextures,av1,40,1,244138,557449
996_056.mp4,NeuralTextures,h264,18,1,2954236,4608609
996_056.mp4,NeuralTextures,h264,28,1,951347,1484102
996_056.mp4,NeuralTextures,h264,38,1,263807,411539
996_056.mp4,NeuralTextures,hevc,18,1,718479,1120828
996_056.mp4,NeuralTextures,hevc,28,1,187850,293046
996_056.mp4,NeuralTextures,hevc,38,1,59633,93029
996_056.mp4,NeuralTextures,av1,20,1,1284325,2003548
996_056.mp4,NeuralTextures,av1,30,1,652428,1017789
996_056.mp4,NeuralTextures,av1,40,1,312508,487513
997_040.mp4,NeuralTextures,h264,18,1,2703283,5920191
997_040.mp4,NeuralTextures,h264,28,1,918439,2011383
997_040.mp4,NeuralTextures,h264,38,1,236467,517863
997_040.mp4,NeuralTextures,hevc,18,1,732498,1604172
997_040.mp4,NeuralTextures,hevc,28,1,180282,394818
997_040.mp4,NeuralTextures,hevc,38,1,51735,113301
997_040.mp4,NeuralTextures,av1,20,1,1140444,2497574
997_040.mp4,NeuralTextures,av1,30,1,629400,1378386
997_040.mp4,NeuralTextures,av1,40,1,307199,672767
998_561.mp4,NeuralTextures,h264,18,1,7500252,10750362
998_561.mp4,NeuralTextures,h264,28,1,2121837,3041301
998_561.mp4,NeuralTextures,h264,38,1,669312,959348
998_561.mp4,NeuralTextures,hevc,18,1,1114637,1597647
998_561.mp4,NeuralTextures,hevc,28,1,285380,409046
998_561.mp4,NeuralTextures,hevc,38,1,100674,144300
998_561.mp4,NeuralTextures,av1,20,1,1612849,2311751
998_561.mp4,NeuralTextures,av1,30,1,830822,1190845
998_561.mp4,NeuralTextures,av1,40,1,416823,597447
999_960.mp4,NeuralTextures,h264,18,1,1919641,2679500
999_960.mp4,NeuralTextures,h264,28,1,421872,588864
999_960.mp4,NeuralTextures,h264,38,1,91467,127673
999_960.mp4,NeuralTextures,hevc,18,1,247371,345289
999_960.mp4,NeuralTextures,hevc,28,1,68289,95321
999_960.mp4,NeuralTextures,hevc,38,1,33369,46578
999_960.mp4,NeuralTextures,av1,20,1,326564,455829
999_960.mp4,NeuralTextures,av1,30,1,186594,260455
999_960.mp4,NeuralTextures,av1,40,1,99711,139180
860.mp4,real,h264,18,1,7868243,15048015
860.mp4,real,h264,28,1,1968542,3764838
860.mp4,real,h264,38,1,617346,1180675
860.mp4,real,hevc,18,1,983873,1881659
860.mp4,real,hevc,28,1,307246,587609
860.mp4,real,hevc,38,1,127664,244158
860.mp4,real,av1,20,1,1841358,3521599
860.mp4,real,av1,30,1,1020596,1951890
860.mp4,real,av1,40,1,519758,994039
861.mp4,real,h264,18,1,3152254,9362195
861.mp4,real,h264,28,1,1220686,3625440
861.mp4,real,h264,38,1,373313,1108741
861.mp4,real,hevc,18,1,985163,2925935
861.mp4,real,hevc,28,1,281448,835903
861.mp4,real,hevc,38,1,85352,253496
861.mp4,real,av1,20,1,2070233,6148593
861.mp4,real,av1,30,1,1025473,3045655
861.mp4,real,av1,40,1,489211,1452959
862.mp4,real,h264,18,1,4751111,9304261
862.mp4,real,h264,28,1,1377915,2698418
862.mp4,real,h264,38,1,419900,822305
862.mp4,real,hevc,18,1,729046,1427716
862.mp4,real,hevc,28,1,203430,398384
862.mp4,real,hevc,38,1,75306,147475
862.mp4,real,av1,20,1,1311262,2567889
862.mp4,real,av1,30,1,702003,1374756
862.mp4,real,av1,40,1,339109,664089
863.mp4,real,h264,18,1,4638445,9914678
863.mp4,real,h264,28,1,1305495,2790497
863.mp4,real,h264,38,1,361953,773675
863.mp4,real,hevc,18,1,760547,1625670
863.mp4,real,hevc,28,1,228107,487580
863.mp4,real,hevc,38,1,87020,186006
863.mp4,real,av1,20,1,1188892,2541258
863.mp4,real,av1,30,1,598669,1279657
863.mp4,real,av1,40,1,283577,606146
864.mp4,real,h264,18,1,2423741,3950699
864.mp4,real,h264,28,1,871752,1420957
864.mp4,real,h264,38,1,252757,411994
864.mp4,real,hevc,18,1,584045,951994
864.mp4,real,hevc,28,1,152133,247978
864.mp4,real,hevc,38,1,49956,81429
864.mp4,real,av1,20,1,919311,1498478
864.mp4,real,av1,30,1,518656,845410
864.mp4,real,av1,40,1,245200,399677
865.mp4,real,h264,18,1,12471106,10818685
865.mp4,real,h264,28,1,2927552,2539652
865.mp4,real,h264,38,1,890288,772325
865.mp4,real,hevc,18,1,1712111,1485257
865.mp4,real,hevc,28,1,426602,370078
865.mp4,real,hevc,38,1,179167,155428
865.mp4,real,av1,20,1,2728597,2367058
865.mp4,real,av1,30,1,1323582,1148208
865.mp4,real,av1,40,1,586494,508784
866.mp4,real,h264,18,1,11351745,24075161
866.mp4,real,h264,28,1,3208432,6804550
866.mp4,real,h264,38,1,665690,1411819
866.mp4,real,hevc,18,1,1664020,3529111
866.mp4,real,hevc,28,1,377337,800269
866.mp4,real,hevc,38,1,126530,268350
866.mp4,real,av1,20,1,2440728,5176379
866.mp4,real,av1,30,1,1192759,2529645
866.mp4,real,av1,40,1,523910,1111127
867.mp4,real,h264,18,1,4019312,24936484
867.mp4,real,h264,28,1,1465670,9093266
867.mp4,real,h264,38,1,390346,2421774
867.mp4,real,hevc,18,1,1003104,6223425
867.mp4,real,hevc,28,1,236060,1464557
867.mp4,real,hevc,38,1,63291,392674
867.mp4,real,av1,20,1,1829504,11350552
867.mp4,real,av1,30,1,917405,5691734
867.mp4,real,av1,40,1,419493,2602609
868.mp4,real,h264,18,1,2216413,3980310
868.mp4,real,h264,28,1,788383,1415806
868.mp4,real,h264,38,1,263781,473707
868.mp4,real,hevc,18,1,489490,879044
868.mp4,real,hevc,28,1,140818,252887
868.mp4,real,hevc,38,1,49119,88210
868.mp4,real,av1,20,1,1123958,2018443
868.mp4,real,av1,30,1,584723,1050066
868.mp4,real,av1,40,1,250056,449060
869.mp4,real,h264,18,1,12175361,20271977
869.mp4,real,h264,28,1,3619095,6025794
869.mp4,real,h264,38,1,980339,1632266
869.mp4,real,hevc,18,1,2337085,3891248
869.mp4,real,hevc,28,1,596952,993926
869.mp4,real,hevc,38,1,190595,317341
869.mp4,real,av1,20,1,3321645,5530539
869.mp4,real,av1,30,1,1666675,2775014
869.mp4,real,av1,40,1,787109,1310538
870.mp4,real,h264,18,1,5034784,15205049
870.mp4,real,h264,28,1,1746906,5275657
870.mp4,real,h264,38,1,430002,1298608
870.mp4,real,hevc,18,1,999811,3019430
870.mp4,real,hevc,28,1,206022,622187
870.mp4,real,hevc,38,1,63689,192343
870.mp4,real,av1,20,1,1680789,5075984
870.mp4,real,av1,30,1,899058,2715157
870.mp4,real,av1,40,1,372583,1125201
871.mp4,real,h264,18,1,4196213,6084510
871.mp4,real,h264,28,1,1073157,1556079
871.mp4,real,h264,38,1,231397,335526
871.mp4,real,hevc,18,1,771279,1118355
871.mp4,real,hevc,28,1,190334,275985
871.mp4,real,hevc,38,1,60289,87420
871.mp4,real,av1,20,1,1398142,2027307
871.mp4,real,av1,30,1,677761,982754
871.mp4,real,av1,40,1,317274,460048
872.mp4,real,h264,18,1,2109635,4999836
872.mp4,real,h264,28,1,586582,1390200
872.mp4,real,h264,38,1,128229,303905
872.mp4,real,hevc,18,1,281908,668122
872.mp4,real,hevc,28,1,75433,178778
872.mp4,real,hevc,38,1,32138,76168
872.mp4,real,av1,20,1,419137,993357
872.mp4,real,av1,30,1,237107,561945
872.mp4,real,av1,40,1,129382,306636
873.mp4,real,h264,18,1,4313657,19066364
873.mp4,real,h264,28,1,1160284,5128458
873.mp4,real,h264,38,1,320580,1416967
873.mp4,real,hevc,18,1,568053,2510795
873.mp4,real,hevc,28,1,163458,722488
873.mp4,real,hevc,38,1,67664,299079
873.mp4,real,av1,20,1,933283,4125113
873.mp4,real,av1,30,1,504714,2230838
873.mp4,real,av1,40,1,259730,1148010
874.mp4,real,h264,18,1,8869989,17333437
874.mp4,real,h264,28,1,2318036,4529830
874.mp4,real,h264,38,1,620651,1212857
874.mp4,real,hevc,18,1,1214577,2373487
874.mp4,real,hevc,28,1,353548,690893
874.mp4,real,hevc,38,1,138529,270710
874.mp4,real,av1,20,1,1621911,3169485
874.mp4,real,av1,30,1,830140,1622233
874.mp4,real,av1,40,1,411275,803700
875.mp4,real,h264,18,1,4589650,8070135
875.mp4,real,h264,28,1,1457891,2563459
875.mp4,real,h264,38,1,455741,801346
875.mp4,real,hevc,18,1,564687,992908
875.mp4,real,hevc,28,1,152107,267455
875.mp4,real,hevc,38,1,60361,106135
875.mp4,real,av1,20,1,847738,1490607
875.mp4,real,av1,30,1,423063,743887
875.mp4,real,av1,40,1,202379,355850
876.mp4,real,h264,18,1,4237337,5526194
876.mp4,real,h264,28,1,1052346,1372435
876.mp4,real,h264,38,1,280659,366027
876.mp4,real,hevc,18,1,494830,645341
876.mp4,real,hevc,28,1,135944,177294
876.mp4,real,hevc,38,1,61176,79784
876.mp4,real,av1,20,1,943227,1230126
876.mp4,real,av1,30,1,510784,666148
876.mp4,real,av1,40,1,242656,316465
877.mp4,real,h264,18,1,3795113,10816073
877.mp4,real,h264,28,1,1279249,3645860
877.mp4,real,h264,38,1,426022,1214163
877.mp4,real,hevc,18,1,659044,1878278
877.mp4,real,hevc,28,1,173372,494113
877.mp4,real,hevc,38,1,62797,178973
877.mp4,real,av1,20,1,1046921,2983725
877.mp4,real,av1,30,1,537827,1532808
877.mp4,real,av1,40,1,256462,730917
878.mp4,real,h264,18,1,4574330,14027947
878.mp4,real,h264,28,1,1101538,3378051
878.mp4,real,h264,38,1,253333,776890
878.mp4,real,hevc,18,1,467238,1432865
878.mp4,real,hevc,28,1,128563,394262
878.mp4,real,hevc,38,1,60600,185841
878.mp4,real,av1,20,1,706113,2165416
878.mp4,real,av1,30,1,357977,1097797
878.mp4,real,av1,40,1,180564,553731
879.mp4,real,h264,18,1,2837938,9920961
879.mp4,real,h264,28,1,910302,3182266
879.mp4,real,h264,38,1,227616,795709
879.mp4,real,hevc,18,1,573216,2003871
879.mp4,real,hevc,28,1,146073,510647
879.mp4,real,hevc,38,1,50814,177639
879.mp4,real,av1,20,1,1180426,4126573
879.mp4,real,av1,30,1,607654,2124260
879.mp4,real,av1,40,1,291749,1019907
880.mp4,real,h264,18,1,7327535,16601447
880.mp4,real,h264,28,1,1444987,3273799
880.mp4,real,h264,38,1,331456,750955
880.mp4,real,hevc,18,1,612914,1388635
880.mp4,real,hevc,28,1,173136,392263
880.mp4,real,hevc,38,1,77337,175218
880.mp4,real,av1,20,1,943070,2136645
880.mp4,real,av1,30,1,465160,1053879
880.mp4,real,av1,40,1,226938,514158
881.mp4,real,h264,18,1,1999587,5315570
881.mp4,real,h264,28,1,638702,1697883
881.mp4,real,h264,38,1,169717,451165
881.mp4,real,hevc,18,1,416403,1106940
881.mp4,real,hevc,28,1,107857,286720
881.mp4,real,hevc,38,1,43667,116083
881.mp4,real,av1,20,1,850624,2261244
881.mp4,real,av1,30,1,464307,1234285
881.mp4,real,av1,40,1,225247,598782
882.mp4,real,h264,18,1,14554936,20194975
882.mp4,real,h264,28,1,4355368,6043074
882.mp4,real,h264,38,1,1309557,1817011
882.mp4,real,hevc,18,1,2914625,4044043
882.mp4,real,hevc,28,1,817812,1134715
882.mp4,real,hevc,38,1,265821,368828
882.mp4,real,av1,20,1,4276554,5933720
882.mp4,real,av1,30,1,2188937,3037151
882.mp4,real,av1,40,1,1034127,1434852
883.mp4,real,h264,18,1,5754453,12458392
883.mp4,real,h264,28,1,1852771,4011251
883.mp4,real,h264,38,1,528033,1143192
883.mp4,real,hevc,18,1,1226923,2656290
883.mp4,real,hevc,28,1,333992,723093
883.mp4,real,hevc,38,1,108230,234319
883.mp4,real,av1,20,1,1738554,3763970
883.mp4,real,av1,30,1,889603,1925992
883.mp4,real,av1,40,1,428300,927271
884.mp4,real,h264,18,1,6048800,10373693
884.mp4,real,h264,28,1,2064658,3540889
884.mp4,real,h264,38,1,627512,1076184
884.mp4,real,hevc,18,1,1431040,2454234
884.mp4,real,hevc,28,1,400259,686445
884.mp4,real,hevc,38,1,124812,214054
884.mp4,real,av1,20,1,2048948,3513946
884.mp4,real,av1,30,1,1063028,1823094
884.mp4,real,av1,40,1,507947,871130
885.mp4,real,h264,18,1,2331084,3834634
885.mp4,real,h264,28,1,828581,1363016
885.mp4,real,h264,38,1,233851,384686
885.mp4,real,hevc,18,1,449580,739560
885.mp4,real,hevc,28,1,121169,199324
885.mp4,real,hevc,38,1,41966,69035
885.mp4,real,av1,20,1,690337,1135605
885.mp4,real,av1,30,1,378808,623140
885.mp4,real,av1,40,1,193196,317809
886.mp4,real,h264,18,1,2010925,5278679
886.mp4,real,h264,28,1,612205,1607039
886.mp4,real,h264,38,1,152624,400638
886.mp4,real,hevc,18,1,289430,759755
886.mp4,real,hevc,28,1,74060,194408
886.mp4,real,hevc,38,1,29849,78355
886.mp4,real,av1,20,1,437023,1147186
886.mp4,real,av1,30,1,237223,622712
886.mp4,real,av1,40,1,124289,326261
887.mp4,real,h264,18,1,2391138,4052980
887.mp4,real,h264,28,1,673615,1141779
887.mp4,real,h264,38,1,170288,288639
887.mp4,real,hevc,18,1,448656,760473
887.mp4,real,hevc,28,1,121836,206513
887.mp4,real,hevc,38,1,44439,75325
887.mp4,real,av1,20,1,747723,1267391
887.mp4,real,av1,30,1,374081,634068
887.mp4,real,av1,40,1,186065,315381
888.mp4,real,h264,18,1,2056513,3156748
888.mp4,real,h264,28,1,661930,1016063
888.mp4,real,h264,38,1,160033,245651
888.mp4,real,hevc,18,1,309922,475731
888.mp4,real,hevc,28,1,78354,120274
888.mp4,real,hevc,38,1,31942,49032
888.mp4,real,av1,20,1,456682,701008
888.mp4,real,av1,30,1,239206,367182
888.mp4,real,av1,40,1,124063,190438
889.mp4,real,h264,18,1,13867841,22812600
889.mp4,real,h264,28,1,3521110,5792227
889.mp4,real,h264,38,1,916320,1507348
889.mp4,real,hevc,18,1,2439600,4013143
889.mp4,real,hevc,28,1,601694,989788
889.mp4,real,hevc,38,1,199356,327941
889.mp4,real,av1,20,1,3331708,5480660
889.mp4,real,av1,30,1,1581649,2601813
889.mp4,real,av1,40,1,713682,1174007
890.mp4,real,h264,18,1,2614606,3714920
890.mp4,real,h264,28,1,809272,1149841
890.mp4,real,h264,38,1,202540,287776
890.mp4,real,hevc,18,1,431891,613646
890.mp4,real,hevc,28,1,128838,183058
890.mp4,real,hevc,38,1,52821,75051
890.mp4,real,av1,20,1,722179,1026097
890.mp4,real,av1,30,1,383762,545262
890.mp4,real,av1,40,1,197800,281042
891.mp4,real,h264,18,1,5849942,7214929
891.mp4,real,h264,28,1,1648936,2033688
891.mp4,real,h264,38,1,465323,573899
891.mp4,real,hevc,18,1,969282,1195449
891.mp4,real,hevc,28,1,267724,330193
891.mp4,real,hevc,38,1,102082,125902
891.mp4,real,av1,20,1,1467933,1810451
891.mp4,real,av1,30,1,747716,922184
891.mp4,real,av1,40,1,366719,452288
892.mp4,real,h264,18,1,10627510,13771483
892.mp4,real,h264,28,1,2631897,3410500
892.mp4,real,h264,38,1,710627,920855
892.mp4,real,hevc,18,1,1630170,2112429
892.mp4,real,hevc,28,1,483146,626077
892.mp4,real,hevc,38,1,185645,240566
892.mp4,real,av1,20,1,2208854,2862308
892.mp4,real,av1,30,1,1149784,1489929
892.mp4,real,av1,40,1,564669,731718
893.mp4,real,h264,18,1,2946946,6593792
893.mp4,real,h264,28,1,861839,1928365
893.mp4,real,h264,38,1,237113,530541
893.mp4,real,hevc,18,1,479436,1072739
893.mp4,real,hevc,28,1,137328,307273
893.mp4,real,hevc,38,1,53694,120142
893.mp4,real,av1,20,1,926218,2072413
893.mp4,real,av1,30,1,485261,1085773
893.mp4,real,av1,40,1,245970,550358
894.mp4,real,h264,18,1,8741485,14336037
894.mp4,real,h264,28,1,1866591,3061210
894.mp4,real,h264,38,1,446774,732710
894.mp4,real,hevc,18,1,944740,1440730
894.mp4,real,hevc,28,1,238545,391214
894.mp4,real,hevc,38,1,100900,165477
894.mp4,real,av1,20,1,1320424,2165496
894.mp4,real,av1,30,1,651866,1069061
894.mp4,real,av1,40,1,319908,524650
895.mp4,real,h264,18,1,1847060,2715179
895.mp4,real,h264,28,1,457155,672018
895.mp4,real,h264,38,1,138763,203983
895.mp4,real,hevc,18,1,275751,405354
895.mp4,real,hevc,28,1,89668,131813
895.mp4,real,hevc,38,1,39867,58605
895.mp4,real,av1,20,1,474378,697337
895.mp4,real,av1,30,1,268609,394856
895.mp4,real,av1,40,1,140950,207197
896.mp4,real,h264,18,1,1289232,3422913
896.mp4,real,h264,28,1,409619,1087539
896.mp4,real,h264,38,1,130829,347353
896.mp4,real,hevc,18,1,195276,518458
896.mp4,real,hevc,28,1,59435,157802
896.mp4,real,hevc,38,1,26494,70342
896.mp4,real,av1,20,1,310727,824981
896.mp4,real,av1,30,1,167277,444122
896.mp4,real,av1,40,1,86758,230344
897.mp4,real,h264,18,1,2687766,4475131
897.mp4,real,h264,28,1,916537,1526035
897.mp4,real,h264,38,1,259939,432800
897.mp4,real,hevc,18,1,527359,878053
897.mp4,real,hevc,28,1,139539,232333
897.mp4,real,hevc,38,1,46749,77838
897.mp4,real,av1,20,1,932272,1552233
897.mp4,real,av1,30,1,488339,813085
897.mp4,real,av1,40,1,237076,394733
898.mp4,real,h264,18,1,1682188,2935419
898.mp4,real,h264,28,1,425290,742132
898.mp4,real,h264,38,1,97617,170343
898.mp4,real,hevc,18,1,188232,328465
898.mp4,real,hevc,28,1,51618,90074
898.mp4,real,hevc,38,1,25135,43862
898.mp4,real,av1,20,1,294456,513827
898.mp4,real,av1,30,1,163234,284844
898.mp4,real,av1,40,1,87868,153331
899.mp4,real,h264,18,1,2399804,5599545
899.mp4,real,h264,28,1,663278,1547651
899.mp4,real,h264,38,1,163720,382014
899.mp4,real,hevc,18,1,358464,836417
899.mp4,real,hevc,28,1,100474,234441
899.mp4,real,hevc,38,1,40149,93683
899.mp4,real,av1,20,1,590013,1376699
899.mp4,real,av1,30,1,324880,758055
899.mp4,real,av1,40,1,164500,383834
900.mp4,real,h264,18,1,2473910,4218018
900.mp4,real,h264,28,1,845248,1441149
900.mp4,real,h264,38,1,245354,418329
900.mp4,real,hevc,18,1,622863,1061983
900.mp4,real,hevc,28,1,163763,279217
900.mp4,real,hevc,38,1,52570,89633
900.mp4,real,av1,20,1,962753,1641494
900.mp4,real,av1,30,1,529601,902970
900.mp4,real,av1,40,1,266618,454585
901.mp4,real,h264,18,1,4196745,9145408
901.mp4,real,h264,28,1,1062679,2315756
901.mp4,real,h264,38,1,260298,567234
901.mp4,real,hevc,18,1,467531,1018828
901.mp4,real,hevc,28,1,131037,285553
901.mp4,real,hevc,38,1,63080,137464
901.mp4,real,av1,20,1,777901,1695177
901.mp4,real,av1,30,1,391985,854201
901.mp4,real,av1,40,1,193527,421728
902.mp4,real,h264,18,1,4279473,5260186
902.mp4,real,h264,28,1,1293277,1589654
902.mp4,real,h264,38,1,347976,427721
902.mp4,real,hevc,18,1,619633,761633
902.mp4,real,hevc,28,1,176174,216548
902.mp4,real,hevc,38,1,71917,88398
902.mp4,real,av1,20,1,912423,1121521
902.mp4,real,av1,30,1,459430,564717
902.mp4,real,av1,40,1,216885,266589
903.mp4,real,h264,18,1,2864529,8120940
903.mp4,real,h264,28,1,972220,2756246
903.mp4,real,h264,38,1,291215,825596
903.mp4,real,hevc,18,1,692758,1963970
903.mp4,real,hevc,28,1,195560,554415
903.mp4,real,hevc,38,1,57932,164239
903.mp4,real,av1,20,1,1062794,3013023
903.mp4,real,av1,30,1,634729,1799458
903.mp4,real,av1,40,1,321934,912683
904.mp4,real,h264,18,1,12295046,18391341
904.mp4,real,h264,28,1,3241199,4848295
904.mp4,real,h264,38,1,821166,1228328
904.mp4,real,hevc,18,1,1925483,2880202
904.mp4,real,hevc,28,1,468113,700220
904.mp4,real,hevc,38,1,163480,244540
904.mp4,real,av1,20,1,2171311,3247920
904.mp4,real,av1,30,1,1083485,1620714
904.mp4,real,av1,40,1,497717,744502
905.mp4,real,h264,18,1,5694610,9063921
905.mp4,real,h264,28,1,1912782,3044512
905.mp4,real,h264,38,1,530661,844636
905.mp4,real,hevc,18,1,1255316,1998045
905.mp4,real,hevc,28,1,363265,578198
905.mp4,real,hevc,38,1,120722,192150
905.mp4,real,av1,20,1,2194134,3492330
905.mp4,real,av1,30,1,1156033,1840020
905.mp4,real,av1,40,1,553104,880358
906.mp4,real,h264,18,1,8362664,13554485
906.mp4,real,h264,28,1,2113430,3425518
906.mp4,real,h264,38,1,568265,921063
906.mp4,real,hevc,18,1,932111,1510798
906.mp4,real,hevc,28,1,255906,414782
906.mp4,real,hevc,38,1,109375,177280
906.mp4,real,av1,20,1,1593686,2583100
906.mp4,real,av1,30,1,790406,1281117
906.mp4,real,av1,40,1,386145,625877
907.mp4,real,h264,18,1,5374493,11756704
907.mp4,real,h264,28,1,1588622,3475112
907.mp4,real,h264,38,1,427034,934137
907.mp4,real,hevc,18,1,815904,1784790
907.mp4,real,hevc,28,1,249904,546667
907.mp4,real,hevc,38,1,99490,217636
907.mp4,real,av1,20,1,1340187,2931661
907.mp4,real,av1,30,1,685726,1500027
907.mp4,real,av1,40,1,347961,761165
908.mp4,real,h264,18,1,7363631,25580948
908.mp4,real,h264,28,1,2016018,7003563
908.mp4,real,h264,38,1,577543,2006363
908.mp4,real,hevc,18,1,1005308,3492400
908.mp4,real,hevc,28,1,285227,990869
908.mp4,real,hevc,38,1,111371,386901
908.mp4,real,av1,20,1,1607935,5585901
908.mp4,real,av1,30,1,777199,2699958
908.mp4,real,av1,40,1,352147,1223345
909.mp4,real,h264,18,1,1553256,4122601
909.mp4,real,h264,28,1,411642,1092567
909.mp4,real,h264,38,1,108098,286912
909.mp4,real,hevc,18,1,175075,464679
909.mp4,real,hevc,28,1,54611,144947
909.mp4,real,hevc,38,1,28750,76308
909.mp4,real,av1,20,1,332147,881575
909.mp4,real,av1,30,1,179017,475141
909.mp4,real,av1,40,1,92008,244207
910.mp4,real,h264,18,1,4889719,5949159
910.mp4,real,h264,28,1,1478442,1798772
910.mp4,real,h264,38,1,393363,478592
910.mp4,real,hevc,18,1,932539,1134590
910.mp4,real,hevc,28,1,238342,289983
910.mp4,real,hevc,38,1,80546,97998
910.mp4,real,av1,20,1,1522334,1852173
910.mp4,real,av1,30,1,790587,961881
910.mp4,real,av1,40,1,372338,453012
911.mp4,real,h264,18,1,5559798,7621557
911.mp4,real,h264,28,1,1661939,2278242
911.mp4,real,h264,38,1,409314,561102
911.mp4,real,hevc,18,1,792218,1086000
911.mp4,real,hevc,28,1,221872,304150
911.mp4,real,hevc,38,1,84862,116332
911.mp4,real,av1,20,1,1354133,1856292
911.mp4,real,av1,30,1,689116,944664
911.mp4,real,av1,40,1,335147,459431
912.mp4,real,h264,18,1,1717955,5557587
912.mp4,real,h264,28,1,486774,1574716
912.mp4,real,h264,38,1,120121,388593
912.mp4,real,hevc,18,1,294502,952714
912.mp4,real,hevc,28,1,81144,262501
912.mp4,real,hevc,38,1,34406,111304
912.mp4,real,av1,20,1,432146,1397995
912.mp4,real,av1,30,1,240601,778347
912.mp4,real,av1,40,1,125010,404408
913.mp4,real,h264,18,1,2023134,5344448
913.mp4,real,h264,28,1,626324,1654541
913.mp4,real,h264,38,1,181223,478731
913.mp4,real,hevc,18,1,374136,988344
913.mp4,real,hevc,28,1,112858,298135
913.mp4,real,hevc,38,1,45181,119354
913.mp4,real,av1,20,1,650466,1718315
913.mp4,real,av1,30,1,353752,934495
913.mp4,real,av1,40,1,182690,482607
914.mp4,real,h264,18,1,1890129,2417791
914.mp4,real,h264,28,1,587706,751774
914.mp4,real,h264,38,1,162614,208011
914.mp4,real,hevc,18,1,399718,511307
914.mp4,real,hevc,28,1,110460,141297
914.mp4,real,hevc,38,1,43498,55642
914.mp4,real,av1,20,1,679437,869114
914.mp4,real,av1,30,1,382084,488750
914.mp4,real,av1,40,1,197400,252508
915.mp4,real,h264,18,1,6260038,11017667
915.mp4,real,h264,28,1,1779281,3131536
915.mp4,real,h264,38,1,466510,821059
915.mp4,real,hevc,18,1,807568,1421320
915.mp4,real,hevc,28,1,204719,360307
915.mp4,real,hevc,38,1,80211,141172
915.mp4,real,av1,20,1,1188613,2091959
915.mp4,real,av1,30,1,591567,1041158
915.mp4,real,av1,40,1,294748,518758
916.mp4,real,h264,18,1,7550948,15227746
916.mp4,real,h264,28,1,3003681,6057425
916.mp4,real,h264,38,1,893363,1801617
916.mp4,real,hevc,18,1,1919218,3870423
916.mp4,real,hevc,28,1,457761,923153
916.mp4,real,hevc,38,1,105633,213028
916.mp4,real,av1,20,1,3015930,6082127
916.mp4,real,av1,30,1,1516428,3058130
916.mp4,real,av1,40,1,635894,1282387
917.mp4,real,h264,18,1,2350364,5264817
917.mp4,real,h264,28,1,701882,1572216
917.mp4,real,h264,38,1,200596,449336
917.mp4,real,hevc,18,1,496367,1111864
917.mp4,real,hevc,28,1,142813,319903
917.mp4,real,hevc,38,1,51692,115792
917.mp4,real,av1,20,1,896638,2008471
917.mp4,real,av1,30,1,461354,1033434
917.mp4,real,av1,40,1,229987,515173
918.mp4,real,h264,18,1,3410938,8049814
918.mp4,real,h264,28,1,785725,1854313
918.mp4,real,h264,38,1,176999,417719
918.mp4,real,hevc,18,1,358746,846642
918.mp4,real,hevc,28,1,99524,234878
918.mp4,real,hevc,38,1,46211,109060
918.mp4,real,av1,20,1,493994,1165828
918.mp4,real,av1,30,1,252451,595785
918.mp4,real,av1,40,1,129692,306075
919.mp4,real,h264,18,1,1507611,3354435
919.mp4,real,h264,28,1,477421,1062262
919.mp4,real,h264,38,1,144168,320776
919.mp4,real,hevc,18,1,283527,630848
919.mp4,real,hevc,28,1,93538,208124
919.mp4,real,hevc,38,1,40848,90887
919.mp4,real,av1,20,1,492606,1096049
919.mp4,real,av1,30,1,280413,623920
919.mp4,real,av1,40,1,146671,326343
920.mp4,real,h264,18,1,7719787,14320206
920.mp4,real,h264,28,1,1832430,3399159
920.mp4,real,h264,38,1,457878,849364
920.mp4,real,hevc,18,1,879534,1631537
920.mp4,real,hevc,28,1,240950,446964
920.mp4,real,hevc,38,1,97166,180244
920.mp4,real,av1,20,1,1084783,2012273
920.mp4,real,av1,30,1,582529,1080592
920.mp4,real,av1,40,1,289098,536278
921.mp4,real,h264,18,1,14338671,17684362
921.mp4,real,h264,28,1,3867506,4769925
921.mp4,real,h264,38,1,939467,1158677
921.mp4,real,hevc,18,1,2299873,2836511
921.mp4,real,hevc,28,1,539241,665064
921.mp4,real,hevc,38,1,166928,205879
921.mp4,real,av1,20,1,3240007,3996009
921.mp4,real,av1,30,1,1513872,1867109
921.mp4,real,av1,40,1,682888,842229
922.mp4,real,h264,18,1,2155800,6639867
922.mp4,real,h264,28,1,672714,2071960
922.mp4,real,h264,38,1,182620,562471
922.mp4,real,hevc,18,1,388859,1197687
922.mp4,real,hevc,28,1,113423,349345
922.mp4,real,hevc,38,1,42963,132327
922.mp4,real,av1,20,1,629708,1939502
922.mp4,real,av1,30,1,359516,1107312
922.mp4,real,av1,40,1,191577,590058
923.mp4,real,h264,18,1,9724903,29271960
923.mp4,real,h264,28,1,2383455,7174202
923.mp4,real,h264,38,1,443167,1333934
923.mp4,real,hevc,18,1,1299674,3912020
923.mp4,real,hevc,28,1,200545,603643
923.mp4,real,hevc,38,1,63390,190806
923.mp4,real,av1,20,1,1668616,5022536
923.mp4,real,av1,30,1,726266,2186063
923.mp4,real,av1,40,1,308080,927322
924.mp4,real,h264,18,1,2105734,13139782
924.mp4,real,h264,28,1,656175,4094536
924.mp4,real,h264,38,1,153715,959183
924.mp4,real,hevc,18,1,359200,2241409
924.mp4,real,hevc,28,1,89514,558569
924.mp4,real,hevc,38,1,32695,204020
924.mp4,real,av1,20,1,599306,3739674
924.mp4,real,av1,30,1,329136,2053814
924.mp4,real,av1,40,1,171630,1070975
925.mp4,real,h264,18,1,5769629,8558284
925.mp4,real,h264,28,1,1872374,2777356
925.mp4,real,h264,38,1,506029,750610
925.mp4,real,hevc,18,1,915716,1358313
925.mp4,real,hevc,28,1,244705,362980
925.mp4,real,hevc,38,1,87328,129537
925.mp4,real,av1,20,1,1433004,2125624
925.mp4,real,av1,30,1,731748,1085427
925.mp4,real,av1,40,1,352355,522660
926.mp4,real,h264,18,1,2005860,3339757
926.mp4,real,h264,28,1,576650,960123
926.mp4,real,h264,38,1,131157,218377
926.mp4,real,hevc,18,1,297157,494767
926.mp4,real,hevc,28,1,73656,122638
926.mp4,real,hevc,38,1,31342,52186
926.mp4,real,av1,20,1,528507,879965
926.mp4,real,av1,30,1,289337,481747
926.mp4,real,av1,40,1,148560,247353
927.mp4,real,h264,18,1,1534761,5348643
927.mp4,real,h264,28,1,450683,1570631
927.mp4,real,h264,38,1,119290,415727
927.mp4,real,hevc,18,1,266988,930456
927.mp4,real,hevc,28,1,73352,255632
927.mp4,real,hevc,38,1,29593,103132
927.mp4,real,av1,20,1,471940,1644714
927.mp4,real,av1,30,1,260681,908476
927.mp4,real,av1,40,1,136635,476176
928.mp4,real,h264,18,1,5924001,9280936
928.mp4,real,h264,28,1,1771487,2775331
928.mp4,real,h264,38,1,480612,752960
928.mp4,real,hevc,18,1,1092074,1710916
928.mp4,real,hevc,28,1,264854,414939
928.mp4,real,hevc,38,1,101850,159565
928.mp4,real,av1,20,1,1812154,2839042
928.mp4,real,av1,30,1,960622,1504975
928.mp4,real,av1,40,1,464434,727614
929.mp4,real,h264,18,1,1571525,3025187
929.mp4,real,h264,28,1,364470,701605
929.mp4,real,h264,38,1,77841,149845
929.mp4,real,hevc,18,1,206885,398254
929.mp4,real,hevc,28,1,55753,107326
929.mp4,real,hevc,38,1,27803,53521
929.mp4,real,av1,20,1,407441,784325
929.mp4,real,av1,30,1,222247,427826
929.mp4,real,av1,40,1,110736,213168
930.mp4,real,h264,18,1,4132105,7713263
930.mp4,real,h264,28,1,1555099,2902853
930.mp4,real,h264,38,1,465216,868404
930.mp4,real,hevc,18,1,1587865,2964015
930.mp4,real,hevc,28,1,438246,818061
930.mp4,real,hevc,38,1,118535,221267
930.mp4,real,av1,20,1,2300597,4294449
930.mp4,real,av1,30,1,1287939,2404153
930.mp4,real,av1,40,1,626611,1169675
931.mp4,real,h264,18,1,4054030,6466178
931.mp4,real,h264,28,1,1192183,1901533
931.mp4,real,h264,38,1,232483,370811
931.mp4,real,hevc,18,1,566527,903612
931.mp4,real,hevc,28,1,141655,225941
931.mp4,real,hevc,38,1,47561,75860
931.mp4,real,av1,20,1,759221,1210959
931.mp4,real,av1,30,1,427166,681331
931.mp4,real,av1,40,1,234929,374712
932.mp4,real,h264,18,1,7672083,18566442
932.mp4,real,h264,28,1,2655109,6425366
932.mp4,real,h264,38,1,708950,1715661
932.mp4,real,hevc,18,1,1884290,4559984
932.mp4,real,hevc,28,1,483841,1170897
932.mp4,real,hevc,38,1,135288,327397
932.mp4,real,av1,20,1,3072790,7436152
932.mp4,real,av1,30,1,1575935,3813765
932.mp4,real,av1,40,1,696602,1685779
933.mp4,real,h264,18,1,4499443,9261354
933.mp4,real,h264,28,1,1280196,2635071
933.mp4,real,h264,38,1,336883,693418
933.mp4,real,hevc,18,1,598770,1232470
933.mp4,real,hevc,28,1,159850,329025
933.mp4,real,hevc,38,1,66069,135993
933.mp4,real,av1,20,1,976677,2010328
933.mp4,real,av1,30,1,498943,1026992
933.mp4,real,av1,40,1,247580,509603
934.mp4,real,h264,18,1,4288663,8084131
934.mp4,real,h264,28,1,1119298,2109878
934.mp4,real,h264,38,1,263382,496476
934.mp4,real,hevc,18,1,529455,998023
934.mp4,real,hevc,28,1,136996,258239
934.mp4,real,hevc,38,1,56154,105851
934.mp4,real,av1,20,1,763249,1438726
934.mp4,real,av1,30,1,381201,718564
934.mp4,real,av1,40,1,191031,360095
935.mp4,real,h264,18,1,8467351,22861849
935.mp4,real,h264,28,1,2303012,6218133
935.mp4,real,h264,38,1,667123,1801234
935.mp4,real,hevc,18,1,1347213,3637476
935.mp4,real,hevc,28,1,396207,1069759
935.mp4,real,hevc,38,1,153858,415419
935.mp4,real,av1,20,1,1694639,4575527
935.mp4,real,av1,30,1,881585,2380282
935.mp4,real,av1,40,1,429022,1158362
936.mp4,real,h264,18,1,2420272,3594104
936.mp4,real,h264,28,1,735855,1092746
936.mp4,real,h264,38,1,205954,305843
936.mp4,real,hevc,18,1,528589,784956
936.mp4,real,hevc,28,1,147053,218374
936.mp4,real,hevc,38,1,52213,77537
936.mp4,real,av1,20,1,874189,1298171
936.mp4,real,av1,30,1,458308,680588
936.mp4,real,av1,40,1,221575,329040
937.mp4,real,h264,18,1,2231794,5077333
937.mp4,real,h264,28,1,757187,1722601
937.mp4,real,h264,38,1,218178,496357
937.mp4,real,hevc,18,1,539734,1227897
937.mp4,real,hevc,28,1,139242,316777
937.mp4,real,hevc,38,1,47785,108711
937.mp4,real,av1,20,1,885047,2013484
937.mp4,real,av1,30,1,497854,1132619
937.mp4,real,av1,40,1,251994,573287
938.mp4,real,h264,18,1,2750642,5074935
938.mp4,real,h264,28,1,982177,1812118
938.mp4,real,h264,38,1,287211,529905
938.mp4,real,hevc,18,1,701248,1293804
938.mp4,real,hevc,28,1,182208,336175
938.mp4,real,hevc,38,1,56278,103834
938.mp4,real,av1,20,1,1141537,2106136
938.mp4,real,av1,30,1,648978,1197365
938.mp4,real,av1,40,1,318238,587150
939.mp4,real,h264,18,1,1561383,3324446
939.mp4,real,h264,28,1,434453,925024
939.mp4,real,h264,38,1,113623,241924
939.mp4,real,hevc,18,1,215982,459863
939.mp4,real,hevc,28,1,65610,139695
939.mp4,real,hevc,38,1,31931,67987
939.mp4,real,av1,20,1,393654,838157
939.mp4,real,av1,30,1,212266,451950
939.mp4,real,av1,40,1,108875,231814
940.mp4,real,h264,18,1,1949614,3012155
940.mp4,real,h264,28,1,572943,885198
940.mp4,real,h264,38,1,147723,228233
940.mp4,real,hevc,18,1,349073,539318
940.mp4,real,hevc,28,1,103417,159780
940.mp4,real,hevc,38,1,40944,63260
940.mp4,real,av1,20,1,612620,946499
940.mp4,real,av1,30,1,326919,505090
940.mp4,real,av1,40,1,164546,254225
941.mp4,real,h264,18,1,2326947,5747561
941.mp4,real,h264,28,1,722866,1785480
941.mp4,real,h264,38,1,192410,475254
941.mp4,real,hevc,18,1,371010,916397
941.mp4,real,hevc,28,1,105143,259705
941.mp4,real,hevc,38,1,39560,97715
941.mp4,real,av1,20,1,687471,1698054
941.mp4,real,av1,30,1,349700,863760
941.mp4,real,av1,40,1,174069,429951
942.mp4,real,h264,18,1,4135648,10235731
942.mp4,real,h264,28,1,1250125,3094061
942.mp4,real,h264,38,1,351471,869893
942.mp4,real,hevc,18,1,672434,1664275
942.mp4,real,hevc,28,1,174196,431136
942.mp4,real,hevc,38,1,65073,161058
942.mp4,real,av1,20,1,1067600,2642311
942.mp4,real,av1,30,1,529138,1309618
942.mp4,real,av1,40,1,249206,616785
943.mp4,real,h264,18,1,3634964,8542166
943.mp4,real,h264,28,1,923352,2169879
943.mp4,real,h264,38,1,241546,567635
943.mp4,real,hevc,18,1,411136,966170
943.mp4,real,hevc,28,1,113794,267417
943.mp4,real,hevc,38,1,50236,118055
943.mp4,real,av1,20,1,683487,1606196
943.mp4,real,av1,30,1,334557,786210
943.mp4,real,av1,40,1,156836,368565
944.mp4,real,h264,18,1,2064056,2941281
944.mp4,real,h264,28,1,517095,736861
944.mp4,real,h264,38,1,141698,201920
944.mp4,real,hevc,18,1,243437,346898
944.mp4,real,hevc,28,1,76091,108431
944.mp4,real,hevc,38,1,38732,55194
944.mp4,real,av1,20,1,537142,765428
944.mp4,real,av1,30,1,295440,421003
944.mp4,real,av1,40,1,146066,208145
945.mp4,real,h264,18,1,6619783,20990229
945.mp4,real,h264,28,1,1873903,5941836
945.mp4,real,h264,38,1,517509,1640937
945.mp4,real,hevc,18,1,955800,3030685
945.mp4,real,hevc,28,1,255905,811435
945.mp4,real,hevc,38,1,94970,301135
945.mp4,real,av1,20,1,1504910,4771820
945.mp4,real,av1,30,1,739152,2343728
945.mp4,real,av1,40,1,341156,1081749
946.mp4,real,h264,18,1,5048554,9718468
946.mp4,real,h264,28,1,1532484,2950032
946.mp4,real,h264,38,1,371148,714460
946.mp4,real,hevc,18,1,763265,1469287
946.mp4,real,hevc,28,1,217962,419578
946.mp4,real,hevc,38,1,78576,151260
946.mp4,real,av1,20,1,1167555,2247544
946.mp4,real,av1,30,1,574514,1105941
946.mp4,real,av1,40,1,276638,532530
947.mp4,real,h264,18,1,5901027,15760661
947.mp4,real,h264,28,1,1641825,4385042
947.mp4,real,h264,38,1,427717,1142363
947.mp4,real,hevc,18,1,912863,2438106
947.mp4,real,hevc,28,1,236549,631785
947.mp4,real,hevc,38,1,81528,217750
947.mp4,real,av1,20,1,1292910,3453149
947.mp4,real,av1,30,1,648428,1731845
947.mp4,real,av1,40,1,305212,815173
948.mp4,real,h264,18,1,13926913,25184503
948.mp4,real,h264,28,1,2914853,5271027
948.mp4,real,h264,38,1,598026,1081432
948.mp4,real,hevc,18,1,2072604,3747960
948.mp4,real,hevc,28,1,463407,837996
948.mp4,real,hevc,38,1,162271,293441
948.mp4,real,av1,20,1,2375518,4295730
948.mp4,real,av1,30,1,1161824,2100966
948.mp4,real,av1,40,1,518727,938033
949.mp4,real,h264,18,1,2076164,5934369
949.mp4,real,h264,28,1,739664,2114207
949.mp4,real,h264,38,1,264648,756453
949.mp4,real,hevc,18,1,464244,1326965
949.mp4,real,hevc,28,1,143924,411383
949.mp4,real,hevc,38,1,56369,161123
949.mp4,real,av1,20,1,963947,2755284
949.mp4,real,av1,30,1,549033,1569322
949.mp4,real,av1,40,1,276095,789173
950.mp4,real,h264,18,1,11109513,35318993
950.mp4,real,h264,28,1,2360106,7503171
950.mp4,real,h264,38,1,571115,1815671
950.mp4,real,hevc,18,1,1402152,4457676
950.mp4,real,hevc,28,1,347761,1105591
950.mp4,real,hevc,38,1,137167,436079
950.mp4,real,av1,20,1,1711798,5442093
950.mp4,real,av1,30,1,880031,2797768
950.mp4,real,av1,40,1,431894,1373063
951.mp4,real,h264,18,1,4378863,21456431
951.mp4,real,h264,28,1,1098415,5382237
951.mp4,real,h264,38,1,281391,1378819
951.mp4,real,hevc,18,1,515615,2526517
951.mp4,real,hevc,28,1,162277,795160
951.mp4,real,hevc,38,1,70331,344623
951.mp4,real,av1,20,1,939100,4601594
951.mp4,real,av1,30,1,512697,2512216
951.mp4,real,av1,40,1,268438,1315351
952.mp4,real,h264,18,1,4972241,14502371
952.mp4,real,h264,28,1,1126951,3286942
952.mp4,real,h264,38,1,288078,840228
952.mp4,real,hevc,18,1,639622,1865567
952.mp4,real,hevc,28,1,183886,536337
952.mp4,real,hevc,38,1,80177,233851
952.mp4,real,av1,20,1,902691,2632850
952.mp4,real,av1,30,1,439194,1280983
952.mp4,real,av1,40,1,215034,627185
953.mp4,real,h264,18,1,8138328,14282766
953.mp4,real,h264,28,1,2653897,4657590
953.mp4,real,h264,38,1,714977,1254785
953.mp4,real,hevc,18,1,1907022,3346824
953.mp4,real,hevc,28,1,474945,833529
953.mp4,real,hevc,38,1,134910,236768
953.mp4,real,av1,20,1,2959477,5193883
953.mp4,real,av1,30,1,1458420,2559528
953.mp4,real,av1,40,1,681328,1195731
954.mp4,real,h264,18,1,2423787,4556720
954.mp4,real,h264,28,1,853154,1603931
954.mp4,real,h264,38,1,274598,516246
954.mp4,real,hevc,18,1,518717,975188
954.mp4,real,hevc,28,1,139417,262104
954.mp4,real,hevc,38,1,44713,84062
954.mp4,real,av1,20,1,770701,1448919
954.mp4,real,av1,30,1,436194,820045
954.mp4,real,av1,40,1,219717,413069
955.mp4,real,h264,18,1,2258858,5997270
955.mp4,real,h264,28,1,738409,1960476
955.mp4,real,h264,38,1,220120,584421
955.mp4,real,hevc,18,1,512838,1361585
955.mp4,real,hevc,28,1,143849,381921
955.mp4,real,hevc,38,1,45123,119804
955.mp4,real,av1,20,1,710334,1885937
955.mp4,real,av1,30,1,399332,1060228
955.mp4,real,av1,40,1,196461,521604
956.mp4,real,h264,18,1,3068870,8316640
956.mp4,real,h264,28,1,1073414,2908953
956.mp4,real,h264,38,1,325227,881366
956.mp4,real,hevc,18,1,602242,1632076
956.mp4,real,hevc,28,1,170154,461118
956.mp4,real,hevc,38,1,55146,149446
956.mp4,real,av1,20,1,1130954,3064886
956.mp4,real,av1,30,1,607348,1645915
956.mp4,real,av1,40,1,294397,797816
957.mp4,real,h264,18,1,14781709,25744810
957.mp4,real,h264,28,1,4095604,7133177
957.mp4,real,h264,38,1,1069033,1861900
957.mp4,real,hevc,18,1,2628366,4577738
957.mp4,real,hevc,28,1,649302,1130869
957.mp4,real,hevc,38,1,210980,367457
957.mp4,real,av1,20,1,3564171,6207599
957.mp4,real,av1,30,1,1771461,3085295
957.mp4,real,av1,40,1,829375,1444495
958.mp4,real,h264,18,1,3147272,6168655
958.mp4,real,h264,28,1,1069974,2097150
958.mp4,real,h264,38,1,298095,584268
958.mp4,real,hevc,18,1,775407,1519798
958.mp4,real,hevc,28,1,188919,370283
958.mp4,real,hevc,38,1,56535,110810
958.mp4,real,av1,20,1,1650598,3235173
958.mp4,real,av1,30,1,831587,1629912
958.mp4,real,av1,40,1,374514,734049
959.mp4,real,h264,18,1,11204351,22502074
959.mp4,real,h264,28,1,3378991,6786142
959.mp4,real,h264,38,1,1016684,2041842
959.mp4,real,hevc,18,1,2179816,4377799
959.mp4,real,hevc,28,1,623544,1252285
959.mp4,real,hevc,38,1,214956,431705
959.mp4,real,av1,20,1,3396910,6822128
959.mp4,real,av1,30,1,1772461,3559693
959.mp4,real,av1,40,1,855895,1718923
960.mp4,real,h264,18,1,5270960,7577006
960.mp4,real,h264,28,1,1573327,2261658
960.mp4,real,h264,38,1,447722,643601
960.mp4,real,hevc,18,1,951200,1367351
960.mp4,real,hevc,28,1,260395,374318
960.mp4,real,hevc,38,1,97035,139489
960.mp4,real,av1,20,1,1537426,2210051
960.mp4,real,av1,30,1,774998,1114060
960.mp4,real,av1,40,1,379708,545831
961.mp4,real,h264,18,1,4435638,5969631
961.mp4,real,h264,28,1,1020240,1373074
961.mp4,real,h264,38,1,240558,323752
961.mp4,real,hevc,18,1,527422,709823
961.mp4,real,hevc,28,1,152999,205912
961.mp4,real,hevc,38,1,70685,95131
961.mp4,real,av1,20,1,660586,889040
961.mp4,real,av1,30,1,337064,453632
961.mp4,real,av1,40,1,172019,231510
962.mp4,real,h264,18,1,1880958,3605170
962.mp4,real,h264,28,1,647038,1240157
962.mp4,real,h264,38,1,205785,394423
962.mp4,real,hevc,18,1,373928,716696
962.mp4,real,hevc,28,1,98787,189342
962.mp4,real,hevc,38,1,37697,72253
962.mp4,real,av1,20,1,606135,1161759
962.mp4,real,av1,30,1,329676,631880
962.mp4,real,av1,40,1,170885,327531
963.mp4,real,h264,18,1,2302699,6639451
963.mp4,real,h264,28,1,728274,2099859
963.mp4,real,h264,38,1,195561,563870
963.mp4,real,hevc,18,1,422019,1216822
963.mp4,real,hevc,28,1,118698,342248
963.mp4,real,hevc,38,1,46529,134159
963.mp4,real,av1,20,1,870601,2510233
963.mp4,real,av1,30,1,457864,1320177
963.mp4,real,av1,40,1,228205,657992
964.mp4,real,h264,18,1,2678983,5034256
964.mp4,real,h264,28,1,872995,1640504
964.mp4,real,h264,38,1,228794,429943
964.mp4,real,hevc,18,1,572239,1075333
964.mp4,real,hevc,28,1,164431,308995
964.mp4,real,hevc,38,1,58851,110592
964.mp4,real,av1,20,1,1055336,1983154
964.mp4,real,av1,30,1,547771,1029353
964.mp4,real,av1,40,1,267640,502942
965.mp4,real,h264,18,1,10297047,14930719
965.mp4,real,h264,28,1,2662016,3859924
965.mp4,real,h264,38,1,605873,878517
965.mp4,real,hevc,18,1,1418816,2057284
965.mp4,real,hevc,28,1,352942,511766
965.mp4,real,hevc,38,1,130827,189700
965.mp4,real,av1,20,1,1995936,2894108
965.mp4,real,av1,30,1,1007385,1460709
965.mp4,real,av1,40,1,494373,716842
966.mp4,real,h264,18,1,2328673,4238185
966.mp4,real,h264,28,1,847365,1542206
966.mp4,real,h264,38,1,253576,461510
966.mp4,real,hevc,18,1,624267,1136166
966.mp4,real,hevc,28,1,175029,318554
966.mp4,real,hevc,38,1,56693,103183
966.mp4,real,av1,20,1,960194,1747554
966.mp4,real,av1,30,1,543621,989391
966.mp4,real,av1,40,1,280197,509960
967.mp4,real,h264,18,1,5076051,10456667
967.mp4,real,h264,28,1,1633507,3365025
967.mp4,real,h264,38,1,434286,894631
967.mp4,real,hevc,18,1,921887,1899088
967.mp4,real,hevc,28,1,230280,474378
967.mp4,real,hevc,38,1,73720,151865
967.mp4,real,av1,20,1,1424925,2935347
967.mp4,real,av1,30,1,708867,1460268
967.mp4,real,av1,40,1,339014,698369
968.mp4,real,h264,18,1,4951952,7427928
968.mp4,real,h264,28,1,1710580,2565871
968.mp4,real,h264,38,1,516388,774583
968.mp4,real,hevc,18,1,1088535,1632803
968.mp4,real,hevc,28,1,295462,443194
968.mp4,real,hevc,38,1,96327,144491
968.mp4,real,av1,20,1,1721090,2581636
968.mp4,real,av1,30,1,890219,1335329
968.mp4,real,av1,40,1,425884,638827
969.mp4,real,h264,18,1,2730638,4860536
969.mp4,real,h264,28,1,996396,1773585
969.mp4,real,h264,38,1,276412,492015
969.mp4,real,hevc,18,1,649871,1156772
969.mp4,real,hevc,28,1,169557,301813
969.mp4,real,hevc,38,1,49079,87361
969.mp4,real,av1,20,1,1441476,2565829
969.mp4,real,av1,30,1,708020,1260277
969.mp4,real,av1,40,1,315587,561746
970.mp4,real,h264,18,1,2161492,5144351
970.mp4,real,h264,28,1,789886,1879929
970.mp4,real,h264,38,1,250389,595926
970.mp4,real,hevc,18,1,393580,936722
970.mp4,real,hevc,28,1,98573,234606
970.mp4,real,hevc,38,1,35380,84206
970.mp4,real,av1,20,1,852190,2028213
970.mp4,real,av1,30,1,445908,1061263
970.mp4,real,av1,40,1,190320,452963
971.mp4,real,h264,18,1,8225547,12132682
971.mp4,real,h264,28,1,2038640,3006995
971.mp4,real,h264,38,1,562893,830268
971.mp4,real,hevc,18,1,1047621,1545242
971.mp4,real,hevc,28,1,319064,470620
971.mp4,real,hevc,38,1,137345,202584
971.mp4,real,av1,20,1,1510193,2227536
971.mp4,real,av1,30,1,788901,1163630
971.mp4,real,av1,40,1,388637,573240
972.mp4,real,h264,18,1,10955512,17035822
972.mp4,real,h264,28,1,2262117,3517593
972.mp4,real,h264,38,1,464255,721918
972.mp4,real,hevc,18,1,1451924,2257743
972.mp4,real,hevc,28,1,283136,440277
972.mp4,real,hevc,38,1,97710,151940
972.mp4,real,av1,20,1,1569130,2439998
972.mp4,real,av1,30,1,745853,1159802
972.mp4,real,av1,40,1,320571,498489
973.mp4,real,h264,18,1,2109521,5621876
973.mp4,real,h264,28,1,750663,2000519
973.mp4,real,h264,38,1,189785,505779
973.mp4,real,hevc,18,1,464494,1237877
973.mp4,real,hevc,28,1,117084,312029
973.mp4,real,hevc,38,1,37945,101124
973.mp4,real,av1,20,1,774181,2063193
973.mp4,real,av1,30,1,425239,1133263
973.mp4,real,av1,40,1,209293,557766
974.mp4,real,h264,18,1,2312333,3676611
974.mp4,real,h264,28,1,837163,1331090
974.mp4,real,h264,38,1,237260,377244
974.mp4,real,hevc,18,1,594741,945639
974.mp4,real,hevc,28,1,165826,263664
974.mp4,real,hevc,38,1,53755,85471
974.mp4,real,av1,20,1,882701,1403496
974.mp4,real,av1,30,1,485633,772157
974.mp4,real,av1,40,1,231832,368613
975.mp4,real,h264,18,1,4606223,5834550
975.mp4,real,h264,28,1,1082599,1371293
975.mp4,real,h264,38,1,236241,299239
975.mp4,real,hevc,18,1,566335,717358
975.mp4,real,hevc,28,1,144111,182541
975.mp4,real,hevc,38,1,61058,77341
975.mp4,real,av1,20,1,864169,1094615
975.mp4,real,av1,30,1,429315,543799
975.mp4,real,av1,40,1,207083,262306
976.mp4,real,h264,18,1,3071431,5037147
976.mp4,real,h264,28,1,936071,1535157
976.mp4,real,h264,38,1,234534,384637
976.mp4,real,hevc,18,1,638373,1046932
976.mp4,real,hevc,28,1,193776,317793
976.mp4,real,hevc,38,1,57328,94019
976.mp4,real,av1,20,1,994699,1631307
976.mp4,real,av1,30,1,556076,911966
976.mp4,real,av1,40,1,279284,458026
977.mp4,real,h264,18,1,2540941,6892305
977.mp4,real,h264,28,1,725856,1968885
977.mp4,real,h264,38,1,190409,516487
977.mp4,real,hevc,18,1,482647,1309180
977.mp4,real,hevc,28,1,133512,362154
977.mp4,real,hevc,38,1,51065,138515
977.mp4,real,av1,20,1,841952,2283795
977.mp4,real,av1,30,1,437190,1185878
977.mp4,real,av1,40,1,216574,587459
978.mp4,real,h264,18,1,5371600,16942924
978.mp4,real,h264,28,1,1529907,4825582
978.mp4,real,h264,38,1,405058,1277621
978.mp4,real,hevc,18,1,949113,2993663
978.mp4,real,hevc,28,1,263362,830688
978.mp4,real,hevc,38,1,96202,303438
978.mp4,real,av1,20,1,1655982,5223244
978.mp4,real,av1,30,1,827326,2609526
978.mp4,real,av1,40,1,383286,1208950
979.mp4,real,h264,18,1,5755637,8033911
979.mp4,real,h264,28,1,1619694,2260823
979.mp4,real,h264,38,1,416819,581811
979.mp4,real,hevc,18,1,839830,1172264
979.mp4,real,hevc,28,1,224093,312797
979.mp4,real,hevc,38,1,85717,119647
979.mp4,real,av1,20,1,1398495,1952066
979.mp4,real,av1,30,1,735744,1026977
979.mp4,real,av1,40,1,373163,520874
980.mp4,real,h264,18,1,2174697,4164546
980.mp4,real,h264,28,1,777416,1488753
980.mp4,real,h264,38,1,230104,440651
980.mp4,real,hevc,18,1,520000,995800
980.mp4,real,hevc,28,1,140621,269290
980.mp4,real,hevc,38,1,48136,92181
980.mp4,real,av1,20,1,1010595,1935291
980.mp4,real,av1,30,1,502213,961738
980.mp4,real,av1,40,1,237559,454927
981.mp4,real,h264,18,1,2507671,4664269
981.mp4,real,h264,28,1,880013,1636826
981.mp4,real,h264,38,1,238555,443713
981.mp4,real,hevc,18,1,570476,1061086
981.mp4,real,hevc,28,1,155906,289986
981.mp4,real,hevc,38,1,48748,90672
981.mp4,real,av1,20,1,839494,1561460
981.mp4,real,av1,30,1,469922,874056
981.mp4,real,av1,40,1,236697,440257
982.mp4,real,h264,18,1,1780891,7524266
982.mp4,real,h264,28,1,445232,1881109
982.mp4,real,h264,38,1,95736,404486
982.mp4,real,hevc,18,1,217563,919205
982.mp4,real,hevc,28,1,56273,237757
982.mp4,real,hevc,38,1,26803,113243
982.mp4,real,av1,20,1,422435,1784792
982.mp4,real,av1,30,1,225342,952070
982.mp4,real,av1,40,1,107032,452213
983.mp4,real,h264,18,1,1951601,3961752
983.mp4,real,h264,28,1,417555,847637
983.mp4,real,h264,38,1,119980,243561
983.mp4,real,hevc,18,1,230712,468346
983.mp4,real,hevc,28,1,68580,139219
983.mp4,real,hevc,38,1,33535,68077
983.mp4,real,av1,20,1,334152,678329
983.mp4,real,av1,30,1,195637,397145
983.mp4,real,av1,40,1,105428,214020
984.mp4,real,h264,18,1,4059702,6881195
984.mp4,real,h264,28,1,878287,1488697
984.mp4,real,h264,38,1,237233,402111
984.mp4,real,hevc,18,1,498858,845566
984.mp4,real,hevc,28,1,144096,244243
984.mp4,real,hevc,38,1,63717,108002
984.mp4,real,av1,20,1,654202,1108874
984.mp4,real,av1,30,1,341778,579315
984.mp4,real,av1,40,1,177005,300025
985.mp4,real,h264,18,1,2735229,4690919
985.mp4,real,h264,28,1,817480,1401979
985.mp4,real,h264,38,1,204541,350788
985.mp4,real,hevc,18,1,532903,913930
985.mp4,real,hevc,28,1,121316,208057
985.mp4,real,hevc,38,1,42224,72415
985.mp4,real,av1,20,1,898723,1541311
985.mp4,real,av1,30,1,500854,858965
985.mp4,real,av1,40,1,241937,414923
986.mp4,real,h264,18,1,4194574,17365540
986.mp4,real,h264,28,1,1344063,5564421
986.mp4,real,h264,38,1,402222,1665202
986.mp4,real,hevc,18,1,689098,2852867
986.mp4,real,hevc,28,1,172214,712970
986.mp4,real,hevc,38,1,59044,244445
986.mp4,real,av1,20,1,1198894,4963422
986.mp4,real,av1,30,1,609497,2523320
986.mp4,real,av1,40,1,289435,1198265
987.mp4,real,h264,18,1,1910250,5491970
987.mp4,real,h264,28,1,557907,1603983
987.mp4,real,h264,38,1,134101,385541
987.mp4,real,hevc,18,1,292833,841896
987.mp4,real,hevc,28,1,80630,231813
987.mp4,real,hevc,38,1,31616,90898
987.mp4,real,av1,20,1,438620,1261033
987.mp4,real,av1,30,1,243649,700492
987.mp4,real,av1,40,1,128692,369991
988.mp4,real,h264,18,1,1825275,4152502
988.mp4,real,h264,28,1,551210,1254004
988.mp4,real,h264,38,1,136720,311039
988.mp4,real,hevc,18,1,287672,654454
988.mp4,real,hevc,28,1,68344,155483
988.mp4,real,hevc,38,1,27883,63434
988.mp4,real,av1,20,1,479741,1091413
988.mp4,real,av1,30,1,257934,586800
988.mp4,real,av1,40,1,131669,299547
989.mp4,real,h264,18,1,2872635,13788650
989.mp4,real,h264,28,1,965680,4635264
989.mp4,real,h264,38,1,250272,1201306
989.mp4,real,hevc,18,1,669032,3211357
989.mp4,real,hevc,28,1,161897,777109
989.mp4,real,hevc,38,1,46503,223218
989.mp4,real,av1,20,1,1198484,5752724
989.mp4,real,av1,30,1,601639,2887869
989.mp4,real,av1,40,1,282756,1357230
990.mp4,real,h264,18,1,3166451,4828838
990.mp4,real,h264,28,1,1241670,1893548
990.mp4,real,h264,38,1,430367,656310
990.mp4,real,hevc,18,1,796774,1215081
990.mp4,real,hevc,28,1,228269,348111
990.mp4,real,hevc,38,1,70878,108089
990.mp4,real,av1,20,1,1660151,2531731
990.mp4,real,av1,30,1,828114,1262874
990.mp4,real,av1,40,1,370758,565406
991.mp4,real,h264,18,1,1553686,3122910
991.mp4,real,h264,28,1,380073,763947
991.mp4,real,h264,38,1,85271,171395
991.mp4,real,hevc,18,1,148176,297834
991.mp4,real,hevc,28,1,42041,84504
991.mp4,real,hevc,38,1,23149,46531
991.mp4,real,av1,20,1,280064,562930
991.mp4,real,av1,30,1,145236,291925
991.mp4,real,av1,40,1,74386,149517
992.mp4,real,h264,18,1,3364671,12079169
992.mp4,real,h264,28,1,1305057,4685155
992.mp4,real,h264,38,1,378837,1360025
992.mp4,real,hevc,18,1,985836,3539152
992.mp4,real,hevc,28,1,294210,1056216
992.mp4,real,hevc,38,1,82045,294545
992.mp4,real,av1,20,1,1321245,4743270
992.mp4,real,av1,30,1,793191,2847557
992.mp4,real,av1,40,1,396408,1423105
993.mp4,real,h264,18,1,3037537,6211765
993.mp4,real,h264,28,1,1065652,2179260
993.mp4,real,h264,38,1,321211,656878
993.mp4,real,hevc,18,1,818265,1673352
993.mp4,real,hevc,28,1,194505,397764
993.mp4,real,hevc,38,1,54964,112402
993.mp4,real,av1,20,1,1204723,2463660
993.mp4,real,av1,30,1,637243,1303163
993.mp4,real,av1,40,1,300379,614276
994.mp4,real,h264,18,1,3857829,6095371
994.mp4,real,h264,28,1,1207129,1907265
994.mp4,real,h264,38,1,234859,371078
994.mp4,real,hevc,18,1,887253,1401861
994.mp4,real,hevc,28,1,196618,310657
994.mp4,real,hevc,38,1,52808,83438
994.mp4,real,av1,20,1,1281470,2024723
994.mp4,real,av1,30,1,673163,1063599
994.mp4,real,av1,40,1,329720,520958
995.mp4,real,h264,18,1,1943223,4437027
995.mp4,real,h264,28,1,742401,1695151
995.mp4,real,h264,38,1,257992,589082
995.mp4,real,hevc,18,1,605054,1381540
995.mp4,real,hevc,28,1,203035,463598
995.mp4,real,hevc,38,1,74835,170874
995.mp4,real,av1,20,1,836245,1909428
995.mp4,real,av1,30,1,491047,1121226
995.mp4,real,av1,40,1,247196,564433
996.mp4,real,h264,18,1,2920631,4556185
996.mp4,real,h264,28,1,966858,1508300
996.mp4,real,h264,38,1,274453,428147
996.mp4,real,hevc,18,1,737845,1151039
996.mp4,real,hevc,28,1,192614,300479
996.mp4,real,hevc,38,1,60993,95150
996.mp4,real,av1,20,1,1367193,2132822
996.mp4,real,av1,30,1,685107,1068767
996.mp4,real,av1,40,1,322287,502769
997.mp4,real,h264,18,1,2788410,6106620
997.mp4,real,h264,28,1,965334,2114083
997.mp4,real,h264,38,1,253196,554500
997.mp4,real,hevc,18,1,779484,1707070
997.mp4,real,hevc,28,1,189824,415716
997.mp4,real,hevc,38,1,53154,116409
997.mp4,real,av1,20,1,1211278,2652700
997.mp4,real,av1,30,1,662937,1451834
997.mp4,real,av1,40,1,319528,699767
998.mp4,real,h264,18,1,7481491,10723472
998.mp4,real,h264,28,1,2171384,3112318
998.mp4,real,h264,38,1,678258,972171
998.mp4,real,hevc,18,1,1126100,1614077
998.mp4,real,hevc,28,1,288016,412823
998.mp4,real,hevc,38,1,101155,144989
998.mp4,real,av1,20,1,1677932,2405037
998.mp4,real,av1,30,1,856357,1227446
998.mp4,real,av1,40,1,422074,604974
999.mp4,real,h264,18,1,1818131,2537809
999.mp4,real,h264,28,1,429866,600022
999.mp4,real,h264,38,1,93777,130898
999.mp4,real,hevc,18,1,247240,345106
999.mp4,real,hevc,28,1,68849,96102
999.mp4,real,hevc,38,1,33223,46375
999.mp4,real,av1,20,1,338114,471952
999.mp4,real,av1,30,1,188089,262542
999.mp4,real,av1,40,1,100470,140240
